_ID,_Gruppo,_DataOraIncidente,_Localizzazione1,_Localizzazione2,_Strada1,_DaSpecificare,_NaturaIncidente,_ParticolaritaStrade,_TipoStrada,_FondoStradale,_Pavimentazione,_Segnaletica,_CondizioneAtmosferica,_Traffico,_Visibilita,_Illuminazione,_NUM_FERITI,_NUM_RISERVATA,_NUM_MORTI,_NUM_ILLESI,_Longitudine,_Latitudine,_CONFERMATO,__prefix,_Strada02,_Strada2,_Chilometrica
2572681,10,2015-11-08T20:15:00,Strada Urbana,in corrispondenza,VIA TUSCOLANA,,Tamponamento,Rettilineo,Una carreggiata a senso unico di marcia,Asciutto,Asfaltata,Verticale,Sereno,Normale,Buona,Sufficiente,1,0,0,1,12.60587,41.83452,False,z,del palo luce n.,,532-533
2572645,20,2015-11-08T20:15:00,Regionale entro l'abitato,in corrispondenza,VIA CASSIA,,Scontro frontale fra veicoli in marcia,Rettilineo,Una carreggiata a doppio senso,Asciutto,Asfaltata,Verticale ed orizzontale,Sereno,Normale,Sufficiente,Sufficiente,2,0,0,2,,,False,z,del civico n.,,1020
2572887,19,2015-11-08T20:25:00,Strada Urbana,in prossimitíæ,VIA DI CASAL DEL MARMO,,Scontro frontale-laterale SX fra veicoli in marcia,Curva a visuale libera,Una carreggiata a doppio senso,Asciutto,Asfaltata,Verticale ed orizzontale,Sereno,Scarso,Buona,Sufficiente,1,0,0,1,12.38557,41.93824,True,z,del civico n.,,588
2572677,5,2015-11-08T20:30:00,Strada Urbana,in corrispondenza,VIA SILICELLA,,Veicolo in marcia contro ostacolo accidentale,Rettilineo,Una carreggiata a doppio senso,Asciutto,Con buche,Assente,Sereno,Scarso,Sufficiente,Sufficiente,0,0,0,2,12.59847,41.86044,True,z,del civico n.,,107
2572614,10,2015-11-08T20:30:00,Strada Urbana,all'intersezione con,VIA TUSCOLANA,,Tamponamento Multiplo,Incrocio,Una carreggiata a senso unico di marcia,Asciutto,Asfaltata,Verticale,Sereno,Normale,Buona,Sufficiente,0,0,0,3,12.56497,41.85552,True,z,LARGO APPIO CLAUDIO,LARGO APPIO CLAUDIO,
2572550,6,2015-11-08T21:10:00,Strada Urbana,all'intersezione semaforizzata con,VIALE PALMIRO TOGLIATTI,,Scontro laterale fra veicoli in marcia,Intersezione semaforizzata,Due carreggiate,Asciutto,Asfaltata,Verticale ed orizzontale,Sereno,Normale,Buona,Sufficiente,2,0,0,2,12.56825,41.86948,True,z,VIALE DEI ROMANISTI,VIALE DEI ROMANISTI,
2572748,10,2015-11-08T22:30:00,Strada Urbana,all'intersezione con,VIA CORNELIO LABEONE,,Scontro frontale-laterale DX fra veicoli in marcia,Incrocio,Una carreggiata a senso unico di marcia,Asciutto,Asfaltata,Verticale,Sereno,Scarso,Buona,Sufficiente,0,0,0,5,12.55298,41.86046,True,z,VIA DEL QUADRARO,VIA DEL QUADRARO,
2573234,2,2015-11-08T22:40:00,Strada Urbana,all'intersezione con,VIA ANAPO,,Scontro frontale-laterale DX fra veicoli in marcia,Intersezione non regolata-non segnalata,Due carreggiate,Asciutto,Asfaltata,Verticale ed orizzontale,Sereno,Scarso,Sufficiente,Sufficiente,0,0,0,3,12.50686,41.92613,True,z,VIA FOGLIANO,VIA FOGLIANO,
2572803,7,2015-11-08T23:00:00,Strada Urbana,in corrispondenza,VIA ALFREDO BLASI,,Veicolo in marcia contro veicolo in sosta,Rettilineo,Una carreggiata a senso unico di marcia,Asciutto,Asfaltata,Assente,Sereno,Scarso,Buona,Sufficiente,0,0,0,1,12.62207,41.86721,True,z,del civico n.,,94
2574246,12,2015-11-09T00:45:00,,da specificare,VIALE DELL'OCEANO ATLANTICO,prossimitíæ PIAZZALE 25 MARZO 1957 dir. VITA FINZI,Scontro frontale-laterale DX fra veicoli in marcia,,,,,,,,,,1,0,0,1,,,False,z,,,
2572831,4,2015-11-09T01:00:00,Provinciale entro l'abitato,da specificare,VIA NOMENTANA,altezza via Fumone,Veicolo in marcia contro ostacolo fisso,Rettilineo,Una carreggiata a doppio senso,Asciutto,Asfaltata,Orizzontale,Sereno,Scarso,Buona,Sufficiente,0,0,0,1,12.55238,41.94111,True,z,,,
2572739,7,2015-11-09T03:25:00,Strada Urbana,all'intersezione con,VIA ATTILIO HORTIS,,Scontro frontale-laterale SX fra veicoli in marcia,Incrocio,Una carreggiata a senso unico di marcia,Asciutto,Asfaltata,Verticale,Sereno,Scarso,Buona,Sufficiente,0,0,0,4,12.54816,41.89574,True,z,VIA SILVIO BENCO,VIA SILVIO BENCO,
2573224,2,2015-11-09T03:50:00,Strada Urbana,in prossimitíæ,VIA NOMENTANA,,Scontro frontale-laterale SX fra veicoli in marcia,Rettilineo,Una carreggiata a doppio senso,Asciutto,Asfaltata,Verticale ed orizzontale,Sereno,Scarso,Buona,Sufficiente,1,0,0,2,12.51286,41.91752,False,z,del civico n.,,303
2574088,11,2015-11-09T06:50:00,Strada Urbana,all'intersezione con,VIALE ERMINIO SPALLA,,Scontro laterale fra veicoli in marcia,Intersezione stradale segnalata,Due carreggiate,Asciutto,Asfaltata,Verticale ed orizzontale,Sereno,Normale,Buona,Ore Diurne,0,0,0,2,12.51496,41.8323,True,z,VIA DI GROTTA PERFETTA,VIA DI GROTTA PERFETTA,
2572682,9,2015-11-09T06:55:00,Strada Urbana,in corrispondenza,VIA CASILINA,,Scontro laterale fra veicoli in marcia,Rettilineo,Due carreggiate,Asciutto,Asfaltata,Verticale,Sereno,Normale,Buona,Ore Diurne,0,0,0,2,12.52121,41.88856,True,z,del civico n.,,69
2574526,4,2015-11-09T07:25:00,,da specificare,VIA SALARIA,prossimitíæ sottopassaggio mctc direzione Roma,Tamponamento,,,,,,,,,,0,0,0,2,12.5047,41.97412,False,z,,,
2573438,13,2015-11-09T07:50:00,,da specificare,VIA DELLA STAZIONE VECCHIA,altezza fermata bus 76481,Investimento di pedone,,,,,,,,,,0,0,0,2,,,False,z,,,
2574135,5,2015-11-09T07:50:00,Strada Urbana,all'intersezione con,VIA DI PIETRALATA,,Scontro laterale fra veicoli in marcia,Incrocio,Una carreggiata a doppio senso,Asciutto,Asfaltata,Verticale ed orizzontale,Sereno,Intenso,Buona,Ore Diurne,0,0,0,2,12.54686,41.92144,True,z,VIA DELLE MESSI D'ORO,VIA DELLE MESSI D'ORO,
2574268,19,2015-11-09T08:10:00,Strada Urbana,in corrispondenza,VIALE ESPERIA SPERANI,,Veicolo in marcia contro veicolo fermo,Rettilineo,Una carreggiata a doppio senso,Asciutto,Asfaltata,Verticale ed orizzontale,Sereno,Normale,Sufficiente,Ore Diurne,0,0,0,3,12.39961,41.96411,True,z,del civico n.,,140
2576180,1,2015-11-09T08:15:00,Strada Urbana,in prossimitíæ,PIAZZA RONDANINI,,Veicolo in marcia contro ostacolo accidentale,Rettilineo,Una carreggiata a senso unico di marcia,Bagnato (pioggia),In cubetti di porfido,Verticale ed orizzontale,Sereno,Scarso,Buona,Ore Diurne,0,0,0,1,12.47608,41.89995,True,z,del civico n.,,30
2573555,6,2015-11-09T08:20:00,Strada Urbana,in corrispondenza,VIA DI ACQUA BULLICANTE,,Veicolo in marcia contro ostacolo fisso,Rettilineo,Una carreggiata a doppio senso,Asciutto,Asfaltata,Verticale ed orizzontale,Sereno,Intenso,Buona,Ore Diurne,0,0,0,1,12.5431,41.88176,True,z,del civico n.,,49
2572904,10,2015-11-09T08:30:00,Strada Urbana,da specificare,VIA TUSCOLANA,ingresso parcheggio capolinea Atac,Scontro laterale fra veicoli in marcia,Curva senza visuale libera,Una carreggiata a senso unico di marcia,Asciutto,Asfaltata,Orizzontale,Sereno,Scarso,Buona,Ore Diurne,0,0,0,3,12.58468,41.8431,True,z,,,
2574250,16,2015-11-09T08:30:00,Strada Urbana,da specificare,VIALE ISACCO NEWTON,IN PROSSIMITA' VIA TORNIELLI ,Scontro laterale fra veicoli in marcia,Rettilineo,Due carreggiate,Asciutto,Asfaltata,Verticale ed orizzontale,Sereno,Normale,Buona,Ore Diurne,0,0,0,2,12.44279,41.84792,True,z,,,
2574075,7,2015-11-09T08:30:00,Strada Urbana,da specificare,VIA WALTER TOBAGI,altezza palo luce 46 - prossimitíæ via Lanari,Veicolo in marcia contro ostacolo accidentale,Rettilineo,Una carreggiata a doppio senso,Asciutto,Asfaltata,Orizzontale,Sereno,Normale,Buona,Ore Diurne,0,0,0,1,12.59577,41.88106,True,z,,,
2573536,18,2015-11-09T08:30:00,Strada Urbana,in corrispondenza,VIA AURELIA,,Scontro frontale-laterale DX fra veicoli in marcia,Rettilineo,Una carreggiata a doppio senso,Asciutto,Asfaltata,Verticale ed orizzontale,Sereno,Normale,Buona,Ore Diurne,1,0,0,1,12.43941,41.89825,True,z,del civico n.,,273
2576117,1,2015-11-09T08:40:00,Strada Urbana,in corrispondenza,VIA QUINTINO SELLA,,Veicolo in marcia contro ostacolo accidentale,Rettilineo,Una carreggiata a senso unico di marcia,Asciutto,Asfaltata,Verticale ed orizzontale,Sereno,Normale,Buona,Ore Diurne,1,0,0,1,12.49624,41.90741,True,z,del civico n.,,41
2573490,4,2015-11-09T08:47:00,Strada Urbana,all'intersezione semaforizzata con,VIA DELLA BUFALOTTA,,Scontro frontale-laterale SX fra veicoli in marcia,Intersezione semaforizzata,Una carreggiata a doppio senso,Asciutto,Asfaltata,Verticale ed orizzontale,Sereno,Normale,Buona,Ore Diurne,1,1,0,1,12.54958,41.96665,False,z,VIA RENATO FUCINI,VIA RENATO FUCINI,
2574237,19,2015-11-09T08:50:00,Strada Urbana,da specificare,VIA INZAGO,altezza civico 2,Scontro laterale fra veicoli in marcia,Rettilineo,Una carreggiata a senso unico di marcia,Asciutto,Asfaltata,Orizzontale,Sereno,Intenso,Buona,Ore Diurne,1,0,0,1,12.3922,41.94778,True,z,,,
2576195,1,2015-11-09T09:10:00,Strada Urbana,in prossimitíæ,VIA MILANO,,Scontro laterale fra veicoli in marcia,Rettilineo,Una carreggiata a senso unico di marcia,Asciutto,In cubetti di porfido,Verticale ed orizzontale,Sereno,Intenso,Buona,Ore Diurne,0,0,0,2,12.49076,41.89824,True,z,del civico n.,,58
2574342,19,2015-11-09T09:15:00,Strada Urbana,in prossimitíæ,VIA TRIONFALE,,Investimento di pedone,Rettilineo,Una carreggiata a senso unico di marcia,Asciutto,Asfaltata,Orizzontale,Sereno,Intenso,Buona,Ore Diurne,1,0,0,1,12.42824,41.93714,True,z,del civico n.,,8183
2576058,1,2015-11-09T09:15:00,Strada Urbana,in corrispondenza,VIA NICOLA FABRIZI,,Veicolo in marcia contro veicolo in sosta,Rettilineo,Una carreggiata a doppio senso,Asciutto,Asfaltata,Verticale ed orizzontale,Sereno,Normale,Buona,Ore Diurne,0,0,0,1,,,False,z,del civico n.,,4
2574455,4,2015-11-09T09:30:00,,all'intersezione con,VIA CONCA D'ORO,,Investimento di pedone,,,,,,,,,,1,0,0,1,12.52437,41.94053,False,z,VIA VAL CENISCHIA,VIA VAL CENISCHIA,
2574158,7,2015-11-09T09:30:00,Strada Urbana,all'intersezione semaforizzata con,VIA SANTI ROMANO,,Scontro laterale fra veicoli in marcia,Incrocio,Due carreggiate,Asciutto,Asfaltata,Verticale ed orizzontale,Sereno,Normale,Sufficiente,Ore Diurne,0,0,0,3,12.5692,41.86241,True,z,VIALE PALMIRO TOGLIATTI,VIALE PALMIRO TOGLIATTI,
2574414,8,2015-11-09T09:40:00,,in prossimitíæ,VIALE OXFORD,,Veicolo in marcia contro ostacolo accidentale,,,,,,,,,,0,0,0,1,,,False,z,del palo luce n.,,31
2574295,19,2015-11-09T09:40:00,Strada Urbana,in prossimitíæ,VIA UGO DE CAROLIS,,Investimento di pedone,Rettilineo,Una carreggiata a doppio senso,Asciutto,Asfaltata,Assente,Sereno,Normale,Buona,Ore Diurne,1,0,0,1,12.43942,41.91619,True,z,del civico n.,,79-b
2573806,12,2015-11-09T09:40:00,Strada Urbana,in corrispondenza,VIALE DON PASQUINO BORGHI,,Tamponamento Multiplo,Rettilineo,Una carreggiata a doppio senso,Asciutto,Asfaltata,Verticale ed orizzontale,Sereno,Normale,Buona,Ore Diurne,0,0,0,3,12.44291,41.8118,True,z,del civico n.,,192
2573483,18,2015-11-09T09:45:00,Strada Urbana,all'intersezione con,VIA DELLA MAGLIANELLA,,Scontro laterale fra veicoli in marcia,Incrocio,Una carreggiata a doppio senso,Asciutto,Asfaltata,Verticale ed orizzontale,Sereno,Normale,Buona,Ore Diurne,1,0,0,1,12.38178,41.90343,False,z,RAMPA GRA CARREGGIATA ESTERNA,RAMPA GRA CARREGGIATA ESTERNA,
2574310,17,2015-11-09T09:55:00,Strada Urbana,in corrispondenza,VIA DEL MASCHERINO,,Investimento di pedone,Rettilineo,Una carreggiata a senso unico di marcia,Asciutto,In cubetti di porfido,Verticale ed orizzontale,Sereno,Normale,Buona,Ore Diurne,1,0,0,1,12.45873,41.90359,False,z,del civico n.,,16
2574419,8,2015-11-09T10:00:00,Strada Urbana,in prossimitíæ,VIALE DUILIO CAMBELLOTTI,,Scontro frontale-laterale DX fra veicoli in marcia,Rettilineo,Due carreggiate,Asciutto,Asfaltata,Orizzontale,Sereno,Normale,Sufficiente,Ore Diurne,0,0,0,2,12.63131,41.86853,True,z,del civico n.,,125
2576090,1,2015-11-09T10:00:00,Strada Urbana,da specificare,PIAZZA DI PORTA S. GIOVANNI,IN CORRISPONDENZA FERMATA ATAC 70392,Tamponamento,Rettilineo,Una carreggiata a doppio senso,Asciutto,Asfaltata,Verticale ed orizzontale,Sereno,Normale,Buona,Ore Diurne,0,0,0,3,,,False,z,,,
2573499,18,2015-11-09T10:00:00,Strada Urbana,in corrispondenza,VIA DI CASAL SELCE,,Scontro frontale fra veicoli in marcia,Rettilineo,Una carreggiata a doppio senso,Asciutto,Asfaltata,Verticale ed orizzontale,Sereno,Normale,Buona,Ore Diurne,2,0,0,2,12.3534,41.91838,False,z,del civico n.,,396 -C
2575837,12,2015-11-09T10:05:00,Strada Urbana,in corrispondenza,VIA MARIO CARUCCI,,Veicolo in marcia contro ostacolo accidentale,Rettilineo,Una carreggiata a doppio senso,Asciutto,Asfaltata,Verticale ed orizzontale,Sereno,Scarso,Buona,Ore Diurne,0,0,0,1,12.48355,41.7987,True,z,del civico n.,,71
2574140,5,2015-11-09T10:15:00,Strada Urbana,in prossimitíæ,VIA LEOFRENI,,Veicolo in marcia contro ostacolo accidentale,Rettilineo,Una carreggiata a doppio senso,Asciutto,Con buche,Verticale,Sereno,Normale,Buona,Ore Diurne,0,0,0,1,12.62648,41.93223,True,z,del civico n.,,46
2574244,13,2015-11-09T10:30:00,Strada Urbana,in prossimitíæ,VIA DI SAPONARA,,Scontro frontale-laterale SX fra veicoli in marcia,Rettilineo,Una carreggiata a doppio senso,Asciutto,Asfaltata,Verticale ed orizzontale,Sereno,Normale,Buona,Ore Diurne,1,0,0,1,12.36492,41.78131,False,z,del civico n.,,18
2574399,2,2015-11-09T10:30:00,Strada Urbana,all'intersezione con,VIA TRIPOLI,,Scontro frontale-laterale SX fra veicoli in marcia,Incrocio,Una carreggiata a doppio senso,Asciutto,Asfaltata,Verticale ed orizzontale,Sereno,Normale,Buona,Ore Diurne,0,0,0,2,12.52221,41.92779,True,z,VIA MAKALLE',VIA MAKALLE',
2575857,12,2015-11-09T10:50:00,Strada Urbana,in corrispondenza,VIA MARIO CARUCCI,,Veicolo in marcia contro ostacolo accidentale,Rettilineo,Una carreggiata a doppio senso,Asciutto,Asfaltata,Verticale ed orizzontale,Sereno,Scarso,Buona,Ore Diurne,0,0,0,1,12.48355,41.7987,True,z,del civico n.,,71
2574280,16,2015-11-09T10:55:00,Strada Urbana,all'intersezione semaforizzata con,VIA ROMANO GUERRA,,Tamponamento,Intersezione semaforizzata,Una carreggiata a doppio senso,Asciutto,Asfaltata,Verticale,Sereno,Normale,Buona,Ore Diurne,0,0,0,3,12.34919,41.87789,True,z,VIA DELLA MASSIMILLA,VIA DELLA MASSIMILLA,
2575300,12,2015-11-09T11:00:00,,all'intersezione con,VIA LAURENTINA,,Scontro frontale-laterale DX fra veicoli in marcia,,,,,,,,,,1,0,0,2,12.48497,41.81416,False,z,VIA DEI LANCIERI,VIA DEI LANCIERI,
2574470,2,2015-11-09T11:00:00,Strada Urbana,in prossimitíæ,PIAZZA EUCLIDE,,Investimento di pedone,Rettilineo,Una carreggiata a senso unico di marcia,Asciutto,Asfaltata,Verticale ed orizzontale,Sereno,Normale,Buona,Ore Diurne,1,0,0,1,12.48147,41.92679,False,z,del civico n.,,34D
2573832,12,2015-11-09T11:10:00,Strada Urbana,in corrispondenza,VIALE DELLA TECNICA,,Veicolo in marcia contro veicoli in sosta,Rettilineo,Una carreggiata a doppio senso,Asciutto,Asfaltata,Verticale ed orizzontale,Sereno,Normale,Buona,Ore Diurne,2,0,0,2,12.45866,41.82637,False,z,del civico n.,,205
2574338,17,2015-11-09T11:20:00,Strada Urbana,da specificare,PIAZZALE MARESCIALLO GIARDINO,in prossimitíæ lungotevere della vittoria,Scontro laterale fra veicoli in marcia,Rettilineo,Pií_ di due carreggiate,Asciutto,Asfaltata,Verticale ed orizzontale,Sereno,Intenso,Buona,Ore Diurne,0,0,0,5,12.45863,41.92395,True,z,,,
2574199,12,2015-11-09T11:30:00,Strada Urbana,in corrispondenza,VIA DI DECIMA,,Infortunio per sola frenata improvvisa,Curva a visuale libera,Una carreggiata a doppio senso,Asciutto,Asfaltata,Orizzontale,Sereno,Normale,Buona,Ore Diurne,0,0,0,2,12.45119,41.81644,True,z,del civico n.,,102
2579722,1,2015-11-09T11:30:00,Strada Urbana,da specificare,VIA GIOVANNI GIOLITTI,altezza VIA GIOBERTI,Investimento di pedone,Rettilineo,Una carreggiata a senso unico di marcia,Asciutto,Asfaltata,Verticale,Sereno,Normale,Buona,Ore Diurne,0,0,0,2,12.50703,41.8965,True,z,,,
2573564,18,2015-11-09T12:00:00,Strada Urbana,in corrispondenza,VIA AURELIA,,Tamponamento,Rettilineo,Una carreggiata a doppio senso,Asciutto,Asfaltata,Verticale ed orizzontale,Sereno,Normale,Buona,Ore Diurne,0,0,0,3,12.42018,41.89674,True,z,del civico n.,,508
2574428,8,2015-11-09T12:10:00,Strada Urbana,all'intersezione con,VIA DI TOR BELLA MONACA,,Scontro frontale-laterale SX fra veicoli in marcia,Intersezione stradale segnalata,Due carreggiate,Asciutto,Asfaltata,Verticale ed orizzontale,Sereno,Normale,Buona,Ore Diurne,0,0,0,2,12.6337,41.87008,True,z,VIALE DUILIO CAMBELLOTTI,VIALE DUILIO CAMBELLOTTI,
2574865,23,2015-11-09T12:30:00,Comunale extraurbana,in corrispondenza,VIA CRISTOFORO COLOMBO,,Veicolo in marcia contro ostacolo accidentale,Rettilineo,Due carreggiate,Asciutto,Asfaltata,Orizzontale,Sereno,Normale,Buona,Ore Diurne,1,0,0,0,12.44704,41.80373,False,z,della chilometrica,,17
2574386,17,2015-11-09T12:30:00,Strada Urbana,in prossimitíæ,VIALE ANGELICO,,Tamponamento,Rettilineo,Pií_ di due carreggiate,Asciutto,Asfaltata,Verticale ed orizzontale,Nuvoloso,Intenso,Buona,Ore Diurne,0,0,0,1,12.45882,41.91987,False,z,del civico n.,,72
2574230,12,2015-11-09T12:50:00,Strada Urbana,in prossimitíæ,VIA TOMMASO ARCIDIACONO,,Scontro laterale fra veicoli in marcia,Rettilineo,Una carreggiata a doppio senso,Asciutto,Asfaltata,Verticale ed orizzontale,Sereno,Normale,Buona,Ore Diurne,0,0,0,2,12.50746,41.82288,True,z,del civico n.,,70
2573511,2,2015-11-09T12:50:00,Strada Urbana,all'intersezione con,VIALE ETIOPIA,,Scontro frontale-laterale SX fra veicoli in marcia,Incrocio,Una carreggiata a doppio senso,Asciutto,Asfaltata,Verticale ed orizzontale,Sereno,Normale,Buona,Ore Diurne,1,0,0,1,12.52391,41.93135,False,z,VIA TEMBIEN,VIA TEMBIEN,
2573316,10,2015-11-09T12:50:00,Strada Urbana,all'intersezione con,VIA SERVILIO IV,,Scontro frontale-laterale DX fra veicoli in marcia,Intersezione non regolata-non segnalata,Una carreggiata a doppio senso,Asciutto,Asfaltata,Assente,Sereno,Normale,Buona,Ore Diurne,2,0,0,0,12.54922,41.84306,True,z,VIA POZZOBONELLI,VIA POZZOBONELLI,
2574125,13,2015-11-09T13:00:00,Strada Urbana,all'intersezione con,VIA ALESSANDRO PIOLA CASELLI,,Investimento di pedone,Incrocio,Due carreggiate,Asciutto,Asfaltata,Assente,Sereno,Normale,Buona,Ore Diurne,1,0,0,1,12.28811,41.73732,False,z,VIA PUNTA DEL SARACENO,VIA PUNTA DEL SARACENO,
2574374,16,2015-11-09T13:05:00,Strada Urbana,all'intersezione con,VIA DI BRAVETTA,,Scontro frontale-laterale DX fra veicoli in marcia,Incrocio,Una carreggiata a doppio senso,Asciutto,Asfaltata,Verticale ed orizzontale,Sereno,Intenso,Buona,Ore Diurne,0,0,0,3,12.42599,41.87664,True,z,VIA DELLA PISANA,VIA DELLA PISANA,
2574309,18,2015-11-09T13:50:00,Strada Urbana,in corrispondenza,VIA DI BOCCEA,,Scontro laterale fra veicoli in marcia,Pendenza,Due carreggiate,Asciutto,Asfaltata,Assente,Sereno,Intenso,Buona,Ore Diurne,1,0,0,1,12.40975,41.90417,False,z,del civico n.,,325
2574285,18,2015-11-09T14:00:00,Strada Urbana,all'intersezione con,VIA MATTIA BATTISTINI,,Scontro frontale-laterale SX fra veicoli in marcia,Intersezione semaforizzata,Una carreggiata a doppio senso,Asciutto,Asfaltata,Verticale ed orizzontale,Sereno,Normale,Buona,Ore Diurne,0,0,0,2,12.41474,41.90635,True,z,VIA ENNIO BONIFAZI,VIA ENNIO BONIFAZI,
2573650,7,2015-11-09T14:10:00,Strada Urbana,in prossimitíæ,VIA DI TOR CERVARA,,Veicolo in marcia contro veicoli in sosta,Rettilineo,Una carreggiata a doppio senso,Asciutto,Asfaltata,Orizzontale,Sereno,Normale,Buona,Ore Diurne,0,0,0,3,12.58841,41.90918,True,z,del civico n.,,286
2573676,17,2015-11-09T14:15:00,Strada Urbana,in prossimitíæ,CIRCONVALLAZIONE TRIONFALE,,Investimento di pedone,Rettilineo,Due carreggiate,Asciutto,Asfaltata,Verticale ed orizzontale,Sereno,Normale,Buona,Ore Diurne,3,0,0,0,,,False,z,del civico n.,,43
2574312,16,2015-11-09T14:30:00,Strada Urbana,all'intersezione con,VIA DI S. PANCRAZIO,,Scontro laterale fra veicoli in marcia,Incrocio,Una carreggiata a senso unico di marcia,Asciutto,Asfaltata,Verticale,Sereno,Normale,Buona,Ore Diurne,0,0,0,4,12.4603,41.88789,True,z,VIA CARINI,VIA CARINI,
2574274,7,2015-11-09T14:40:00,Strada Urbana,da specificare,VIA PRENESTINA,ROTATORIA PRENESTINA BIS,Scontro laterale fra veicoli in marcia,Rotatoria,Due carreggiate,Asciutto,Asfaltata,Verticale ed orizzontale,Sereno,Normale,Buona,Ore Diurne,0,0,0,2,12.6031,41.89299,True,z,,,
2574233,19,2015-11-09T14:45:00,Strada Urbana,in prossimitíæ,VIA TRIONFALE,,Scontro laterale fra veicoli in marcia,Curva senza visuale libera,Una carreggiata a doppio senso,Asciutto,Asfaltata,Orizzontale,Sereno,Normale,Buona,Ore Diurne,0,0,0,1,12.41231,41.95124,True,z,del civico n.,,10255
2573422,15,2015-11-09T14:45:00,Strada Urbana,da specificare,VIA DELLA MAGLIANA,altezza intersezione Via Pescaglia,Investimento di pedone,Rettilineo,Una carreggiata a doppio senso,Asciutto,Asfaltata,Orizzontale,Sereno,Normale,Buona,Ore Diurne,2,0,0,1,12.458,41.84826,False,z,,,
2574441,8,2015-11-09T15:00:00,Strada Urbana,da specificare,VIALE OXFORD,a 200m intersezione con v. Casilina dir.ne via TBM,Veicolo in marcia contro ostacolo accidentale,Curva senza visuale libera,Due carreggiate,Asciutto,Asfaltata,Orizzontale,Sereno,Normale,Buona,Ore Diurne,1,0,0,0,12.62788,41.86018,True,z,,,
2574477,13,2015-11-09T15:00:00,Strada Urbana,all'intersezione con,VIALE PAOLO ORLANDO,,Scontro laterale fra veicoli in marcia,Incrocio,Due carreggiate,Asciutto,Asfaltata,Assente,Sereno,Normale,Buona,Ore Diurne,0,0,0,2,12.28577,41.73104,True,z,VIA LUIGI BORSARI,VIA LUIGI BORSARI,
2573518,10,2015-11-09T15:35:00,Statale entro l'abitato,in corrispondenza,VIA TUSCOLANA,,Veicolo in marcia contro veicolo in sosta,Rettilineo,Due carreggiate,Asciutto,Asfaltata,Verticale,Sereno,Normale,Buona,Ore Diurne,0,0,0,0,12.56214,41.85679,False,z,del civico n.,,1244
2573738,9,2015-11-09T15:45:00,Strada Urbana,da specificare,PIAZZA S. GASPARE DEL BUFALO,IN PROSSIMITA' VIA SERMONETA,Investimento di pedone,Rettilineo,Una carreggiata a doppio senso,Asciutto,Asfaltata,Orizzontale,Sereno,Normale,Buona,Ore Diurne,1,0,0,1,12.53178,41.86675,True,z,,,
2573526,11,2015-11-09T15:45:00,Strada Urbana,all'intersezione con,VIA LAURENTINA,,Scontro frontale-laterale SX fra veicoli in marcia,Intersezione stradale segnalata,Due carreggiate,Asciutto,Asfaltata,Verticale ed orizzontale,Sereno,Normale,Buona,Ore Diurne,1,0,0,1,12.47987,41.84492,True,z,VIA LUIGI PERNA,VIA LUIGI PERNA,
2574574,16,2015-11-09T16:00:00,Strada Urbana,in corrispondenza,VIA DI S. PANCRAZIO,,Tamponamento,Rettilineo,Una carreggiata a senso unico di marcia,Asciutto,Asfaltata,Orizzontale,Sereno,Normale,Buona,Ore Diurne,1,0,0,1,12.46095,41.88825,False,z,del civico n.,,3
2574451,8,2015-11-09T16:00:00,,da specificare,VIA DI PASSOLOMBARDO,50m dopo svincolo RM-NA dir.ne via Tuscolana,Veicolo in marcia contro ostacolo accidentale,,,,,,,,,,0,0,0,1,,,False,z,,,
2574216,20,2015-11-09T16:20:00,Strada Urbana,in corrispondenza,VIA AL SESTO MIGLIO,,Scontro frontale-laterale SX fra veicoli in marcia,Rettilineo,Una carreggiata a senso unico di marcia,Asciutto,Asfaltata,Orizzontale,Sereno,Scarso,Buona,Ore Diurne,0,0,0,2,12.44004,41.96738,True,z,del civico n.,,16
2576275,1,2015-11-09T16:20:00,Strada Urbana,in corrispondenza,VIALE MANZONI,,Scontro laterale fra veicoli in marcia,Rettilineo,Una carreggiata a doppio senso,Asciutto,Asfaltata,Verticale ed orizzontale,Sereno,Intenso,Buona,Ore Diurne,0,0,0,2,9.644,45.397,True,z,del civico n.,,47
2574469,3,2015-11-09T16:25:00,Strada Urbana,all'intersezione con,VIA GIOVANNI BATTISTA MORGAGNI,,Fuoriuscita dalla sede stradale,Intersezione semaforizzata,Una carreggiata a doppio senso,Asciutto,Asfaltata,Verticale ed orizzontale,Sole radente,Normale,Buona,Ore Diurne,0,0,0,3,12.51061,41.90982,True,z,VIALE REGINA MARGHERITA,VIALE REGINA MARGHERITA,
2574446,13,2015-11-09T16:30:00,Strada Urbana,da specificare,VIA DI DRAGONE,"altezza scuola ""Mario Ulpiano""",Veicolo in marcia contro veicolo fermo,Rettilineo,Una carreggiata a doppio senso,Asciutto,Asfaltata,Orizzontale,Sereno,Scarso,Buona,Ore Diurne,0,0,0,2,12.3326,41.78344,True,z,,,
2573827,2,2015-11-09T16:30:00,Strada Urbana,da specificare,LUNGOTEVERE GRANDE A.GLIO THAON DI REVEL,altezza via Perugino.,Scontro laterale fra veicoli in marcia,Rettilineo,Una carreggiata a doppio senso,Asciutto,Asfaltata,Verticale ed orizzontale,Sereno,Intenso,Sufficiente,Sufficiente,0,0,0,3,12.46545,41.93366,True,z,,,