_ID,_Gruppo,_DataOraIncidente,_Localizzazione1,_Localizzazione2,_Strada1,_DaSpecificare,_NaturaIncidente,_ParticolaritaStrade,_TipoStrada,_FondoStradale,_Pavimentazione,_Segnaletica,_CondizioneAtmosferica,_Traffico,_Visibilita,_Illuminazione,_NUM_FERITI,_NUM_RISERVATA,_NUM_MORTI,_NUM_ILLESI,_Longitudine,_Latitudine,_CONFERMATO,__prefix,_Strada02,_Strada2,_Chilometrica
2578073,3,2015-11-11T14:10:00,Strada Urbana,in prossimitíæ,VIA RODOLFO LANCIANI,,Tamponamento Multiplo,Rettilineo,Due carreggiate,Asciutto,Asfaltata,Verticale ed orizzontale,Sereno,Intenso,Buona,Ore Diurne,0,0,0,4,12.52127,41.92113,False,z,del civico n.,,11
2577377,5,2015-11-11T14:20:00,Strada Urbana,da specificare,VIA TIBURTINA,altezza G.R.A. direzione Tivoli,Scontro frontale-laterale SX fra veicoli in marcia,Rettilineo,Una carreggiata a doppio senso,Asciutto,Asfaltata,Verticale ed orizzontale,Sereno,Intenso,Buona,Ore Diurne,0,0,0,2,12.60253,41.93357,True,z,,,
2576965,7,2015-11-11T14:20:00,Strada Urbana,in corrispondenza,VIALE PALMIRO TOGLIATTI,,Scontro laterale fra veicoli in marcia,Rettilineo,Due carreggiate,Asciutto,Asfaltata,Orizzontale,Sereno,Normale,Buona,Ore Diurne,1,0,0,2,12.5716,41.87627,True,z,del civico n.,,570
2577503,19,2015-11-11T14:30:00,Strada Urbana,in prossimitíæ,VIA NICOLO' ALBERGATI,,Investimento di pedone,Rettilineo,Una carreggiata a doppio senso,Asciutto,Asfaltata,Verticale ed orizzontale,Sereno,Scarso,Buona,Ore Diurne,1,0,0,3,12.41551,41.92011,True,z,del civico n.,,1
2577553,18,2015-11-11T14:50:00,Strada Urbana,da specificare,LARGO CARDINAL CLEMENTE MICARA,PARCHEGGIO  MICARA,Veicolo in marcia contro veicolo in sosta,Rettilineo,Una carreggiata a doppio senso,Asciutto,Asfaltata,Verticale ed orizzontale,Sereno,Normale,Buona,Ore Diurne,0,0,0,1,12.44604,41.89504,True,z,,,
2576772,20,2015-11-11T15:00:00,Strada Urbana,da specificare,VIALE DI TOR DI QUINTO,prossimitíæ ponte Milvio,Tamponamento Multiplo,Rettilineo,Una carreggiata a doppio senso,Asciutto,Asfaltata,Verticale ed orizzontale,Sereno,Normale,Buona,Ore Diurne,1,0,0,3,,,False,z,,,
2577811,4,2015-11-11T15:20:00,,in prossimitíæ,VIA DEI PRATI FISCALI,,Scontro frontale-laterale SX fra veicoli in marcia,,,,,,,,,,0,0,0,2,12.51981,41.9465,False,z,del civico n.,,185
2577505,8,2015-11-11T15:30:00,,in prossimitíæ,VIA LENTINI,,Veicolo in marcia contro ostacolo accidentale,,,,,,,,,,0,0,0,1,,,False,z,del civico n.,,53
2577858,12,2015-11-11T15:35:00,Strada Urbana,in corrispondenza,VIA GUGLIELMO RONDELET,,Veicolo in marcia contro veicolo in sosta,Curva senza visuale libera,Una carreggiata a doppio senso,Asciutto,Asfaltata,Verticale ed orizzontale,Sereno,Scarso,Buona,Ore Diurne,0,0,0,1,12.5246,41.78484,True,z,del civico n.,,23
2577934,4,2015-11-11T15:40:00,Strada Urbana,all'intersezione con,VIA VAL D'OSSOLA,,Scontro frontale-laterale SX fra veicoli in marcia,Incrocio,Una carreggiata a doppio senso,Asciutto,Asfaltata,Verticale,Sereno,Normale,Buona,Ore Diurne,0,0,0,2,12.52946,41.9349,True,z,VIA VALDINIEVOLE,VIA VALDINIEVOLE,
2579212,12,2015-11-11T16:15:00,Strada Urbana,in prossimitíæ,VIALE CAMILLO SABATINI,,Tamponamento Multiplo,Rettilineo,Una carreggiata a doppio senso,Asciutto,Asfaltata,Verticale ed orizzontale,Sereno,Normale,Buona,Ore Diurne,0,0,0,4,12.44284,41.82024,True,z,del civico n.,,163
2577552,17,2015-11-11T16:25:00,Strada Urbana,all'intersezione con,VIA DEL MASCHERINO,,Veicolo in marcia contro veicolo in sosta,Incrocio,Due carreggiate,Asciutto,Asfaltata,Verticale ed orizzontale,Sereno,Normale,Buona,Ore Diurne,0,0,0,1,12.45877,41.90469,True,z,VIA DELLE GRAZIE,VIA DELLE GRAZIE,
2577466,15,2015-11-11T16:40:00,Strada Urbana,all'intersezione con,VIA ENRICO FERMI,,Scontro frontale-laterale SX fra veicoli in marcia,Incrocio,Due carreggiate,Asciutto,Asfaltata,Verticale ed orizzontale,Sereno,Normale,Buona,Ore Diurne,0,0,0,3,12.47148,41.86529,True,z,VIA GIUSEPPE PEANO,VIA GIUSEPPE PEANO,
2578254,18,2015-11-11T17:00:00,Strada Urbana,in corrispondenza,VIA MONTE DEL MARMO,,Scontro frontale-laterale SX fra veicoli in marcia,Curva senza visuale libera,Una carreggiata a doppio senso,Asciutto,Asfaltata,Orizzontale,Sereno,Normale,Buona,Sufficiente,0,0,0,2,12.38692,41.92845,True,z,del civico n.,,82
2578080,3,2015-11-11T17:00:00,Strada Urbana,in prossimitíæ,VIA TIBURTINA,,Investimento di pedone,Rettilineo,Pií_ di due carreggiate,Asciutto,Asfaltata,Assente,Sereno,Normale,Sufficiente,Sufficiente,1,0,0,1,12.51718,41.89992,False,z,del civico n.,,275
2577616,8,2015-11-11T17:10:00,Statale entro l'abitato,in corrispondenza,VIA CASILINA,,Scontro frontale-laterale SX fra veicoli in marcia,Rettilineo,Una carreggiata a senso unico di marcia,Asciutto,Asfaltata,Verticale ed orizzontale,Sereno,Normale,Buona,Sufficiente,1,0,0,1,12.63932,41.86336,False,z,del civico n.,,1609
2577536,16,2015-11-11T17:15:00,Strada Urbana,all'intersezione semaforizzata con,CIRCONVALLAZIONE GIANICOLENSE,,Scontro frontale fra veicoli in marcia,Intersezione semaforizzata,Pií_ di due carreggiate,Asciutto,Asfaltata,Verticale ed orizzontale,Sereno,Intenso,Buona,Sufficiente,1,0,0,6,12.45021,41.87121,False,z,VIA DI MONTE VERDE,VIA DI MONTE VERDE,
2577375,9,2015-11-11T17:15:00,Strada Urbana,all'intersezione semaforizzata con,PIAZZALE APPIO,,Scontro frontale-laterale DX fra veicoli in marcia,Intersezione semaforizzata,Due carreggiate,Asciutto,Asfaltata,Verticale ed orizzontale,Sereno,Normale,Buona,Sufficiente,0,0,0,5,12.50959,41.88543,True,z,VIALE CASTRENSE,VIALE CASTRENSE,
2577506,13,2015-11-11T17:23:00,Strada Urbana,da specificare,VIA OSTIENSE,in prossimitíæ di Via Pavullo nel Frignano,Scontro laterale fra veicoli in marcia,Rettilineo,Una carreggiata a doppio senso,Asciutto,Asfaltata,Verticale ed orizzontale,Sereno,Intenso,Buona,Sufficiente,1,0,0,1,12.38298,41.79157,False,z,,,
2577512,8,2015-11-11T17:30:00,Strada Urbana,da specificare,VIA DI TOR BELLA MONACA,50 mt da via P.F.Quaglia dir. Casilina,Scontro laterale fra veicoli in marcia,Curva a visuale libera,Due carreggiate,Asciutto,Asfaltata,Verticale ed orizzontale,Sereno,Intenso,Sufficiente,Sufficiente,2,0,0,1,12.63817,41.86685,True,z,,,
2577810,1,2015-11-11T17:40:00,Strada Urbana,all'intersezione semaforizzata con,LUNGOTEVERE RAFFAELLO SANZIO,,Scontro laterale fra veicoli in marcia,Intersezione semaforizzata,Una carreggiata a senso unico di marcia,Asciutto,Asfaltata,Verticale ed orizzontale,Nuvoloso,Intenso,Buona,Sufficiente,0,0,0,3,12.47209,41.89077,True,z,PIAZZA GIUSEPPE GIOACHINO BELLI,PIAZZA GIUSEPPE GIOACHINO BELLI,
2577783,2,2015-11-11T17:50:00,Strada Urbana,in prossimitíæ,VIALE MARESCIALLO PILSUDSKI,,Tamponamento,Rettilineo,Una carreggiata a doppio senso,Asciutto,Asfaltata,Verticale ed orizzontale,Sereno,Intenso,Buona,Sufficiente,2,0,0,5,12.47983,41.92838,False,z,del civico n.,,fr. 122
2577059,20,2015-11-11T17:50:00,,in prossimitíæ,VIA DI VALLE MURICANA,,Investimento di pedone,,,,,,,,,,1,0,0,1,,,False,z,del civico n.,,679
2577482,15,2015-11-11T18:00:00,Strada Urbana,da specificare,VIA DELLA MAGLIANA,ALTEZZA VIA MIGLIOLI,Investimento di pedone,Rettilineo,Una carreggiata a doppio senso,Asciutto,Asfaltata,Verticale ed orizzontale,Sereno,Normale,Sufficiente,Sufficiente,1,0,0,1,12.42401,41.83394,False,z,,,
2577762,16,2015-11-11T18:15:00,Strada Urbana,all'intersezione semaforizzata con,CIRCONVALLAZIONE GIANICOLENSE,,Scontro laterale fra veicoli in marcia,Intersezione semaforizzata,Pií_ di due carreggiate,Asciutto,Asfaltata,Verticale ed orizzontale,Sereno,Normale,Buona,Sufficiente,0,0,0,2,12.45961,41.87177,True,z,PIAZZALE ENRICO DUNANT,PIAZZALE ENRICO DUNANT,
2577518,8,2015-11-11T18:20:00,Strada Urbana,in corrispondenza,VIA DEL TORRACCIO,,Scontro laterale fra veicoli in marcia,Rettilineo,Una carreggiata a senso unico alternato,Asciutto,Asfaltata,Orizzontale,Sereno,Intenso,Buona,Sufficiente,2,0,0,0,12.64909,41.85579,False,z,del civico n.,,276
2577729,13,2015-11-11T18:30:00,Strada Urbana,all'intersezione con,VIA DEI BRAGOZZI,,Scontro frontale-laterale SX fra veicoli in marcia,Incrocio,Una carreggiata a doppio senso,Asciutto,Asfaltata,Verticale,Sereno,Normale,Buona,Sufficiente,1,0,0,4,12.27418,41.73378,False,z,VIA DELLA PARANZELLA,VIA DELLA PARANZELLA,
2578082,3,2015-11-11T18:40:00,Strada Urbana,all'intersezione semaforizzata con,VIA NOMENTANA,,Scontro frontale-laterale SX fra veicoli in marcia,Intersezione semaforizzata,Pií_ di due carreggiate,Asciutto,Asfaltata,Verticale ed orizzontale,Sereno,Normale,Sufficiente,Sufficiente,1,0,0,2,12.51462,41.91838,True,z,VIALE GORIZIA,VIALE GORIZIA,
2577376,9,2015-11-11T18:45:00,Strada Urbana,in prossimitíæ,PIAZZA DI S. MARIA AUSILIATRICE,,Investimento di pedone,Rettilineo,Una carreggiata a senso unico di marcia,Asciutto,Asfaltata,Verticale ed orizzontale,Sereno,Normale,Buona,Sufficiente,1,0,0,1,12.53096,41.87277,True,z,del civico n.,,1
2577820,12,2015-11-11T18:50:00,Strada Urbana,da specificare,VIALE DELL'OCEANO INDIANO,altezza Stazione CC ,Scontro frontale-laterale SX fra veicoli in marcia,Rettilineo,Una carreggiata a doppio senso,Asciutto,Asfaltata,Verticale ed orizzontale,Sereno,Normale,Buona,Sufficiente,0,0,0,5,12.4486,41.82464,True,z,,,
2577731,1,2015-11-11T18:50:00,Strada Urbana,da specificare,PIAZZA DI PORTA S. PAOLO,in corrispondenza fermata ATAC n.72106,Scontro frontale-laterale SX fra veicoli in marcia,Rotatoria,Pií_ di due carreggiate,Asciutto,Acciotolata,Verticale ed orizzontale,Sereno,Intenso,Sufficiente,Sufficiente,0,0,0,2,12.48145,41.87731,True,z,,,
2577384,5,2015-11-11T19:00:00,,in prossimitíæ,VIA DI CENTOCELLE,,Investimento di pedone,,,,,,,,,,2,0,0,0,12.55756,41.86451,False,z,del civico n.,,251
2577363,6,2015-11-11T19:15:00,Strada Urbana,in corrispondenza,VIA PRENESTINA,,Scontro laterale fra veicoli in marcia,Rettilineo,Pií_ di due carreggiate,Asciutto,Asfaltata,Orizzontale,Sereno,Normale,Sufficiente,Sufficiente,0,0,0,3,12.5312,41.89183,True,z,del civico n.,,142 A
2577378,11,2015-11-11T19:15:00,Strada Urbana,da specificare,VIA APPIA PIGNATELLI,50 metri da vicolo della Basilica dir A. Antica,Tamponamento,Rettilineo,Una carreggiata a doppio senso,Asciutto,Asfaltata,Verticale ed orizzontale,Sereno,Intenso,Buona,Insufficiente,2,0,0,0,12.5357,41.84614,False,z,,,
2577780,1,2015-11-11T19:20:00,Strada Urbana,in corrispondenza,VIA DOMENICO FONTANA,,Scontro laterale fra veicoli in marcia,Rettilineo,Una carreggiata a senso unico di marcia,Asciutto,Asfaltata,Verticale ed orizzontale,Sereno,Normale,Buona,Sufficiente,0,0,0,2,12.50765,41.88808,True,z,del civico n.,,48
2577612,7,2015-11-11T19:30:00,Strada Urbana,in prossimitíæ,VIA MANFREDONIA,,Veicolo in marcia contro veicolo fermo,Rettilineo,Una carreggiata a senso unico di marcia,Asciutto,Asfaltata,Assente,Sereno,Scarso,Buona,Sufficiente,0,0,0,1,12.57628,41.89027,True,z,del civico n.,,36
2577524,8,2015-11-11T20:00:00,Strada Urbana,da specificare,VIALE OXFORD,sottovia direzine Tor Bella Monaca,Veicolo in marcia contro ostacolo accidentale,Sottopasso illuminato,Due carreggiate,Asciutto,Asfaltata,Verticale ed orizzontale,Sereno,Normale,Buona,Sufficiente,0,0,0,2,12.62817,41.8599,True,z,,,
2577594,17,2015-11-11T20:00:00,Strada Urbana,all'intersezione semaforizzata con,LARGO GIOVANNI XXIII,,Veicolo in marcia contro veicolo in sosta,Intersezione semaforizzata,Una carreggiata a senso unico di marcia,Asciutto,In cubetti di porfido,Verticale ed orizzontale,Sereno,Scarso,Buona,Sufficiente,0,0,0,1,12.46435,41.9024,True,z,VIA DELLA CONCILIAZIONE,VIA DELLA CONCILIAZIONE,
2577515,20,2015-11-11T20:30:00,Strada Urbana,all'intersezione con,VIALE GINO CERVI,,Scontro frontale-laterale SX fra veicoli in marcia,Intersezione non regolata-non segnalata,Una carreggiata a doppio senso,Asciutto,Asfaltata,Verticale ed orizzontale,Sereno,Scarso,Buona,Sufficiente,1,0,0,1,,,False,z,VIA SERGIO TOFANO,VIA SERGIO TOFANO,
2577436,10,2015-11-11T21:00:00,Strada Urbana,all'intersezione con,VIA DI CAMPO ROMANO,,Scontro frontale-laterale DX fra veicoli in marcia,Incrocio,Una carreggiata a doppio senso,Asciutto,Asfaltata,Verticale,Sereno,Scarso,Sufficiente,Sufficiente,1,0,0,2,12.61029,41.8288,True,z,VIA BELCASTRO,VIA BELCASTRO,
2578423,12,2015-11-11T21:10:00,Regionale,da specificare,VIA PONTINA,km 10.800 direzione GRA,Veicolo in marcia contro veicolo in sosta,Rettilineo,Due carreggiate,Asciutto,Asfaltata,Verticale ed orizzontale,Sereno,Normale,Insufficiente,Inesistente,0,0,0,1,12.45329,41.79773,True,z,,,
2582346,7,2015-11-11T21:30:00,Strada Urbana,da specificare,VIALE PALMIRO TOGLIATTI,altezza palo luce 158 - corsia specializzata  ,Scontro laterale fra veicoli in marcia,Curva a visuale libera,Una carreggiata a doppio senso,Asciutto,Asfaltata,Orizzontale,Sereno,Scarso,Buona,Sufficiente,0,0,0,5,12.56945,41.87327,True,z,,,
2578087,3,2015-11-11T21:48:00,,all'intersezione semaforizzata con,VIA DELLA LEGA LOMBARDA,,Scontro frontale-laterale SX fra veicoli in marcia,,,,,,,,,,1,0,0,1,,,False,z,VIA ARDUINO,VIA ARDUINO,
2582621,12,2015-11-11T23:15:00,Strada Urbana,all'intersezione con,VIALE DELL'UMANESIMO,,Scontro laterale fra veicoli in marcia,Intersezione semaforizzata,Una carreggiata a doppio senso,Asciutto,Asfaltata,Verticale ed orizzontale,Sereno,Intenso,Sufficiente,Sufficiente,0,0,0,5,12.47036,41.82302,True,z,VIA CRISTOFORO COLOMBO,VIA CRISTOFORO COLOMBO,
2577510,7,2015-11-11T23:20:00,Strada Urbana,in prossimitíæ,VIA SILICELLA,,Veicolo in marcia contro ostacolo accidentale,Rettilineo,Una carreggiata a doppio senso,Asciutto,Con buche,Verticale,Sereno,Scarso,Sufficiente,Insufficiente,0,0,0,3,12.59769,41.85813,True,z,del civico n.,,f.c.148
2577554,19,2015-11-12T00:00:00,Strada Urbana,in corrispondenza,VIA CASSIA,,Veicolo in marcia contro ostacolo accidentale,Rettilineo,Una carreggiata a doppio senso,Asciutto,Asfaltata,Assente,Sereno,Scarso,Sufficiente,Sufficiente,0,0,0,1,12.42937,41.97354,True,z,del civico n.,,1001-g
2578140,3,2015-11-12T00:05:00,Strada Urbana,in prossimitíæ,VIALE DEL FORO ITALICO,,Tamponamento,Rettilineo,Due carreggiate,Asciutto,Asfaltata,Verticale ed orizzontale,Sereno,Scarso,Buona,Sufficiente,0,0,0,4,12.5008,41.94035,False,z,del civico n.,,597
2577663,7,2015-11-12T00:40:00,Strada Urbana,in prossimitíæ,VIA SILICELLA,,Veicolo in marcia contro ostacolo accidentale,Rettilineo,Una carreggiata a doppio senso,Asciutto,Con buche,Verticale,Sereno,Scarso,Sufficiente,Insufficiente,0,0,0,1,12.59851,41.86044,True,z,del civico n.,,107
2577743,2,2015-11-12T04:20:00,Strada Urbana,da specificare,VIALE TITINA DE FILIPPO,pross. via  C Badiali,Veicolo in marcia contro ostacolo fisso,Curva a visuale libera,Due carreggiate,Asciutto,Asfaltata,Orizzontale,Nuvoloso,Scarso,Sufficiente,Sufficiente,1,0,0,0,12.51649,41.96671,True,z,,,
2577470,13,2015-11-12T05:28:00,Strada Urbana,da specificare,VIA TANCREDI CHIARALUCE,contro palo ACEA n. 46,Veicolo in marcia contro ostacolo fisso,Rettilineo,Una carreggiata a doppio senso,Bagnato (umiditíæ in atto),Asfaltata,Assente,Nebbia,Scarso,Sufficiente,Sufficiente,0,0,0,2,12.26895,41.74647,True,z,,,
2579068,19,2015-11-12T06:55:00,Strada Urbana,in prossimitíæ,VIA DI TORREVECCHIA,,Investimento di pedone,Rettilineo,Una carreggiata a doppio senso,Asciutto,Asfaltata,Verticale ed orizzontale,Sereno,Intenso,Buona,Ore Diurne,1,1,0,1,12.41969,41.93397,True,z,del civico n.,,112
2579016,19,2015-11-12T07:10:00,Strada Urbana,all'intersezione con,VIA DI S. CLETO PAPA,,Scontro frontale-laterale SX fra veicoli in marcia,Incrocio,Una carreggiata a doppio senso,Asciutto,Asfaltata,Verticale ed orizzontale,Sereno,Normale,Buona,Ore Diurne,0,0,0,2,12.42294,41.92261,True,z,VIA ALESSANDRO VII,VIA ALESSANDRO VII,
2578031,9,2015-11-12T07:50:00,Strada Urbana,in prossimitíæ,VIA MONTEFALCO,,Investimento di pedone,Rettilineo,Una carreggiata a senso unico di marcia,Asciutto,Asfaltata,Verticale ed orizzontale,Sereno,Normale,Buona,Ore Diurne,1,0,0,1,12.53005,41.87917,False,z,del civico n.,,65
2578398,12,2015-11-12T07:50:00,Provinciale entro l'abitato,da specificare,VIA LAURENTINA,altezza via dei Bombardieri dir. centro,Infortunio per sola frenata improvvisa,Rettilineo,Pií_ di due carreggiate,Asciutto,Asfaltata,Verticale ed orizzontale,Sereno,Normale,Buona,Ore Diurne,3,0,0,5,12.47927,41.82458,False,z,,,
2577587,15,2015-11-12T07:53:00,Strada Urbana,da specificare,VIA DELLA MAGLIANA,altezza intersezione con Via Scarperia,Tamponamento,Rettilineo,Una carreggiata a doppio senso,Asciutto,Asfaltata,Orizzontale,Sereno,Normale,Buona,Ore Diurne,1,0,0,2,12.45609,41.84457,True,z,,,
2578968,8,2015-11-12T08:00:00,Strada Urbana,da specificare,VIALE DEI ROMANISTI,altezza mercato coperto di V. Torre Spaccata,Veicolo in marcia contro ostacolo accidentale,Rettilineo,Una carreggiata a doppio senso,Asciutto,Asfaltata,Verticale ed orizzontale,Sereno,Normale,Buona,Ore Diurne,0,0,0,1,12.57733,41.86753,True,z,,,
2577633,20,2015-11-12T08:15:00,Regionale entro l'abitato,da specificare,VIA CASSIA,altezza via Campodimele,Scontro frontale-laterale SX fra veicoli in marcia,Rettilineo,Una carreggiata a doppio senso,Asciutto,Asfaltata,Verticale ed orizzontale,Sereno,Intenso,Buona,Ore Diurne,0,0,0,3,12.43302,41.97201,True,z,,,
2579195,4,2015-11-12T08:15:00,Strada Urbana,in corrispondenza,VIA DELLA BUFALOTTA,,Scontro frontale-laterale DX fra veicoli in marcia,Rettilineo,Una carreggiata a doppio senso,Asciutto,Asfaltata,Orizzontale,Sereno,Normale,Sufficiente,Ore Diurne,0,0,0,3,12.54219,41.95115,True,z,del civico n.,,228
2578658,13,2015-11-12T08:16:00,Strada Urbana,da specificare,VIA OSTIENSE,prox via fiumalbo,Scontro frontale fra veicoli in marcia,Rettilineo,Una carreggiata a doppio senso,Asciutto,Asfaltata,Verticale ed orizzontale,Sereno,Normale,Buona,Ore Diurne,1,0,0,1,12.39376,41.79381,False,z,,,
2578485,15,2015-11-12T08:20:00,Strada Urbana,in corrispondenza,VIA DELLA MAGLIANA,,Veicolo in marcia contro veicolo arresto,Rettilineo,Una carreggiata a doppio senso,Asciutto,Asfaltata,Orizzontale,Sereno,Normale,Buona,Ore Diurne,0,0,0,2,12.45693,41.84584,True,z,del civico n.,,265
2577644,11,2015-11-12T08:30:00,Strada Urbana,in prossimitíæ,VIALE ALDO BALLARIN,,Scontro laterale fra veicoli in marcia,Curva a visuale libera,Una carreggiata a doppio senso,Asciutto,Asfaltata,Verticale ed orizzontale,Sereno,Normale,Buona,Ore Diurne,0,0,0,2,12.48642,41.83837,True,z,del civico n.,,1
2577885,1,2015-11-12T08:40:00,Strada Urbana,all'intersezione semaforizzata con,VIA NICOLA SALVI,,Tamponamento,Intersezione semaforizzata,Una carreggiata a senso unico di marcia,Asciutto,Asfaltata,Verticale ed orizzontale,Sereno,Normale,Buona,Ore Diurne,0,0,0,2,12.49284,41.89134,True,z,PIAZZA DEL COLOSSEO,PIAZZA DEL COLOSSEO,
2578957,8,2015-11-12T09:00:00,Strada Urbana,in prossimitíæ,VIA BORGHESIANA,,Tamponamento Multiplo,Rettilineo,Una carreggiata a doppio senso,Asciutto,Asfaltata,Verticale ed orizzontale,Sereno,Intenso,Buona,Ore Diurne,0,0,0,2,12.67235,41.87821,False,z,del palo luce n.,,70
2577827,2,2015-11-12T09:20:00,Strada Urbana,da specificare,VIA SALARIA,direzione centro altezza svincolo Prati Fiscali.,Scontro laterale fra veicoli in marcia,Rettilineo,Due carreggiate,Asciutto,Asfaltata,Verticale ed orizzontale,Sereno,Normale,Buona,Ore Diurne,0,0,0,3,12.50856,41.93889,True,z,,,
2577719,10,2015-11-12T09:20:00,Strada Urbana,da specificare,VIA TUSCOLANA,prossimitíæ Via Lamaro,Scontro laterale fra veicoli in marcia,Rettilineo,Pií_ di due carreggiate,Asciutto,Asfaltata,Verticale ed orizzontale,Sereno,Normale,Buona,Ore Diurne,0,0,0,4,12.57216,41.85088,True,z,,,
2578325,12,2015-11-12T09:30:00,Strada Urbana,in prossimitíæ,VIA ANDREA MELDOLA,,Veicolo in marcia contro veicolo in sosta,Rettilineo,Una carreggiata a doppio senso,Asciutto,Asfaltata,Verticale ed orizzontale,Sereno,Normale,Buona,Ore Diurne,0,0,0,1,12.50552,41.82352,True,z,del civico n.,,94
2579218,4,2015-11-12T09:45:00,Strada Urbana,in prossimitíæ,VIA RINO GAETANO,,Tamponamento,Rettilineo,Due carreggiate,Asciutto,Asfaltata,Verticale ed orizzontale,Sereno,Scarso,Buona,Ore Diurne,0,0,0,2,12.53223,41.9702,True,z,del civico n.,,27
2577985,6,2015-11-12T09:50:00,Strada Urbana,in corrispondenza,VIALE DELLA VENEZIA GIULIA,,Investimento di pedone,Rettilineo,Una carreggiata a doppio senso,Asciutto,Asfaltata,Verticale ed orizzontale,Sereno,Normale,Buona,Ore Diurne,1,0,0,1,,,False,z,del civico n.,,129
2579059,19,2015-11-12T09:50:00,Strada Urbana,all'intersezione con,VIA DI S. CLETO PAPA,,Scontro frontale-laterale DX fra veicoli in marcia,Incrocio,Una carreggiata a doppio senso,Asciutto,Asfaltata,Verticale ed orizzontale,Sereno,Normale,Buona,Ore Diurne,1,0,0,1,12.42294,41.92261,True,z,VIA ALESSANDRO VII,VIA ALESSANDRO VII,
2578497,15,2015-11-12T10:15:00,Strada Urbana,in corrispondenza,LUNGOTEVERE DI PIETRA PAPA,,Scontro laterale fra veicoli in marcia,Rettilineo,Due carreggiate,Asciutto,Asfaltata,Assente,Sereno,Normale,Buona,Ore Diurne,0,0,0,3,12.47417,41.86283,True,z,del civico n.,,105
2579280,4,2015-11-12T10:20:00,Strada Urbana,da specificare,VIA AMALIA BETTINI,prossimitíæ VIA TALLI,Scontro laterale fra veicoli in marcia,Curva a visuale libera,Una carreggiata a senso unico di marcia,Asciutto,Asfaltata,Assente,Sereno,Normale,Buona,Ore Diurne,0,0,0,3,12.52694,41.96484,True,z,,,
2578940,5,2015-11-12T10:30:00,Strada Urbana,all'intersezione con,VIA DEI DURANTINI,,Investimento di pedone,Incrocio,Una carreggiata a senso unico di marcia,Asciutto,Asfaltata,Orizzontale,Sereno,Scarso,Buona,Ore Diurne,1,0,0,1,12.54224,41.91038,True,z,VIA LUIGI LODI,VIA LUIGI LODI,
2577850,17,2015-11-12T10:30:00,Strada Urbana,all'intersezione con,VIALE GIUSEPPE MAZZINI,,Scontro laterale fra veicoli in marcia,Intersezione non regolata-non segnalata,Due carreggiate,Asciutto,Asfaltata,Verticale ed orizzontale,Sereno,Normale,Buona,Ore Diurne,1,0,0,1,12.46713,41.91767,False,z,VIA PASUBIO,VIA PASUBIO,
2579754,23,2015-11-12T11:00:00,Comunale extraurbana,all'intersezione con,VIA CRISTOFORO COLOMBO,,Scontro frontale-laterale DX fra veicoli in marcia,Intersezione stradale segnalata,Pií_ di due carreggiate,Asciutto,Asfaltata,Verticale ed orizzontale,Sereno,Normale,Buona,Ore Diurne,0,0,0,4,12.38069,41.76365,True,z,VIA DI ACILIA,VIA DI ACILIA,
2578016,9,2015-11-12T11:00:00,Strada Urbana,da specificare,VIA MONSELICE,"altezza ingresso stazione F.S. ""TUSCOLANA""",Scontro frontale-laterale SX fra veicoli in marcia,Rettilineo,Una carreggiata a doppio senso,Asciutto,Asfaltata,Verticale ed orizzontale,Sereno,Normale,Buona,Ore Diurne,0,0,0,2,12.52232,41.87982,True,z,,,
2579036,19,2015-11-12T11:10:00,Strada Urbana,in prossimitíæ,VIALE DELLE MEDAGLIE D'ORO,,Scontro frontale-laterale SX fra veicoli in marcia,Rettilineo,Una carreggiata a doppio senso,Asciutto,Asfaltata,Orizzontale,Sereno,Normale,Buona,Ore Diurne,1,0,0,1,12.44399,41.91132,True,z,del civico n.,,105
2578040,6,2015-11-12T11:20:00,Strada Urbana,all'intersezione semaforizzata con,VIA DI PORTONACCIO,,Scontro laterale fra veicoli in marcia,Incrocio,Due carreggiate,Asciutto,Asfaltata,Verticale ed orizzontale,Sereno,Normale,Buona,Ore Diurne,0,0,0,2,12.54185,41.89276,True,z,LARGO PRENESTE,LARGO PRENESTE,
2577910,1,2015-11-12T11:30:00,Strada Urbana,all'intersezione con,VIA CIMARRA,,Veicolo in marcia contro veicoli in arresto,Incrocio,Una carreggiata a senso unico di marcia,Asciutto,Asfaltata,Verticale ed orizzontale,Sereno,Normale,Buona,Ore Diurne,0,0,0,3,,,False,z,VIA DEI SERPENTI,VIA DEI SERPENTI,
2583992,12,2015-11-12T11:30:00,Statale,da specificare,VIA OSTIENSE,altezza Via Sarsina,Veicolo in marcia contro ostacolo accidentale,Rettilineo,Una carreggiata a doppio senso,Asciutto,Asfaltata,Verticale ed orizzontale,Sereno,Normale,Buona,Ore Diurne,0,0,0,6,12.40776,41.79648,True,z,,,
2583092,12,2015-11-12T11:30:00,Strada Urbana,da specificare,VIALE CARLO LEVI,50 mt dopo Piazza Piovene direz. Via F.T.Marinetti,Veicolo in marcia contro veicolo in sosta,Rettilineo,Due carreggiate,Asciutto,Asfaltata,Verticale,Sereno,Scarso,Buona,Ore Diurne,0,0,0,1,12.46666,41.81166,True,z,,,