_ID,_Gruppo,_DataOraIncidente,_Localizzazione1,_Localizzazione2,_Strada1,_DaSpecificare,_NaturaIncidente,_ParticolaritaStrade,_TipoStrada,_FondoStradale,_Pavimentazione,_Segnaletica,_CondizioneAtmosferica,_Traffico,_Visibilita,_Illuminazione,_NUM_FERITI,_NUM_RISERVATA,_NUM_MORTI,_NUM_ILLESI,_Longitudine,_Latitudine,_CONFERMATO,__prefix,_Strada02,_Strada2,_Chilometrica
2588689,2,2015-11-19T13:45:00,Strada Urbana,all'intersezione con,VIA NOMENTANA,,Tamponamento,Intersezione semaforizzata,Una carreggiata a doppio senso,Asciutto,Asfaltata,Verticale ed orizzontale,Sereno,Intenso,Buona,Ore Diurne,1,0,0,1,12.52151,41.92493,False,z,VIA MASSAUA,VIA MASSAUA,
2587888,9,2015-11-19T13:45:00,,in corrispondenza,VIA DELLA STAZIONE TUSCOLANA,,Veicoli in marcia contro veicolo fermo,,,,,,,,,,0,0,0,0,,,False,z,del civico n.,,110
2592205,18,2015-11-19T14:00:00,Strada Urbana,all'intersezione semaforizzata con,LARGO DI PORTA CAVALLEGGERI,,Scontro frontale fra veicoli in marcia,Intersezione semaforizzata,Una carreggiata a doppio senso,Asciutto,Asfaltata,Verticale ed orizzontale,Sereno,Normale,Buona,Ore Diurne,1,0,0,1,12.45544,41.90012,False,z,VIA DI PORTA CAVALLEGGERI,VIA DI PORTA CAVALLEGGERI,
2588151,11,2015-11-19T14:10:00,Strada Urbana,all'intersezione con,VIA DEI GEORGOFILI,,Scontro frontale-laterale SX fra veicoli in marcia,Intersezione stradale segnalata,Una carreggiata a senso unico di marcia,Asciutto,Asfaltata,Verticale ed orizzontale,Sereno,Normale,Buona,Ore Diurne,2,0,0,0,12.49264,41.85286,True,z,VIA DELL'ARCADIA,VIA DELL'ARCADIA,
2588305,20,2015-11-19T14:15:00,Strada Urbana,in corrispondenza,CORSO DI FRANCIA,,Veicolo in marcia contro veicoli fermi,Rettilineo,Due carreggiate,Asciutto,Asfaltata,Orizzontale,Sereno,Normale,Buona,Ore Diurne,0,0,0,3,12.47112,41.93997,True,z,del civico n.,,80
2588497,8,2015-11-19T14:20:00,Strada Urbana,da specificare,VIA DEL FONTANILE DI CARCARICOLA,prox uscita laboratori universitíæ,Scontro laterale fra veicoli in marcia,Rettilineo,Una carreggiata a doppio senso,Asciutto,Asfaltata,Verticale ed orizzontale,Sereno,Scarso,Sufficiente,Ore Diurne,2,0,0,0,12.60583,41.85189,True,z,,,
2588239,20,2015-11-19T14:20:00,Strada Urbana,da specificare,VIA DEL FORO ITALICO,svincolo Ponte Milvio,Scontro laterale fra veicoli in marcia,Rettilineo,Due carreggiate,Asciutto,Asfaltata,Verticale ed orizzontale,Sereno,Intenso,Buona,Ore Diurne,0,0,0,3,12.48104,41.94025,True,z,,,
2589484,1,2015-11-19T14:25:00,Strada Urbana,in corrispondenza,VIA GIUSEPPE GIOACHINO BELLI,,Scontro laterale fra veicoli in marcia,Rettilineo,Una carreggiata a doppio senso,Asciutto,Asfaltata,Verticale ed orizzontale,Sereno,Scarso,Buona,Ore Diurne,0,0,0,2,12.47266,41.9078,True,z,del civico n.,,2
2588521,17,2015-11-19T14:30:00,Strada Urbana,in prossimitíæ,VIA DELLA GIULIANA,,Scontro laterale fra veicoli in marcia,Rettilineo,Una carreggiata a doppio senso,Asciutto,Asfaltata,Verticale ed orizzontale,Sereno,Scarso,Buona,Ore Diurne,0,0,0,2,12.45442,41.91257,True,z,del civico n.,,35
2588231,10,2015-11-19T15:00:00,Strada Urbana,all'intersezione con,VIA GIUSEPPE SAREDO,,Scontro frontale-laterale SX fra veicoli in marcia,Incrocio,Una carreggiata a senso unico di marcia,Asciutto,Asfaltata,Verticale,Sereno,Normale,Buona,Ore Diurne,0,0,0,2,12.57276,41.86137,True,z,VIA FILIPPO SERAFINI,VIA FILIPPO SERAFINI,
2588481,8,2015-11-19T15:30:00,Strada Urbana,in corrispondenza,VIA DEL TORRACCIO DI TORRENOVA,,Scontro frontale-laterale DX fra veicoli in marcia,Rettilineo,Una carreggiata a doppio senso,Asciutto,Asfaltata,Verticale ed orizzontale,Sereno,Normale,Buona,Ore Diurne,1,0,0,2,12.63043,41.86495,False,z,del civico n.,,10
2588109,9,2015-11-19T15:30:00,Strada Urbana,in prossimitíæ,VIA DI PORTA FURBA,,Tamponamento,Rettilineo,Una carreggiata a doppio senso,Asciutto,Asfaltata,Orizzontale,Sereno,Intenso,Buona,Ore Diurne,0,0,0,3,12.53881,41.86982,True,z,del civico n.,,28
2587792,9,2015-11-19T15:30:00,Strada Urbana,da specificare,VIA DRUSO,A META' DI VIA DRUSO DIR. P.LE METRONIO,Tamponamento,Rettilineo,Una carreggiata a doppio senso,Asciutto,Asfaltata,Orizzontale,Sereno,Intenso,Insufficiente,Ore Diurne,0,0,0,0,,,False,z,,,
2588539,2,2015-11-19T15:30:00,,da specificare,VIA SALARIA,altezza rampa immissione FORO ITALICO dir. stadio,Scontro frontale-laterale DX fra veicoli in marcia,,,,,,,,,,2,0,0,0,,,False,z,,,
2588551,8,2015-11-19T15:30:00,Strada Urbana,in prossimitíæ,VIA DI TOR VERGATA,,Tamponamento,Rettilineo,Una carreggiata a doppio senso,Asciutto,Asfaltata,Verticale ed orizzontale,Sereno,Scarso,Buona,Ore Diurne,0,0,0,3,12.62138,41.86135,True,z,del civico n.,,19
2588524,11,2015-11-19T15:45:00,Strada Urbana,in corrispondenza,VIA APPIA PIGNATELLI,,Tamponamento,Rettilineo,Una carreggiata a doppio senso,Asciutto,Asfaltata,Verticale ed orizzontale,Sereno,Normale,Buona,Ore Diurne,1,0,0,1,12.52043,41.85691,False,z,del civico n.,,54
2587761,10,2015-11-19T16:05:00,Strada Urbana,all'intersezione semaforizzata con,VIA APPIA PIGNATELLI,,Scontro frontale fra veicoli in marcia,Intersezione semaforizzata,Una carreggiata a doppio senso,Asciutto,Asfaltata,Verticale ed orizzontale,Sereno,Normale,Buona,Ore Diurne,1,0,0,1,,,False,z,VIA DI S. TARCISIO,VIA DI S. TARCISIO,
2588528,8,2015-11-19T16:10:00,Strada Urbana,da specificare,VIA DI PASSOLOMBARDO,fronte civico 340,Veicolo in marcia contro ostacolo accidentale,Rettilineo,Una carreggiata a doppio senso,Asciutto,Asfaltata,Verticale ed orizzontale,Sereno,Normale,Buona,Ore Diurne,0,0,0,1,12.62927,41.84867,True,z,,,
2588981,2,2015-11-19T16:30:00,Strada Urbana,in prossimitíæ,VIA MASOLINO DA PANICALE,,Veicolo in marcia contro ostacolo fisso,Rettilineo,Una carreggiata a doppio senso,Asciutto,Asfaltata,Verticale ed orizzontale,Sereno,Scarso,Buona,Ore Diurne,0,0,0,1,12.4646,41.92444,True,z,del civico n.,,2
2592231,18,2015-11-19T17:00:00,Strada Urbana,da specificare,VIA DI CASTEL DI GUIDO,prossimitíæ cimitero,Scontro laterale fra veicoli in marcia,Rettilineo,Una carreggiata a doppio senso,Asciutto,Asfaltata,Orizzontale,Sereno,Scarso,Insufficiente,Sufficiente,0,0,0,2,12.28065,41.90323,True,z,,,
2588301,20,2015-11-19T17:30:00,,da specificare,GALLERIA GIOVANNI XXIII,altezza svincolo per VIA MARIO FANI,Veicolo in marcia contro ostacolo fisso,,,,,,,,,,1,0,0,0,,,False,z,,,
2587964,19,2015-11-19T17:30:00,Strada Urbana,in corrispondenza,VIA PIETRO MAFFI,,Investimento di pedone,Rettilineo,Una carreggiata a doppio senso,Asciutto,Asfaltata,Verticale ed orizzontale,Sereno,Intenso,Buona,Sufficiente,1,0,0,1,12.4197,41.92567,True,z,del civico n.,,107
2588307,17,2015-11-19T17:35:00,,in corrispondenza,VIA DEI GRACCHI,,Veicolo in marcia contro ostacolo fisso,,,,,,,,,,0,0,0,1,12.46505,41.90854,False,z,del civico n.,,179c
2587850,15,2015-11-19T17:55:00,Strada Urbana,all'intersezione con,VIA DELLA MAGLIANA,,Scontro frontale-laterale DX fra veicoli in marcia,Incrocio,Una carreggiata a doppio senso,Asciutto,Asfaltata,Verticale ed orizzontale,Nuvoloso,Intenso,Sufficiente,Sufficiente,0,0,0,2,12.44863,41.83512,True,z,VIA DELLE IDROVORE DELLA MAGLIANA,VIA DELLE IDROVORE DELLA MAGLIANA,
2589543,1,2015-11-19T18:00:00,Strada Urbana,all'intersezione semaforizzata con,VIA DELL'AMBA ARADAM,,Scontro laterale fra veicoli in marcia,Intersezione semaforizzata,Una carreggiata a doppio senso,Asciutto,Asfaltata,Verticale ed orizzontale,Sereno,Intenso,Sufficiente,Sufficiente,0,0,0,2,12.50247,41.88534,True,z,VIA DEI VALERI,VIA DEI VALERI,
2588894,3,2015-11-19T18:10:00,Strada Urbana,all'intersezione semaforizzata con,VIA NOMENTANA,,Scontro frontale-laterale SX fra veicoli in marcia,Intersezione semaforizzata,Pií_ di due carreggiate,Asciutto,Asfaltata,Verticale ed orizzontale,Sereno,Normale,Sufficiente,Sufficiente,1,0,0,2,12.51475,41.91848,True,z,VIALE GORIZIA,VIALE GORIZIA,
2588989,2,2015-11-19T18:10:00,Strada Urbana,da specificare,VIA ANGELO SECCHI,in prossimitíæ di viale Parioli,Veicolo in marcia contro veicoli in sosta,Rettilineo,Una carreggiata a senso unico di marcia,Asciutto,Asfaltata,Orizzontale,Sereno,Normale,Sufficiente,Sufficiente,0,0,0,1,12.48963,41.92485,True,z,,,
2588462,8,2015-11-19T18:30:00,,in corrispondenza,VIA AMICO ASPERTINI,,Scontro frontale fra veicoli in marcia,,,,,,,,,,1,0,0,1,12.63255,41.86809,False,z,del civico n.,,410
2588232,13,2015-11-19T18:40:00,Strada Urbana,in corrispondenza,VIA DOBBIACO,,Scontro frontale-laterale DX fra veicoli in marcia,Rettilineo,Una carreggiata a doppio senso,Asciutto,Asfaltata,Verticale,Sereno,Normale,Buona,Sufficiente,0,0,0,2,12.38328,41.73884,True,z,del civico n.,,3a
2589520,1,2015-11-19T18:40:00,Strada Urbana,in prossimitíæ,LARGO DELL'AMBA ARADAM,,Scontro laterale fra veicoli in marcia,Rettilineo,Una carreggiata a doppio senso,Asciutto,Asfaltata,Verticale ed orizzontale,Nuvoloso,Intenso,Buona,Sufficiente,0,0,0,4,12.50375,41.8862,True,z,del civico n.,,3
2589007,16,2015-11-19T18:45:00,Strada Urbana,da specificare,VIA QUIRINO MAJORANA,in prossimitíæ di Crv. Gianicolense,Scontro laterale fra veicoli in marcia,Rettilineo,Due carreggiate,Asciutto,Asfaltata,Verticale ed orizzontale,Sereno,Normale,Buona,Sufficiente,0,0,0,2,12.46004,41.87119,True,z,,,
2587979,19,2015-11-19T18:45:00,Strada Urbana,all'intersezione con,VIA TRIONFALE,,Scontro laterale fra veicoli in marcia,Incrocio,Una carreggiata a doppio senso,Asciutto,Asfaltata,Verticale ed orizzontale,Sereno,Normale,Buona,Sufficiente,0,0,0,2,12.44747,41.92623,True,z,VIA PRISCIANO,VIA PRISCIANO,
2588509,5,2015-11-19T19:00:00,Strada Urbana,in prossimitíæ,VIA EUGENIO CHECCHI,,Veicolo in marcia contro veicolo fermo,Rettilineo,Una carreggiata a doppio senso,Asciutto,Asfaltata,Orizzontale,Sereno,Normale,Sufficiente,Sufficiente,1,0,0,3,,,False,z,del civico n.,,51
2587911,12,2015-11-19T19:00:00,Strada Urbana,da specificare,VIALE DELLA CIVILTA' DEL LAVORO,fronte civico 50,Investimento di pedone,Rettilineo,Una carreggiata a doppio senso,Asciutto,Asfaltata,Verticale ed orizzontale,Sereno,Intenso,Buona,Sufficiente,1,0,0,1,12.47001,41.83536,False,z,,,
2588238,13,2015-11-19T19:10:00,Strada Urbana,all'intersezione con,VIA LIONELLO BALESTRIERI,,Scontro frontale-laterale SX fra veicoli in marcia,Incrocio,Una carreggiata a doppio senso,Asciutto,Asfaltata,Verticale ed orizzontale,Sereno,Scarso,Buona,Sufficiente,0,0,0,3,12.37984,41.77484,False,z,VIA GIGI CHESSA,VIA GIGI CHESSA,
2588536,8,2015-11-19T19:20:00,Strada Urbana,all'intersezione semaforizzata con,VIALE DEI ROMANISTI,,Scontro frontale-laterale SX fra veicoli in marcia,Incrocio,Due carreggiate,Asciutto,Asfaltata,Verticale ed orizzontale,Sereno,Normale,Sufficiente,Sufficiente,2,0,0,2,12.58646,41.86526,True,z,VIA DI TORRE SPACCATA,VIA DI TORRE SPACCATA,
2589176,1,2015-11-19T19:40:00,Strada Urbana,da specificare,PIAZZA DI PONTE UMBERTO I,AREA DI SOSTA IN PROSSIMITA VIA ACQUASPARTA,Veicolo in marcia contro veicolo fermo,Rettilineo,Una carreggiata a doppio senso,Asciutto,Asfaltata,Verticale ed orizzontale,Sereno,Normale,Buona,Insufficiente,0,0,0,2,12.47154,41.90191,True,z,,,
2588687,2,2015-11-19T19:45:00,Strada Urbana,da specificare,VIA DEI CAMPI SPORTIVI,alt. L.go Gabrielli,Veicolo in marcia contro veicolo fermo,Curva a visuale libera,Una carreggiata a doppio senso,Asciutto,Asfaltata,Orizzontale,Sereno,Intenso,Sufficiente,Sufficiente,1,0,0,3,12.49047,41.9363,False,z,,,
2588136,9,2015-11-19T19:55:00,Strada Urbana,all'intersezione con,PIAZZA ASTI,,Veicolo in marcia contro ostacolo accidentale,Incrocio,Una carreggiata a doppio senso,Sdrucciolevole (pietrisco),Asfaltata,Verticale ed orizzontale,Sereno,Normale,Sufficiente,Sufficiente,0,0,0,1,12.5197,41.88171,True,z,VIA MATERA,VIA MATERA,
2587973,11,2015-11-19T20:00:00,Strada Urbana,all'intersezione semaforizzata con,VIA OSTIENSE,,Scontro laterale fra veicoli in marcia,Incrocio,Pií_ di due carreggiate,Asciutto,Asfaltata,Verticale ed orizzontale,Sole radente,Normale,Sufficiente,Sufficiente,1,0,0,1,12.4803,41.87238,False,z,VIA PELLEGRINO MATTEUCCI,VIA PELLEGRINO MATTEUCCI,
2589094,1,2015-11-19T20:05:00,Strada Urbana,all'intersezione con,VIA GERMANO SOMMEILLER,,Veicolo in marcia contro veicoli in sosta,Incrocio,Una carreggiata a doppio senso,Asciutto,Asfaltata,Verticale ed orizzontale,Sereno,Scarso,Sufficiente,Sufficiente,0,0,0,2,12.51337,41.88957,False,z,VIA FEDERICO MENABREA,VIA FEDERICO MENABREA,
2589478,15,2015-11-19T20:25:00,,all'intersezione con,VIA PORTUENSE,,Scontro frontale-laterale SX fra veicoli in marcia,,,,,,,,,,1,0,0,1,,,False,z,VIA GIUSEPPE BELLUZZO,VIA GIUSEPPE BELLUZZO,
2589150,1,2015-11-19T20:35:00,Strada Urbana,in corrispondenza,VIA GIOVANNI GIOLITTI,,Tamponamento,Rettilineo,Una carreggiata a senso unico di marcia,Asciutto,Asfaltata,Verticale ed orizzontale,Sereno,Normale,Buona,Sufficiente,0,0,0,4,12.50993,41.89473,False,z,del civico n.,,347
2588189,10,2015-11-19T20:40:00,Strada Urbana,da specificare,VIA ANAGNINA,tratto tra il civ.275-269,Tamponamento,Rettilineo,Due carreggiate,Asciutto,Asfaltata,Verticale ed orizzontale,Sereno,Scarso,Buona,Sufficiente,0,0,0,2,12.64461,41.79971,True,z,,,
2589601,15,2015-11-19T22:30:00,Strada Urbana,all'intersezione con,CLIVO PORTUENSE,,Scontro frontale-laterale SX fra veicoli in marcia,Incrocio,Una carreggiata a doppio senso,Asciutto,Asfaltata,Verticale ed orizzontale,Sereno,Scarso,Buona,Sufficiente,0,0,0,3,12.47109,41.88181,True,z,VIA ASCANIO FENIZI,VIA ASCANIO FENIZI,
2588545,8,2015-11-19T23:00:00,Strada Urbana,in prossimitíæ,VIALE S. RITA DA CASCIA,,Scontro laterale fra veicoli in marcia,Rettilineo,Una carreggiata a doppio senso,Asciutto,Asfaltata,Verticale ed orizzontale,Sereno,Scarso,Sufficiente,Sufficiente,2,0,0,1,12.64565,41.86776,False,z,del civico n.,,20
2589415,1,2015-11-20T00:20:00,Strada Urbana,in prossimitíæ,LUNGOTEVERE RAFFAELLO SANZIO,,Veicolo in marcia contro veicolo fermo,Rettilineo,Una carreggiata a senso unico di marcia,Asciutto,Asfaltata,Verticale ed orizzontale,Sereno,Normale,Sufficiente,Sufficiente,0,0,0,2,12.47038,41.89166,False,z,del civico n.,,1
2593334,18,2015-11-20T01:00:00,Strada Urbana,all'intersezione con,VIA DEGLI SCIALOJA,,Scontro frontale-laterale SX fra veicoli in marcia,Intersezione stradale segnalata,Una carreggiata a senso unico di marcia,Asciutto,Asfaltata,Verticale ed orizzontale,Sereno,Scarso,Sufficiente,Sufficiente,1,0,0,5,12.47423,41.91354,True,z,VIA GIAMBATTISTA VICO,VIA GIAMBATTISTA VICO,
2589459,8,2015-11-20T01:30:00,Strada Urbana,in prossimitíæ,VIA GIARRE,,Veicolo in marcia contro veicolo in sosta,Rettilineo,Una carreggiata a senso unico di marcia,Asciutto,Asfaltata,Verticale,Nuvoloso,Normale,Buona,Sufficiente,0,0,0,1,12.67266,41.85593,True,z,del civico n.,,30
2588677,2,2015-11-20T02:10:00,Strada Urbana,in prossimitíæ,VIA ASMARA,,Scontro laterale fra veicoli in marcia,Curva a visuale libera,Una carreggiata a doppio senso,Asciutto,Asfaltata,Verticale ed orizzontale,Sereno,Scarso,Sufficiente,Sufficiente,0,0,0,3,12.51834,41.92748,True,z,del civico n.,,24
2589486,23,2015-11-20T02:40:00,Strada Urbana,in prossimitíæ,VIA CRISTOFORO COLOMBO,,Veicolo in marcia contro ostacolo fisso,Curva a visuale libera,Due carreggiate,Asciutto,Asfaltata,Verticale ed orizzontale,Sereno,Scarso,Insufficiente,Inesistente,1,0,0,1,12.44704,41.80373,True,z,della chilometrica,,15.4
2589430,1,2015-11-20T06:15:00,Strada Urbana,in corrispondenza,VIA ARENULA,,Tamponamento,Rettilineo,Due carreggiate,Viscido da liquidi oleosi,Asfaltata,Verticale ed orizzontale,Nuvoloso,Normale,Buona,Ore Diurne,0,0,0,2,,,False,z,del civico n.,,15
2589160,16,2015-11-20T06:25:00,Strada Urbana,in corrispondenza,VIA SILVESTRI,,Veicolo in marcia contro veicoli in sosta,Rettilineo,Una carreggiata a doppio senso,Asciutto,Asfaltata,Verticale ed orizzontale,Nuvoloso,Normale,Buona,Ore Diurne,0,0,0,1,12.43174,41.87729,True,z,del civico n.,,202
2589485,13,2015-11-20T07:15:00,Strada Urbana,all'intersezione con,VIA OSTIENSE,,Scontro frontale-laterale SX fra veicoli in marcia,Incrocio,Due carreggiate,Asciutto,Asfaltata,Verticale ed orizzontale,Sereno,Intenso,Buona,Ore Diurne,1,0,0,1,12.39435,41.79394,False,z,VIA FIUMALBO,VIA FIUMALBO,
2589435,1,2015-11-20T07:45:00,Strada Urbana,in prossimitíæ,PIAZZA DI S. GIOVANNI IN LATERANO,,Scontro frontale-laterale SX fra veicoli in marcia,Rettilineo,Due carreggiate,Asciutto,Asfaltata,Verticale ed orizzontale,Nuvoloso,Intenso,Buona,Ore Diurne,0,0,0,2,12.50532,41.88744,True,z,del civico n.,,46
2588900,3,2015-11-20T08:00:00,Strada Urbana,in corrispondenza,VIA NOMENTANA,,Investimento di pedone,Rettilineo,Due carreggiate,Asciutto,Asfaltata,Verticale ed orizzontale,Nuvoloso,Normale,Buona,Ore Diurne,1,0,0,1,12.50297,41.90975,False,z,del civico n.,,2
2591746,4,2015-11-20T08:10:00,Strada Urbana,in prossimitíæ,VIA DI SETTEBAGNI,,Scontro laterale fra veicoli in marcia,Rettilineo,Due carreggiate,Asciutto,Asfaltata,Verticale ed orizzontale,Sereno,Normale,Buona,Ore Diurne,0,0,0,2,12.5455,41.96793,False,z,del civico n.,,375
2588907,9,2015-11-20T08:10:00,Strada Urbana,in prossimitíæ,VIA GALLIA,,Scontro laterale fra veicoli in marcia,Rettilineo,Una carreggiata a doppio senso,Asciutto,Asfaltata,Verticale ed orizzontale,Nuvoloso,Intenso,Buona,Ore Diurne,0,0,0,2,12.50533,41.88088,True,z,del civico n.,,83
2592072,9,2015-11-20T08:30:00,Strada Urbana,all'intersezione con,VIA TUSCOLANA,,Scontro laterale fra veicoli in marcia,Incrocio,Due carreggiate,Asciutto,Asfaltata,Verticale ed orizzontale,Sereno,Normale,Buona,Ore Diurne,0,0,0,2,12.53606,41.87022,True,z,VIA ROCCA DI PAPA,VIA ROCCA DI PAPA,
2593935,18,2015-11-20T08:45:00,Strada Urbana,da specificare,CIRCONVALLAZIONE AURELIA,fronte civico 62,Scontro frontale-laterale SX fra veicoli in marcia,Rettilineo,Due carreggiate,Asciutto,Asfaltata,Verticale ed orizzontale,Sereno,Normale,Buona,Ore Diurne,1,0,0,1,12.42864,41.89695,False,z,,,
2591720,5,2015-11-20T08:45:00,Strada Urbana,in prossimitíæ,VIA DI PORTONACCIO,,Scontro laterale fra veicoli in marcia,Rettilineo,Una carreggiata a doppio senso,Asciutto,Asfaltata,Orizzontale,Nuvoloso,Intenso,Buona,Ore Diurne,0,0,0,3,12.53639,41.90357,True,z,del civico n.,,33
2588513,10,2015-11-20T08:50:00,Statale entro l'abitato,in prossimitíæ,VIA APPIA NUOVA,,Tamponamento Multiplo,Rettilineo,Pií_ di due carreggiate,Asciutto,Asfaltata,Verticale ed orizzontale,Nuvoloso,Intenso,Buona,Ore Diurne,3,0,0,1,,,False,z,del palo luce n.,,835
2589456,1,2015-11-20T08:50:00,Strada Urbana,in prossimitíæ,LARGO ARENULA,,Infortunio per caduta del veicolo,Rettilineo,Due carreggiate,Viscido da liquidi oleosi,Acciotolata,Verticale ed orizzontale,Nuvoloso,Normale,Buona,Ore Diurne,1,0,0,0,12.47636,41.89446,True,z,del civico n.,,20
2588512,7,2015-11-20T09:00:00,Strada Urbana,all'intersezione con,VIA COLLATINA,,Scontro frontale-laterale SX fra veicoli in marcia,Intersezione stradale segnalata,Due carreggiate,Asciutto,Asfaltata,Verticale ed orizzontale,Sereno,Normale,Buona,Ore Diurne,1,0,0,2,12.59501,41.90519,True,z,VIA DELLA STAZIONE DI TOR SAPIENZA,VIA DELLA STAZIONE DI TOR SAPIENZA,
2588482,15,2015-11-20T09:20:00,Strada Urbana,all'intersezione con,VIA PORTUENSE,,Scontro laterale fra veicoli in marcia,Incrocio,Una carreggiata a doppio senso,Asciutto,Asfaltata,Verticale ed orizzontale,Nuvoloso,Intenso,Buona,Ore Diurne,0,0,0,3,12.46085,41.86603,True,z,VIA GIUSEPPE BELLUZZO,VIA GIUSEPPE BELLUZZO,
2591695,4,2015-11-20T09:30:00,,all'intersezione con,VIA FRANCESCO COCCO ORTU,,Scontro frontale-laterale DX fra veicoli in marcia,,,,,,,,,,1,0,0,1,12.5228,41.96087,False,z,VIA ANGELO ANNARATONE,VIA ANGELO ANNARATONE,
2591521,6,2015-11-20T10:35:00,Strada Urbana,da specificare,LARGO PRENESTE,f.c. 22,Veicolo in marcia contro veicolo in sosta,Rettilineo,Una carreggiata a senso unico di marcia,Asciutto,Asfaltata,Orizzontale,Nuvoloso,Scarso,Buona,Ore Diurne,0,0,0,1,12.54191,41.89276,True,z,,,
2589460,8,2015-11-20T11:30:00,,in prossimitíæ,VIA PRENESTINA,,Scontro frontale-laterale SX fra veicoli in marcia,,,,,,,,,,1,0,0,1,,,False,z,del civico n.,,1106
2588860,6,2015-11-20T11:30:00,Strada Urbana,in corrispondenza,VIA DI ACQUA BULLICANTE,,Scontro laterale fra veicoli in marcia,Rettilineo,Una carreggiata a doppio senso,Asciutto,Asfaltata,Verticale ed orizzontale,Sereno,Normale,Buona,Ore Diurne,1,0,0,2,,,False,z,del civico n.,,282
2589457,8,2015-11-20T12:00:00,Strada Urbana,da specificare,VIA CAMBRIDGE,all'intersezione con via COLUMBIA,Scontro frontale-laterale SX fra veicoli in marcia,Curva senza visuale libera,Una carreggiata a doppio senso,Asciutto,Asfaltata,Verticale ed orizzontale,Nuvoloso,Normale,Buona,Ore Diurne,0,0,0,3,12.62371,41.85378,True,z,,,
2589453,8,2015-11-20T12:00:00,Strada Urbana,in corrispondenza,VIA DEL FOSSO DELL'OSA,,Tamponamento Multiplo,Rettilineo,Una carreggiata a doppio senso,Asciutto,Asfaltata,Verticale ed orizzontale,Nuvoloso,Normale,Buona,Ore Diurne,0,0,0,4,12.68438,41.90493,True,z,del civico n.,,410
2591835,4,2015-11-20T12:00:00,Strada Urbana,all'intersezione con,VIA EMILIO DE MARCHI,,Scontro frontale fra veicoli in marcia,Incrocio,Una carreggiata a doppio senso,Asciutto,Asfaltata,Verticale,Nuvoloso,Normale,Buona,Ore Diurne,0,0,0,3,12.54251,41.93893,True,z,VIA GUELFO CIVININI,VIA GUELFO CIVININI,
2588722,12,2015-11-20T12:10:00,Strada Urbana,all'intersezione semaforizzata con,VIALE DELL'ARTE,,Scontro frontale-laterale SX fra veicoli in marcia,Intersezione semaforizzata,Una carreggiata a doppio senso,Asciutto,Asfaltata,Verticale ed orizzontale,Nuvoloso,Normale,Buona,Ore Diurne,1,0,0,3,12.47421,41.82939,False,z,PIAZZALE DEGLI ARCHIVI,PIAZZALE DEGLI ARCHIVI,
2593218,18,2015-11-20T12:10:00,Strada Urbana,in prossimitíæ,VIA GAETANO MAZZONI,,Veicolo in marcia contro veicolo in sosta,Rettilineo,Una carreggiata a senso unico di marcia,Asciutto,Asfaltata,Assente,Sereno,Scarso,Buona,Ore Diurne,0,0,0,1,12.39524,41.90861,False,z,del civico n.,,48A
2591925,3,2015-11-20T12:40:00,Strada Urbana,da specificare,VIA TIBURTINA,Passamonti direzione S.Giovanni imb. sopraelevata,Scontro laterale fra veicoli in marcia,Rettilineo,Due carreggiate,Asciutto,Asfaltata,Verticale ed orizzontale,Sereno,Normale,Buona,Ore Diurne,1,0,0,2,,,False,z,,,
2588959,2,2015-11-20T12:55:00,Strada Urbana,in prossimitíæ,VIA ASMARA,,Scontro frontale-laterale SX fra veicoli in marcia,Curva a visuale libera,Una carreggiata a doppio senso,Asciutto,Asfaltata,Verticale ed orizzontale,Nuvoloso,Normale,Buona,Ore Diurne,0,0,0,2,12.51834,41.92746,True,z,del civico n.,,24-F
2588872,20,2015-11-20T13:20:00,Regionale entro l'abitato,all'intersezione semaforizzata con,VIA CASSIA,,Tamponamento,Intersezione semaforizzata,Una carreggiata a doppio senso,Asciutto,Asfaltata,Verticale ed orizzontale,Nuvoloso,Intenso,Buona,Ore Diurne,1,0,0,1,,,False,z,VIA IGINO LEGA,VIA IGINO LEGA,
2591724,4,2015-11-20T14:00:00,Strada Urbana,da specificare,VIA NOMENTANA,prossimitíæ Via A. Graf,Scontro frontale-laterale SX fra veicoli in marcia,Rettilineo,Una carreggiata a doppio senso,Asciutto,Asfaltata,Verticale ed orizzontale,Sereno,Normale,Buona,Ore Diurne,1,0,0,1,12.55238,41.94111,False,z,,,
2591693,4,2015-11-20T14:00:00,,in prossimitíæ,VIA DEI PRATI FISCALI,,Veicolo in marcia contro veicolo arresto,,,,,,,,,,1,0,0,1,12.51887,41.94617,False,z,del civico n.,,199 A
2589767,1,2015-11-20T14:15:00,Strada Urbana,in prossimitíæ,VIALE GIOTTO,,Infortunio per sola frenata improvvisa,Rettilineo,Una carreggiata a doppio senso,Asciutto,Asfaltata,Verticale ed orizzontale,Nuvoloso,Normale,Buona,Ore Diurne,1,0,0,1,12.48629,41.87669,True,z,del palo luce n.,,12
2591699,5,2015-11-20T14:40:00,,in prossimitíæ,VIA DI MARCO SIMONE,,Veicolo in marcia contro ostacolo fisso,,,,,,,,,,1,0,0,0,12.63298,41.95765,False,z,del civico n.,,94
2591735,7,2015-11-20T14:50:00,Strada Urbana,da specificare,VIA PRENESTINA,altezza rotatoria Via Longoni,Scontro frontale-laterale DX fra veicoli in marcia,Rotatoria,Una carreggiata a senso unico di marcia,Asciutto,Asfaltata,Verticale ed orizzontale,Nuvoloso,Normale,Buona,Ore Diurne,0,1,0,1,12.6069,41.89378,False,z,,,