_ID,_Gruppo,_DataOraIncidente,_Localizzazione1,_Localizzazione2,_Strada1,_DaSpecificare,_NaturaIncidente,_ParticolaritaStrade,_TipoStrada,_FondoStradale,_Pavimentazione,_Segnaletica,_CondizioneAtmosferica,_Traffico,_Visibilita,_Illuminazione,_NUM_FERITI,_NUM_RISERVATA,_NUM_MORTI,_NUM_ILLESI,_Longitudine,_Latitudine,_CONFERMATO,__prefix,_Strada02,_Strada2,_Chilometrica
2591986,17,2015-11-20T15:00:00,Strada Urbana,da specificare,LUNGOTEVERE DEI MELLINI,in prossimitíæ di VIA VITTORIA COLONNA,Scontro laterale fra veicoli in marcia,Galleria non illuminata,Una carreggiata a doppio senso,Asciutto,Asfaltata,Verticale ed orizzontale,Sereno,Normale,Buona,Ore Diurne,0,0,0,1,12.4733,41.90496,False,z,,,
2591757,4,2015-11-20T15:00:00,Strada Urbana,in prossimitíæ,VIA ALTAGNANA,,Veicolo in marcia contro ostacolo fisso,Pendenza,Due carreggiate,Asciutto,Asfaltata,Verticale ed orizzontale,Nuvoloso,Normale,Buona,Ore Diurne,0,0,0,1,12.51572,41.97577,True,z,del civico n.,,7
2589952,2,2015-11-20T15:00:00,Strada Urbana,in prossimitíæ,VIA CHIANA,,Veicolo in marcia contro veicolo in sosta,Rettilineo,Una carreggiata a senso unico di marcia,Asciutto,Asfaltata,Verticale ed orizzontale,Nuvoloso,Normale,Buona,Ore Diurne,0,0,0,1,12.50657,41.92141,True,z,del civico n.,,87
2589059,20,2015-11-20T15:20:00,Strada Urbana,in corrispondenza,VIA RICCARDO ZANDONAI,,Scontro frontale-laterale DX fra veicoli in marcia,Curva a visuale libera,Una carreggiata a doppio senso,Asciutto,Asfaltata,Orizzontale,Nuvoloso,Scarso,Buona,Ore Diurne,0,0,0,2,12.4564,41.94812,True,z,del civico n.,,75
2589064,18,2015-11-20T15:45:00,Strada Urbana,all'intersezione con,VIA DI PORTA CAVALLEGGERI,,Scontro frontale-laterale SX fra veicoli in marcia,Intersezione semaforizzata,Una carreggiata a doppio senso,Asciutto,Asfaltata,Verticale ed orizzontale,Nuvoloso,Normale,Buona,Ore Diurne,1,0,0,1,12.4542,41.90003,True,z,VIA AURELIA,VIA AURELIA,
2589146,9,2015-11-20T15:45:00,Strada Urbana,all'intersezione con,VIA GENZANO,,Veicolo in marcia contro veicolo fermo,Incrocio,Una carreggiata a doppio senso,Bagnato (pioggia),Asfaltata,Verticale ed orizzontale,Nuvoloso,Normale,Buona,Ore Diurne,0,0,0,2,12.53284,41.87056,False,z,VIA ALBANO,VIA ALBANO,
2591711,5,2015-11-20T16:00:00,Strada Urbana,all'intersezione con,VIA POMONA,,Investimento di pedone,Incrocio,Una carreggiata a doppio senso,Asciutto,Asfaltata,Verticale ed orizzontale,Nuvoloso,Normale,Buona,Ore Diurne,1,0,0,1,12.55291,41.9165,False,z,VIA MARICA,VIA MARICA,
2589452,8,2015-11-20T16:00:00,Strada Urbana,all'intersezione con,VIALE S. RITA DA CASCIA,,Scontro frontale-laterale SX fra veicoli in marcia,Rotatoria,Una carreggiata a senso unico di marcia,Asciutto,Asfaltata,Verticale ed orizzontale,Nuvoloso,Normale,Buona,Ore Diurne,0,0,0,3,12.64451,41.86899,True,z,LARGO GENNARO BOLTRI,LARGO GENNARO BOLTRI,
2589527,13,2015-11-20T16:20:00,Strada Urbana,all'intersezione con,VIA BRENTONICO,,Scontro frontale-laterale DX fra veicoli in marcia,Incrocio,Una carreggiata a doppio senso,Asciutto,Asfaltata,Assente,Nuvoloso,Scarso,Insufficiente,Ore Diurne,0,0,0,4,12.38253,41.7329,True,z,VIA VANDOIES,VIA VANDOIES,
2589638,15,2015-11-20T16:42:00,Strada Urbana,all'intersezione semaforizzata con,VIA DELLA MAGLIANA,,Scontro laterale fra veicoli in marcia,Incrocio,Una carreggiata a senso unico di marcia,Asciutto,Asfaltata,Verticale ed orizzontale,Nuvoloso,Normale,Buona,Sufficiente,0,0,0,2,12.42401,41.83394,True,z,VIADOTTO DELLA MAGLIANA,VIADOTTO DELLA MAGLIANA,
2592193,17,2015-11-20T17:15:00,Strada Urbana,all'intersezione con,PIAZZA DEL RISORGIMENTO,,Tamponamento,Intersezione stradale segnalata,Una carreggiata a senso unico di marcia,Asciutto,Asfaltata,Verticale ed orizzontale,Sereno,Normale,Sufficiente,Sufficiente,1,0,0,2,12.4589,41.90604,False,z,VIA CRESCENZIO,VIA CRESCENZIO,
2589825,1,2015-11-20T17:20:00,Strada Urbana,all'intersezione semaforizzata con,PIAZZA DI PORTA CAPENA,,Scontro frontale-laterale DX fra veicoli in marcia,Intersezione semaforizzata,Pií_ di due carreggiate,Asciutto,Asfaltata,Verticale ed orizzontale,Nuvoloso,Normale,Buona,Sufficiente,0,0,0,3,12.48947,41.88489,True,z,VIALE AVENTINO,VIALE AVENTINO,
2589414,9,2015-11-20T17:30:00,Strada Urbana,all'intersezione con,VIA TUSCOLANA,,Veicolo in marcia contro veicolo in sosta,Incrocio,Una carreggiata a senso unico di marcia,Bagnato (pioggia),Asfaltata,Assente,Nuvoloso,Normale,Buona,Sufficiente,0,0,0,1,12.54343,41.86468,True,z,VIA DELL'ACQUEDOTTO FELICE,VIA DELL'ACQUEDOTTO FELICE,
2589180,10,2015-11-20T17:40:00,Strada Urbana,all'intersezione semaforizzata con,VIA APPIA PIGNATELLI,,Scontro frontale fra veicoli in marcia,Incrocio,Una carreggiata a doppio senso,Asciutto,Asfaltata,Verticale ed orizzontale,Sereno,Normale,Buona,Sufficiente,0,0,0,3,12.54565,41.83955,True,z,VIA ERODE ATTICO,VIA ERODE ATTICO,
2591936,3,2015-11-20T17:40:00,,all'intersezione semaforizzata con,VIA NOMENTANA,,Scontro laterale fra veicoli in marcia,,,,,,,,,,0,0,0,2,,,False,z,VIALE REGINA MARGHERITA,VIALE REGINA MARGHERITA,
2591984,7,2015-11-20T17:45:00,Strada Urbana,da specificare,VIA PRENESTINA,altezza rotatoria longoni,Scontro laterale fra veicoli in marcia,Rotatoria,Una carreggiata a senso unico di marcia,Asciutto,Asfaltata,Verticale ed orizzontale,Sereno,Intenso,Buona,Sufficiente,0,0,0,2,12.6069,41.89378,True,z,,,
2589560,13,2015-11-20T17:45:00,Strada Urbana,da specificare,VIA CARLO BOSIO,fronte civico 58,Scontro frontale-laterale DX fra veicoli in marcia,Rettilineo,Una carreggiata a doppio senso,Asciutto,Asfaltata,Assente,Sereno,Normale,Buona,Sufficiente,0,0,0,2,12.27258,41.73827,True,z,,,
2592892,18,2015-11-20T18:00:00,Strada Urbana,all'intersezione semaforizzata con,VIA DEL CASALE DI S. PIO V,,Scontro laterale fra veicoli in marcia,Incrocio,Una carreggiata a doppio senso,Asciutto,Asfaltata,Verticale ed orizzontale,Sereno,Scarso,Sufficiente,Sufficiente,0,0,0,2,12.43213,41.89245,True,z,PIAZZA DI VILLA CARPEGNA,PIAZZA DI VILLA CARPEGNA,
2589450,8,2015-11-20T18:20:00,Strada Urbana,da specificare,VIA DI TOR BELLA MONACA,altezza via Torrenova,Veicolo in marcia contro ostacolo accidentale,Curva a visuale libera,Due carreggiate,Asciutto,Asfaltata,Verticale ed orizzontale,Nuvoloso,Normale,Sufficiente,Sufficiente,0,0,0,1,12.62546,41.87778,True,z,,,
2591645,7,2015-11-20T18:30:00,Strada Urbana,all'intersezione semaforizzata con,VIA CASILINA,,Scontro laterale fra veicoli in marcia,Intersezione semaforizzata,Due carreggiate,Asciutto,Asfaltata,Verticale ed orizzontale,Sereno,Intenso,Buona,Sufficiente,0,0,0,3,12.56933,41.87392,False,z,VIALE PALMIRO TOGLIATTI,VIALE PALMIRO TOGLIATTI,
2589545,20,2015-11-20T18:40:00,Strada Urbana,da specificare,VIA DEL BAIARDO,p.tíæ circolo A. Doria sottopasso ferrovia Roma Nor,Veicolo in marcia contro ostacolo accidentale,Curva a visuale libera,Una carreggiata a doppio senso,Asciutto,Asfaltata,Assente,Sereno,Scarso,Insufficiente,Inesistente,1,0,0,0,,,False,z,,,
2590554,1,2015-11-20T18:50:00,Strada Urbana,in prossimitíæ,LUNGOTEVERE DE' CENCI,,Scontro laterale fra veicoli in marcia,Rettilineo,Una carreggiata a senso unico di marcia,Asciutto,Asfaltata,Verticale ed orizzontale,Nuvoloso,Normale,Buona,Sufficiente,0,0,0,3,12.47511,41.89191,True,z,del civico n.,,3-A
2591813,4,2015-11-20T19:00:00,Strada Urbana,da specificare,VIADOTTO SANDRO PERTINI,altezza svincolo Fidene,Veicolo in marcia contro ostacolo accidentale,Curva a visuale libera,Due carreggiate,Asciutto,Con buche,Orizzontale,Sereno,Normale,Buona,Sufficiente,0,0,0,1,12.49637,41.90278,True,z,,,
2589810,1,2015-11-20T19:35:00,Strada Urbana,in prossimitíæ,PIAZZA DI S. GIOVANNI IN LATERANO,,Scontro laterale fra veicoli in marcia,Rettilineo,Una carreggiata a doppio senso,Asciutto,Asfaltata,Verticale ed orizzontale,Sereno,Normale,Sufficiente,Sufficiente,0,0,0,2,12.50548,41.88733,True,z,del palo luce n.,,63
2591725,5,2015-11-20T19:50:00,Strada Urbana,all'intersezione con,VIA DIEGO ANGELI,,Scontro frontale-laterale SX fra veicoli in marcia,Incrocio,Una carreggiata a doppio senso,Asciutto,Asfaltata,Verticale ed orizzontale,Sereno,Normale,Sufficiente,Sufficiente,0,0,0,2,12.55125,41.90751,True,z,VIA GIUSEPPE DONATI,VIA GIUSEPPE DONATI,
2589446,8,2015-11-20T20:00:00,Strada Urbana,da specificare,VIA AMICO ASPERTINI,DIR.ARCHEOLOGIA CIRCA 50MT DOPO SOTTOPASSO T.B.M.,Veicolo in marcia contro ostacolo accidentale,Rettilineo,Una carreggiata a doppio senso,Asciutto,Asfaltata,Orizzontale,Sereno,Scarso,Buona,Ore Diurne,0,0,0,1,12.62989,41.87281,True,z,,,
2591954,17,2015-11-20T20:15:00,,da specificare,VIA DI PORTA CAVALLEGGERI,GREGORIO VII ALTEZZA LAMPADA 210,Veicolo in marcia contro ostacolo accidentale,,,,,,,,,,0,0,0,1,12.45658,41.90018,False,z,,,
2592287,17,2015-11-20T20:20:00,Strada Urbana,da specificare,LUNGOTEVERE IN SASSIA,Sottopasso Cavalleggeri dir. Gregorio VII,Veicolo in marcia contro ostacolo accidentale,Galleria illuminata,Una carreggiata a senso unico di marcia,Bagnato (umiditíæ in atto),Asfaltata,Orizzontale,Sereno,Normale,Buona,Sufficiente,1,0,0,2,12.46108,41.89962,False,z,,,
2592335,12,2015-11-20T20:25:00,Strada Urbana,in corrispondenza,VIA FEDERICO ALESSANDRINI,,Scontro frontale-laterale DX fra veicoli in marcia,Rettilineo,Una carreggiata a doppio senso,Asciutto,Asfaltata,Verticale ed orizzontale,Sereno,Scarso,Buona,Sufficiente,0,0,0,3,12.47012,41.76691,False,z,del civico n.,,64
2591848,12,2015-11-20T21:00:00,Strada Urbana,in prossimitíæ,VIA DI TRIGORIA,,Fuoriuscita dalla sede stradale,Rettilineo,Una carreggiata a doppio senso,Asciutto,Asfaltata,Verticale ed orizzontale,Nuvoloso,Scarso,Sufficiente,Sufficiente,0,0,0,1,12.47765,41.76522,True,z,del civico n.,,130
2591537,6,2015-11-20T21:00:00,Strada Urbana,all'intersezione con,VIALE DELLA PRIMAVERA,,Scontro frontale-laterale SX fra veicoli in marcia,Incrocio,Due carreggiate,Asciutto,Asfaltata,Verticale ed orizzontale,Sereno,Scarso,Buona,Sufficiente,1,0,0,1,,,False,z,VIA DEI GLICINI,VIA DEI GLICINI,
2590542,1,2015-11-20T21:50:00,Strada Urbana,da specificare,LUNGOTEVERE DEI TEBALDI,ALTEZ. PONTE SISTO,Infortunio per sola frenata improvvisa,Rettilineo,Una carreggiata a senso unico di marcia,Viscido da liquidi oleosi,Asfaltata,Verticale ed orizzontale,Nuvoloso,Normale,Buona,Sufficiente,2,0,0,0,,,False,z,,,
2591726,5,2015-11-20T22:30:00,Statale entro l'abitato,in prossimitíæ,VIA TIBURTINA,,Tamponamento,Rettilineo,Due carreggiate,Asciutto,Asfaltata,Temporanea di cantiere,Sereno,Normale,Buona,Sufficiente,0,0,0,1,12.53738,41.90859,True,z,del civico n.,,433
2593122,1,2015-11-20T22:30:00,Strada Urbana,all'intersezione con,VIALE DEI CADUTI PER LA RESISTENZA,,Scontro laterale fra veicoli in marcia,Intersezione stradale segnalata,Due carreggiate,Asciutto,Asfaltata,Verticale ed orizzontale,Sereno,Scarso,Sufficiente,Sufficiente,0,0,0,4,12.44116,41.78393,True,z,VIA DEI CADUTI CIVILI,VIA DEI CADUTI CIVILI,
2589723,23,2015-11-20T23:00:00,Comunale extraurbana,in prossimitíæ,VIA CRISTOFORO COLOMBO,,Veicolo in marcia contro ostacolo accidentale,Rettilineo,Due carreggiate,Asciutto,Con buche,Orizzontale,Nuvoloso,Scarso,Insufficiente,Inesistente,0,0,0,1,12.4243,41.78809,False,z,della chilometrica,,16
2589449,8,2015-11-20T23:00:00,,in corrispondenza,VIA SILICELLA,,Veicolo in marcia contro ostacolo accidentale,,,,,,,,,,0,0,0,1,,,False,z,del civico n.,,55
2591876,7,2015-11-20T23:30:00,Strada Urbana,da specificare,VIA TIBURTINA,altezza Via Pietro Ottoboni,Scontro laterale fra veicoli in marcia,Rettilineo,Una carreggiata a senso unico di marcia,Asciutto,Asfaltata,Verticale ed orizzontale,Sereno,Scarso,Buona,Sufficiente,0,0,0,2,12.57323,41.92521,True,z,,,
2592439,12,2015-11-21T00:00:00,Statale entro l'abitato,in corrispondenza,VIA OSTIENSE,,Veicolo in marcia contro veicolo in sosta,Curva a visuale libera,Una carreggiata a doppio senso,Asciutto,Asfaltata,Verticale ed orizzontale,Nuvoloso,Scarso,Sufficiente,Sufficiente,0,0,0,0,12.46826,41.84274,True,z,del civico n.,,591
2592030,16,2015-11-21T00:05:00,,in corrispondenza,VIA ERNESTO BASILE,,Veicolo in marcia contro veicolo fermo,,,,,,,,,,1,0,0,2,12.43261,41.79047,False,z,del civico n.,,69
2591573,5,2015-11-21T00:05:00,Strada Urbana,all'intersezione con,VIA FIUMINATA,,Scontro frontale-laterale DX fra veicoli in marcia,Incrocio,Una carreggiata a doppio senso,Asciutto,Asfaltata,Verticale ed orizzontale,Sereno,Scarso,Buona,Sufficiente,0,0,0,2,12.58443,41.94079,True,z,VIA FABRIANO,VIA FABRIANO,
2590179,10,2015-11-21T00:10:00,Strada Urbana,in corrispondenza,VIA TUSCOLANA,,Veicolo in marcia contro ostacolo accidentale,Rettilineo,Una carreggiata a senso unico di marcia,Asciutto,Con buche,Verticale,Nuvoloso,Scarso,Insufficiente,Insufficiente,0,0,0,2,12.58727,41.84043,True,z,del civico n.,,1870
2591680,19,2015-11-21T00:45:00,Strada Urbana,in prossimitíæ,VIA DELLA VALLE DEI FONTANILI,,Investimento di pedone,Rettilineo,Una carreggiata a doppio senso,Asciutto,Asfaltata,Orizzontale,Sereno,Scarso,Buona,Sufficiente,1,0,0,0,12.40945,41.92345,True,z,del civico n.,,47
2589589,13,2015-11-21T01:00:00,,in corrispondenza,VIA ENEA PICCHIO,,Veicoli in marcia contro veicoli fermi,,,,,,,,,,0,0,0,2,,,False,z,del civico n.,,33
2589663,15,2015-11-21T01:00:00,Strada Urbana,all'intersezione semaforizzata con,VIA DELLE SETTE CHIESE,,Scontro laterale fra veicoli in marcia,Incrocio,Due carreggiate,Asciutto,Asfaltata,Verticale ed orizzontale,Sereno,Scarso,Buona,Sufficiente,0,0,0,2,12.49735,41.85978,True,z,VIA LEON PANCALDO,VIA LEON PANCALDO,
2594842,18,2015-11-21T01:20:00,Strada Urbana,all'intersezione semaforizzata con,VIA ANASTASIO II,,Investimento di pedone,Intersezione semaforizzata,Una carreggiata a doppio senso,Asciutto,Asfaltata,Verticale ed orizzontale,Sereno,Scarso,Buona,Sufficiente,1,0,0,1,12.43916,41.89607,False,z,VIA DEI SAVORELLI,VIA DEI SAVORELLI,
2591959,7,2015-11-21T03:30:00,Strada Urbana,in corrispondenza,VIA TUSCOLANA,,Veicolo in marcia contro ostacolo fisso,Rettilineo,Due carreggiate,Asciutto,Asfaltata,Verticale ed orizzontale,Sereno,Scarso,Buona,Sufficiente,0,0,0,2,12.54145,41.86679,True,z,del civico n.,,692
2591869,4,2015-11-21T04:45:00,Statale entro l'abitato,in prossimitíæ,VIA SALARIA,,Veicolo in marcia contro ostacolo fisso,Rettilineo,Due carreggiate,Asciutto,Asfaltata,Verticale ed orizzontale,Nuvoloso,Scarso,Buona,Sufficiente,0,0,0,1,12.50624,41.96289,True,z,del palo luce n.,,18
2594236,18,2015-11-21T05:00:00,Strada Urbana,all'intersezione semaforizzata con,PIAZZA DI VILLA CARPEGNA,,Scontro frontale-laterale SX fra veicoli in marcia,Incrocio,Pií_ di due carreggiate,Asciutto,Asfaltata,Verticale ed orizzontale,Sereno,Scarso,Buona,Sufficiente,0,0,0,3,12.42923,41.89566,True,z,CIRCONVALLAZIONE AURELIA,CIRCONVALLAZIONE AURELIA,
2591910,7,2015-11-21T07:15:00,Strada Urbana,all'intersezione con,VIA FEDERICO DELPINO,,Scontro frontale-laterale SX fra veicoli in marcia,Incrocio,Due carreggiate,Asciutto,Asfaltata,Verticale ed orizzontale,Nuvoloso,Normale,Buona,Ore Diurne,0,0,0,2,12.56207,41.89095,True,z,VIA GIACOMO BRESADOLA,VIA GIACOMO BRESADOLA,
2590186,10,2015-11-21T08:50:00,Strada Urbana,da specificare,VIA ANAGNINA,rampa di colleg. tra via anagnina e via tuscolana,Fuoriuscita dalla sede stradale,Curva a visuale libera,Una carreggiata a senso unico di marcia,Asciutto,Asfaltata,Verticale ed orizzontale,Nuvoloso,Normale,Buona,Ore Diurne,0,0,0,1,12.59079,41.83719,True,z,,,
2593006,18,2015-11-21T08:50:00,Strada Urbana,in corrispondenza,VIA DI BOCCEA,,Investimento di pedone,Rettilineo,Una carreggiata a doppio senso,Asciutto,Asfaltata,Verticale,Nuvoloso,Normale,Buona,Ore Diurne,1,0,0,1,12.42565,41.90187,False,z,del civico n.,,59
2590188,10,2015-11-21T08:55:00,Strada Urbana,da specificare,VIA ANAGNINA,rampa di colleg.tra via anagnina e via tuscolana,Fuoriuscita dalla sede stradale,Curva senza visuale libera,Una carreggiata a senso unico di marcia,Asciutto,Asfaltata,Verticale ed orizzontale,Nuvoloso,Normale,Buona,Ore Diurne,1,0,0,1,,,False,z,,,
2591779,19,2015-11-21T09:00:00,Strada Urbana,all'intersezione con,VIA DI TORREVECCHIA,,Scontro laterale fra veicoli in marcia,Incrocio,Una carreggiata a doppio senso,Asciutto,Asfaltata,Orizzontale,Nuvoloso,Normale,Buona,Ore Diurne,1,0,0,3,12.41839,41.93063,True,z,VIA ANTON MARIA VALSALVA,VIA ANTON MARIA VALSALVA,
2589857,8,2015-11-21T09:10:00,Strada Urbana,in prossimitíæ,VIA NICOLOSI,,Veicolo in marcia contro ostacolo accidentale,Rettilineo,Una carreggiata a senso unico di marcia,Asciutto,Asfaltata,Verticale,Nuvoloso,Scarso,Buona,Ore Diurne,0,0,0,1,12.66631,41.85411,True,z,del civico n.,,80
2590540,13,2015-11-21T09:25:00,Strada Urbana,in prossimitíæ,VIA PINDARO,,Scontro laterale fra veicoli in marcia,Rettilineo,Due carreggiate,Asciutto,Asfaltata,Assente,Nuvoloso,Normale,Buona,Ore Diurne,1,0,0,1,12.36554,41.75797,False,z,del civico n.,,70
2591577,11,2015-11-21T09:40:00,Strada Urbana,da specificare,VIA LAURENTINA,ALT.VIA DELL'ATLETICA (SVINCOLO DIR.FIUMICINO GRA),Scontro laterale fra veicoli in marcia,Rettilineo,Una carreggiata a senso unico di marcia,Asciutto,Asfaltata,Verticale ed orizzontale,Nuvoloso,Normale,Buona,Ore Diurne,0,0,0,3,12.48066,41.83829,True,z,,,
2590874,1,2015-11-21T09:40:00,Strada Urbana,all'intersezione semaforizzata con,VIA ARENULA,,Veicolo in marcia contro ostacolo accidentale,Intersezione semaforizzata,Una carreggiata a senso unico di marcia,Sdrucciolevole (fango),In cubetti di porfido,Verticale ed orizzontale,Nuvoloso,Scarso,Buona,Ore Diurne,0,0,0,1,12.47526,41.89306,False,z,PIAZZA BENEDETTO CAIROLI,PIAZZA BENEDETTO CAIROLI,
2590654,13,2015-11-21T09:45:00,Strada Urbana,all'intersezione con,VIALE DEI PROMONTORI,,Scontro frontale-laterale SX fra veicoli in marcia,Incrocio,Due carreggiate,Asciutto,Asfaltata,Verticale ed orizzontale,Nuvoloso,Normale,Buona,Ore Diurne,0,0,0,2,12.29266,41.73723,True,z,VIALE GIUSEPPE GENOESE ZERBI,VIALE GIUSEPPE GENOESE ZERBI,
2589791,2,2015-11-21T10:00:00,Strada Urbana,all'intersezione con,LARGO BELGRADO,,Scontro frontale-laterale DX fra veicoli in marcia,Intersezione stradale segnalata,Una carreggiata a senso unico di marcia,Bagnato (pioggia),Asfaltata,Verticale,Pioggia in atto,Normale,Buona,Ore Diurne,0,0,0,2,12.47707,41.9234,True,z,VIA DEI MONTI PARIOLI,VIA DEI MONTI PARIOLI,
2589769,20,2015-11-21T10:30:00,Strada Urbana,in corrispondenza,VIA DEL LABARO,,Scontro frontale-laterale SX fra veicoli in marcia,Rettilineo,Una carreggiata a doppio senso,Bagnato (pioggia),Asfaltata,Orizzontale,Pioggia in atto,Normale,Buona,Ore Diurne,0,0,0,2,12.49416,41.98938,True,z,del civico n.,,1
2593171,1,2015-11-21T10:35:00,Strada Urbana,da specificare,LUNGOTEVERE DE' CENCI,in prossimitíæ VIA BEATRICE CENCI,Veicolo in marcia contro ostacolo accidentale,Rettilineo,Una carreggiata a senso unico di marcia,Bagnato (pioggia),Asfaltata,Verticale ed orizzontale,Pioggia in atto,Intenso,Sufficiente,Ore Diurne,1,0,0,0,12.47647,41.89194,False,z,,,
2593896,1,2015-11-21T10:36:00,Strada Urbana,in corrispondenza,LUNGOTEVERE DE' CENCI,,Veicolo in marcia contro ostacolo accidentale,Rettilineo,Una carreggiata a senso unico di marcia,Bagnato (pioggia),Asfaltata,Verticale ed orizzontale,Pioggia in atto,Normale,Sufficiente,Ore Diurne,0,0,0,1,12.47614,41.89192,False,z,del civico n.,,7
2590849,1,2015-11-21T10:40:00,Strada Urbana,da specificare,LUNGOTEVERE DE' CENCI,IN PROSS. VIA ARENULA,Veicolo in marcia contro ostacolo accidentale,Rettilineo,Una carreggiata a senso unico di marcia,Sdrucciolevole (fango),Asfaltata,Verticale ed orizzontale,Nuvoloso,Normale,Buona,Ore Diurne,1,0,0,0,12.47466,41.89181,True,z,,,
2590908,1,2015-11-21T11:00:00,Strada Urbana,in prossimitíæ,LUNGOTEVERE RAFFAELLO SANZIO,,Tamponamento,Rettilineo,Una carreggiata a senso unico di marcia,Bagnato (pioggia),Asfaltata,Verticale ed orizzontale,Pioggia in atto,Normale,Buona,Ore Diurne,0,0,0,2,,,False,z,del civico n.,,FC 9
2590150,15,2015-11-21T11:00:00,Strada Urbana,in corrispondenza,VIA DELLA PISANA,,Scontro frontale-laterale DX fra veicoli in marcia,Rettilineo,Una carreggiata a doppio senso,Bagnato (pioggia),Asfaltata,Orizzontale,Pioggia in atto,Normale,Buona,Ore Diurne,0,0,0,2,12.38841,41.85539,True,z,del civico n.,,996
2590197,10,2015-11-21T11:00:00,Strada Urbana,da specificare,VIA ANAGNINA,rampa colleg. via anagnina e via tuscolana,Fuoriuscita dalla sede stradale,Curva senza visuale libera,Una carreggiata a senso unico di marcia,Bagnato (pioggia),Asfaltata,Verticale ed orizzontale,Pioggia in atto,Normale,Buona,Ore Diurne,0,0,0,1,12.5923,41.83928,True,z,,,
2592353,12,2015-11-21T11:00:00,Strada Urbana,da specificare,VIA DI CASTEL DI LEVA,fronte civico 298,Scontro frontale-laterale SX fra veicoli in marcia,Rettilineo,Una carreggiata a doppio senso,Bagnato (pioggia),Asfaltata,Verticale ed orizzontale,Nuvoloso,Normale,Buona,Ore Diurne,1,0,0,1,12.52161,41.78534,False,z,,,
2591918,4,2015-11-21T11:00:00,Strada Urbana,in corrispondenza,VIA ELSA DE' GIORGI,,Scontro laterale fra veicoli in marcia,Curva a visuale libera,Una carreggiata a doppio senso,Bagnato (pioggia),Asfaltata,Verticale ed orizzontale,Pioggia in atto,Scarso,Buona,Ore Diurne,0,0,0,3,12.53954,41.96638,True,z,del civico n.,,6
2590491,8,2015-11-21T11:15:00,Strada Urbana,in corrispondenza,VIA AMICO ASPERTINI,,Veicolo in marcia contro veicolo in sosta,Pianeggiante,Una carreggiata a doppio senso,Asciutto,Asfaltata,Orizzontale,Nuvoloso,Scarso,Buona,Ore Diurne,0,0,0,2,12.62976,41.87342,True,z,del civico n.,,275
2600638,4,2015-11-21T11:15:00,Strada Urbana,in corrispondenza,VIA LUDOVICO DI BREME,,Veicolo in marcia contro veicolo fermo,Rettilineo,Una carreggiata a doppio senso,Bagnato (pioggia),Asfaltata,Assente,Pioggia in atto,Normale,Buona,Ore Diurne,0,0,0,2,12.54727,41.94663,True,z,del civico n.,,4
2593906,1,2015-11-21T11:20:00,Strada Urbana,da specificare,LUNGOTEVERE DEI TEBALDI,fronte civico 4,Veicolo in marcia contro ostacolo accidentale,Rettilineo,Una carreggiata a senso unico di marcia,Viscido da liquidi oleosi,Asfaltata,Verticale ed orizzontale,Pioggia in atto,Normale,Buona,Ore Diurne,2,0,0,0,12.46869,41.89481,True,z,,,
2591578,5,2015-11-21T11:25:00,Strada Urbana,in prossimitíæ,VIALE EGIDIO GALBANI,,Tamponamento,Rettilineo,Due carreggiate,Bagnato (pioggia),Asfaltata,Verticale ed orizzontale,Pioggia in atto,Normale,Buona,Ore Diurne,0,0,0,2,12.56152,41.93095,True,z,del civico n.,,70
2589869,10,2015-11-21T11:25:00,Strada Urbana,in prossimitíæ,VIA APPIA PIGNATELLI,,Scontro frontale-laterale SX fra veicoli in marcia,Rettilineo,Una carreggiata a doppio senso,Bagnato (pioggia),Asfaltata,Verticale ed orizzontale,Pioggia in atto,Normale,Buona,Ore Diurne,1,0,0,3,12.54145,41.84269,False,z,del civico n.,,454
2590810,1,2015-11-21T11:40:00,Strada Urbana,in prossimitíæ,LUNGOTEVERE DEI VALLATI,,Tamponamento,Rettilineo,Una carreggiata a senso unico di marcia,Bagnato (pioggia),Asfaltata,Orizzontale,Pioggia in atto,Normale,Sufficiente,Ore Diurne,0,0,0,3,12.47247,41.89201,True,z,del civico n.,,18
2590883,1,2015-11-21T11:50:00,Strada Urbana,in prossimitíæ,LUNGOTEVERE DE' CENCI,,Veicolo in marcia contro ostacolo accidentale,Rettilineo,Una carreggiata a senso unico di marcia,Bagnato (pioggia),Asfaltata,Verticale ed orizzontale,Pioggia in atto,Normale,Sufficiente,Ore Diurne,0,0,0,1,12.49637,41.90278,False,z,del civico n.,,FC 4
2590901,1,2015-11-21T12:00:00,Strada Urbana,da specificare,PIAZZA SIDNEY SONNINO,IN PROSS. LARGO SAN GIOVANNI DE MATHA,Infortunio per caduta del veicolo,Rettilineo,Una carreggiata a senso unico di marcia,Bagnato (pioggia),Asfaltata,Verticale ed orizzontale,Pioggia in atto,Normale,Buona,Ore Diurne,2,0,0,0,12.47399,41.8892,False,z,,,
2591955,3,2015-11-21T12:00:00,Strada Urbana,all'intersezione con,VIA TREVISO,,Scontro frontale-laterale SX fra veicoli in marcia,Incrocio,Una carreggiata a doppio senso,Bagnato (pioggia),Asfaltata,Verticale,Pioggia in atto,Scarso,Buona,Ore Diurne,0,0,0,2,12.514,41.90844,False,z,VIA CHIETI,VIA CHIETI,