_ID,_Gruppo,_DataOraIncidente,_Localizzazione1,_Localizzazione2,_Strada1,_DaSpecificare,_NaturaIncidente,_ParticolaritaStrade,_TipoStrada,_FondoStradale,_Pavimentazione,_Segnaletica,_CondizioneAtmosferica,_Traffico,_Visibilita,_Illuminazione,_NUM_FERITI,_NUM_RISERVATA,_NUM_MORTI,_NUM_ILLESI,_Longitudine,_Latitudine,_CONFERMATO,__prefix,_Strada02,_Strada2,_Chilometrica
2593385,23,2015-11-21T12:15:00,Comunale extraurbana,all'intersezione semaforizzata con,VIA CRISTOFORO COLOMBO,,Tamponamento Multiplo,Intersezione semaforizzata,Pií_ di due carreggiate,Bagnato (pioggia),Asfaltata,Verticale ed orizzontale,Pioggia in atto,Normale,Buona,Ore Diurne,2,0,0,2,12.39658,41.77583,False,z,VIA DI MALAFEDE,VIA DI MALAFEDE,
2590496,8,2015-11-21T12:25:00,Strada Urbana,all'intersezione con,VIALE DELLA SORBONA,,Scontro laterale fra veicoli in marcia,Rotatoria,Una carreggiata a senso unico di marcia,Bagnato (pioggia),Asfaltata,Verticale ed orizzontale,Pioggia in atto,Normale,Buona,Ore Diurne,1,0,0,2,12.61764,41.85599,True,z,VIA COLUMBIA,VIA COLUMBIA,
2590729,1,2015-11-21T12:30:00,Strada Urbana,in prossimitíæ,PIAZZA DELLA BOCCA DELLA VERITA',,Veicolo in marcia contro ostacolo accidentale,Rettilineo,Una carreggiata a doppio senso,Bagnato (pioggia),Asfaltata,Verticale ed orizzontale,Pioggia in atto,Intenso,Sufficiente,Ore Diurne,1,0,0,1,12.48141,41.88883,False,z,del palo luce n.,,7
2590598,12,2015-11-21T12:45:00,Provinciale entro l'abitato,da specificare,VIA LAURENTINA,alt Bombardieri (corridoio moblitíæ),Scontro laterale fra veicoli in marcia,Rettilineo,Pií_ di due carreggiate,Bagnato (pioggia),Asfaltata,Verticale ed orizzontale,Nuvoloso,Scarso,Buona,Ore Diurne,2,0,0,1,12.47927,41.82458,False,z,,,
2591842,19,2015-11-21T13:00:00,Strada Urbana,in corrispondenza,VIA BRACCIANENSE,,Fuoriuscita dalla sede stradale,Curva senza visuale libera,Una carreggiata a doppio senso,Bagnato (pioggia),Asfaltata,Orizzontale,Pioggia in atto,Normale,Sufficiente,Ore Diurne,0,0,0,2,12.37291,42.01025,True,z,della chilometrica,,0.5
2590061,12,2015-11-21T13:00:00,Strada Urbana,da specificare,VIADOTTO DELLA MAGLIANA,direzione EUR altezza Cappellaccio,Veicolo in marcia contro ostacolo fisso,Curva a visuale libera,Una carreggiata a senso unico di marcia,Bagnato (pioggia),Asfaltata,Verticale ed orizzontale,Pioggia in atto,Normale,Sufficiente,Ore Diurne,3,0,0,0,,,False,z,,,
2590585,13,2015-11-21T13:15:00,,all'intersezione con,VIA CAPO SPARTIVENTO,,Scontro frontale-laterale DX fra veicoli in marcia,,,,,,,,,,0,0,0,3,,,False,z,VIA ALESSANDRO PIOLA CASELLI,VIA ALESSANDRO PIOLA CASELLI,
2591183,20,2015-11-21T13:30:00,Statale entro l'abitato,in corrispondenza,VIA CASSIA,,Tamponamento,Rettilineo,Una carreggiata a doppio senso,Bagnato (pioggia),Asfaltata,Orizzontale,Pioggia in atto,Normale,Buona,Ore Diurne,1,0,0,2,,,False,z,del civico n.,,1628
2590494,8,2015-11-21T13:30:00,Strada Urbana,in prossimitíæ,VIALE DI TORRE MAURA,,Veicolo in marcia contro ostacolo accidentale,Rettilineo,Una carreggiata a senso unico di marcia,Bagnato (pioggia),Con buche,Verticale ed orizzontale,Pioggia in atto,Scarso,Buona,Ore Diurne,3,0,0,2,12.59129,41.86474,False,z,del civico n.,,100
2590486,8,2015-11-21T13:30:00,Strada Urbana,da specificare,VIALE DUILIO CAMBELLOTTI,alt. sottopasso P.T.V.,Veicolo in marcia contro ostacolo fisso,Rettilineo,Due carreggiate,Bagnato (pioggia),Asfaltata,Verticale ed orizzontale,Pioggia in atto,Scarso,Buona,Ore Diurne,2,0,0,0,12.6277,41.86085,False,z,,,
2591868,19,2015-11-21T14:00:00,Strada Urbana,da specificare,VIA DELLA PINETA SACCHETTI,in prossimitíæ di Via di Villa Maggiorani,Investimento di pedone,Rettilineo,Una carreggiata a senso unico di marcia,Bagnato (pioggia),Asfaltata,Orizzontale,Pioggia in atto,Scarso,Sufficiente,Ore Diurne,2,0,0,1,12.42428,41.9229,True,z,,,
2591200,20,2015-11-21T14:20:00,Regionale entro l'abitato,in prossimitíæ,VIA FLAMINIA,,Veicolo in marcia contro ostacolo fisso,Curva a visuale libera,Due carreggiate,Bagnato (pioggia),Asfaltata,Orizzontale,Pioggia in atto,Normale,Buona,Ore Diurne,0,0,0,1,12.48509,41.95744,True,z,del civico n.,,863
2591209,20,2015-11-21T14:25:00,Regionale entro l'abitato,in prossimitíæ,VIA FLAMINIA,,Veicolo in marcia contro veicolo fermo,Curva a visuale libera,Due carreggiate,Bagnato (pioggia),Asfaltata,Orizzontale,Pioggia in atto,Scarso,Sufficiente,Ore Diurne,0,0,0,2,,,False,z,del civico n.,,863
2591503,11,2015-11-21T15:00:00,Strada Urbana,in prossimitíæ,VIA CALDERON DE LA BARCA,,Scontro frontale fra veicoli in marcia,Rettilineo,Due carreggiate,Bagnato (pioggia),Asfaltata,Verticale ed orizzontale,Nuvoloso,Scarso,Buona,Ore Diurne,2,0,0,0,12.50959,41.83933,False,z,del civico n.,,53
2590890,1,2015-11-21T15:00:00,Strada Urbana,in corrispondenza,LUNGOTEVERE TOR DI NONA,,Veicolo in marcia contro ostacolo accidentale,Rettilineo,Una carreggiata a senso unico di marcia,Bagnato (pioggia),Asfaltata,Verticale ed orizzontale,Pioggia in atto,Normale,Buona,Ore Diurne,0,0,0,1,,,False,z,del civico n.,,FC 1
2592001,3,2015-11-21T15:00:00,Strada Urbana,da specificare,tang. Est,alt. Scalo S. Lorenzo dir. Largo Passamonti,Veicolo in marcia contro ostacolo fisso,Curva a visuale libera,Una carreggiata a senso unico di marcia,Bagnato (pioggia),Asfaltata,Assente,Pioggia in atto,Normale,Buona,Ore Diurne,0,0,0,1,12.52023,41.8901,True,z,,,
2591995,3,2015-11-21T15:00:00,Strada Urbana,da specificare,tang. Est,direzione Salaria alt. Scalo S. Lorenzo,Ribaltamento senza urto contro ostacolo fisso,Curva a visuale libera,Una carreggiata a senso unico di marcia,Bagnato (pioggia),Asfaltata,Verticale ed orizzontale,Pioggia in atto,Normale,Buona,Ore Diurne,1,0,0,0,12.51862,41.89313,False,z,,,
2590031,2,2015-11-21T15:05:00,Strada Urbana,in prossimitíæ,VIALE LIBIA,,Ribaltamento senza urto contro ostacolo fisso,Rettilineo,Due carreggiate,Bagnato (pioggia),Asfaltata,Verticale ed orizzontale,Pioggia in atto,Normale,Buona,Ore Diurne,1,0,0,0,,,False,z,del civico n.,,203
2590624,12,2015-11-21T15:50:00,Strada Urbana,da specificare,VIA CRISTOFORO COLOMBO,200 mt dopo v.le Europa dir Ostia,Tamponamento,Rettilineo,Pií_ di due carreggiate,Bagnato (pioggia),Asfaltata,Verticale ed orizzontale,Pioggia in atto,Normale,Buona,Ore Diurne,0,0,0,2,12.47348,41.83879,True,z,,,
2590059,17,2015-11-21T16:30:00,Strada Urbana,in corrispondenza,VIALE VATICANO,,Scontro frontale fra veicoli in marcia,Curva senza visuale libera,Una carreggiata a doppio senso,Bagnato (pioggia),Asfaltata,Verticale ed orizzontale,Pioggia in atto,Normale,Sufficiente,Sufficiente,0,0,0,3,12.44883,41.90508,True,z,del civico n.,,62
2591926,17,2015-11-21T16:45:00,Strada Urbana,da specificare,LUNGOTEVERE IN SASSIA,CARREGGIATA DIREZIONE GREGORIO VII,Veicolo in marcia contro ostacolo fisso,Curva senza visuale libera,Una carreggiata a senso unico di marcia,Bagnato (pioggia),Asfaltata,Assente,Pioggia in atto,Normale,Buona,Sufficiente,0,0,0,1,12.46196,41.8997,True,z,,,
2590859,1,2015-11-21T17:00:00,Strada Urbana,in prossimitíæ,VIA DELL'AMBA ARADAM,,Tamponamento,Rettilineo,Una carreggiata a doppio senso,Bagnato (umiditíæ in atto),Asfaltata,Verticale ed orizzontale,Nuvoloso,Normale,Buona,Sufficiente,0,0,0,5,12.50095,41.88425,True,z,del civico n.,,15
2591227,20,2015-11-21T17:05:00,Statale entro l'abitato,in corrispondenza,VIA CASSIA,,Investimento di pedone,Rettilineo,Una carreggiata a doppio senso,Bagnato (pioggia),Asfaltata,Verticale ed orizzontale,Pioggia in atto,Normale,Buona,Sufficiente,0,1,0,1,,,False,z,del civico n.,,1758
2591887,7,2015-11-21T17:10:00,Strada Urbana,da specificare,VIA COLLATINA,in prossimitíæ di via Salone direzione Roma centro,Veicolo in marcia contro ostacolo accidentale,Curva a visuale libera,Una carreggiata a doppio senso,Bagnato (pioggia),Con buche,Orizzontale,Pioggia in atto,Normale,Sufficiente,Sufficiente,0,0,0,2,12.63791,41.91086,True,z,,,
2592342,17,2015-11-21T17:10:00,Strada Urbana,da specificare,BORGO ANGELICO,fronte civico 36,Veicoli in marcia contro veicolo fermo,Rettilineo,Una carreggiata a senso unico di marcia,Bagnato (pioggia),Acciotolata,Verticale ed orizzontale,Nuvoloso,Scarso,Sufficiente,Sufficiente,0,0,0,2,12.45922,41.90524,False,z,,,
2590146,17,2015-11-21T17:10:00,Strada Urbana,in prossimitíæ,VIALE DEI BASTIONI DI MICHELANGELO,,Tamponamento Multiplo,Rettilineo,Una carreggiata a doppio senso,Bagnato (pioggia),Asfaltata,Verticale ed orizzontale,Pioggia in atto,Normale,Buona,Sufficiente,0,0,0,4,12.45646,41.90622,True,z,del civico n.,,1
2591585,5,2015-11-21T17:30:00,Strada Urbana,da specificare,VIA DI MARCO SIMONE,Rotatoria Palombarese,Scontro laterale fra veicoli in marcia,Rettilineo,Due carreggiate,Bagnato (umiditíæ in atto),Asfaltata,Verticale ed orizzontale,Nuvoloso,Normale,Sufficiente,Sufficiente,1,0,0,2,12.62384,41.9606,True,z,,,
2591800,7,2015-11-21T18:00:00,Strada Urbana,in corrispondenza,VIA DI TOR TRE TESTE,,Scontro frontale-laterale SX fra veicoli in marcia,Rettilineo,Una carreggiata a doppio senso,Bagnato (pioggia),Asfaltata,Assente,Nuvoloso,Normale,Sufficiente,Sufficiente,0,0,0,3,12.58774,41.86899,True,z,del civico n.,,10
2590697,9,2015-11-21T18:00:00,,in corrispondenza,PIAZZA S. DOMENICO SAVIO,,Veicolo in marcia contro veicolo in sosta,,,,,,,,,,0,0,0,0,12.52885,41.87673,False,z,del civico n.,,9
2590175,10,2015-11-21T18:15:00,Strada Urbana,in prossimitíæ,VIA DELLA STAZIONE DI CIAMPINO,,Investimento di pedone,Rettilineo,Una carreggiata a doppio senso,Bagnato (pioggia),Asfaltata,Verticale ed orizzontale,Pioggia in atto,Intenso,Sufficiente,Sufficiente,1,0,0,1,,,False,z,del civico n.,,58
2591944,4,2015-11-21T18:20:00,,in corrispondenza,VIALE TIRRENO,,Investimento di pedone,,,,,,,,,,1,0,0,1,12.53304,41.93602,False,z,del civico n.,,16
2594275,18,2015-11-21T18:45:00,Strada Urbana,in corrispondenza,VIA BALDO DEGLI UBALDI,,Veicolo in marcia contro veicolo in sosta,Rettilineo,Due carreggiate,Asciutto,Asfaltata,Orizzontale,Nuvoloso,Scarso,Sufficiente,Sufficiente,0,0,0,2,12.4351,41.8992,True,z,del civico n.,,144
2590492,8,2015-11-21T19:00:00,Strada Urbana,in prossimitíæ,VIA COLLATINA,,Veicolo in marcia contro ostacolo accidentale,Rettilineo,Una carreggiata a doppio senso,Bagnato (pioggia),Asfaltata,Assente,Nuvoloso,Normale,Insufficiente,Insufficiente,0,0,0,1,12.61053,41.90604,False,z,del civico n.,,960
2592427,12,2015-11-21T19:15:00,Strada Urbana,in corrispondenza,VIA DEL PONTE DI PISCINA CUPA,,Veicolo in marcia contro ostacolo accidentale,Rettilineo,Una carreggiata a doppio senso,Asciutto,Asfaltata,Verticale ed orizzontale,Sereno,Normale,Sufficiente,Sufficiente,0,0,0,1,12.44884,41.71929,True,z,del civico n.,,33
2591555,11,2015-11-21T19:40:00,Strada Urbana,all'intersezione semaforizzata con,VIA DI GROTTA PERFETTA,,Scontro frontale-laterale SX fra veicoli in marcia,Intersezione semaforizzata,Pií_ di due carreggiate,Bagnato (umiditíæ in atto),Asfaltata,Verticale ed orizzontale,Nuvoloso,Normale,Sufficiente,Sufficiente,0,0,0,3,12.50773,41.83806,True,z,VIA CALDERON DE LA BARCA,VIA CALDERON DE LA BARCA,
2591742,2,2015-11-21T19:45:00,Strada Urbana,da specificare,VIA PO,pross. civ. 22,Veicolo in marcia contro veicolo in sosta,Rettilineo,Una carreggiata a doppio senso,Bagnato (umiditíæ in atto),Asfaltata,Verticale ed orizzontale,Nuvoloso,Scarso,Buona,Sufficiente,0,0,0,1,12.49578,41.915,True,z,,,
2591236,20,2015-11-21T19:50:00,Strada Urbana,in corrispondenza,VIADOTTO GIUBILEO DEL 2000,,Ribaltamento senza urto contro ostacolo fisso,Curva a visuale libera,Due carreggiate,Bagnato (umiditíæ in atto),Asfaltata,Verticale ed orizzontale,Nuvoloso,Normale,Sufficiente,Sufficiente,1,0,0,0,,,False,z,della chilometrica,,13.3
2593603,1,2015-11-21T20:00:00,Strada Urbana,in corrispondenza,VIALE AVENTINO,,Veicolo in marcia contro veicolo in sosta,Rettilineo,Pií_ di due carreggiate,Asciutto,In cubetti di porfido,Assente,Sereno,Scarso,Buona,Sufficiente,0,0,0,2,12.48694,41.88302,True,z,del civico n.,,30
2591863,4,2015-11-21T20:00:00,Strada Urbana,in prossimitíæ,VIALE JONIO,,Veicolo in marcia contro veicoli in sosta,Rettilineo,Due carreggiate,Bagnato (umiditíæ in atto),Asfaltata,Verticale ed orizzontale,Nuvoloso,Normale,Buona,Sufficiente,0,0,0,3,12.52833,41.94595,True,z,del civico n.,,354
2596580,17,2015-11-21T20:10:00,Strada Urbana,in prossimitíæ,VIA DELLA GIULIANA,,Infortunio per sola frenata improvvisa,Rettilineo,Una carreggiata a doppio senso,Asciutto,Asfaltata,Orizzontale,Nuvoloso,Normale,Sufficiente,Sufficiente,0,0,0,2,12.4541,41.91375,True,z,del civico n.,,71
2591599,5,2015-11-21T20:15:00,Strada Urbana,all'intersezione con,VIA CONTE DI CARMAGNOLA,,Scontro frontale-laterale DX fra veicoli in marcia,Incrocio,Una carreggiata a senso unico di marcia,Asciutto,Asfaltata,Verticale ed orizzontale,Nuvoloso,Scarso,Sufficiente,Sufficiente,0,0,0,2,12.53559,41.89038,True,z,VIA MUZIO ATTENDOLO,VIA MUZIO ATTENDOLO,
2592092,8,2015-11-21T20:30:00,Strada Urbana,in prossimitíæ,VIA CASILINA,,Scontro laterale fra veicoli in marcia,Rettilineo,Una carreggiata a doppio senso,Bagnato (umiditíæ in atto),Asfaltata,Verticale ed orizzontale,Nuvoloso,Normale,Sufficiente,Sufficiente,1,0,0,0,12.67257,41.86401,False,z,del civico n.,,1787
2591799,10,2015-11-21T21:15:00,Strada Urbana,all'intersezione con,VIA PONZIO COMINIO,,Scontro laterale fra veicoli in marcia,Incrocio,Una carreggiata a senso unico di marcia,Asciutto,Asfaltata,Verticale ed orizzontale,Sereno,Normale,Buona,Sufficiente,0,0,0,5,12.55789,41.86068,True,z,VIA FLAVIO STILICONE,VIA FLAVIO STILICONE,
2590757,13,2015-11-21T22:30:00,,da specificare,VIALE DEI ROMAGNOLI,Via Ostiense direzione Stazione di Acilia,Scontro laterale fra veicoli in marcia,,,,,,,,,,0,0,0,1,,,False,z,,,
2591705,12,2015-11-21T23:00:00,Strada Urbana,da specificare,VIA DI TRAFUSA,circa a metíæ,Veicolo in marcia contro ostacolo accidentale,Rettilineo,Una carreggiata a senso unico di marcia,Asciutto,Asfaltata,Orizzontale,Vento forte,Scarso,Buona,Insufficiente,0,0,0,2,12.41926,41.80253,True,z,,,
2591632,13,2015-11-22T00:10:00,Strada Urbana,in prossimitíæ,VIA DI CASAL PALOCCO,,Veicolo in marcia contro ostacolo accidentale,Rettilineo,Una carreggiata a senso unico di marcia,Asciutto,Asfaltata,Assente,Vento forte,Scarso,Buona,Sufficiente,0,0,0,1,12.35263,41.75034,True,z,del civico n.,,130
2591864,10,2015-11-22T00:10:00,Strada Urbana,all'intersezione con,VIA TUSCOLANA,,Scontro frontale-laterale SX fra veicoli in marcia,Incrocio,Due carreggiate,Asciutto,Asfaltata,Verticale ed orizzontale,Nuvoloso,Scarso,Buona,Sufficiente,2,0,0,1,12.5271,41.87586,False,z,VIA MANLIO CAPITOLINO,VIA MANLIO CAPITOLINO,
2591888,12,2015-11-22T00:20:00,Strada Urbana,in corrispondenza,VIALE AMERICA,,Veicoli in marcia contro veicoli fermi,Rettilineo,Una carreggiata a doppio senso,Asciutto,Asfaltata,Verticale ed orizzontale,Vento forte,Normale,Sufficiente,Sufficiente,0,0,0,2,,,False,z,del civico n.,,250
2590693,13,2015-11-22T00:30:00,Strada Urbana,da specificare,VIA GUIDO CALZA,altezza cavalcavia pedonale di Ostia Antica,Veicolo in marcia contro ostacolo accidentale,Rotatoria,Una carreggiata a senso unico di marcia,Bagnato (pioggia),Asfaltata,Verticale ed orizzontale,Pioggia in atto,Scarso,Sufficiente,Sufficiente,0,0,0,1,12.28702,41.74918,True,z,,,
2591994,13,2015-11-22T01:00:00,Strada Urbana,in prossimitíæ,VIA DELLE BALEARI,,Veicolo in marcia contro veicoli in sosta,Rettilineo,Una carreggiata a senso unico di marcia,Asciutto,Asfaltata,Assente,Sereno,Scarso,Buona,Sufficiente,0,0,0,1,12.27957,41.73588,True,z,del civico n.,,253
2591610,5,2015-11-22T01:20:00,Strada Urbana,in prossimitíæ,VIA DI PIETRALATA,,Veicolo in marcia contro veicolo in sosta,Curva a visuale libera,Una carreggiata a doppio senso,Bagnato (pioggia),Asfaltata,Assente,Nuvoloso,Scarso,Sufficiente,Sufficiente,0,0,0,4,12.53756,41.92619,True,z,del civico n.,,157
2590700,1,2015-11-22T02:00:00,Strada Urbana,da specificare,LUNGOTEVERE DEI FIORENTINI,IN CORRISPON. PIAZZA P. PAOLI,Scontro laterale fra veicoli in marcia,Rettilineo,Una carreggiata a senso unico di marcia,Bagnato (umiditíæ in atto),Asfaltata,Verticale ed orizzontale,Nuvoloso,Scarso,Sufficiente,Sufficiente,0,0,0,3,,,False,z,,,
2591567,15,2015-11-22T02:10:00,Strada Urbana,da specificare,VIALE DEL TINTORETTO,fronte civico 76,Scontro frontale fra veicoli in marcia,Rettilineo,Due carreggiate,Bagnato (pioggia),Asfaltata,Verticale ed orizzontale,Pioggia in atto,Scarso,Sufficiente,Sufficiente,1,1,0,0,12.48128,41.83807,True,z,,,
2590667,7,2015-11-22T02:35:00,Strada Urbana,in prossimitíæ,VIALE GIORGIO MORANDI,,Veicolo in marcia contro veicolo in sosta,Curva a visuale libera,Una carreggiata a senso unico di marcia,Bagnato (pioggia),Asfaltata,Assente,Nuvoloso,Scarso,Buona,Sufficiente,1,0,0,0,12.58592,41.898,True,z,del civico n.,,38
2591615,5,2015-11-22T04:00:00,Strada Urbana,da specificare,VIA NOMENTANA,prossimita via Bonvesin della Riva,Veicolo in marcia contro ostacolo fisso,Rettilineo,Una carreggiata a doppio senso,Bagnato (pioggia),Asfaltata,Verticale ed orizzontale,Nuvoloso,Scarso,Sufficiente,Sufficiente,1,0,0,0,12.60205,41.96795,False,z,,,
2603188,16,2015-11-22T04:00:00,Strada Urbana,in prossimitíæ,VIA ANTONIO CESARI,,Veicolo in marcia contro veicolo in sosta,Rettilineo,Una carreggiata a doppio senso,Asciutto,Asfaltata,Verticale,Nuvoloso,Scarso,Buona,Ore Diurne,0,0,0,1,12.46016,41.88099,True,z,del civico n.,,2
2593181,1,2015-11-22T04:30:00,Strada Urbana,in prossimitíæ,LUNGOTEVERE RIPA,,Veicolo in marcia contro veicoli in sosta,Rettilineo,Una carreggiata a senso unico di marcia,Bagnato (umiditíæ in atto),Asfaltata,Verticale ed orizzontale,Nuvoloso,Normale,Sufficiente,Sufficiente,0,0,0,2,12.47885,41.88786,True,z,del palo luce n.,,9
2591653,5,2015-11-22T06:00:00,Strada Urbana,da specificare,VIALE KANT,alt. via Schopenhauer,Veicolo in marcia contro ostacolo fisso,Rettilineo,Una carreggiata a doppio senso,Bagnato (umiditíæ in atto),Asfaltata,Verticale ed orizzontale,Pioggia in atto,Scarso,Buona,Sufficiente,0,0,0,2,12.55733,41.93311,True,z,,,
2591832,10,2015-11-22T06:05:00,Strada Urbana,all'intersezione con,VIA TUSCOLANA,,Tamponamento Multiplo,Incrocio,Due carreggiate,Bagnato (pioggia),Asfaltata,Verticale ed orizzontale,Pioggia in atto,Scarso,Sufficiente,Sufficiente,1,0,0,2,12.55109,41.86275,True,z,VIA DEGLI OPIMIANI,VIA DEGLI OPIMIANI,
2590707,9,2015-11-22T06:20:00,Strada Urbana,in prossimitíæ,VIA BRITANNIA,,Veicolo in marcia contro veicolo in sosta,Rettilineo,Una carreggiata a doppio senso,Bagnato (umiditíæ in atto),Asfaltata,Orizzontale,Nuvoloso,Scarso,Buona,Sufficiente,0,0,0,5,12.50818,41.87972,True,z,del civico n.,,36
2592040,3,2015-11-22T06:35:00,Strada Urbana,all'intersezione con,VIA TIBURTINA,,Scontro frontale-laterale DX fra veicoli in marcia,Incrocio,Due carreggiate,Bagnato (pioggia),Asfaltata,Verticale ed orizzontale,Nuvoloso,Scarso,Buona,Sufficiente,0,0,0,4,12.51511,41.89862,True,z,VIA DEI SARDI,VIA DEI SARDI,
2591852,17,2015-11-22T06:45:00,Strada Urbana,da specificare,VIALE VATICANO,altezza VIA VITTOR PISANI,Infortunio per sola frenata improvvisa,Curva senza visuale libera,Una carreggiata a doppio senso,Bagnato (pioggia),Asfaltata,Verticale ed orizzontale,Nuvoloso,Scarso,Buona,Ore Diurne,0,0,0,1,12.45048,41.90661,True,z,,,
2591748,19,2015-11-22T07:00:00,Strada Urbana,in corrispondenza,VIA CRESCENTINO,,Veicolo in marcia contro ostacolo fisso,Rettilineo,Una carreggiata a doppio senso,Asciutto,Asfaltata,Assente,Sereno,Scarso,Buona,Ore Diurne,0,0,0,1,12.25564,41.99642,True,z,del civico n.,,85
2591249,20,2015-11-22T07:20:00,Strada Urbana,in prossimitíæ,VIALE DI TOR DI QUINTO,,Veicolo in marcia contro ostacolo fisso,Rettilineo,Due carreggiate,Bagnato (umiditíæ in atto),Asfaltata,Verticale ed orizzontale,Nuvoloso,Normale,Buona,Ore Diurne,0,0,0,1,12.48457,41.94935,True,z,del civico n.,,155
2592031,4,2015-11-22T07:20:00,Strada Urbana,da specificare,VIA DEL FORO ITALICO,100 MT PRIMA DELLA GALLERIA GIOVANNI XXIII,Ribaltamento senza urto contro ostacolo fisso,Rettilineo,Due carreggiate,Bagnato (umiditíæ in atto),Asfaltata,Verticale ed orizzontale,Nuvoloso,Scarso,Buona,Ore Diurne,0,0,0,1,12.48104,41.94025,False,z,,,
2591985,4,2015-11-22T07:30:00,,da specificare,VIA DEI PRATI FISCALI,dir. Salaria  alt. Palo Acea n. 86,Veicolo in marcia contro ostacolo fisso,,,,,,,,,,1,0,0,0,12.5161,41.94608,False,z,,,
2591882,17,2015-11-22T07:45:00,Strada Urbana,in corrispondenza,VIALE VATICANO,,Veicolo in marcia contro ostacolo fisso,Curva senza visuale libera,Una carreggiata a doppio senso,Bagnato (pioggia),Asfaltata,Verticale ed orizzontale,Nuvoloso,Scarso,Sufficiente,Ore Diurne,1,0,0,0,12.44901,41.90526,False,z,del civico n.,,67
2591518,11,2015-11-22T07:50:00,Strada Urbana,in prossimitíæ,VIA CRISTOFORO COLOMBO,,Ribaltamento senza urto contro ostacolo fisso,Rettilineo,Pií_ di due carreggiate,Bagnato (umiditíæ in atto),Asfaltata,Orizzontale,Nuvoloso,Scarso,Buona,Ore Diurne,1,0,0,0,12.49838,41.86016,True,z,del palo luce n.,,92-94
2591678,19,2015-11-22T09:10:00,Provinciale entro l'abitato,da specificare,VIA BRACCIANENSE,"km 2,1 ",Scontro frontale fra veicoli in marcia,Curva senza visuale libera,Una carreggiata a doppio senso,Asciutto,Asfaltata,Orizzontale,Sereno,Scarso,Buona,Ore Diurne,7,1,0,0,12.37291,42.01025,True,z,,,
2591780,10,2015-11-22T09:20:00,Strada Urbana,all'intersezione semaforizzata con,VIA QUINTO PUBLICIO,,Scontro laterale fra veicoli in marcia,Intersezione semaforizzata,Una carreggiata a senso unico di marcia,Asciutto,Asfaltata,Verticale ed orizzontale,Sereno,Normale,Sufficiente,Ore Diurne,0,0,0,2,12.57091,41.85612,True,z,VIALE PALMIRO TOGLIATTI,VIALE PALMIRO TOGLIATTI,
2591513,8,2015-11-22T09:30:00,Strada Urbana,in prossimitíæ,VIA ALBERTO FASSINI,,Veicolo in marcia contro veicolo in sosta,Rettilineo,Una carreggiata a senso unico di marcia,Bagnato (umiditíæ in atto),Asfaltata,Verticale,Nuvoloso,Scarso,Buona,Ore Diurne,0,0,0,0,12.6228,41.86138,True,z,del civico n.,,12
2591257,20,2015-11-22T10:00:00,Statale entro l'abitato,in corrispondenza,VIA CASSIA,,Scontro frontale-laterale SX fra veicoli in marcia,Rettilineo,Una carreggiata a doppio senso,Asciutto,Asfaltata,Orizzontale,Sereno,Normale,Buona,Ore Diurne,0,0,0,2,12.38002,42.00593,True,z,del civico n.,,1695
2591661,5,2015-11-22T10:10:00,Strada Urbana,da specificare,VIA DI PIETRALATA,alt. via dei Durantini,Tamponamento,Curva senza visuale libera,Due carreggiate,Asciutto,Asfaltata,Assente,Sereno,Normale,Buona,Ore Diurne,0,0,0,2,12.54693,41.921,True,z,,,
2590797,7,2015-11-22T11:00:00,Strada Urbana,all'intersezione con,VIA DEI FAGGI,,Scontro frontale-laterale SX fra veicoli in marcia,Intersezione stradale segnalata,Due carreggiate,Asciutto,Asfaltata,Verticale ed orizzontale,Sereno,Normale,Buona,Ore Diurne,0,0,0,3,12.56427,41.88419,True,z,VIA DEI NOCI,VIA DEI NOCI,
2592345,16,2015-11-22T11:15:00,Strada Urbana,in prossimitíæ,VIALE DI TRASTEVERE,,Infortunio per sola frenata improvvisa,Rettilineo,Pií_ di due carreggiate,Asciutto,Asfaltata,Verticale ed orizzontale,Sereno,Normale,Buona,Ore Diurne,2,0,0,1,12.46927,41.88308,False,z,del civico n.,,183
2583295,16,2015-11-22T11:20:00,Strada Urbana,all'intersezione con,VIA LUIGI ARATI,,Scontro frontale-laterale SX fra veicoli in marcia,Incrocio,Una carreggiata a doppio senso,Asciutto,Asfaltata,Verticale,Sereno,Normale,Buona,Ore Diurne,0,0,0,2,12.44195,41.87247,True,z,VIA VINCENZO TIZZANI,VIA VINCENZO TIZZANI,
2591268,20,2015-11-22T11:35:00,Strada Urbana,in corrispondenza,VIALE DI TOR DI QUINTO,,Scontro frontale-laterale DX fra veicoli in marcia,Curva a visuale libera,Una carreggiata a doppio senso,Asciutto,Asfaltata,Verticale ed orizzontale,Sereno,Normale,Buona,Ore Diurne,1,0,0,6,,,False,z,del civico n.,,58