_ID,_Gruppo,_DataOraIncidente,_Localizzazione1,_Localizzazione2,_Strada1,_DaSpecificare,_NaturaIncidente,_ParticolaritaStrade,_TipoStrada,_FondoStradale,_Pavimentazione,_Segnaletica,_CondizioneAtmosferica,_Traffico,_Visibilita,_Illuminazione,_NUM_FERITI,_NUM_RISERVATA,_NUM_MORTI,_NUM_ILLESI,_Longitudine,_Latitudine,_CONFERMATO,__prefix,_Strada02,_Strada2,_Chilometrica
2593693,1,2015-11-23T12:40:00,Strada Urbana,in prossimitíæ,PIAZZA VITTORIO EMANUELE II,,Scontro frontale-laterale DX fra veicoli in marcia,Rettilineo,Una carreggiata a doppio senso,Bagnato (umiditíæ in atto),Asfaltata,Verticale ed orizzontale,Nuvoloso,Normale,Buona,Ore Diurne,0,0,0,3,12.50392,41.89395,True,z,del civico n.,,110
2592542,15,2015-11-23T12:40:00,Strada Urbana,in corrispondenza,VIA GIANNETTO VALLI,,Infortunio per sola frenata improvvisa,Curva a visuale libera,Due carreggiate,Bagnato (pioggia),Asfaltata,Verticale ed orizzontale,Pioggia in atto,Normale,Buona,Ore Diurne,0,0,0,2,12.45319,41.85347,True,z,del civico n.,,95
2593499,3,2015-11-23T12:40:00,Strada Urbana,all'intersezione con,VIA GIOVANNI BATTISTA MORGAGNI,,Scontro laterale fra veicoli in marcia,Incrocio,Una carreggiata a doppio senso,Bagnato (umiditíæ in atto),Asfaltata,Verticale ed orizzontale,Nuvoloso,Normale,Sufficiente,Ore Diurne,0,0,0,2,12.51061,41.90982,False,z,VIALE REGINA MARGHERITA,VIALE REGINA MARGHERITA,
2592917,7,2015-11-23T12:45:00,Strada Urbana,all'intersezione con,VIA DELLE ACACIE,,Scontro frontale-laterale SX fra veicoli in marcia,Incrocio,Una carreggiata a doppio senso,Bagnato (umiditíæ in atto),Asfaltata,Verticale ed orizzontale,Nuvoloso,Scarso,Buona,Ore Diurne,0,0,0,3,12.56407,41.88737,True,z,VIA DELLE CELIDONIE,VIA DELLE CELIDONIE,
2592394,9,2015-11-23T12:50:00,Strada Urbana,all'intersezione con,VIA GINO CAPPONI,,Scontro frontale-laterale SX fra veicoli in marcia,Incrocio,Una carreggiata a senso unico di marcia,Bagnato (pioggia),Asfaltata,Verticale ed orizzontale,Pioggia in atto,Normale,Buona,Ore Diurne,0,0,0,2,12.51743,41.87295,True,z,PIAZZA LAZZARO PAPI,PIAZZA LAZZARO PAPI,
2595007,12,2015-11-23T12:50:00,Provinciale entro l'abitato,da specificare,VIA LAURENTINA,rotatoria altezza via castel di leva,Scontro frontale fra veicoli in marcia,Rotatoria,Una carreggiata a senso unico di marcia,Bagnato (pioggia),Asfaltata,Verticale ed orizzontale,Pioggia in atto,Normale,Buona,Ore Diurne,0,0,0,3,12.47927,41.82458,True,z,,,
2592621,13,2015-11-23T13:00:00,Strada Urbana,all'intersezione con,VIA GIUSEPPE FIORELLI,,Scontro frontale-laterale SX fra veicoli in marcia,Incrocio,Una carreggiata a doppio senso,Bagnato (umiditíæ in atto),Asfaltata,Verticale,Nuvoloso,Scarso,Buona,Ore Diurne,1,0,0,2,12.31111,41.77046,False,z,VIA ANTONIO TARAMELLI,VIA ANTONIO TARAMELLI,
2592891,13,2015-11-23T13:20:00,Strada Urbana,all'intersezione con,VIA FRANCESCO DONATI,,Scontro laterale fra veicoli in marcia,Incrocio,Una carreggiata a senso unico di marcia,Bagnato (pioggia),Asfaltata,Assente,Pioggia in atto,Normale,Buona,Ore Diurne,2,0,0,0,12.34289,41.77762,False,z,VIA ANTONIO CRIMINALI,VIA ANTONIO CRIMINALI,
2592276,18,2015-11-23T13:20:00,Strada Urbana,in prossimitíæ,VIA NAZARETH,,Scontro frontale fra veicoli in marcia,Rettilineo,Una carreggiata a doppio senso,Bagnato (pioggia),Asfaltata,Verticale ed orizzontale,Pioggia in atto,Intenso,Buona,Ore Diurne,3,0,0,0,12.40292,41.90373,True,z,del palo luce n.,,21
2593775,18,2015-11-23T13:45:00,Strada Urbana,in corrispondenza,VIA DEI SAVORELLI,,Veicolo in marcia contro veicolo in sosta,Rettilineo,Una carreggiata a doppio senso,Bagnato (pioggia),Asfaltata,Orizzontale,Pioggia in atto,Scarso,Buona,Ore Diurne,0,0,0,0,12.43707,41.89641,True,z,del civico n.,,61
2593501,1,2015-11-23T13:55:00,Strada Urbana,all'intersezione con,VIALE AVENTINO,,Tamponamento,Incrocio,Una carreggiata a senso unico di marcia,Bagnato (pioggia),In cubetti di porfido,,Pioggia in atto,Normale,Buona,Ore Diurne,1,0,0,3,,,False,z,VIA DI S. PRISCA,VIA DI S. PRISCA,
2593130,4,2015-11-23T14:00:00,Strada Urbana,da specificare,VIA DI CASAL BOCCONE,altezza Parco IMPREME n. 200,Fuoriuscita dalla sede stradale,Curva a visuale libera,Due carreggiate,Bagnato (umiditíæ in atto),Asfaltata,Verticale ed orizzontale,Nuvoloso,Normale,Buona,Ore Diurne,0,0,0,2,12.56118,41.95151,True,z,,,
2593013,8,2015-11-23T14:00:00,Strada Urbana,da specificare,VIA DI TORRE SPACCATA,in prossimitíæ di Via dei Romanisti,Veicolo in marcia contro ostacolo accidentale,Rettilineo,Una carreggiata a doppio senso,Asciutto,Asfaltata,Verticale ed orizzontale,Nuvoloso,Scarso,Buona,Ore Diurne,0,0,0,1,12.58584,41.85747,True,z,,,
2592350,12,2015-11-23T14:10:00,Strada Urbana,in prossimitíæ,VIALE CESARE PAVESE,,Scontro laterale fra veicoli in marcia,Rettilineo,Due carreggiate,Bagnato (pioggia),Asfaltata,Verticale ed orizzontale,Pioggia in atto,Normale,Buona,Ore Diurne,1,0,0,3,12.47077,41.81666,False,z,del civico n.,,319
2593664,1,2015-11-23T14:10:00,Strada Urbana,all'intersezione semaforizzata con,VIALE MANZONI,,Scontro laterale fra veicoli in marcia,Intersezione semaforizzata,Una carreggiata a doppio senso,Bagnato (pioggia),Asfaltata,Verticale ed orizzontale,Pioggia in atto,Intenso,Buona,Ore Diurne,0,0,0,2,12.50772,41.89117,True,z,VIA DI PORTA MAGGIORE,VIA DI PORTA MAGGIORE,
2592325,19,2015-11-23T14:15:00,Strada Urbana,in corrispondenza,VIA PIETRO MAFFI,,Investimento di pedone,Rettilineo,Una carreggiata a doppio senso,Asciutto,Asfaltata,Verticale ed orizzontale,Nuvoloso,Intenso,Buona,Ore Diurne,1,0,0,1,12.41758,41.92303,True,z,del civico n.,,54
2592524,9,2015-11-23T14:25:00,Strada Urbana,da specificare,VIA FRASCATI,in prossimitíæ di Via Demetriade,Infortunio per caduta del veicolo,Rettilineo,Una carreggiata a senso unico di marcia,Bagnato (pioggia),Asfaltata,Assente,Pioggia in atto,Normale,Buona,Ore Diurne,1,0,0,0,,,False,z,,,
2592437,12,2015-11-23T14:30:00,Strada Urbana,in prossimitíæ,VIA ELIO CHIANESI,,Scontro frontale-laterale SX fra veicoli in marcia,Curva senza visuale libera,Una carreggiata a doppio senso,Bagnato (pioggia),Asfaltata,Verticale ed orizzontale,Nuvoloso,Normale,Buona,Ore Diurne,0,0,0,3,12.44795,41.80269,False,z,del civico n.,,49
2592827,9,2015-11-23T14:30:00,,all'intersezione con,VIA DELL'ARCO DI TRAVERTINO,,Scontro frontale-laterale DX fra veicoli in marcia,,,,,,,,,,1,0,0,1,12.53698,41.86807,False,z,VIA VALLEROTONDA,VIA VALLEROTONDA,
2592998,13,2015-11-23T14:50:00,Strada Urbana,all'intersezione con,VIA DELL'APPAGLIATORE,,Scontro frontale-laterale DX fra veicoli in marcia,Incrocio,Una carreggiata a doppio senso,Asciutto,Asfaltata,Orizzontale,Nuvoloso,Normale,Buona,Ore Diurne,0,0,0,2,12.26429,41.73949,True,z,VIA DELLE AZZORRE,VIA DELLE AZZORRE,
2593515,3,2015-11-23T15:00:00,Strada Urbana,all'intersezione semaforizzata con,VIALE REGINA MARGHERITA,,Tamponamento,Intersezione semaforizzata,Una carreggiata a doppio senso,Asciutto,Asfaltata,Verticale ed orizzontale,Sereno,Normale,Buona,Ore Diurne,1,0,0,1,12.50931,41.91086,False,z,PIAZZA GALENO,PIAZZA GALENO,
2592958,5,2015-11-23T15:16:00,Strada Urbana,in corrispondenza,VIA DI PIETRALATA,,Scontro laterale fra veicoli in marcia,Rettilineo,Una carreggiata a doppio senso,Bagnato (pioggia),Asfaltata,Verticale ed orizzontale,Pioggia in atto,Normale,Buona,Ore Diurne,1,0,0,2,12.55467,41.91823,False,z,del civico n.,,485
2597695,18,2015-11-23T15:30:00,Strada Urbana,in prossimitíæ,VIA DI SELVA CANDIDA,,Scontro laterale fra veicoli in marcia,Rettilineo,Una carreggiata a doppio senso,Bagnato (pioggia),Asfaltata,Verticale ed orizzontale,Pioggia in atto,Normale,Buona,Ore Diurne,1,0,0,1,12.37496,41.9254,True,z,del civico n.,,92
2592840,7,2015-11-23T15:40:00,Strada Urbana,all'intersezione con,VIA DEI GELSI,,Scontro frontale-laterale SX fra veicoli in marcia,Incrocio,Due carreggiate,Bagnato (pioggia),Asfaltata,Verticale ed orizzontale,Pioggia in atto,Normale,Buona,Ore Diurne,0,0,0,4,12.56719,41.88889,True,z,VIA DEI CICLAMINI,VIA DEI CICLAMINI,
2592393,10,2015-11-23T15:50:00,Strada Urbana,da specificare,VIA ANAGNINA,fronte civico 259,Tamponamento,Curva a visuale libera,Pií_ di due carreggiate,Bagnato (pioggia),Asfaltata,Verticale ed orizzontale,Pioggia in atto,Normale,Buona,Ore Diurne,1,0,0,2,12.60661,41.82273,True,z,,,
2593140,17,2015-11-23T16:00:00,Strada Urbana,da specificare,LUNGOTEVERE IN SASSIA,sottopasso direzione via Gregorio VII,Veicolo in marcia contro ostacolo fisso,Curva senza visuale libera,Una carreggiata a senso unico di marcia,Bagnato (pioggia),Asfaltata,Assente,Pioggia in atto,Normale,Sufficiente,Sufficiente,0,0,0,1,12.46312,41.90096,True,z,,,
2592997,8,2015-11-23T16:20:00,Strada Urbana,da specificare,VIA LUIGI RUSSOLO,altezza cavalcavia GRA dir Via Noale,Scontro laterale fra veicoli in marcia,Curva a visuale libera,Una carreggiata a doppio senso,Bagnato (pioggia),Asfaltata,Orizzontale,Pioggia in atto,Normale,Sufficiente,Sufficiente,0,0,0,7,12.61705,41.9113,True,z,,,
2592786,15,2015-11-23T16:20:00,Strada Urbana,in prossimitíæ,VIA ANTONIO PACINOTTI,,Tamponamento,Rettilineo,Una carreggiata a doppio senso,Bagnato (umiditíæ in atto),Asfaltata,Verticale ed orizzontale,Nuvoloso,Normale,Buona,Ore Diurne,0,0,0,3,12.46772,41.871,True,z,del civico n.,,18
2593519,3,2015-11-23T16:35:00,Strada Urbana,in corrispondenza,VIALE REGINA ELENA,,Veicolo in marcia contro veicolo fermo,Rettilineo,Due carreggiate,Bagnato (pioggia),Asfaltata,Orizzontale,Pioggia in atto,Normale,Sufficiente,Sufficiente,0,0,0,3,12.51322,41.90817,True,z,del civico n.,,287
2593338,17,2015-11-23T16:45:00,Strada Urbana,in corrispondenza,CIRCONVALLAZIONE CLODIA,,Scontro laterale fra veicoli in marcia,Rettilineo,Due carreggiate,Bagnato (pioggia),Asfaltata,Verticale ed orizzontale,Pioggia in atto,Normale,Buona,Sufficiente,0,0,0,2,12.45679,41.91886,True,z,del civico n.,,68
2593085,13,2015-11-23T16:45:00,Strada Urbana,da specificare,VIALE DEI ROMAGNOLI,altezza Via Fríæ Andrea da Giovanni,Tamponamento Multiplo,Rettilineo,Una carreggiata a doppio senso,Bagnato (pioggia),Asfaltata,Verticale ed orizzontale,Pioggia in atto,Intenso,Buona,Sufficiente,0,0,0,3,12.32203,41.76901,True,z,,,
2592563,12,2015-11-23T16:50:00,Strada Urbana,in prossimitíæ,VIA ALVARO DEL PORTILLO,,Scontro frontale-laterale SX fra veicoli in marcia,Curva a visuale libera,Una carreggiata a doppio senso,Bagnato (pioggia),Asfaltata,Verticale ed orizzontale,Pioggia in atto,Normale,Buona,Ore Diurne,1,0,0,1,12.47293,41.77961,False,z,del palo luce n.,,69
2593392,12,2015-11-23T16:55:00,,in corrispondenza,VIA OSTIENSE,,Tamponamento,,,,,,,,,,2,0,0,2,12.47527,41.85028,False,z,del civico n.,,260
2592801,15,2015-11-23T17:00:00,Strada Urbana,da specificare,VIALE DI PESCINA GAGLIARDA,fronte civico 123,Veicolo in marcia contro ostacolo accidentale,Rettilineo,Una carreggiata a doppio senso,Bagnato (pioggia),Asfaltata,Orizzontale,Pioggia in atto,Scarso,Buona,Ore Diurne,0,0,0,1,12.30421,41.82499,True,z,,,
2592924,5,2015-11-23T17:00:00,Strada Urbana,all'intersezione con,VIA DEI MONTI DI PIETRALATA,,Scontro frontale-laterale SX fra veicoli in marcia,Incrocio,Una carreggiata a doppio senso,Bagnato (pioggia),Asfaltata,Verticale ed orizzontale,Pioggia in atto,Intenso,Buona,Sufficiente,1,0,0,1,12.5349,41.92642,False,z,VIA DI PIETRALATA,VIA DI PIETRALATA,
2592804,15,2015-11-23T17:05:00,Strada Urbana,in prossimitíæ,VIALE DI PESCINA GAGLIARDA,,Veicolo in marcia contro ostacolo accidentale,Rettilineo,Una carreggiata a senso unico alternato,Bagnato (pioggia),Asfaltata,Orizzontale,Pioggia in atto,Scarso,Buona,Ore Diurne,0,0,0,2,12.30122,41.82332,True,z,del civico n.,,123
2592995,5,2015-11-23T17:10:00,Strada Urbana,da specificare,VIA DI PIETRALATA,ALTEZZA E LATO METROPOLITANA FERMATA BUS N. 78168,Scontro frontale fra veicoli in marcia,Rettilineo,Una carreggiata a doppio senso,Bagnato (pioggia),Asfaltata,Verticale ed orizzontale,Nuvoloso,Normale,Buona,Sufficiente,1,0,0,1,12.5556,41.915,False,z,,,
2593346,17,2015-11-23T17:15:00,,in prossimitíæ,VIA GIUSEPPE FERRARI,,Investimento di pedone,,,,,,,,,,0,0,0,2,12.46509,41.91316,False,z,del civico n.,,1-A
2592556,20,2015-11-23T17:24:00,,in corrispondenza,VIA FLAMINIA,,Investimento di pedone,,,Bagnato (pioggia),,,Nuvoloso,Normale,Sufficiente,Sufficiente,0,0,0,2,,,False,z,del civico n.,,635
2597915,18,2015-11-23T17:30:00,Strada Urbana,in corrispondenza,VIA AURELIA,,Scontro frontale-laterale SX fra veicoli in marcia,Rettilineo,Una carreggiata a doppio senso,Bagnato (pioggia),Asfaltata,Verticale ed orizzontale,Pioggia in atto,Intenso,Sufficiente,Sufficiente,0,0,0,5,12.41875,41.89584,False,z,del civico n.,,593
2593106,17,2015-11-23T17:30:00,Strada Urbana,da specificare,VIA DELLA CONCILIAZIONE,in prossimitíæ di P.zza Pio XII,Veicolo in marcia contro ostacolo accidentale,Rettilineo,Una carreggiata a senso unico di marcia,Bagnato (pioggia),In cubetti di porfido,Verticale ed orizzontale,Pioggia in atto,Scarso,Sufficiente,Sufficiente,1,0,0,0,12.46201,41.9025,False,z,,,
2593077,5,2015-11-23T17:30:00,Strada Urbana,all'intersezione con,VIA DI PIETRALATA,,Scontro frontale-laterale DX fra veicoli in marcia,Incrocio,Una carreggiata a doppio senso,Bagnato (pioggia),Asfaltata,Verticale,Pioggia in atto,Intenso,Buona,Sufficiente,0,0,0,4,12.55161,41.91946,True,z,VIA RAMIRO FABIANI,VIA RAMIRO FABIANI,
2592898,10,2015-11-23T17:45:00,,all'intersezione con,VIA DI VERMICINO,,Scontro frontale-laterale SX fra veicoli in marcia,,,,,,,,,,1,0,0,1,12.64348,41.82273,False,z,VIA DI PASSO LOMBARDO,VIA DI PASSO LOMBARDO,
2593354,2,2015-11-23T18:10:00,Strada Urbana,all'intersezione con,VIALE PARIOLI,,Veicolo in marcia contro veicolo in sosta,Intersezione non regolata-non segnalata,Una carreggiata a doppio senso,Bagnato (pioggia),Asfaltata,Orizzontale,Pioggia in atto,Intenso,Buona,Sufficiente,0,0,0,1,12.48615,41.92876,True,z,VIA CARLO STUPARICH,VIA CARLO STUPARICH,
2592599,19,2015-11-23T18:10:00,Strada Urbana,all'intersezione con,VIA MATTIA BATTISTINI,,Scontro laterale fra veicoli in marcia,Incrocio,Una carreggiata a doppio senso,Bagnato (pioggia),Asfaltata,Orizzontale,Pioggia in atto,Normale,Buona,Sufficiente,0,0,0,2,12.41847,41.91379,True,z,VIA ADELINA PATTI,VIA ADELINA PATTI,
2593222,16,2015-11-23T18:10:00,Strada Urbana,in prossimitíæ,VIA LEONE XIII,,Tamponamento Multiplo,Rettilineo,Due carreggiate,Bagnato (pioggia),Asfaltata,Orizzontale,Pioggia in atto,Normale,Sufficiente,Sufficiente,0,0,0,5,12.44038,41.88562,True,z,del palo luce n.,,9
2592623,2,2015-11-23T18:15:00,Strada Urbana,all'intersezione con,VIALE BRUNO BUOZZI,,Ribaltamento senza urto contro ostacolo fisso,Incrocio,Una carreggiata a doppio senso,Bagnato (pioggia),Asfaltata,Verticale ed orizzontale,Pioggia in atto,Normale,Buona,Ore Diurne,1,0,0,1,,,False,z,VIA DEI MONTI PARIOLI,VIA DEI MONTI PARIOLI,
2593623,1,2015-11-23T18:30:00,Strada Urbana,all'intersezione con,VIA VENTIQUATTRO MAGGIO,,Investimento di pedone,Incrocio,Una carreggiata a doppio senso,Bagnato (pioggia),Acciotolata,Verticale ed orizzontale,Pioggia in atto,Normale,Insufficiente,Insufficiente,0,0,0,2,12.48676,41.89886,True,z,PIAZZA DEL QUIRINALE,PIAZZA DEL QUIRINALE,
2597925,18,2015-11-23T18:35:00,Strada Urbana,in prossimitíæ,VIA AURELIA,,Ribaltamento senza urto contro ostacolo fisso,Rettilineo,Due carreggiate,Bagnato (pioggia),Asfaltata,Verticale ed orizzontale,Pioggia in atto,Intenso,Sufficiente,Sufficiente,0,0,0,3,12.41675,41.89477,True,z,del civico n.,,660
2593372,4,2015-11-23T19:00:00,,all'intersezione semaforizzata con,VIA NOMENTANA,,Tamponamento,,,,,,,,,,0,0,0,2,12.55238,41.94111,False,z,VIA ARTURO GRAF,VIA ARTURO GRAF,
2593300,2,2015-11-23T19:05:00,Strada Urbana,in corrispondenza,VIA SALARIA,,Scontro frontale-laterale SX fra veicoli in marcia,Rettilineo,Una carreggiata a doppio senso,Bagnato (pioggia),Asfaltata,Verticale ed orizzontale,Pioggia in atto,Normale,Sufficiente,Sufficiente,0,0,0,2,12.50313,41.92402,True,z,del civico n.,,267
2593566,1,2015-11-23T19:10:00,Strada Urbana,in prossimitíæ,PIAZZA DI S. SALVATORE IN LAURO,,Veicolo in marcia contro ostacolo fisso,Rettilineo,,Bagnato (pioggia),In cubetti di porfido,Verticale ed orizzontale,Pioggia in atto,Scarso,Sufficiente,Sufficiente,0,0,0,1,,,False,z,del civico n.,,4
2593205,16,2015-11-23T19:20:00,Strada Urbana,in prossimitíæ,VIA DI S. PANCRAZIO,,Scontro laterale fra veicoli in marcia,Rettilineo,Una carreggiata a doppio senso,Bagnato (pioggia),Asfaltata,Verticale ed orizzontale,Pioggia in atto,Normale,Sufficiente,Sufficiente,1,0,0,1,12.4596,41.88775,False,z,del civico n.,,7
2593105,7,2015-11-23T19:20:00,Strada Urbana,in corrispondenza,VIALE ALESSANDRINO,,Tamponamento,Rettilineo,Una carreggiata a doppio senso,Bagnato (pioggia),Asfaltata,Orizzontale,Pioggia in atto,Normale,Buona,Ore Diurne,0,0,0,2,12.57642,41.88923,True,z,del civico n.,,765
2593249,17,2015-11-23T19:30:00,Strada Urbana,in prossimitíæ,VIA CIPRO,,Scontro laterale fra veicoli in marcia,Rettilineo,Due carreggiate,Bagnato (pioggia),Asfaltata,Verticale ed orizzontale,Pioggia in atto,Normale,Buona,Sufficiente,0,0,0,2,12.44716,41.90788,False,z,del civico n.,,6c
2593014,7,2015-11-23T19:30:00,Strada Urbana,all'intersezione con,VIA TOR DE' SCHIAVI,,Scontro frontale-laterale SX fra veicoli in marcia,Incrocio,Una carreggiata a doppio senso,Bagnato (pioggia),Asfaltata,Verticale ed orizzontale,Pioggia in atto,Normale,Buona,Sufficiente,1,0,0,1,12.56349,41.88125,True,z,VIA DEI PLATANI,VIA DEI PLATANI,
2593102,13,2015-11-23T19:35:00,Strada Urbana,in corrispondenza,VIA FABIANO LANDI,,Investimento di pedone,Rettilineo,Una carreggiata a doppio senso,Bagnato (pioggia),Asfaltata,Verticale ed orizzontale,Pioggia in atto,Normale,Sufficiente,Sufficiente,1,0,0,1,12.3734,41.78606,False,z,del civico n.,,46
2593036,11,2015-11-23T19:40:00,Strada Urbana,da specificare,VIALE GIUSTINIANO IMPERATORE,f.c. 157,Scontro laterale fra veicoli in marcia,Rettilineo,Due carreggiate,Bagnato (pioggia),Asfaltata,Verticale ed orizzontale,Nuvoloso,Normale,Buona,Sufficiente,0,0,0,2,12.48097,41.85637,True,z,,,
2594519,20,2015-11-23T19:45:00,Strada Urbana,in prossimitíæ,VIA DI VILLA SEVERINI,,Tamponamento,Rettilineo,Due carreggiate,Asciutto,Asfaltata,Verticale ed orizzontale,Sereno,Normale,Sufficiente,Sufficiente,1,0,0,1,,,False,z,del civico n.,,10
2592993,11,2015-11-23T19:50:00,Strada Urbana,in corrispondenza,VICOLO DELLA GARBATELLA,,Scontro frontale-laterale DX fra veicoli in marcia,Rettilineo,Una carreggiata a senso unico di marcia,Bagnato (pioggia),Asfaltata,Verticale ed orizzontale,Pioggia in atto,Normale,Buona,Sufficiente,0,0,0,2,12.48349,41.86383,True,z,del civico n.,,4
2593395,2,2015-11-23T19:55:00,,all'intersezione con,VIA DI S. VALENTINO,,Investimento di pedone,,,,,,,,,,1,0,0,1,,,False,z,VIA ARCHIMEDE,VIA ARCHIMEDE,
2592984,8,2015-11-23T20:00:00,,all'intersezione con,VIA DI TOR BELLA MONACA,,Scontro laterale fra veicoli in marcia,,,,,,,,,,4,0,0,7,,,False,z,VIA AMICO ASPERTINI,VIA AMICO ASPERTINI,
2593268,12,2015-11-23T20:00:00,Strada Urbana,in prossimitíæ,VIA DI MEZZOCAMMINO,,Investimento di pedone,Rettilineo,Una carreggiata a doppio senso,Bagnato (pioggia),Asfaltata,Verticale ed orizzontale,Pioggia in atto,Intenso,Insufficiente,Insufficiente,2,0,0,1,,,False,z,del civico n.,,175
2593225,13,2015-11-23T20:00:00,Provinciale entro l'abitato,da specificare,VIALE DEI ROMAGNOLI,"prossimitíæ Km 24,400 di Via del Mare dir. Ostia",Fuoriuscita dalla sede stradale,Rettilineo,Una carreggiata a senso unico di marcia,Bagnato (pioggia),Asfaltata,Verticale,Pioggia in atto,Normale,Insufficiente,Inesistente,1,0,0,0,12.32203,41.76901,False,z,,,
2593112,5,2015-11-23T20:30:00,Strada Urbana,da specificare,VIALE EGIDIO GALBANI,altezza rotatoria VIA LOCKE,Veicolo in marcia contro ostacolo fisso,Curva a visuale libera,Due carreggiate,Bagnato (pioggia),Asfaltata,Verticale ed orizzontale,Pioggia in atto,Normale,Sufficiente,Sufficiente,1,0,0,0,12.55744,41.93264,False,z,,,
2593081,5,2015-11-23T20:30:00,Strada Urbana,da specificare,VIA GIUSEPPE ANTONIO ANDRIULLI,300 mt. circa prima dell'A24 direzione Serenissima,Scontro frontale-laterale DX fra veicoli in marcia,Rettilineo,Due carreggiate,Bagnato (pioggia),Asfaltata,Verticale ed orizzontale,Pioggia in atto,Normale,Sufficiente,Sufficiente,3,0,0,0,12.55694,41.90315,False,z,,,
2592911,10,2015-11-23T20:35:00,,all'intersezione semaforizzata con,VIA PRENESTINA,,Investimento di pedone,,,,,,,,,,1,1,0,0,12.59053,41.8942,False,z,VIALE GIORGIO DE CHIRICO,VIALE GIORGIO DE CHIRICO,
2592989,20,2015-11-23T20:45:00,Strada Urbana,da specificare,VIADOTTO GIUBILEO DEL 2000,direzione fuori altezza rampa GRA - Cassia,Ribaltamento senza urto contro ostacolo fisso,Curva senza visuale libera,Due carreggiate,Bagnato (pioggia),Asfaltata,Orizzontale,Pioggia in atto,Normale,Insufficiente,Insufficiente,1,0,0,0,,,False,z,,,
2592934,20,2015-11-23T21:00:00,Strada Urbana,in prossimitíæ,VIA DELLA GIUSTINIANA,,Scontro frontale fra veicoli in marcia,Rettilineo,Una carreggiata a doppio senso,Bagnato (pioggia),Asfaltata,Orizzontale,Pioggia in atto,Normale,Buona,Sufficiente,0,0,0,3,,,False,z,del palo luce n.,,263
2592839,9,2015-11-23T21:05:00,,in corrispondenza,VIA APPIA NUOVA,,Veicolo in marcia contro ostacolo fisso,,,,,,,,,,1,0,0,1,12.52869,41.86998,False,z,del civico n.,,588
2593328,4,2015-11-23T21:05:00,Strada Urbana,all'intersezione con,VIA VIRGILIO TALLI,,Veicolo in marcia contro ostacolo fisso,Incrocio,Una carreggiata a doppio senso,Bagnato (pioggia),Asfaltata,Verticale ed orizzontale,Pioggia in atto,Scarso,Sufficiente,Sufficiente,0,0,0,2,12.52215,41.96481,True,z,VIA CAMILLO PILOTTO,VIA CAMILLO PILOTTO,
2592866,9,2015-11-23T21:05:00,,all'intersezione con,VIA FOLIGNO,,Scontro frontale-laterale DX fra veicoli in marcia,,,,,,,,,,1,0,0,2,12.51873,41.88518,False,z,VIA TERNI,VIA TERNI,
2593467,7,2015-11-23T22:10:00,Strada Urbana,da specificare,VIA COLLATINA,ALTEZZA STAZIONE DI LUNGHEZZA,Veicolo in marcia contro ostacolo fisso,Curva a visuale libera,Una carreggiata a doppio senso,Bagnato (pioggia),Asfaltata,Verticale ed orizzontale,Pioggia in atto,Scarso,Buona,Sufficiente,1,0,0,0,12.66808,41.92354,False,z,,,
2592920,10,2015-11-23T22:20:00,Strada Urbana,da specificare,VIA APPIA NUOVA,alt DAZIO prox civico 1009,Scontro frontale-laterale SX fra veicoli in marcia,Rettilineo,Una carreggiata a doppio senso,Bagnato (pioggia),Asfaltata,Verticale ed orizzontale,Pioggia in atto,Scarso,Buona,Sufficiente,0,0,0,2,12.55334,41.83349,True,z,,,
2593213,4,2015-11-24T00:00:00,,da specificare,VIA DI CASAL BOCCONE,dir. Via NOMENTANA PROX. RAMPA INVERSIONE,Tamponamento,,,,,,,,,,0,0,0,2,12.56332,41.94985,False,z,,,
2592936,9,2015-11-24T00:30:00,,all'intersezione con,VIALE MARCO FULVIO NOBILIORE,,Scontro frontale-laterale DX fra veicoli in marcia,,,,,,,,,,0,0,0,3,12.56592,41.86081,False,z,VIA GIUSEPPE SALVIOLI,VIA GIUSEPPE SALVIOLI,
2593004,8,2015-11-24T00:45:00,Strada Urbana,in prossimitíæ,VIA COLLATINA,,Veicolo in marcia contro ostacolo accidentale,Rettilineo,Una carreggiata a doppio senso,Bagnato (pioggia),Asfaltata,Verticale ed orizzontale,Pioggia in atto,Scarso,Sufficiente,Sufficiente,0,0,0,2,12.63113,41.90949,True,z,del palo luce n.,,586
2592988,11,2015-11-24T04:00:00,Strada Urbana,da specificare,VIALE GUGLIELMO MARCONI,prossimitíæ L.go Maestri del Lavoro,Veicolo in marcia contro veicoli in sosta,Rettilineo,Pií_ di due carreggiate,Asciutto,Asfaltata,Verticale ed orizzontale,Sereno,Normale,Buona,Sufficiente,0,0,0,1,12.47432,41.84958,True,z,,,
2593295,20,2015-11-24T06:10:00,Strada Urbana,in corrispondenza,VIALE DI TOR DI QUINTO,,Veicolo in marcia contro ostacolo fisso,Rettilineo,Due carreggiate,Bagnato (pioggia),Asfaltata,Verticale ed orizzontale,Nuvoloso,Normale,Buona,Sufficiente,0,0,0,1,,,False,z,del civico n.,,155
2594297,13,2015-11-24T06:30:00,,in prossimitíæ,VIA DELLE TRIREMI,,Veicolo in marcia contro ostacolo accidentale,,,,,,,,,,0,0,0,1,,,False,z,del civico n.,,43