_ID,_Gruppo,_DataOraIncidente,_Localizzazione1,_Localizzazione2,_Strada1,_DaSpecificare,_NaturaIncidente,_ParticolaritaStrade,_TipoStrada,_FondoStradale,_Pavimentazione,_Segnaletica,_CondizioneAtmosferica,_Traffico,_Visibilita,_Illuminazione,_NUM_FERITI,_NUM_RISERVATA,_NUM_MORTI,_NUM_ILLESI,_Longitudine,_Latitudine,_CONFERMATO,__prefix,_Strada02,_Strada2,_Chilometrica
2594627,20,2015-11-24T18:40:00,Regionale entro l'abitato,all'intersezione con,VIA FLAMINIA,,Scontro frontale-laterale SX fra veicoli in marcia,Incrocio,Una carreggiata a doppio senso,Asciutto,Asfaltata,Orizzontale,Sereno,Normale,Sufficiente,Sufficiente,1,0,0,1,,,False,z,VIA BEVAGNA,VIA BEVAGNA,
2594258,5,2015-11-24T18:45:00,Strada Urbana,in prossimitíæ,VIA DEI MONTI DI PIETRALATA,,Scontro frontale fra veicoli in marcia,Rettilineo,Una carreggiata a doppio senso,Bagnato (umiditíæ in atto),Asfaltata,Assente,Sereno,Normale,Insufficiente,Insufficiente,1,0,0,1,12.53322,41.92634,True,z,del civico n.,,203
2594243,6,2015-11-24T18:50:00,Strada Urbana,in corrispondenza,VIA COLLATINA,,Investimento di pedone,Rettilineo,Una carreggiata a doppio senso,Asciutto,Asfaltata,Orizzontale,Sereno,Normale,Sufficiente,Sufficiente,0,0,0,2,,,False,z,del civico n.,,7 B
2594309,9,2015-11-24T18:55:00,,da specificare,PIAZZA RAGUSA,fr. VIA DEI ROGAZIONISTI,Scontro laterale fra veicoli in marcia,,,,,,,,,,1,0,0,1,12.52305,41.88123,False,z,,,
2594503,3,2015-11-24T19:00:00,,da specificare,VIA NOMENTANA,fronte Via Reggio Emilia ,Investimento di pedone,,,,,,,,,,1,0,0,1,,,False,z,,,
2594261,7,2015-11-24T19:00:00,Strada Urbana,in corrispondenza,VIALE ALESSANDRINO,,Investimento di pedone,Rettilineo,Una carreggiata a doppio senso,Asciutto,Asfaltata,Orizzontale,Sereno,Normale,Buona,Sufficiente,0,0,1,1,12.57997,41.87354,True,z,del civico n.,,125
2594395,15,2015-11-24T20:00:00,Strada Urbana,in corrispondenza,VIA PORTUENSE,,Scontro frontale-laterale DX fra veicoli in marcia,Rettilineo,Una carreggiata a doppio senso,Asciutto,Asfaltata,Orizzontale,Sereno,Normale,Buona,Sufficiente,2,0,0,1,12.46437,41.8672,True,z,del civico n.,,297-B
2594685,17,2015-11-24T20:30:00,Strada Urbana,da specificare,VIA GREGORIO VII,fronte civico 170-A,Veicolo in marcia contro ostacolo accidentale,Rettilineo,Pií_ di due carreggiate,Asciutto,Asfaltata,Verticale ed orizzontale,Sereno,Scarso,Sufficiente,Sufficiente,0,0,0,2,12.44042,41.89603,True,z,,,
2594486,19,2015-11-24T20:30:00,Strada Urbana,da specificare,VIA DELLA PINETA SACCHETTI,altezza Via L.A. Pascucci,Scontro frontale-laterale SX fra veicoli in marcia,Rettilineo,Due carreggiate,Asciutto,Asfaltata,Verticale ed orizzontale,Sereno,Normale,Buona,Sufficiente,1,0,0,2,12.42428,41.9229,True,z,,,
2594787,20,2015-11-24T20:30:00,Strada Urbana,in prossimitíæ,VIA CASSIA,,Scontro frontale-laterale SX fra veicoli in marcia,Rettilineo,Una carreggiata a doppio senso,Asciutto,Asfaltata,Verticale ed orizzontale,Sereno,Normale,Sufficiente,Sufficiente,1,0,0,2,,,False,z,del civico n.,,1799 L
2594569,19,2015-11-24T20:40:00,Strada Urbana,in corrispondenza,GALLERIA GIOVANNI XXIII,,Tamponamento,Galleria illuminata,Una carreggiata a senso unico alternato,Asciutto,Asfaltata,Orizzontale,Sereno,Normale,Buona,Sufficiente,1,0,0,3,12.44462,41.94111,True,z,della chilometrica,,0.2
2595133,1,2015-11-24T20:55:00,Strada Urbana,in prossimitíæ,VIA MARMORATA,,Scontro frontale-laterale SX fra veicoli in marcia,Rettilineo,Una carreggiata a doppio senso,Asciutto,Asfaltata,Verticale ed orizzontale,Sereno,Normale,Buona,Sufficiente,1,0,0,1,,,False,z,del civico n.,,177
2594249,9,2015-11-24T21:00:00,,da specificare,VIA LA SPEZIA,pross. VIA POZZUOLI,Scontro frontale-laterale DX fra veicoli in marcia,,,,,,,,,,1,0,0,1,12.51531,41.88637,False,z,,,
2595038,3,2015-11-24T21:30:00,Strada Urbana,da specificare,VIA FRASSO SABINO,pross.tíæ Via Val Nerina,Veicolo in marcia contro veicoli in sosta,Rettilineo,Una carreggiata a senso unico di marcia,Asciutto,Asfaltata,Verticale ed orizzontale,Sereno,Scarso,Sufficiente,Sufficiente,0,0,0,1,12.66078,41.4691,False,z,,,
2594547,20,2015-11-24T21:58:00,Comunale extraurbana,all'intersezione con,VIA DELLA GIUSTINIANA,,Scontro frontale-laterale DX fra veicoli in marcia,Incrocio,Una carreggiata a doppio senso,Asciutto,Asfaltata,Verticale ed orizzontale,Nuvoloso,Scarso,Insufficiente,Insufficiente,2,0,0,2,,,False,z,VIA ANNA FOA',VIA ANNA FOA',
2594324,8,2015-11-24T22:30:00,Strada Urbana,in prossimitíæ,VIA DELLE DUE TORRI,,Veicolo in marcia contro ostacolo accidentale,Rettilineo,Una carreggiata a doppio senso,Asciutto,Asfaltata,Assente,Sereno,Scarso,Sufficiente,Sufficiente,0,0,0,2,12.65437,41.85808,True,z,del palo luce n.,,15
2594306,10,2015-11-24T22:30:00,,da specificare,VIA DI SALONE,alt ponte aniene dir tiburtina,Fuoriuscita dalla sede stradale,,,,,,,,,,0,0,1,0,,,False,z,,,
2595237,1,2015-11-25T00:05:00,Strada Urbana,all'intersezione semaforizzata con,VIA MERULANA,,Scontro laterale fra veicoli in marcia,Intersezione semaforizzata,Una carreggiata a doppio senso,Asciutto,Asfaltata,Verticale ed orizzontale,Sereno,Scarso,Buona,Sufficiente,1,0,0,1,,,False,z,VIA GUICCIARDINI,VIA GUICCIARDINI,
2596029,19,2015-11-25T00:57:00,Strada Urbana,all'intersezione con,VIA DI CASAL DEL MARMO,,Scontro frontale-laterale DX fra veicoli in marcia,Intersezione stradale segnalata,Una carreggiata a doppio senso,Asciutto,Asfaltata,Verticale ed orizzontale,Sereno,Scarso,Buona,Sufficiente,0,0,0,2,12.38708,41.9413,True,z,VIA DELLA PALMAROLA,VIA DELLA PALMAROLA,
2594749,4,2015-11-25T02:00:00,Strada Urbana,in prossimitíæ,VIA DI SCORTICABOVE,,Veicolo in marcia contro veicoli in sosta,Rettilineo,Una carreggiata a doppio senso,Asciutto,Asfaltata,Assente,Sereno,Scarso,Sufficiente,Sufficiente,0,0,0,0,12.59251,41.93422,True,z,del civico n.,,150-a
2594290,1,2015-11-25T02:50:00,Strada Urbana,all'intersezione semaforizzata con,VIA VITTORIO VENETO,,Veicolo in marcia contro ostacolo fisso,Incrocio,Una carreggiata a doppio senso,Asciutto,Asfaltata,Verticale ed orizzontale,Sereno,Scarso,Buona,Sufficiente,1,0,0,0,12.49015,41.9064,True,z,VIA LEONIDA BISSOLATI,VIA LEONIDA BISSOLATI,
2594611,1,2015-11-25T03:30:00,Strada Urbana,in corrispondenza,VIA DEL CIRCO MASSIMO,,Tamponamento,Rettilineo,Una carreggiata a doppio senso,Asciutto,Asfaltata,Assente,Sereno,Scarso,Buona,Sufficiente,2,0,1,2,12.48507,41.88541,False,z,del palo luce n.,,20
2596008,19,2015-11-25T05:10:00,Strada Urbana,all'intersezione con,VIA GIULIO SALVADORI,,Scontro frontale-laterale SX fra veicoli in marcia,Incrocio,Una carreggiata a senso unico di marcia,Asciutto,Asfaltata,Verticale ed orizzontale,Sereno,Scarso,Buona,Sufficiente,1,0,0,3,12.41938,41.94498,True,z,VIA DEL COLLE DI S. AGATA,VIA DEL COLLE DI S. AGATA,
2596507,23,2015-11-25T07:15:00,Comunale extraurbana,all'intersezione semaforizzata con,VIA CRISTOFORO COLOMBO,,Tamponamento,Intersezione semaforizzata,Pií_ di due carreggiate,Asciutto,Asfaltata,Verticale ed orizzontale,Sereno,Intenso,Buona,Ore Diurne,0,0,0,2,12.35756,41.74595,True,z,VIA DI ACILIA,VIA DI ACILIA,
2600780,12,2015-11-25T07:45:00,Strada Urbana,da specificare,VIA SARSINA,fronte civico 225,Veicolo in marcia contro veicolo in sosta,Rettilineo,Una carreggiata a doppio senso,Asciutto,Asfaltata,Verticale ed orizzontale,Sereno,Scarso,Buona,Ore Diurne,0,0,0,0,12.40765,41.79141,False,z,,,
2596053,4,2015-11-25T07:50:00,,in corrispondenza,VIA NOMENTANA,,Scontro frontale-laterale DX fra veicoli in marcia,,,,,,,,,,0,0,0,2,12.57289,41.95324,False,z,del civico n.,,1105
2594489,7,2015-11-25T08:10:00,Strada Urbana,in prossimitíæ,VIA DI TOR TRE TESTE,,Tamponamento,Rettilineo,Una carreggiata a doppio senso,Asciutto,Asfaltata,Verticale ed orizzontale,Nuvoloso,Normale,Buona,Ore Diurne,0,0,0,2,12.59061,41.893,True,z,del civico n.,,222
2594686,19,2015-11-25T08:10:00,Strada Urbana,all'intersezione semaforizzata con,VIA MATTIA BATTISTINI,,Scontro frontale-laterale SX fra veicoli in marcia,Incrocio,Una carreggiata a doppio senso,Asciutto,Asfaltata,Orizzontale,Sereno,Intenso,Buona,Ore Diurne,1,0,0,1,12.4185,41.91264,True,z,VIA DEL FORTE BRASCHI,VIA DEL FORTE BRASCHI,
2595846,6,2015-11-25T08:25:00,Strada Urbana,da specificare,VIA DINO PENAZZATO,fronte civico 91-E,Veicolo in marcia contro veicolo in sosta,Rettilineo,Una carreggiata a doppio senso,Asciutto,Asfaltata,Verticale ed orizzontale,Sereno,Normale,Buona,Ore Diurne,0,0,0,1,12.56537,41.89825,True,z,,,
2595415,5,2015-11-25T08:30:00,,da specificare,VIA DELLA TENUTA DEL CAVALIERE,p.tíæ PONTE SULL'ANIENE,Tamponamento,,,,,,,,,,1,0,0,0,12.66777,41.92754,False,z,,,
2595012,3,2015-11-25T08:30:00,Strada Urbana,in corrispondenza,VIA LORENZO IL MAGNIFICO,,Tamponamento,Rettilineo,Una carreggiata a doppio senso,Asciutto,Asfaltata,Verticale ed orizzontale,Sereno,Normale,Buona,Ore Diurne,0,0,0,4,12.52217,41.91319,True,z,del civico n.,,11
2596074,13,2015-11-25T08:30:00,Strada Urbana,all'intersezione semaforizzata con,VIA DEL MARE,,Scontro laterale fra veicoli in marcia,Intersezione semaforizzata,Due carreggiate,Asciutto,Asfaltata,Verticale ed orizzontale,Sereno,Normale,Buona,Ore Diurne,0,0,0,2,12.30395,41.75953,True,z,VIA DI CASTEL FUSANO,VIA DI CASTEL FUSANO,
2595686,15,2015-11-25T08:30:00,,all'intersezione con,VIALE ARTURO MARTINI,,Tamponamento,,,,,,,,,,0,0,0,1,12.41378,41.84794,False,z,VIA PORTUENSE,VIA PORTUENSE,
2594577,9,2015-11-25T08:40:00,Strada Urbana,da specificare,PIAZZALE LABICANO,prossimitíæ Scalo San Lorenzo,Scontro laterale fra veicoli in marcia,Rettilineo,Una carreggiata a senso unico di marcia,Asciutto,Asfaltata,Assente,Sereno,Intenso,Buona,Ore Diurne,0,0,0,3,12.51547,41.89226,True,z,,,
2594822,12,2015-11-25T08:45:00,Regionale,da specificare,VIA PONTINA NUOVA,Confluenza via C. Colombo (Dir. Roma Centro),Scontro laterale fra veicoli in marcia,Rettilineo,Due carreggiate,Asciutto,Asfaltata,Verticale ed orizzontale,Sereno,Intenso,Buona,Ore Diurne,0,0,0,2,12.46271,41.81759,True,z,,,
2594738,17,2015-11-25T08:45:00,Strada Urbana,all'intersezione con,LUNGOTEVERE MICHELANGELO,,Scontro frontale-laterale DX fra veicoli in marcia,Incrocio,Una carreggiata a senso unico di marcia,Asciutto,Asfaltata,Verticale ed orizzontale,Sereno,Normale,Buona,Ore Diurne,0,0,0,2,12.47036,41.91219,True,z,VIALE GIULIO CESARE,VIALE GIULIO CESARE,
2596124,1,2015-11-25T09:00:00,Strada Urbana,all'intersezione con,VIA PIETRO PERETTI,,Veicolo in marcia contro veicolo fermo,Incrocio,Una carreggiata a senso unico di marcia,Asciutto,Asfaltata,Verticale ed orizzontale,Sereno,Normale,Buona,Ore Diurne,0,0,0,3,12.47828,41.88809,False,z,LUNGOTEVERE RIPA,LUNGOTEVERE RIPA,
2595420,5,2015-11-25T09:00:00,Strada Urbana,in prossimitíæ,VIA BELMONTE IN SABINA,,Infortunio per sola frenata improvvisa,Rettilineo,Due carreggiate,Asciutto,Asfaltata,Verticale ed orizzontale,Sereno,Normale,Buona,Ore Diurne,1,0,0,2,12.60097,41.95237,False,z,del palo luce n.,,10
2595359,18,2015-11-25T09:00:00,Strada Urbana,in prossimitíæ,VIA AURELIA,,Scontro frontale-laterale SX fra veicoli in marcia,Rettilineo,Una carreggiata a doppio senso,Bagnato (umiditíæ in atto),Asfaltata,Verticale ed orizzontale,Sereno,Normale,Buona,Ore Diurne,1,0,0,1,12.43866,41.89826,False,z,del civico n.,,269
2594687,10,2015-11-25T09:15:00,Strada Urbana,da specificare,VIA DI TORRE SPACCATA,dir. Casilina 20 mt. prima L.go Alamein,Tamponamento,Rettilineo,Una carreggiata a doppio senso,Asciutto,Asfaltata,Verticale ed orizzontale,Sereno,Normale,Buona,Ore Diurne,1,0,0,1,,,False,z,,,
2595781,13,2015-11-25T09:15:00,Strada Urbana,all'intersezione con,VIA ISOLE SALOMONE,,Scontro frontale-laterale SX fra veicoli in marcia,Incrocio,Una carreggiata a doppio senso,Asciutto,Asfaltata,Verticale ed orizzontale,Sereno,Normale,Buona,Ore Diurne,1,0,0,2,12.2764,41.74038,False,z,VIA DELLE CAROLINE,VIA DELLE CAROLINE,
2596567,23,2015-11-25T09:15:00,Comunale extraurbana,all'intersezione semaforizzata con,VIA DI ACILIA,,Tamponamento,Intersezione semaforizzata,Una carreggiata a senso unico di marcia,Asciutto,Asfaltata,Verticale ed orizzontale,Sereno,Intenso,Buona,Ore Diurne,0,0,0,2,12.38317,41.76513,True,z,VIA CRISTOFORO COLOMBO,VIA CRISTOFORO COLOMBO,
2594667,11,2015-11-25T09:20:00,Strada Urbana,da specificare,VIALE GUGLIELMO MARCONI,Prossimitíæ Via di Valco San Paolo,Scontro laterale fra veicoli in marcia,Rettilineo,Due carreggiate,Asciutto,Asfaltata,Verticale ed orizzontale,Sereno,Normale,Buona,Ore Diurne,0,0,0,2,12.4734,41.8522,True,z,,,
2596032,13,2015-11-25T10:10:00,Strada Urbana,all'intersezione semaforizzata con,VIA DI ACILIA,,Investimento di pedone,Intersezione semaforizzata,Una carreggiata a doppio senso,Asciutto,Asfaltata,Verticale ed orizzontale,Sereno,Normale,Buona,Ore Diurne,1,0,0,2,12.36624,41.78167,False,z,VIA DI SAPONARA,VIA DI SAPONARA,
2595789,8,2015-11-25T10:15:00,Strada Urbana,all'intersezione con,VIA COLUMBIA,,Scontro laterale fra veicoli in marcia,Incrocio,Una carreggiata a doppio senso,Asciutto,Asfaltata,Verticale ed orizzontale,Sereno,Scarso,Buona,Ore Diurne,2,0,0,0,12.62366,41.85295,False,z,VIA CAMBRIDGE,VIA CAMBRIDGE,
2596287,1,2015-11-25T10:15:00,Strada Urbana,all'intersezione con,VIA DEL CIRCO MASSIMO,,Scontro frontale-laterale SX fra veicoli in marcia,Incrocio,Due carreggiate,Asciutto,Asfaltata,Verticale ed orizzontale,Sereno,Normale,Buona,Ore Diurne,1,0,0,2,12.48464,41.88547,True,z,PIAZZALE UGO LA MALFA,PIAZZALE UGO LA MALFA,
2594782,6,2015-11-25T10:40:00,Strada Urbana,in corrispondenza,VIALE GIACOMO AICARDI,,Scontro laterale fra veicoli in marcia,Rettilineo,Una carreggiata a senso unico di marcia,Asciutto,Asfaltata,Verticale ed orizzontale,Sereno,Normale,Buona,Ore Diurne,0,0,0,4,12.54117,41.87552,True,z,del civico n.,,6
2596273,2,2015-11-25T10:45:00,Strada Urbana,all'intersezione con,VIA LUISA DI SAVOIA,,Scontro frontale-laterale DX fra veicoli in marcia,Incrocio,Due carreggiate,Asciutto,Asfaltata,Orizzontale,Sereno,Normale,Buona,Ore Diurne,1,0,0,2,,,False,z,VIA GIAN DOMENICO ROMAGNOSI,VIA GIAN DOMENICO ROMAGNOSI,
2594860,10,2015-11-25T10:55:00,Strada Urbana,da specificare,VIA ANAGNINA,"area parcheggio fronte ""Ericsson""",Scontro frontale-laterale DX fra veicoli in marcia,Rettilineo,Una carreggiata a senso unico di marcia,Asciutto,Asfaltata,Verticale,Sereno,Scarso,Buona,Ore Diurne,0,0,0,3,12.60315,41.82556,True,z,,,
2594930,17,2015-11-25T11:00:00,Strada Urbana,all'intersezione con,VIA MARCANTONIO COLONNA,,Scontro frontale-laterale SX fra veicoli in marcia,Incrocio,Una carreggiata a senso unico di marcia,Asciutto,Asfaltata,Verticale ed orizzontale,Sereno,Normale,Buona,Ore Diurne,0,0,0,2,12.46695,41.91,True,z,VIA POMPEO MAGNO,VIA POMPEO MAGNO,
2596235,1,2015-11-25T11:20:00,Strada Urbana,all'intersezione con,VIA MERULANA,,Scontro laterale fra veicoli in marcia,Incrocio,Una carreggiata a doppio senso,Asciutto,Asfaltata,Verticale ed orizzontale,Sereno,Normale,Buona,Ore Diurne,0,0,0,1,,,False,z,VIA MECENATE,VIA MECENATE,
2595815,8,2015-11-25T11:20:00,Strada Urbana,in prossimitíæ,VIA NATALE BALBIANI,,Scontro laterale fra veicoli in marcia,Rettilineo,Una carreggiata a senso unico di marcia,Asciutto,Asfaltata,Verticale ed orizzontale,Sereno,Normale,Buona,Ore Diurne,0,0,0,4,12.63338,41.86891,False,z,del civico n.,,12
2594879,11,2015-11-25T11:20:00,Strada Urbana,da specificare,PONTE GUGLIELMO MARCONI,in corrispondenza del quinto palo ACEA,Tamponamento Multiplo,Rettilineo,Una carreggiata a doppio senso,Asciutto,Asfaltata,Orizzontale,Sereno,Normale,Buona,Ore Diurne,0,0,0,4,12.47027,41.86001,True,z,,,
2595807,8,2015-11-25T11:30:00,Strada Urbana,all'intersezione con,VIA CASILINA,,Scontro laterale fra veicoli in marcia,Intersezione non regolata-non segnalata,Una carreggiata a doppio senso,Asciutto,Asfaltata,Verticale ed orizzontale,Sereno,Normale,Buona,Ore Diurne,0,0,0,2,12.60933,41.86405,True,z,VIA GIULIO BONASONI,VIA GIULIO BONASONI,
2596013,13,2015-11-25T11:30:00,Strada Urbana,all'intersezione con,VIA DELLE BALENIERE,,Scontro laterale fra veicoli in marcia,Intersezione semaforizzata,Una carreggiata a doppio senso,Asciutto,Asfaltata,Verticale ed orizzontale,Sereno,Normale,Buona,Ore Diurne,0,0,0,3,12.27948,41.73814,True,z,VIA DELLE ANTILLE,VIA DELLE ANTILLE,
2596335,1,2015-11-25T11:40:00,Strada Urbana,all'intersezione semaforizzata con,PIAZZA DI PORTA CAPENA,,Scontro frontale-laterale SX fra veicoli in marcia,Intersezione semaforizzata,Pií_ di due carreggiate,Asciutto,Asfaltata,Verticale ed orizzontale,Sereno,Scarso,Buona,Ore Diurne,1,0,0,1,12.49049,41.88334,True,z,VIALE DELLE TERME DI CARACALLA,VIALE DELLE TERME DI CARACALLA,
2596512,3,2015-11-25T11:46:00,Strada Urbana,in corrispondenza,VIALE DELL'UNIVERSITA',,Scontro laterale fra veicoli in marcia,Rettilineo,Una carreggiata a doppio senso,Asciutto,Asfaltata,Verticale ed orizzontale,Sereno,Normale,Buona,Ore Diurne,0,0,0,4,12.51345,41.90453,True,z,del civico n.,,32
2596045,1,2015-11-25T11:50:00,Strada Urbana,da specificare,LUNGOTEVERE AVENTINO,intersezione LARGO A. PETRUCCI,Veicolo in marcia contro veicolo in sosta,Rettilineo,Una carreggiata a senso unico di marcia,Asciutto,Asfaltata,Verticale ed orizzontale,Sereno,Normale,Buona,Ore Diurne,1,0,0,0,12.47894,41.88549,False,z,,,
2595687,15,2015-11-25T12:00:00,Strada Urbana,da specificare,PIAZZA DELLA RADIO,fronte civico 46-B area parcheggio,Veicolo in marcia contro veicolo fermo,Rettilineo,Due carreggiate,Asciutto,Asfaltata,Orizzontale,Sereno,Normale,Buona,Ore Diurne,0,0,0,3,12.46761,41.86983,True,z,,,
2596270,4,2015-11-25T12:00:00,Provinciale entro l'abitato,all'intersezione con,VIA NOMENTANA,,Scontro frontale-laterale SX fra veicoli in marcia,Incrocio,Una carreggiata a doppio senso,Asciutto,Asfaltata,Verticale ed orizzontale,Sereno,Normale,Buona,Ore Diurne,0,0,0,4,12.55238,41.94111,True,z,VIA GIANGIORGIO TRISSINO,VIA GIANGIORGIO TRISSINO,
2596354,1,2015-11-25T12:15:00,Strada Urbana,all'intersezione con,VIA GAETA,,Scontro laterale fra veicoli in marcia,Incrocio,Una carreggiata a senso unico di marcia,Asciutto,Asfaltata,Assente,Sereno,Normale,Buona,Ore Diurne,0,0,0,2,12.50203,41.90562,False,z,VIA CASTELFIDARDO,VIA CASTELFIDARDO,
2595135,12,2015-11-25T12:35:00,Strada Urbana,all'intersezione con,VIA VICO CONSORTI,,Scontro frontale-laterale SX fra veicoli in marcia,Rotatoria,Una carreggiata a senso unico di marcia,Asciutto,Asfaltata,Verticale ed orizzontale,Sereno,Normale,Buona,Ore Diurne,0,0,0,2,12.43433,41.79735,True,z,VIA ERCOLE DREI,VIA ERCOLE DREI,
2596334,4,2015-11-25T12:50:00,Strada Urbana,da specificare,PIAZZA FERNANDO DE LUCIA,fronte civico 110,Scontro frontale-laterale SX fra veicoli in marcia,Rettilineo,Due carreggiate,Asciutto,Asfaltata,Verticale,Nuvoloso,Scarso,Buona,Ore Diurne,0,0,0,2,12.5148,41.96535,True,z,,,
2595688,15,2015-11-25T13:00:00,Strada Urbana,in prossimitíæ,VIA DELLA CASETTA MATTEI,,Scontro frontale-laterale SX fra veicoli in marcia,Rettilineo,Una carreggiata a doppio senso,Asciutto,Asfaltata,Orizzontale,Sereno,Normale,Buona,Ore Diurne,1,0,0,1,12.42034,41.86212,True,z,del civico n.,,333
2598739,23,2015-11-25T13:10:00,,da specificare,VIA CRISTOFORO COLOMBO,via oropa,Tamponamento Multiplo,,,,,,,,,,1,0,0,2,,,False,z,,,
2595783,5,2015-11-25T13:10:00,Strada Urbana,all'intersezione semaforizzata con,VIA TIBURTINA,,Scontro frontale-laterale SX fra veicoli in marcia,Incrocio,Due carreggiate,Asciutto,Asfaltata,Verticale ed orizzontale,Sereno,Intenso,Buona,Ore Diurne,0,0,0,3,12.57911,41.93153,True,z,VIA ELENA BRANDIZZI GIANNI,VIA ELENA BRANDIZZI GIANNI,
2597896,18,2015-11-25T13:15:00,Strada Urbana,all'intersezione con,VIA DEL FORTE BRASCHI,,Scontro frontale-laterale DX fra veicoli in marcia,Intersezione stradale segnalata,Una carreggiata a senso unico di marcia,Asciutto,Asfaltata,Verticale ed orizzontale,Sereno,Normale,Buona,Ore Diurne,0,0,0,4,12.42092,41.91438,True,z,VIA PIO IX,VIA PIO IX,
2596240,4,2015-11-25T13:15:00,,da specificare,VIA NOMENTANA,altezza rampa gra carreggiata interna,Scontro frontale-laterale DX fra veicoli in marcia,,,,,,,,,,1,0,0,2,12.55238,41.94111,False,z,,,
2596535,3,2015-11-25T13:30:00,Strada Urbana,in prossimitíæ,PIAZZALE DEL VERANO,,Scontro frontale-laterale SX fra veicoli in marcia,Rotatoria,Una carreggiata a senso unico di marcia,Asciutto,Asfaltata,Verticale ed orizzontale,Sereno,Normale,Buona,Ore Diurne,0,0,0,4,12.51884,41.90171,True,z,del civico n.,,38
2595819,8,2015-11-25T14:00:00,Strada Urbana,in prossimitíæ,VIA DI TOR BELLA MONACA,,Veicolo in marcia contro ostacolo accidentale,Curva a visuale libera,Due carreggiate,Asciutto,Asfaltata,Verticale ed orizzontale,Sereno,Normale,Buona,Ore Diurne,0,0,0,2,12.62546,41.87778,True,z,del palo luce n.,,55
2596184,1,2015-11-25T14:00:00,Strada Urbana,in prossimitíæ,PIAZZA DELL'ARA COELI,,Scontro laterale fra veicoli in marcia,Rotatoria,Una carreggiata a senso unico di marcia,Asciutto,Acciotolata,Verticale ed orizzontale,Sereno,Intenso,Buona,Ore Diurne,1,0,0,1,12.48146,41.89399,True,z,del civico n.,,2
2595828,8,2015-11-25T14:00:00,Strada Urbana,da specificare,VIA DEI RUDERI DI CASA CALDA,ALTEZZA VIA W. TOBAGI,Veicolo in marcia contro ostacolo accidentale,Rettilineo,Una carreggiata a doppio senso,Asciutto,Con buche,Assente,Nuvoloso,Scarso,Buona,Ore Diurne,0,0,0,1,12.59472,41.87467,True,z,,,
2595123,10,2015-11-25T14:10:00,Strada Urbana,in prossimitíæ,VIA DI TORRE SPACCATA,,Scontro frontale-laterale SX fra veicoli in marcia,Rettilineo,Una carreggiata a doppio senso,Asciutto,Asfaltata,Verticale ed orizzontale,Sereno,Normale,Buona,Ore Diurne,0,0,0,2,12.58581,41.85777,True,z,del civico n.,,110
2595206,9,2015-11-25T14:10:00,Strada Urbana,all'intersezione con,VIA APPIA NUOVA,,Scontro laterale fra veicoli in marcia,Incrocio,Una carreggiata a senso unico di marcia,Asciutto,Asfaltata,Verticale ed orizzontale,Sereno,Normale,Buona,Ore Diurne,0,0,0,2,12.5337,41.86072,False,z,VIA DELL'ALMONE,VIA DELL'ALMONE,
2595232,9,2015-11-25T14:20:00,,all'intersezione semaforizzata con,VIA TARANTO,,Scontro laterale fra veicoli in marcia,,,,,,,,,,0,0,0,1,,,False,z,VIA RIMINI,VIA RIMINI,
2595137,11,2015-11-25T14:20:00,Strada Urbana,in prossimitíæ,VIA OSTIENSE,,Scontro laterale fra veicoli in marcia,Rettilineo,Pií_ di due carreggiate,Asciutto,Asfaltata,Verticale ed orizzontale,Nuvoloso,Normale,Buona,Ore Diurne,1,0,0,2,12.47964,41.87002,False,z,del civico n.,,68
2596272,16,2015-11-25T14:35:00,Strada Urbana,all'intersezione semaforizzata con,CIRCONVALLAZIONE GIANICOLENSE,,Scontro frontale-laterale DX fra veicoli in marcia,Intersezione semaforizzata,Pií_ di due carreggiate,Asciutto,Asfaltata,Verticale ed orizzontale,Sereno,Normale,Buona,Ore Diurne,1,0,0,1,12.44956,41.87247,False,z,PIAZZA S. GIOVANNI DI DIO,PIAZZA S. GIOVANNI DI DIO,
2596347,4,2015-11-25T15:10:00,,all'intersezione con,VIA DELLE ISOLE CURZOLANE,,Scontro frontale-laterale SX fra veicoli in marcia,,,,,,,,,,0,0,0,2,12.53194,41.94885,False,z,VIA MONTE PETROSO,VIA MONTE PETROSO,
2596123,13,2015-11-25T15:10:00,Strada Urbana,in prossimitíæ,VIA ERNESTO BOEZI,,Veicolo in marcia contro ostacolo accidentale,Rettilineo,Una carreggiata a doppio senso,Asciutto,Asfaltata,Assente,Sereno,Normale,Buona,Ore Diurne,0,0,0,1,12.36838,41.73899,True,z,del civico n.,,105
2595342,2,2015-11-25T15:10:00,Strada Urbana,in prossimitíæ,VIA GIAN GIACOMO PORRO,,Tamponamento,Rettilineo,Una carreggiata a senso unico di marcia,Asciutto,Asfaltata,Verticale ed orizzontale,Sereno,Scarso,Buona,Ore Diurne,0,0,0,4,12.48933,41.929,True,z,del civico n.,,7
2596028,17,2015-11-25T15:15:00,,da specificare,PIAZZA ADRIANA,altezza via Crescenzio,Infortunio per caduta del veicolo,,,,,,,,,,0,0,0,1,12.46721,41.90472,False,z,,,
2595167,20,2015-11-25T15:15:00,Strada Urbana,all'intersezione con,VIA VALCHETTA CARTONI,,Scontro laterale fra veicoli in marcia,Incrocio,Una carreggiata a doppio senso,Asciutto,Asfaltata,Verticale ed orizzontale,Sereno,Normale,Buona,Ore Diurne,0,0,0,2,12.49284,41.98461,True,z,VIA FLAMINIA,VIA FLAMINIA,
2595785,8,2015-11-25T15:20:00,,all'intersezione con,VIA DI ROCCA CENCIA,,Scontro frontale-laterale DX fra veicoli in marcia,,,,,,,,,,1,0,0,2,,,False,z,VIA SELLIA,VIA SELLIA,