_ID,_Gruppo,_DataOraIncidente,_Localizzazione1,_Localizzazione2,_Strada1,_DaSpecificare,_NaturaIncidente,_ParticolaritaStrade,_TipoStrada,_FondoStradale,_Pavimentazione,_Segnaletica,_CondizioneAtmosferica,_Traffico,_Visibilita,_Illuminazione,_NUM_FERITI,_NUM_RISERVATA,_NUM_MORTI,_NUM_ILLESI,_Longitudine,_Latitudine,_CONFERMATO,__prefix,_Strada02,_Strada2,_Chilometrica
2600709,2,2015-11-27T08:50:00,Strada Urbana,in prossimitíæ,PIAZZA ANNIBALIANO,,Ribaltamento senza urto contro ostacolo fisso,Rettilineo,Due carreggiate,Asciutto,Asfaltata,Verticale ed orizzontale,Sereno,Normale,Buona,Ore Diurne,0,0,0,1,12.51617,41.92444,True,z,del civico n.,,18
2598154,12,2015-11-27T08:50:00,Strada Urbana,in prossimitíæ,VIALE DEGLI EROI DI CEFALONIA,,Tamponamento,Rettilineo,Una carreggiata a senso unico di marcia,Asciutto,Asfaltata,Verticale ed orizzontale,Sereno,Normale,Buona,Ore Diurne,0,0,0,3,12.43941,41.78032,True,z,del civico n.,,107
2598223,12,2015-11-27T09:15:00,Strada Urbana,da specificare,VIA WOOLF,prossimitíæ via F. Sapori (Palo Acea n. 2),Veicolo in marcia contro ostacolo accidentale,Rettilineo,Una carreggiata a senso unico di marcia,Asciutto,Con buche,Verticale ed orizzontale,Sereno,Scarso,Buona,Ore Diurne,0,0,0,1,12.48309,41.81035,True,z,,,
2597443,6,2015-11-27T09:20:00,Strada Urbana,all'intersezione con,PIAZZALE PRENESTINO,,Scontro frontale-laterale SX fra veicoli in marcia,Intersezione stradale segnalata,Una carreggiata a senso unico di marcia,Asciutto,Asfaltata,Verticale ed orizzontale,Sereno,Normale,Buona,Ore Diurne,0,0,0,2,12.52662,41.89091,True,z,VIA MACERATA,VIA MACERATA,
2600909,2,2015-11-27T09:25:00,Strada Urbana,all'intersezione semaforizzata con,VIALE PARIOLI,,Scontro laterale fra veicoli in marcia,Intersezione semaforizzata,Una carreggiata a doppio senso,Asciutto,Asfaltata,Verticale ed orizzontale,Nuvoloso,Intenso,Buona,Ore Diurne,1,0,0,1,12.49178,41.9229,False,z,VIA ANTONIO STOPPANI,VIA ANTONIO STOPPANI,
2598692,4,2015-11-27T09:25:00,Strada Urbana,da specificare,VIA VAGLIA,fronte VIA CINIGIANO,Scontro laterale fra veicoli in marcia,Curva a visuale libera,Una carreggiata a doppio senso,Asciutto,Asfaltata,Verticale ed orizzontale,Sereno,Intenso,Buona,Ore Diurne,0,0,0,2,12.51473,41.94998,True,z,,,
2597886,5,2015-11-27T09:50:00,Strada Urbana,da specificare,VIA TIBURTINA,alt. G.R.A. direzione Tivoli,Scontro laterale fra veicoli in marcia,Rettilineo,Una carreggiata a doppio senso,Asciutto,Asfaltata,Orizzontale,Sereno,Intenso,Buona,Ore Diurne,0,0,0,3,12.60289,41.93361,True,z,,,
2597493,1,2015-11-27T10:00:00,Strada Urbana,in prossimitíæ,VIA MERULANA,,Investimento di pedone,Rettilineo,Una carreggiata a doppio senso,Asciutto,Asfaltata,Verticale ed orizzontale,Sereno,Intenso,Buona,Ore Diurne,1,0,0,1,12.50284,41.89031,False,z,del civico n.,,117
2597531,11,2015-11-27T10:00:00,Strada Urbana,all'intersezione semaforizzata con,VIA CRISTOFORO COLOMBO,,Scontro laterale fra veicoli in marcia,Intersezione semaforizzata,Pií_ di due carreggiate,Asciutto,Asfaltata,Verticale ed orizzontale,Sereno,Normale,Buona,Ore Diurne,0,0,0,2,12.47554,41.84134,True,z,VIA LAURENTINA,VIA LAURENTINA,
2600643,19,2015-11-27T10:15:00,Strada Urbana,all'intersezione con,VIA DI BOCCEA,,Scontro laterale fra veicoli in marcia,Intersezione stradale segnalata,Una carreggiata a doppio senso,Asciutto,Asfaltata,Verticale ed orizzontale,Sereno,Normale,Buona,Ore Diurne,0,0,0,3,12.36169,41.92561,True,z,VIA MORSASCO,VIA MORSASCO,
2598208,12,2015-11-27T10:30:00,Strada Urbana,in prossimitíæ,VIA DI TRIGORIA,,Veicolo in marcia contro ostacolo accidentale,Rettilineo,Una carreggiata a doppio senso,Asciutto,Con buche,Verticale ed orizzontale,Sereno,Scarso,Buona,Ore Diurne,0,0,0,1,12.47854,41.76885,True,z,del civico n.,,73
2597547,7,2015-11-27T11:15:00,,all'intersezione con,VIALE PALMIRO TOGLIATTI,,Investimento di pedone,,,,,,,,,,2,0,0,0,12.5635,41.88127,False,z,VIA DEI PLATANI,VIA DEI PLATANI,
2597703,11,2015-11-27T11:50:00,Strada Urbana,all'intersezione semaforizzata con,VIALE GUGLIELMO MARCONI,,Tamponamento Multiplo,Intersezione semaforizzata,Due carreggiate,Asciutto,Asfaltata,Verticale ed orizzontale,Nuvoloso,Intenso,Buona,Ore Diurne,0,0,0,4,12.47148,41.85669,True,z,PIAZZALE TOMMASO EDISON,PIAZZALE TOMMASO EDISON,
2600654,19,2015-11-27T12:00:00,Strada Urbana,all'intersezione con,PIAZZA S. MARIA DELLA PIETA',,Scontro frontale-laterale DX fra veicoli in marcia,Incrocio,Una carreggiata a senso unico di marcia,Asciutto,Asfaltata,Orizzontale,Nuvoloso,Normale,Buona,Ore Diurne,0,0,0,3,12.41958,41.94092,True,z,VIA SEBASTIANO VINCI,VIA SEBASTIANO VINCI,
2597895,12,2015-11-27T12:00:00,Strada Urbana,in prossimitíæ,VIALE DON PASQUINO BORGHI,,Veicolo in marcia contro ostacolo fisso,Rettilineo,Una carreggiata a doppio senso,Asciutto,In cubetti di porfido,Assente,Nuvoloso,Scarso,Buona,Ore Diurne,0,0,0,1,12.44602,41.80869,True,z,del civico n.,,119
2597888,5,2015-11-27T12:10:00,Strada Urbana,in prossimitíæ,VIA TIBURTINA,,Tamponamento Multiplo,Rettilineo,Due carreggiate,Asciutto,Asfaltata,Orizzontale,Sereno,Intenso,Buona,Ore Diurne,1,0,0,0,12.53502,41.9081,False,z,del civico n.,,348
2601257,12,2015-11-27T12:15:00,,da specificare,VIA CRISTOFORO COLOMBO,prossimitíæ P.LE 25 MARZO 1957,Veicolo in marcia contro ostacolo accidentale,,,,,,,,,,1,0,0,4,12.46292,41.81822,False,z,,,
2598592,8,2015-11-27T12:15:00,Strada Urbana,all'intersezione con,VIA DI TORRENOVA,,Scontro frontale-laterale SX fra veicoli in marcia,Incrocio,Una carreggiata a doppio senso,Asciutto,Asfaltata,Verticale ed orizzontale,Nuvoloso,Normale,Sufficiente,Ore Diurne,2,0,0,1,12.6185,41.8775,False,z,VIA TESEO,VIA TESEO,
2598856,20,2015-11-27T12:20:00,Statale entro l'abitato,all'intersezione con,VIA CASSIA,,Scontro frontale-laterale SX fra veicoli in marcia,Intersezione non regolata-non segnalata,Una carreggiata a doppio senso,Asciutto,Asfaltata,Orizzontale,Sereno,Normale,Buona,Ore Diurne,1,0,0,1,,,False,z,VIA GIULIO GALLI,VIA GIULIO GALLI,
2598923,17,2015-11-27T12:25:00,Strada Urbana,in corrispondenza,VIA LEPANTO,,Scontro frontale-laterale SX fra veicoli in marcia,Rettilineo,Una carreggiata a doppio senso,Asciutto,Asfaltata,Verticale ed orizzontale,Sereno,Normale,Sufficiente,Ore Diurne,0,0,0,3,12.46568,41.91217,True,z,del civico n.,,4
2602694,12,2015-11-27T13:00:00,Strada Urbana,da specificare,VIA DI CASTEL DI LEVA,alt. via Cuppari 100 metri prima di v. Laurentina,Veicolo in marcia contro ostacolo fisso,Rettilineo,Una carreggiata a doppio senso,Asciutto,Asfaltata,Temporanea di cantiere,Sereno,Normale,Buona,Ore Diurne,0,0,0,1,12.52161,41.78534,True,z,,,
2603514,18,2015-11-27T13:20:00,Strada Urbana,all'intersezione con,VIA DEL CASALE DI S. PIO V,,Ribaltamento senza urto contro ostacolo fisso,Incrocio,Una carreggiata a doppio senso,Viscido da liquidi oleosi,Asfaltata,Verticale ed orizzontale,Nuvoloso,Normale,Buona,Ore Diurne,1,0,0,1,12.43213,41.89245,True,z,PIAZZA DI VILLA CARPEGNA,PIAZZA DI VILLA CARPEGNA,
2597881,18,2015-11-27T13:45:00,Strada Urbana,in corrispondenza,VIA GREGORIO VII,,Investimento di pedone,Rettilineo,Pií_ di due carreggiate,Asciutto,Asfaltata,Verticale ed orizzontale,Nuvoloso,Normale,Buona,Ore Diurne,1,0,0,1,12.44894,41.89573,False,z,del civico n.,,113
2598593,8,2015-11-27T14:00:00,Strada Urbana,in corrispondenza,VIA AMICO ASPERTINI,,Infortunio per caduta del veicolo,Curva a visuale libera,Una carreggiata a doppio senso,Asciutto,Asfaltata,Orizzontale,Nuvoloso,Normale,Buona,Ore Diurne,1,0,0,0,12.62993,41.87287,False,z,del civico n.,,305
2600416,5,2015-11-27T14:15:00,Strada Urbana,all'intersezione con,VIA GIUSEPPE BELLUCCI,,Veicolo in marcia contro veicolo in sosta,Incrocio,Una carreggiata a senso unico di marcia,Asciutto,Asfaltata,Verticale,Sereno,Normale,Buona,Ore Diurne,0,0,0,1,12.56842,41.93034,True,z,VIA CELSO ULPIANI,VIA CELSO ULPIANI,
2597970,10,2015-11-27T14:50:00,Strada Urbana,da specificare,VIA DELLE CAPANNELLE,alt. diramazione di via delle Capannelle 134,Scontro frontale-laterale DX fra veicoli in marcia,Rettilineo,Una carreggiata a doppio senso,Asciutto,Asfaltata,Orizzontale,Nuvoloso,Normale,Buona,Ore Diurne,0,0,0,2,12.5713,41.83524,True,z,,,
2601003,7,2015-11-27T15:15:00,Strada Urbana,all'intersezione con,VIALE DELLE GARDENIE,,Scontro frontale-laterale SX fra veicoli in marcia,Incrocio,Una carreggiata a senso unico di marcia,Asciutto,Asfaltata,Assente,Sereno,,Buona,Ore Diurne,0,0,0,2,12.56442,41.88613,True,z,VIA DELLE CELIDONIE,VIA DELLE CELIDONIE,
2597968,15,2015-11-27T15:15:00,Strada Urbana,all'intersezione con,VIA DELLA PISANA,,Scontro frontale-laterale SX fra veicoli in marcia,Incrocio,Una carreggiata a doppio senso,Asciutto,Asfaltata,Assente,Nuvoloso,Normale,Sufficiente,Ore Diurne,0,0,0,2,12.39764,41.85757,True,z,VIA DI BRAVA,VIA DI BRAVA,
2598108,2,2015-11-27T15:15:00,Strada Urbana,all'intersezione con,VIA GIUSEPPE MERCALLI,,Scontro frontale-laterale SX fra veicoli in marcia,Incrocio,Una carreggiata a senso unico di marcia,Asciutto,Asfaltata,Verticale ed orizzontale,Nuvoloso,Normale,Buona,Ore Diurne,0,0,0,3,12.48609,41.92365,True,z,VIA RUGGERO BOSCOVICH,VIA RUGGERO BOSCOVICH,
2598596,8,2015-11-27T15:20:00,,da specificare,VIA DI TOR BELLA MONACA,altezza svincolo via di TORRENOVA direzione GRA,Veicolo in marcia contro ostacolo accidentale,,,,,,,,,,0,0,0,1,12.61928,41.88276,False,z,,,
2598790,1,2015-11-27T15:40:00,Strada Urbana,all'intersezione con,VIA CAPO D'AFRICA,,Scontro frontale-laterale SX fra veicoli in marcia,Intersezione stradale segnalata,Una carreggiata a senso unico di marcia,Asciutto,Asfaltata,Verticale ed orizzontale,Nuvoloso,Normale,Sufficiente,Ore Diurne,1,0,0,1,,,False,z,VIA OSTILIA,VIA OSTILIA,
2598688,18,2015-11-27T15:45:00,Strada Urbana,all'intersezione con,VIA DELLA MAGLIANELLA,,Scontro frontale-laterale SX fra veicoli in marcia,Intersezione non regolata-non segnalata,Una carreggiata a doppio senso,Asciutto,Asfaltata,Orizzontale,Nuvoloso,Normale,Buona,Ore Diurne,2,0,0,0,12.38178,41.90343,False,z,SVINCOLO GRA,SVINCOLO GRA,
2598604,8,2015-11-27T16:00:00,Strada Urbana,all'intersezione con,VIA AMICO ASPERTINI,,Scontro frontale-laterale SX fra veicoli in marcia,Incrocio,Una carreggiata a doppio senso,Asciutto,Asfaltata,Verticale ed orizzontale,Nuvoloso,Normale,Buona,Ore Diurne,0,0,0,2,12.63246,41.86814,True,z,VIA FERNANDO CONTI,VIA FERNANDO CONTI,
2598600,8,2015-11-27T16:00:00,,da specificare,VIA DI TOR BELLA MONACA,altezza svincolo via TORRENOVA direzione GRA,Veicolo in marcia contro ostacolo accidentale,,,,,,,,,,0,0,0,1,12.61945,41.88187,False,z,,,
2599008,15,2015-11-27T16:00:00,Strada Urbana,in corrispondenza,VIA PORTUENSE,,Investimento di pedone,Curva a visuale libera,Due carreggiate,Asciutto,Asfaltata,Verticale ed orizzontale,Nuvoloso,Normale,Buona,Ore Diurne,1,0,0,3,12.46484,41.86853,True,z,del civico n.,,450
2598882,20,2015-11-27T16:00:00,Strada Urbana,da specificare,VIALE DI TOR DI QUINTO,prossimitíæ VIA FORNACI DI TOR DI QUINTO,Tamponamento,Rettilineo,Una carreggiata a doppio senso,Asciutto,Asfaltata,Verticale ed orizzontale,Sereno,Normale,Buona,Ore Diurne,0,0,0,2,12.47866,41.93844,True,z,,,
2598110,6,2015-11-27T16:30:00,Strada Urbana,in corrispondenza,VIA PRENESTINA,,Scontro laterale fra veicoli in marcia,Rettilineo,Pií_ di due carreggiate,Asciutto,Asfaltata,Orizzontale,Nuvoloso,Normale,Buona,Ore Diurne,0,0,0,4,12.53024,41.89159,True,z,del civico n.,,118
2598667,4,2015-11-27T16:30:00,Strada Urbana,all'intersezione con,VIA ANTONIO FOGAZZARO,,Scontro frontale-laterale DX fra veicoli in marcia,Intersezione stradale segnalata,Una carreggiata a senso unico di marcia,Bagnato (umiditíæ in atto),Asfaltata,Verticale,Nuvoloso,Normale,Buona,Sufficiente,0,0,0,2,12.54863,41.94177,True,z,VIA TEOFILO FOLENGO,VIA TEOFILO FOLENGO,
2599558,9,2015-11-27T16:55:00,Strada Urbana,all'intersezione con,VIA LUGNANO IN TEVERINA,,Veicolo in marcia contro veicolo in sosta,Incrocio,Una carreggiata a senso unico di marcia,Asciutto,Asfaltata,Assente,Sereno,Normale,Buona,Ore Diurne,0,0,0,1,12.53099,41.87963,True,z,VIA NOCERA UMBRA,VIA NOCERA UMBRA,
2598610,8,2015-11-27T17:00:00,Strada Urbana,da specificare,VIA COLLATINA,ingresso parcheggio stazione FS Lunghezza,Tamponamento,Rettilineo,Una carreggiata a doppio senso,Asciutto,Asfaltata,Verticale ed orizzontale,Nuvoloso,Intenso,Sufficiente,Sufficiente,2,0,0,5,12.65177,41.91623,False,z,,,
2600950,16,2015-11-27T17:15:00,Strada Urbana,in prossimitíæ,VIA SILVESTRI,,Scontro laterale fra veicoli in marcia,Rettilineo,Una carreggiata a doppio senso,Asciutto,Asfaltata,Orizzontale,Sereno,Intenso,Sufficiente,Sufficiente,0,0,0,2,12.61571,41.84813,True,z,del civico n.,,30
2598892,20,2015-11-27T17:15:00,,all'intersezione con,VIA CASSIA,,Scontro frontale-laterale SX fra veicoli in marcia,,,,,,,,,,0,0,0,2,,,False,z,VIA DELLA TORRE DELLE CORNACCHIE,VIA DELLA TORRE DELLE CORNACCHIE,
2598711,1,2015-11-27T17:15:00,Strada Urbana,all'intersezione con,PIAZZALE OSTIENSE,,Tamponamento,Incrocio,Una carreggiata a doppio senso,Asciutto,Asfaltata,Verticale ed orizzontale,Nuvoloso,Normale,Buona,Sufficiente,2,0,0,1,12.48098,41.87616,True,z,VIALE DEL CAMPO BOARIO,VIALE DEL CAMPO BOARIO,
2598230,19,2015-11-27T17:30:00,Strada Urbana,all'intersezione con,VIA TRIONFALE,,Scontro laterale fra veicoli in marcia,Incrocio,Una carreggiata a doppio senso,Asciutto,Asfaltata,Verticale ed orizzontale,Sereno,Normale,Buona,Sufficiente,0,0,0,2,12.4112,41.96013,True,z,VIA GIOVANNI GAETANO BOTTARI,VIA GIOVANNI GAETANO BOTTARI,
2598614,8,2015-11-27T17:45:00,Statale entro l'abitato,all'intersezione semaforizzata con,VIA CASILINA,,Scontro laterale fra veicoli in marcia,Intersezione semaforizzata,Una carreggiata a doppio senso,Asciutto,Asfaltata,Verticale ed orizzontale,Nuvoloso,Intenso,Sufficiente,Sufficiente,1,0,0,3,12.59251,41.86718,False,z,VIA DELLE RONDINI,VIA DELLE RONDINI,
2598776,1,2015-11-27T17:50:00,Strada Urbana,in prossimitíæ,VIA DEL TEATRO DI MARCELLO,,Investimento di pedone,Rettilineo,Una carreggiata a doppio senso,Asciutto,In cubetti di porfido,Verticale ed orizzontale,Sereno,Intenso,Buona,Sufficiente,1,0,0,2,,,False,z,del civico n.,,4
2598694,18,2015-11-27T18:05:00,Strada Urbana,all'intersezione con,VIA ENRICO BONDI,,Scontro laterale fra veicoli in marcia,Intersezione stradale segnalata,Una carreggiata a doppio senso,Asciutto,Asfaltata,Verticale ed orizzontale,Sereno,Normale,Buona,Sufficiente,0,0,0,3,12.41586,41.86914,True,z,VIA SUOR MARIA AGOSTINA,VIA SUOR MARIA AGOSTINA,
2600953,7,2015-11-27T18:10:00,Strada Urbana,all'intersezione con,VIA ACHILLE VERTUNNI,,Scontro frontale-laterale SX fra veicoli in marcia,Incrocio,Una carreggiata a doppio senso,Asciutto,Asfaltata,Verticale ed orizzontale,Sereno,Normale,Buona,Sufficiente,0,0,0,2,12.61299,41.90958,True,z,VIA VALERICO LACCETTI,VIA VALERICO LACCETTI,
2600856,12,2015-11-27T18:25:00,Strada Urbana,da specificare,VIALE DELL'OCEANO ATLANTICO,dir. P.zza Vita Finzi alt. Via Rhodesia,Scontro laterale fra veicoli in marcia,Rettilineo,Due carreggiate,Asciutto,Asfaltata,Verticale ed orizzontale,Nuvoloso,Intenso,Buona,Sufficiente,0,0,0,4,12.47054,41.82007,True,z,,,
2602356,3,2015-11-27T18:30:00,Strada Urbana,da specificare,CIRCONVALLAZIONE NOMENTANA,direzione Salaria altezza civico 251 bis,Veicolo in marcia contro veicolo in sosta,Rettilineo,Pií_ di due carreggiate,Asciutto,Asfaltata,Verticale ed orizzontale,Nuvoloso,Normale,Sufficiente,Sufficiente,0,0,0,1,12.52824,41.91316,True,z,,,
2598365,7,2015-11-27T18:30:00,Statale entro l'abitato,in prossimitíæ,VIA CASILINA,,Scontro laterale fra veicoli in marcia,Rettilineo,Due carreggiate,Asciutto,Asfaltata,Verticale ed orizzontale,Nuvoloso,Normale,Sufficiente,Sufficiente,1,0,0,3,12.55826,41.87568,True,z,del palo luce n.,,253
2599781,9,2015-11-27T18:30:00,,in prossimitíæ,VIA APPIA NUOVA,,Tamponamento Multiplo,,,,,,,,,,3,0,0,1,12.53273,41.8616,False,z,del civico n.,,700
2598547,6,2015-11-27T18:30:00,Strada Urbana,all'intersezione semaforizzata con,PIAZZA DELLA MARRANELLA,,Scontro laterale fra veicoli in marcia,Incrocio,Una carreggiata a doppio senso,Asciutto,Asfaltata,Verticale ed orizzontale,Sereno,Normale,Buona,Sufficiente,0,0,0,3,12.54229,41.88033,True,z,VIA CASILINA,VIA CASILINA,
2600433,5,2015-11-27T19:00:00,,in corrispondenza,PIAZZA DI S. MARIA CONSOLATRICE,,Investimento di pedone,,,,,,,,,,2,0,0,0,12.53455,41.89779,False,z,del civico n.,,3
2599639,10,2015-11-27T19:00:00,Strada Urbana,da specificare,VIA OTELLO STEFANINI,uscita parcheggio di scambio,Scontro frontale-laterale SX fra veicoli in marcia,Rettilineo,Una carreggiata a doppio senso,Asciutto,Asfaltata,Verticale ed orizzontale,Sereno,Normale,Buona,Sufficiente,0,0,0,3,12.58435,41.84385,True,z,,,
2599968,18,2015-11-27T19:30:00,Strada Urbana,da specificare,VIA GREGORIO XI,ROTATORIA VAL CANNUTA,Scontro frontale-laterale DX fra veicoli in marcia,Rotatoria,Una carreggiata a senso unico di marcia,Asciutto,Asfaltata,Verticale ed orizzontale,Nuvoloso,Scarso,Buona,Insufficiente,0,0,0,2,12.40216,41.89124,True,z,,,
2600941,16,2015-11-27T19:35:00,Strada Urbana,da specificare,VIA BERNARDINO RAMAZZINI,in prossimitíæ con Via Portuense,Scontro laterale fra veicoli in marcia,Rettilineo,Due carreggiate,Asciutto,Asfaltata,Verticale ed orizzontale,Sereno,Scarso,Buona,Sufficiente,0,0,0,2,12.45221,41.86241,True,z,,,
2598616,8,2015-11-27T19:37:00,Strada Urbana,all'intersezione con,VIA AMICO ASPERTINI,,Scontro laterale fra veicoli in marcia,Incrocio,Una carreggiata a doppio senso,Asciutto,Asfaltata,Verticale,Nuvoloso,Intenso,Buona,Insufficiente,0,0,0,2,12.63251,41.86811,True,z,VIA FERNANDO CONTI,VIA FERNANDO CONTI,
2598654,18,2015-11-27T20:00:00,Strada Urbana,all'intersezione semaforizzata con,VIA LUIGI SETTEMBRINI,,Scontro frontale-laterale SX fra veicoli in marcia,Intersezione semaforizzata,Due carreggiate,Asciutto,Asfaltata,Verticale ed orizzontale,Sereno,Normale,Buona,Sufficiente,1,0,0,1,12.46694,41.91483,False,z,VIA GIOVANNI NICOTERA,VIA GIOVANNI NICOTERA,
2602324,3,2015-11-27T20:35:00,,all'intersezione semaforizzata con,VIA TIBURTINA,,Tamponamento Multiplo,,,,,,,,,,1,0,0,4,,,False,z,PIAZZALE VALERIO MASSIMO,PIAZZALE VALERIO MASSIMO,
2598810,20,2015-11-27T20:35:00,,da specificare,CORSO DI FRANCIA,in prossimitíæ di VIA B. GOSIO,Tamponamento Multiplo,,,,,,,,,,2,0,0,3,,,False,z,,,
2598710,4,2015-11-27T20:50:00,,da specificare,VIA NOMENTANA,km 13.600,Tamponamento Multiplo,,,,,,,,,,0,0,0,5,,,False,z,,,
2598617,8,2015-11-27T21:00:00,Strada Urbana,in prossimitíæ,VIA PRENESTINA NUOVA,,Veicolo in marcia contro ostacolo accidentale,Rettilineo,Una carreggiata a doppio senso,Asciutto,Con buche,Assente,Nuvoloso,Normale,Insufficiente,Insufficiente,0,0,0,2,12.6936,41.88893,True,z,del civico n.,,4
2598673,1,2015-11-27T21:10:00,Strada Urbana,all'intersezione semaforizzata con,PORTO DI RIPA GRANDE,,Scontro laterale fra veicoli in marcia,Intersezione semaforizzata,Una carreggiata a senso unico di marcia,Asciutto,Asfaltata,Verticale ed orizzontale,Sereno,Normale,Buona,Sufficiente,0,0,0,4,12.47633,41.88503,True,z,PONTE SUBLICIO,PONTE SUBLICIO,
2598635,1,2015-11-27T21:50:00,Strada Urbana,in prossimitíæ,LUNGOTEVERE AVENTINO,,Tamponamento,Rettilineo,Una carreggiata a senso unico di marcia,Asciutto,Asfaltata,Verticale ed orizzontale,Sereno,Scarso,Buona,Sufficiente,0,0,0,4,,,False,z,del civico n.,,4
2598821,1,2015-11-27T22:50:00,Strada Urbana,in corrispondenza,VIA CAVOUR,,Scontro frontale-laterale DX fra veicoli in marcia,Rettilineo,Una carreggiata a doppio senso,Asciutto,Asfaltata,Verticale,Sereno,Scarso,Buona,Sufficiente,0,0,0,3,12.49842,41.8997,False,z,del civico n.,,33
2598787,20,2015-11-27T23:00:00,Regionale entro l'abitato,in prossimitíæ,VIA CASSIA,,Tamponamento Multiplo,Rettilineo,Una carreggiata a doppio senso,Asciutto,Asfaltata,Orizzontale,Sereno,Normale,Buona,Sufficiente,2,0,0,3,,,False,z,del civico n.,,850
2598620,8,2015-11-27T23:15:00,Strada Urbana,all'intersezione con,VIA CASILINA,,Veicolo in marcia contro ostacolo fisso,Rotatoria,Una carreggiata a senso unico di marcia,Asciutto,Asfaltata,Verticale ed orizzontale,Sereno,Scarso,Buona,Sufficiente,0,0,0,2,12.60955,41.86414,False,z,VIA DEGLI ORAFI,VIA DEGLI ORAFI,
2598630,8,2015-11-27T23:45:00,Strada Urbana,in corrispondenza,VIA CASILINA,,Scontro laterale fra veicoli in marcia,Rettilineo,Una carreggiata a doppio senso,Asciutto,Asfaltata,Orizzontale,Sereno,Scarso,Sufficiente,Sufficiente,0,0,0,3,12.61719,41.86308,False,z,del civico n.,,1386
2599561,9,2015-11-27T23:50:00,Strada Urbana,in prossimitíæ,VIA TORRE DI MEZZAVIA,,Tamponamento Multiplo,Curva senza visuale libera,Una carreggiata a doppio senso,Asciutto,Asfaltata,Verticale ed orizzontale,Sereno,Normale,Buona,Sufficiente,0,0,0,6,12.59378,41.83659,True,z,del civico n.,,51
2598555,11,2015-11-28T00:00:00,Strada Urbana,in prossimitíæ,VIA ARDEATINA,,Veicolo in marcia contro ostacolo fisso,Rettilineo,Una carreggiata a doppio senso,Asciutto,Asfaltata,Verticale ed orizzontale,Sereno,Scarso,Buona,Sufficiente,0,0,0,0,12.51716,41.84053,True,z,del civico n.,,404
2601347,17,2015-11-28T00:00:00,Strada Urbana,in corrispondenza,VIA OTRANTO,,Veicolo in marcia contro veicoli in sosta,Rettilineo,Una carreggiata a senso unico di marcia,Asciutto,Asfaltata,Verticale ed orizzontale,Sereno,Scarso,Buona,Ore Diurne,0,0,0,0,12.45704,41.91053,False,z,del civico n.,,47
2601075,3,2015-11-28T00:15:00,,in prossimitíæ,PIAZZALE DEL VERANO,,Scontro frontale-laterale DX fra veicoli in marcia,,,,,,,,,,1,0,0,1,,,False,z,del civico n.,,27
2600884,7,2015-11-28T00:30:00,,all'intersezione con,VIA PRENESTINA,,Scontro frontale-laterale SX fra veicoli in marcia,,,,,,,,,,1,0,0,1,12.59119,41.89422,False,z,VIA DI TOR TRE TESTE,VIA DI TOR TRE TESTE,
2598666,18,2015-11-28T02:15:00,Strada Urbana,all'intersezione con,VIA CRESCENZIO,,Scontro frontale-laterale SX fra veicoli in marcia,Intersezione stradale segnalata,Una carreggiata a doppio senso,Asciutto,Asfaltata,Verticale ed orizzontale,Sereno,Scarso,Buona,Sufficiente,1,0,0,1,12.46339,41.90574,False,z,VIA VARRONE,VIA VARRONE,
2599565,9,2015-11-28T03:00:00,Strada Urbana,all'intersezione semaforizzata con,VIA SIRIA,,Scontro frontale-laterale SX fra veicoli in marcia,Intersezione semaforizzata,Una carreggiata a doppio senso,Asciutto,Asfaltata,Verticale ed orizzontale,Sereno,Scarso,Buona,Sufficiente,0,0,0,3,12.51159,41.87437,True,z,CIRCONVALLAZIONE APPIA,CIRCONVALLAZIONE APPIA,
2601117,3,2015-11-28T03:00:00,,in prossimitíæ,VIALE DELLO SCALO S. LORENZO,,Scontro frontale fra veicoli in marcia,,,,,,,,,,1,0,0,2,,,False,z,del civico n.,,33
2598906,20,2015-11-28T03:00:00,,in corrispondenza,VIA FORMELLESE,,Fuoriuscita dalla sede stradale,,,,,,,,,,0,0,0,1,,,False,z,del civico n.,,198
2598606,1,2015-11-28T04:00:00,Strada Urbana,in prossimitíæ,VIA MARMORATA,,Veicolo in marcia contro veicoli in sosta,Rettilineo,Una carreggiata a doppio senso,Asciutto,Asfaltata,Orizzontale,Sereno,Scarso,Sufficiente,Sufficiente,0,0,0,3,12.47831,41.87953,False,z,del civico n.,,71
2601294,12,2015-11-28T04:15:00,Strada Urbana,all'intersezione con,VIA CRISTOFORO COLOMBO,,Scontro laterale fra veicoli in marcia,Intersezione semaforizzata,Una carreggiata a senso unico di marcia,Asciutto,Asfaltata,Verticale ed orizzontale,Sereno,Scarso,Buona,Sufficiente,0,0,0,3,12.46867,41.83086,True,z,PIAZZALE DELLE NAZIONI UNITE,PIAZZALE DELLE NAZIONI UNITE,
2600456,5,2015-11-28T05:30:00,Strada Urbana,in prossimitíæ,VIA DEI MONTI TIBURTINI,,Veicolo in marcia contro ostacolo fisso,Rettilineo,Due carreggiate,Asciutto,Asfaltata,Verticale ed orizzontale,Sereno,Normale,Buona,Ore Diurne,0,0,0,1,12.55281,41.91319,True,z,del civico n.,,768
2598860,1,2015-11-28T06:05:00,Strada Urbana,all'intersezione semaforizzata con,VIA DI S. MARCO,,Scontro frontale-laterale SX fra veicoli in marcia,Intersezione semaforizzata,Due carreggiate,Asciutto,Asfaltata,Verticale ed orizzontale,Sereno,Scarso,Buona,Ore Diurne,1,0,0,1,12.48068,41.89517,False,z,VIA D'ARACOELI,VIA D'ARACOELI,