_ID,_Gruppo,_DataOraIncidente,_Localizzazione1,_Localizzazione2,_Strada1,_DaSpecificare,_NaturaIncidente,_ParticolaritaStrade,_TipoStrada,_FondoStradale,_Pavimentazione,_Segnaletica,_CondizioneAtmosferica,_Traffico,_Visibilita,_Illuminazione,_NUM_FERITI,_NUM_RISERVATA,_NUM_MORTI,_NUM_ILLESI,_Longitudine,_Latitudine,_CONFERMATO,__prefix,_Strada02,_Strada2,_Chilometrica
2600543,1,2015-11-28T07:00:00,Strada Urbana,in corrispondenza,VIA DI PORTA MAGGIORE,,Veicolo in marcia contro veicolo in sosta,Rettilineo,Pií_ di due carreggiate,Asciutto,Asfaltata,Assente,Sereno,Scarso,Buona,Ore Diurne,1,0,0,1,12.51038,41.89315,True,z,del civico n.,,13
2599011,15,2015-11-28T07:10:00,Strada Urbana,in corrispondenza,VIA ENRICO CRUCIANI ALIBRANDI,,Veicolo in marcia contro ostacolo fisso,Rettilineo,Una carreggiata a senso unico di marcia,Asciutto,Asfaltata,Assente,Sereno,Scarso,Buona,Ore Diurne,0,0,0,1,12.45619,41.85895,True,z,del civico n.,,51
2600811,7,2015-11-28T08:00:00,Strada Urbana,all'intersezione con,VIALE DELLA PRIMAVERA,,Scontro frontale-laterale SX fra veicoli in marcia,Incrocio,Una carreggiata a doppio senso,Asciutto,Asfaltata,Verticale ed orizzontale,Sereno,Intenso,Buona,Ore Diurne,0,0,0,2,12.56121,41.88784,True,z,VIA ROMOLO TRINCHIERI,VIA ROMOLO TRINCHIERI,
2600761,17,2015-11-28T08:30:00,Strada Urbana,all'intersezione con,VIA DEGLI SCIPIONI,,Scontro frontale-laterale DX fra veicoli in marcia,Incrocio,Una carreggiata a senso unico di marcia,Asciutto,Asfaltata,Verticale ed orizzontale,Sereno,Scarso,Buona,Ore Diurne,0,0,0,3,12.4641,41.91011,True,z,VIA DUILIO,VIA DUILIO,
2601010,12,2015-11-28T08:55:00,Strada Urbana,da specificare,VIA DI ACQUA ACETOSA OSTIENSE,civico 430,Scontro laterale fra veicoli in marcia,Rettilineo,Una carreggiata a senso unico di marcia,Asciutto,Asfaltata,Verticale ed orizzontale,Sereno,Normale,Buona,Ore Diurne,0,0,0,2,12.45848,41.80691,True,z,,,
2600449,8,2015-11-28T09:00:00,Strada Urbana,all'intersezione con,VIA DI CARCARICOLA,,Tamponamento Multiplo,Intersezione stradale segnalata,Una carreggiata a senso unico di marcia,Asciutto,Asfaltata,Verticale ed orizzontale,Nebbia,Intenso,Buona,Ore Diurne,0,0,0,3,12.61315,41.85722,True,z,VIALE DELLA SORBONA,VIALE DELLA SORBONA,
2601295,16,2015-11-28T09:10:00,Strada Urbana,in corrispondenza,CIRCONVALLAZIONE GIANICOLENSE,,Investimento di pedone,Curva a visuale libera,Pií_ di due carreggiate,Asciutto,Asfaltata,Verticale ed orizzontale,Sereno,Normale,Buona,Ore Diurne,1,0,0,1,12.44366,41.87655,False,z,del civico n.,,247
2601088,3,2015-11-28T09:20:00,,all'intersezione con,VIA AGRIGENTO,,Scontro frontale fra veicoli in marcia,,,,,,,,,,1,0,0,1,,,False,z,VIA UDINE,VIA UDINE,
2599580,9,2015-11-28T09:25:00,,all'intersezione semaforizzata con,VIA TARANTO,,Scontro frontale-laterale SX fra veicoli in marcia,,,,,,,,,,1,0,0,1,12.51499,41.88455,False,z,VIA AOSTA,VIA AOSTA,
2599014,1,2015-11-28T10:00:00,Strada Urbana,all'intersezione con,VIA PANISPERNA,,Veicolo in marcia contro ostacolo accidentale,Intersezione stradale segnalata,Una carreggiata a senso unico di marcia,Viscido da liquidi oleosi,In cubetti di porfido,Verticale ed orizzontale,Sereno,Scarso,Buona,Ore Diurne,0,0,0,1,,,False,z,VIA DEI SERPENTI,VIA DEI SERPENTI,
2600830,1,2015-11-28T10:00:00,Strada Urbana,in prossimitíæ,VIA DELLE QUATTRO FONTANE,,Veicolo in marcia contro ostacolo accidentale,Rettilineo,Una carreggiata a senso unico di marcia,Asciutto,In cubetti di porfido,Verticale ed orizzontale,Sereno,Normale,Buona,Ore Diurne,0,0,0,3,12.49088,41.90191,True,z,del civico n.,,19
2600682,1,2015-11-28T10:45:00,Strada Urbana,in corrispondenza,LUNGOTEVERE IN AUGUSTA,,Tamponamento,Rettilineo,Una carreggiata a senso unico di marcia,Asciutto,Asfaltata,Assente,Sereno,Normale,Buona,Ore Diurne,1,0,0,2,,,False,z,del palo luce n.,,10
2599557,4,2015-11-28T10:45:00,Strada Urbana,all'intersezione con,VIA CORRADO ALVARO,,Tamponamento,Incrocio,Due carreggiate,Asciutto,Asfaltata,Verticale ed orizzontale,Sereno,Normale,Buona,Ore Diurne,0,0,0,3,12.55236,41.94547,False,z,VIA RENATO FUCINI,VIA RENATO FUCINI,
2601298,23,2015-11-28T10:47:00,,all'intersezione semaforizzata con,VIA CRISTOFORO COLOMBO,,Scontro frontale-laterale DX fra veicoli in marcia,,,,,,,,,,0,0,0,4,,,False,z,VIA DI ACILIA,VIA DI ACILIA,
2600590,7,2015-11-28T11:00:00,Strada Urbana,all'intersezione con,VIA TOR DE' SCHIAVI,,Scontro frontale-laterale DX fra veicoli in marcia,Incrocio,Una carreggiata a doppio senso,Asciutto,Asfaltata,Verticale ed orizzontale,Sereno,Intenso,Buona,Ore Diurne,1,0,0,2,12.56302,41.88712,False,z,VIA DEI GELSI,VIA DEI GELSI,
2600464,8,2015-11-28T11:05:00,Strada Urbana,da specificare,VIA DI TOR BELLA MONACA,inversione marcia via di Torrenova,Fuoriuscita dalla sede stradale,Curva a visuale libera,Due carreggiate,Asciutto,Asfaltata,Verticale ed orizzontale,Sereno,Normale,Buona,Ore Diurne,0,0,0,1,12.62114,41.88765,False,z,,,
2600454,8,2015-11-28T11:15:00,Strada Urbana,da specificare,VIA DEL FONTANILE DI CARCARICOLA,alt. V. della Ricerca Scientifica,Veicolo in marcia contro ostacolo accidentale,Rettilineo,Due carreggiate,Asciutto,Asfaltata,Verticale,Sereno,Normale,Buona,Ore Diurne,0,0,0,2,12.60783,41.85249,True,z,,,
2600049,18,2015-11-28T11:30:00,Statale,in corrispondenza,VIA AURELIA,,Tamponamento,Pendenza,Due carreggiate,Asciutto,Asfaltata,Verticale ed orizzontale,Sereno,Normale,Buona,Ore Diurne,1,0,0,2,12.34383,41.88225,False,z,della chilometrica,,13.9
2599981,18,2015-11-28T11:45:00,Strada Urbana,in corrispondenza,VIA NUOVA DELLE FORNACI,,Infortunio per sola frenata improvvisa,Curva a visuale libera,Una carreggiata a senso unico di marcia,Asciutto,Asfaltata,Verticale ed orizzontale,Sereno,Scarso,Buona,Ore Diurne,1,0,0,0,12.4576,41.89453,True,z,del civico n.,,20
2600465,5,2015-11-28T12:00:00,Strada Urbana,all'intersezione con,VIA NICOLA MARIA NICOLAI,,Scontro laterale fra veicoli in marcia,Incrocio,Una carreggiata a doppio senso,Asciutto,Asfaltata,Verticale ed orizzontale,Sereno,Normale,Buona,Ore Diurne,0,0,0,2,12.5703,41.94608,True,z,VIA POGGIO BRACCIOLINI,VIA POGGIO BRACCIOLINI,
2599076,13,2015-11-28T12:20:00,Strada Urbana,all'intersezione con,VIA CALVIGNANO,,Scontro frontale-laterale SX fra veicoli in marcia,Incrocio,Una carreggiata a doppio senso,Asciutto,Asfaltata,Verticale ed orizzontale,Sereno,Normale,Buona,Ore Diurne,0,0,0,2,12.33177,41.78003,True,z,VIA CREMOSANO,VIA CREMOSANO,
2603789,18,2015-11-28T12:30:00,Strada Urbana,all'intersezione con,VIA DI CASALOTTI,,Scontro frontale-laterale DX fra veicoli in marcia,Intersezione stradale segnalata,Una carreggiata a doppio senso,Asciutto,Asfaltata,Verticale,Sereno,Normale,Buona,Ore Diurne,0,0,0,4,12.37108,41.91603,True,z,VIA ARONA,VIA ARONA,
2600920,6,2015-11-28T12:30:00,,in prossimitíæ,VIA DEI GORDIANI,,Scontro frontale-laterale SX fra veicoli in marcia,,,,,,,,,,1,0,0,2,,,False,z,del civico n.,,12
2599246,12,2015-11-28T12:30:00,Strada Urbana,in prossimitíæ,VIALE EGEO,,Investimento di pedone,Rettilineo,Due carreggiate,Asciutto,Asfaltata,Verticale ed orizzontale,Sereno,Scarso,Buona,Ore Diurne,1,0,0,0,12.45441,41.82884,False,z,del civico n.,,133
2599304,15,2015-11-28T12:53:00,,da specificare,PIAZZA DELL'ARA COELI,fronte civico 3,Investimento di pedone,,,,,,,,,,1,0,0,2,,,False,z,,,
2599819,20,2015-11-28T13:05:00,,da specificare,VIA DEL FORO ITALICO,a metri 100 da GALLERIA GIOVANNI XXIII,Veicolo in marcia contro ostacolo accidentale,,,,,,,,,,0,0,0,2,,,False,z,,,
2599829,20,2015-11-28T13:06:00,Strada Urbana,da specificare,VIA DEL FORO ITALICO,a metri 100 da GALLERIA GIOVANNI XXIII,Veicolo in marcia contro ostacolo accidentale,Rettilineo,Due carreggiate,Asciutto,Asfaltata,Verticale ed orizzontale,Sereno,Intenso,Buona,Ore Diurne,0,0,0,1,,,False,z,,,
2599937,20,2015-11-28T13:07:00,,da specificare,VIA DEL FORO ITALICO, a metri 100 da GALLERIA GIOVANNI XXIII,Veicolo in marcia contro ostacolo accidentale,,,,,,,,,,0,0,0,1,,,False,z,,,
2599994,20,2015-11-28T13:08:00,Strada Urbana,da specificare,VIA DEL FORO ITALICO,a metri 100 da GALLERIA GIOVANNI XXIII,Veicolo in marcia contro ostacolo accidentale,Rettilineo,Due carreggiate,Asciutto,Asfaltata,Verticale ed orizzontale,Sereno,Intenso,Buona,Ore Diurne,0,0,0,1,,,False,z,,,
2599129,19,2015-11-28T13:10:00,Strada Urbana,in prossimitíæ,VIA DI SELVA NERA,,Scontro frontale-laterale DX fra veicoli in marcia,Rettilineo,Una carreggiata a senso unico di marcia,Asciutto,Asfaltata,Orizzontale,Sereno,Scarso,Buona,Ore Diurne,2,0,0,0,12.36845,41.94147,True,z,del civico n.,,323a
2600006,20,2015-11-28T13:10:00,Strada Urbana,da specificare,VIA DEL FORO ITALICO,a metri 100 da GALLERIA GIOVANNI XXIII,Veicolo in marcia contro ostacolo accidentale,Rettilineo,Due carreggiate,Asciutto,Asfaltata,Verticale ed orizzontale,Sereno,Intenso,Buona,Ore Diurne,0,0,0,1,,,False,z,,,
2600730,7,2015-11-28T13:10:00,Strada Urbana,all'intersezione con,VIA FILIPPO PARLATORE,,Scontro frontale-laterale DX fra veicoli in marcia,Incrocio,Una carreggiata a senso unico di marcia,Asciutto,Asfaltata,Verticale ed orizzontale,Sereno,Normale,Buona,Ore Diurne,0,0,0,4,12.56444,41.89138,False,z,PIAZZA TEOFRASTO,PIAZZA TEOFRASTO,
2600024,20,2015-11-28T13:11:00,Strada Urbana,da specificare,VIA DEL FORO ITALICO,a metri 100 da GALLERIA GIOVANNI XXIII,Veicolo in marcia contro ostacolo accidentale,Rettilineo,Due carreggiate,Asciutto,Asfaltata,Verticale ed orizzontale,Sereno,Intenso,Buona,Ore Diurne,0,0,0,3,,,False,z,,,
2600036,20,2015-11-28T13:12:00,Strada Urbana,da specificare,VIA DEL FORO ITALICO,a metri 100 da GALLERIA GIOVANNI XXIII,Veicolo in marcia contro ostacolo accidentale,Rettilineo,Due carreggiate,Asciutto,Asfaltata,Verticale ed orizzontale,Sereno,Intenso,Buona,Ore Diurne,0,0,0,1,,,False,z,,,
2600044,20,2015-11-28T13:13:00,,da specificare,VIA DEL FORO ITALICO,a metri 100 da GALLERIA GIOVANNI XXIII,Veicolo in marcia contro ostacolo accidentale,,,,,,,,,,0,0,0,1,,,False,z,,,
2600056,20,2015-11-28T13:15:00,Strada Urbana,da specificare,VIA DEL FORO ITALICO,a metri 100 da GALLERIA GIOVANNI XXIII,Veicolo in marcia contro ostacolo accidentale,Rettilineo,Due carreggiate,Asciutto,Asfaltata,Verticale ed orizzontale,Sereno,Intenso,Buona,Ore Diurne,0,0,0,1,,,False,z,,,
2599574,4,2015-11-28T13:20:00,Strada Urbana,all'intersezione semaforizzata con,VIA GIOVANNI CONTI,,Scontro frontale-laterale DX fra veicoli in marcia,Intersezione semaforizzata,Due carreggiate,Asciutto,Asfaltata,Verticale ed orizzontale,Sereno,Normale,Buona,Ore Diurne,0,0,0,2,12.53126,41.95447,True,z,VIA ANTONIO DE CURTIS,VIA ANTONIO DE CURTIS,
2599560,4,2015-11-28T13:30:00,,da specificare,VIA SALARIA,tra civico 981 e 971,Tamponamento,,,,,,,,,,0,0,0,2,,,False,z,,,
2600499,11,2015-11-28T13:40:00,Strada Urbana,in corrispondenza,VIA ANTONIO RUBINO,,Scontro laterale fra veicoli in marcia,Curva a visuale libera,Una carreggiata a senso unico di marcia,Asciutto,Asfaltata,Verticale,Sereno,Scarso,Buona,Ore Diurne,0,0,0,3,12.49147,41.86216,True,z,del civico n.,,7
2600736,1,2015-11-28T14:10:00,,all'intersezione con,PIAZZA DEL VIMINALE,,Scontro laterale fra veicoli in marcia,,,,,,,,,,0,0,0,2,,,False,z,VIA AGOSTINO DEPRETIS,VIA AGOSTINO DEPRETIS,
2603697,18,2015-11-28T14:20:00,Strada Urbana,in prossimitíæ,VIA BALZOLA,,Scontro frontale-laterale DX fra veicoli in marcia,Rettilineo,Una carreggiata a senso unico di marcia,Asciutto,Asfaltata,Assente,Sereno,Normale,Buona,Ore Diurne,0,0,0,2,12.36367,41.92522,True,z,del civico n.,,1
2600491,13,2015-11-28T14:30:00,Provinciale entro l'abitato,da specificare,VIA OSTIENSE,"in prossimitíæ del Km 19,00",Investimento di pedone,Rettilineo,Una carreggiata a doppio senso,Asciutto,Asfaltata,Verticale ed orizzontale,Sereno,Normale,Buona,Ore Diurne,2,0,0,0,12.37571,41.7891,False,z,,,
2600453,11,2015-11-28T14:45:00,Strada Urbana,da specificare,VIA CRISTOFORO COLOMBO,prossimitíæ VIA CAPITAN BAVASTRO,Tamponamento,Rettilineo,Pií_ di due carreggiate,Asciutto,Asfaltata,Verticale ed orizzontale,Sereno,Normale,Buona,Ore Diurne,1,0,0,3,12.49607,41.86962,False,z,,,
2599226,19,2015-11-28T15:00:00,Strada Urbana,in prossimitíæ,VIA PASQUALE II,,Scontro frontale-laterale SX fra veicoli in marcia,Rettilineo,Una carreggiata a senso unico di marcia,Asciutto,Asfaltata,Orizzontale,Sereno,Normale,Buona,Ore Diurne,0,0,0,2,12.41369,41.91388,True,z,del civico n.,,17
2600911,2,2015-11-28T15:20:00,Strada Urbana,da specificare,SOTTOVIA IGNAZIO GUIDI,alt. uscita Corso d'Italia dir. Flaminia,Scontro laterale fra veicoli in marcia,Galleria illuminata,Due carreggiate,Asciutto,Asfaltata,Verticale ed orizzontale,Sereno,Normale,Buona,Ore Diurne,0,0,0,4,12.49787,41.91102,True,z,,,
2600915,2,2015-11-28T15:30:00,,da specificare,CIRCONVALLAZIONE SALARIA,rampa di uscita inters.- V.LE SOMALIA dir.Gondar,Investimento di pedone,,,,,,,,,,2,0,0,0,,,False,z,,,
2600799,19,2015-11-28T16:10:00,Strada Urbana,in prossimitíæ,VIA MATTIA BATTISTINI,,Scontro frontale-laterale DX fra veicoli in marcia,Rettilineo,Una carreggiata a doppio senso,Asciutto,Asfaltata,Orizzontale,Sereno,Normale,Buona,Ore Diurne,0,0,0,2,12.41844,41.9148,True,z,del civico n.,,220-g
2599648,10,2015-11-28T16:15:00,Strada Urbana,in corrispondenza,VIA DELLA TENUTA DEL CASALOTTO,,Scontro laterale fra veicoli in marcia,Rettilineo,Una carreggiata a senso unico di marcia,Asciutto,Asfaltata,Assente,Sereno,Scarso,Buona,Ore Diurne,0,0,0,3,12.6131,41.81583,True,z,del civico n.,,44
2600459,8,2015-11-28T16:20:00,Strada Urbana,da specificare,VIA PRENESTINA,in corrispondenza Via Laviano,Veicolo in marcia contro ostacolo accidentale,Rettilineo,Una carreggiata a doppio senso,Asciutto,Con buche,Verticale ed orizzontale,Sereno,Normale,Buona,Ore Diurne,0,0,0,3,12.61546,41.89329,True,z,,,
2599233,19,2015-11-28T16:30:00,Strada Urbana,in prossimitíæ,VIA ANDERSEN,,Tamponamento,Rettilineo,Una carreggiata a senso unico di marcia,Asciutto,Asfaltata,Orizzontale,Sereno,Normale,Buona,Ore Diurne,1,0,0,1,12.40035,41.92334,True,z,del civico n.,,76
2602277,19,2015-11-28T16:45:00,Strada Urbana,in prossimitíæ,VIA TRIONFALE,,Scontro laterale fra veicoli in marcia,Rettilineo,Una carreggiata a senso unico di marcia,Asciutto,Asfaltata,Assente,Sereno,Normale,Buona,Ore Diurne,2,0,0,0,12.42424,41.93954,True,z,del civico n.,,8610
2600843,1,2015-11-28T16:55:00,Strada Urbana,in corrispondenza,LARGO CARLO GOLDONI,,Investimento di pedone,Rettilineo,Una carreggiata a senso unico di marcia,Asciutto,Asfaltata,Assente,Sereno,Scarso,Buona,Ore Diurne,0,0,0,2,12.47898,41.90461,True,z,del civico n.,,48-A
2600435,8,2015-11-28T17:10:00,,in prossimitíæ,VIA GRAMMICHELE,,Veicolo in marcia contro veicolo in sosta,,,,,,,,,,0,0,0,0,,,False,z,del civico n.,,34
2599588,9,2015-11-28T17:15:00,,in corrispondenza,VIA PANNONIA,,Investimento di pedone,,,,,,,,,,1,0,0,1,12.49969,41.88134,False,z,del civico n.,,51
2599292,15,2015-11-28T17:25:00,Strada Urbana,da specificare,VIA DEGLI ALAGNO,100mt dopo Via Martini  dir Casetta Mattei,Veicolo in marcia contro ostacolo accidentale,Rettilineo,Una carreggiata a doppio senso,Asciutto,Asfaltata,Orizzontale,Sereno,Scarso,Buona,Sufficiente,0,0,0,1,12.41583,41.84932,True,z,,,
2599293,15,2015-11-28T17:30:00,Strada Urbana,da specificare,VIA DEGLI ALAGNO,100 mt dopo Via Martini dir Via Casetta Mattei,Veicolo in marcia contro ostacolo accidentale,Pendenza,Una carreggiata a doppio senso,Asciutto,Asfaltata,Orizzontale,Sereno,Scarso,Buona,Sufficiente,0,0,0,1,12.41583,41.84932,True,z,,,
2599735,10,2015-11-28T17:40:00,Strada Urbana,da specificare,VIA TUSCOLANA,all' altezza di Via V. Giudice,Investimento di pedone,Rettilineo,Una carreggiata a senso unico di marcia,Asciutto,Asfaltata,Verticale ed orizzontale,Sereno,Normale,Buona,Sufficiente,3,0,0,1,12.58652,41.84128,False,z,,,
2601129,3,2015-11-28T18:00:00,,in corrispondenza,VIA CARLO FEA,,Scontro frontale-laterale SX fra veicoli in marcia,,,,,,,,,,1,0,0,1,,,False,z,del civico n.,,5
2603802,18,2015-11-28T18:10:00,Strada Urbana,in prossimitíæ,CIRCONVALLAZIONE AURELIA,,Tamponamento,Rettilineo,Due carreggiate,Asciutto,Asfaltata,Orizzontale,Sereno,Normale,Buona,Sufficiente,0,0,0,3,12.42825,41.89658,True,z,del civico n.,,66
2600840,7,2015-11-28T18:10:00,Strada Urbana,in prossimitíæ,VIA DAVIDE CAMPARI,,Scontro laterale fra veicoli in marcia,Rettilineo,Una carreggiata a doppio senso,Asciutto,Asfaltata,Verticale ed orizzontale,Sereno,Normale,Sufficiente,Sufficiente,0,0,0,2,12.58565,41.88748,True,z,del civico n.,,74
2601169,3,2015-11-28T18:30:00,Strada Urbana,in prossimitíæ,VIALE DI VILLA MASSIMO,,Veicolo in marcia contro veicoli in sosta,Rettilineo,Una carreggiata a senso unico di marcia,Asciutto,Asfaltata,Verticale ed orizzontale,Sereno,Normale,Buona,Sufficiente,0,0,0,1,12.51532,41.91256,True,z,del civico n.,,8A
2600827,17,2015-11-28T19:00:00,Strada Urbana,all'intersezione con,PIAZZA COLA DI RIENZO,,Scontro laterale fra veicoli in marcia,Incrocio,Una carreggiata a doppio senso,Asciutto,Asfaltata,Verticale ed orizzontale,Sereno,Intenso,Buona,Sufficiente,0,0,0,5,12.46779,41.90859,False,z,VIA CICERONE,VIA CICERONE,
2600722,4,2015-11-28T19:20:00,Strada Urbana,da specificare,VIA DELLE ISOLE CURZOLANE,altezza Via Monte Soprano,Veicolo in marcia contro veicoli in sosta,Rettilineo,Due carreggiate,Asciutto,Asfaltata,Verticale,Sereno,Normale,Buona,Sufficiente,0,0,0,1,12.53194,41.94885,True,z,,,
2600770,19,2015-11-28T20:15:00,Strada Urbana,in prossimitíæ,VIA AURELIA,,Tamponamento,Rettilineo,Una carreggiata a senso unico di marcia,Asciutto,Asfaltata,Verticale ed orizzontale,Sereno,Normale,Buona,Sufficiente,2,0,0,1,12.40222,41.88652,True,z,del civico n.,,842
2600729,17,2015-11-28T20:20:00,Strada Urbana,all'intersezione con,VIA ACHILLE PAPA,,Scontro frontale-laterale SX fra veicoli in marcia,Intersezione non regolata-non segnalata,Due carreggiate,Asciutto,Asfaltata,Verticale ed orizzontale,Sereno,Scarso,Buona,Sufficiente,0,0,0,2,12.46571,41.91944,False,z,VIA MONTE ZEBIO,VIA MONTE ZEBIO,
2600666,6,2015-11-28T20:30:00,,in corrispondenza,VIA TOR DE' SCHIAVI,,Scontro laterale fra veicoli in marcia,,,,,,,,,,2,0,0,1,,,False,z,del civico n.,,32 A
2600982,16,2015-11-28T21:15:00,Strada Urbana,all'intersezione semaforizzata con,VIA DELL'ACQUEDOTTO DEL PESCHIERA,,Scontro laterale fra veicoli in marcia,Intersezione non regolata-non segnalata,Una carreggiata a doppio senso,Asciutto,Asfaltata,Verticale ed orizzontale,Sereno,Scarso,Buona,Sufficiente,0,0,0,3,12.42463,41.93792,False,z,VIALE MONFORTANI,VIALE MONFORTANI,
2600854,19,2015-11-28T22:35:00,Strada Urbana,in corrispondenza,VIA DI TORREVECCHIA,,Tamponamento Multiplo,Rettilineo,Una carreggiata a doppio senso,Asciutto,Asfaltata,Orizzontale,Sereno,Scarso,Buona,Sufficiente,0,0,0,3,12.42128,41.93524,True,z,del civico n.,,77
2599773,20,2015-11-28T23:25:00,,in corrispondenza,VIA CASSIA,,Tamponamento,,,,,,,,,,1,0,0,3,,,False,z,del civico n.,,1142
2600964,16,2015-11-28T23:30:00,Strada Urbana,in prossimitíæ,PIAZZA PIO XI,,Scontro laterale fra veicoli in marcia,Rettilineo,Pií_ di due carreggiate,Asciutto,Asfaltata,Verticale ed orizzontale,Sereno,Scarso,Sufficiente,Sufficiente,0,0,0,4,12.43699,41.8945,True,z,del civico n.,,54
2600808,6,2015-11-28T23:35:00,Strada Urbana,all'intersezione semaforizzata con,VIA PRENESTINA,,Scontro laterale fra veicoli in marcia,Incrocio,Una carreggiata a doppio senso,Asciutto,Asfaltata,Verticale ed orizzontale,Sereno,Scarso,Buona,Sufficiente,0,0,0,4,12.54192,41.89268,True,z,LARGO PRENESTE,LARGO PRENESTE,
2601418,17,2015-11-29T00:30:00,Strada Urbana,all'intersezione con,PIAZZA COLA DI RIENZO,,Scontro frontale-laterale DX fra veicoli in marcia,Intersezione non regolata-non segnalata,Due carreggiate,Asciutto,Asfaltata,Verticale ed orizzontale,Sereno,Scarso,Buona,Sufficiente,0,0,0,8,12.4689,41.90888,True,z,VIA LUCREZIO CARO,VIA LUCREZIO CARO,
2600641,20,2015-11-29T00:30:00,Strada Urbana,in corrispondenza,CORSO DI FRANCIA,,Tamponamento,Rettilineo,Due carreggiate,Asciutto,Asfaltata,Orizzontale,Sereno,Scarso,Buona,Sufficiente,3,0,0,1,,,False,z,del civico n.,,FR. 158
2599803,20,2015-11-29T01:00:00,,in corrispondenza,VIA FLAMINIA,,Scontro laterale fra veicoli in marcia,,,,,,,,,,1,0,0,2,,,False,z,del civico n.,,732
2600418,15,2015-11-29T01:07:00,Strada Urbana,all'intersezione semaforizzata con,VIA PORTUENSE,,Scontro frontale-laterale SX fra veicoli in marcia,Intersezione semaforizzata,Due carreggiate,Asciutto,Asfaltata,Verticale ed orizzontale,Sereno,Scarso,Sufficiente,Sufficiente,0,0,0,2,12.40939,41.84342,True,z,VIA DI POZZO PANTALEO,VIA DI POZZO PANTALEO,
2600917,2,2015-11-29T01:15:00,,all'intersezione con,VIA CHIANA,,Scontro frontale-laterale SX fra veicoli in marcia,,,,,,,,,,1,0,0,2,,,False,z,VIA FUCINO,VIA FUCINO,
2600893,1,2015-11-29T01:40:00,Strada Urbana,all'intersezione con,VIA DEL CORSO,,Scontro laterale fra veicoli in marcia,Intersezione stradale segnalata,Una carreggiata a senso unico di marcia,Asciutto,Asfaltata,Verticale ed orizzontale,Sereno,Scarso,Buona,Sufficiente,0,0,0,4,12.48028,41.90138,True,z,LARGO CHIGI,LARGO CHIGI,
2600971,7,2015-11-29T01:45:00,Strada Urbana,da specificare,VIA ETTORE FIERAMOSCA,altezza palo luce 57,Veicolo in marcia contro ostacolo fisso,Curva a visuale libera,Due carreggiate,Asciutto,Asfaltata,Verticale ed orizzontale,Sereno,Scarso,Buona,Sufficiente,0,0,0,1,12.52826,41.89372,True,z,,,
2601217,3,2015-11-29T02:30:00,Strada Urbana,in prossimitíæ,VIA ANTONIO BOSIO,,Veicolo in marcia contro veicolo in sosta,Pendenza,Una carreggiata a senso unico di marcia,Asciutto,Asfaltata,Verticale ed orizzontale,Sereno,Scarso,Sufficiente,Sufficiente,0,0,0,1,12.51525,41.9149,True,z,del civico n.,,27
2600582,3,2015-11-29T03:00:00,,in prossimitíæ,VIA NOMENTANA,,Veicolo in marcia contro ostacolo fisso,,,,,,,,,,0,0,1,0,,,False,z,del civico n.,,2 B
2599666,12,2015-11-29T03:00:00,,in prossimitíæ,VIALE DEI ROMAGNOLI,,Veicolo in marcia contro ostacolo fisso,,,,,,,,,,0,0,0,1,12.34958,41.77936,False,z,del civico n.,,759
2601077,1,2015-11-29T03:15:00,Strada Urbana,da specificare,VIA MERULANA,in prossimitíæ albero n. 38,Scontro frontale-laterale SX fra veicoli in marcia,Rettilineo,Una carreggiata a doppio senso,Asciutto,Asfaltata,Verticale ed orizzontale,Sereno,Normale,Buona,Sufficiente,1,0,0,2,,,False,z,,,
2601196,6,2015-11-29T03:20:00,,in corrispondenza,VIA TIBURTINA,,Scontro laterale fra veicoli in marcia,,,,,,,,,,1,0,0,2,,,False,z,del civico n.,,546
2600448,15,2015-11-29T03:30:00,Strada Urbana,da specificare,LUNGOTEVERE DI PIETRA PAPA,prossimitíæ Via Luca Valerio,Veicolo in marcia contro veicoli in sosta,Rettilineo,Due carreggiate,Asciutto,Asfaltata,Assente,Sereno,Scarso,Buona,Ore Diurne,0,0,0,1,12.47394,41.86264,True,z,,,
2599761,12,2015-11-29T04:00:00,,in prossimitíæ,VIA DEI PESCATORI,,Veicolo in marcia contro ostacolo fisso,,,,,,,,,,0,0,1,0,,,False,z,del civico n.,,snc
2599594,9,2015-11-29T04:00:00,Strada Urbana,all'intersezione con,VIA EUGENIO TORELLI VIOLLIER,,Scontro laterale fra veicoli in marcia,Incrocio,Una carreggiata a senso unico di marcia,Asciutto,Asfaltata,Verticale ed orizzontale,Sereno,Scarso,Sufficiente,Sufficiente,0,0,0,2,12.5379,41.91051,True,z,VIA DEI MONTI DI PIETRALATA,VIA DEI MONTI DI PIETRALATA,
2600903,19,2015-11-29T06:00:00,Strada Urbana,all'intersezione con,VIA DI TORREVECCHIA,,Scontro laterale fra veicoli in marcia,Incrocio,Una carreggiata a doppio senso,Asciutto,Asfaltata,Verticale ed orizzontale,Sereno,Scarso,Buona,Sufficiente,0,0,0,2,12.4123,41.92339,True,z,VIA PIETRO ADAMI,VIA PIETRO ADAMI,
2601524,6,2015-11-29T06:10:00,Strada Urbana,in prossimitíæ,VIA L'AQUILA,,Investimento di pedone,Rettilineo,Una carreggiata a senso unico di marcia,Asciutto,Asfaltata,Orizzontale,Sereno,Scarso,Buona,Ore Diurne,1,0,0,0,12.5254,41.8906,True,z,del civico n.,,52-54
2600260,20,2015-11-29T06:45:00,,in corrispondenza,VIA FLAMINIA,,Veicolo in marcia contro ostacolo fisso,,,,,,,,,,0,1,0,0,,,False,z,della chilometrica,,14.8