_ID,_Gruppo,_DataOraIncidente,_Localizzazione1,_Localizzazione2,_Strada1,_DaSpecificare,_NaturaIncidente,_ParticolaritaStrade,_TipoStrada,_FondoStradale,_Pavimentazione,_Segnaletica,_CondizioneAtmosferica,_Traffico,_Visibilita,_Illuminazione,_NUM_FERITI,_NUM_RISERVATA,_NUM_MORTI,_NUM_ILLESI,_Longitudine,_Latitudine,_CONFERMATO,__prefix,_Strada02,_Strada2,_Chilometrica
2599680,12,2015-11-29T08:00:00,Regionale,in prossimitíæ,VIA PONTINA,,Scontro laterale fra veicoli in marcia,Rettilineo,Due carreggiate,Asciutto,Asfaltata,Verticale ed orizzontale,Sereno,Normale,Buona,Ore Diurne,0,0,0,2,12.45106,41.79235,True,z,della chilometrica,,18.5
2599748,10,2015-11-29T09:40:00,Strada Urbana,all'intersezione con,VIA DI S. MATTEO,,Scontro frontale-laterale DX fra veicoli in marcia,Incrocio,Una carreggiata a doppio senso,Asciutto,Asfaltata,Assente,Sereno,Scarso,Buona,Ore Diurne,0,0,0,2,12.65317,41.81914,True,z,VIA ACQUALANDRONI,VIA ACQUALANDRONI,
2601525,12,2015-11-29T10:00:00,,in corrispondenza,VIALE DELL'OCEANO INDIANO,,Infortunio per caduta del veicolo,,,,,,,,,,1,0,0,0,,,False,z,del civico n.,,50
2600010,18,2015-11-29T10:00:00,,in corrispondenza,VIA BALDO DEGLI UBALDI,,Veicolo in marcia contro veicolo arresto,,,,,,,,,,2,0,0,1,,,False,z,del civico n.,,334
2601187,3,2015-11-29T10:30:00,Strada Urbana,da specificare,CIRCONVALLAZIONE TIBURTINA,uscita Largo Passamonti dir. San Giovanni,Scontro laterale fra veicoli in marcia,Rettilineo,Due carreggiate,Asciutto,Asfaltata,Verticale ed orizzontale,Sereno,Scarso,Buona,Ore Diurne,0,0,0,2,12.52375,41.89751,True,z,,,
2600888,19,2015-11-29T10:30:00,Strada Urbana,in corrispondenza,VIALE MONFORTANI,,Investimento di pedone,Rettilineo,Una carreggiata a doppio senso,Asciutto,Asfaltata,Orizzontale,Sereno,Normale,Buona,Ore Diurne,1,0,0,1,12.42414,41.93713,True,z,del civico n.,,50
2600496,8,2015-11-29T10:30:00,,in prossimitíæ,VIA DI TOR BELLA MONACA,,Veicolo in marcia contro ostacolo accidentale,,,,,,,,,,0,0,0,0,,,False,z,del palo luce n.,,55
2600836,4,2015-11-29T11:00:00,Strada Urbana,all'intersezione semaforizzata con,VIA DEI PRATI FISCALI,,Scontro laterale fra veicoli in marcia,Rotatoria,Una carreggiata a senso unico di marcia,Asciutto,Asfaltata,Verticale ed orizzontale,Sereno,Normale,Buona,Ore Diurne,0,0,0,2,12.52558,41.94607,True,z,PIAZZALE JONIO,PIAZZALE JONIO,
2601198,3,2015-11-29T11:20:00,Strada Urbana,in corrispondenza,VIA TIBURTINA,,Veicolo in marcia contro veicolo in sosta,Rettilineo,Due carreggiate,Asciutto,Asfaltata,Temporanea di cantiere,Sereno,Normale,Buona,Ore Diurne,0,0,0,4,12.5394,41.90868,False,z,del civico n.,,493
2600624,20,2015-11-29T11:30:00,,da specificare,VIA CASSIA,altezza VIA GIULIO GALLI,Tamponamento,,,,,,,,,,0,0,0,4,,,False,z,,,
2599979,18,2015-11-29T12:00:00,Strada Urbana,in corrispondenza,VIA GREGORIO VII,,Veicolo in marcia contro veicoli in sosta,Curva a visuale libera,Pií_ di due carreggiate,Asciutto,Asfaltata,Assente,Sereno,Normale,Buona,Ore Diurne,0,0,0,0,12.43509,41.89358,True,z,del civico n.,,388
2600829,7,2015-11-29T12:30:00,Strada Urbana,in prossimitíæ,VIA PRENESTINA,,Scontro laterale fra veicoli in marcia,Rettilineo,Una carreggiata a doppio senso,Asciutto,Asfaltata,Verticale ed orizzontale,Nuvoloso,Scarso,Buona,Ore Diurne,0,0,0,3,12.59143,41.89416,True,z,del civico n.,,709
2600401,10,2015-11-29T12:30:00,Strada Urbana,all'intersezione semaforizzata con,PIAZZA DI CINECITTA',,Tamponamento Multiplo,Intersezione semaforizzata,Due carreggiate,Asciutto,Asfaltata,Verticale ed orizzontale,Sereno,Normale,Buona,Ore Diurne,2,0,0,4,12.56803,41.8532,True,z,VIA ORAZIO PULVILLO,VIA ORAZIO PULVILLO,
2600490,5,2015-11-29T12:30:00,Strada Urbana,all'intersezione semaforizzata con,VIA TIBURTINA,,Investimento di pedone,Intersezione stradale segnalata,Due carreggiate,Asciutto,Asfaltata,Verticale ed orizzontale,Sereno,Normale,Buona,Ore Diurne,1,0,0,1,12.58437,41.93266,False,z,VIA DEL CASALE DI S. BASILIO,VIA DEL CASALE DI S. BASILIO,
2600580,18,2015-11-29T13:00:00,Strada Urbana,in corrispondenza,VIA BALDO DEGLI UBALDI,,Scontro laterale fra veicoli in marcia,Rettilineo,Due carreggiate,Asciutto,Asfaltata,Verticale ed orizzontale,Sereno,Normale,Buona,Ore Diurne,0,0,0,3,12.43696,41.90009,True,z,del civico n.,,220
2600492,8,2015-11-29T13:00:00,,in prossimitíæ,VIA DI TORRENOVA,,Veicolo in marcia contro ostacolo accidentale,,,,,,,,,,0,0,0,1,,,False,z,del civico n.,,421
2601484,12,2015-11-29T13:30:00,Strada Urbana,in corrispondenza,VIA CRISTOFORO COLOMBO,,Veicolo in marcia contro ostacolo fisso,Rettilineo,Due carreggiate,Asciutto,Asfaltata,Verticale ed orizzontale,Sereno,Normale,Buona,Ore Diurne,0,0,0,1,12.47229,41.83714,True,z,del civico n.,,"16,500"
2601323,12,2015-11-29T13:30:00,Statale entro l'abitato,in corrispondenza,VIA OSTIENSE,,Tamponamento Multiplo,Rettilineo,Una carreggiata a doppio senso,Asciutto,Asfaltata,Verticale ed orizzontale,Sereno,Normale,Buona,Ore Diurne,2,0,0,2,12.40683,41.79595,False,z,della chilometrica,,14
2601053,1,2015-11-29T14:00:00,Strada Urbana,in prossimitíæ,VIALE MARCO POLO,,Tamponamento Multiplo,Rettilineo,Due carreggiate,Asciutto,Asfaltata,Verticale ed orizzontale,Sereno,Normale,Buona,Ore Diurne,0,0,0,5,,,False,z,del civico n.,,104
2601457,17,2015-11-29T14:10:00,Strada Urbana,in corrispondenza,VIALE DEGLI AMMIRAGLI,,Veicolo in marcia contro veicolo arresto,Rettilineo,Due carreggiate,Asciutto,Asfaltata,Verticale ed orizzontale,Sereno,Scarso,Buona,Ore Diurne,0,0,0,2,12.44574,41.90471,True,z,del civico n.,,14
2600554,20,2015-11-29T14:20:00,Strada Urbana,in prossimitíæ,VIA DEI COLLI DELLA FARNESINA,,Scontro frontale-laterale DX fra veicoli in marcia,Rettilineo,Una carreggiata a doppio senso,Asciutto,Asfaltata,Orizzontale,Sereno,Normale,Buona,Ore Diurne,2,0,0,1,,,False,z,del civico n.,,32
2600894,4,2015-11-29T14:30:00,Strada Urbana,in corrispondenza,VIA ADOLFO ALBERTAZZI,,Veicolo in marcia contro veicolo in sosta,Rettilineo,Una carreggiata a senso unico di marcia,Asciutto,Asfaltata,Verticale ed orizzontale,Sereno,Scarso,Buona,Ore Diurne,0,0,0,1,12.54208,41.95066,False,z,del civico n.,,3
2600562,20,2015-11-29T14:30:00,Strada Urbana,da specificare,GALLERIA GIOVANNI XXIII,uscita altezza rampa disc. per via A. San Giuliano,Veicolo in marcia contro ostacolo accidentale,Rettilineo,Una carreggiata a senso unico di marcia,Asciutto,Asfaltata,Verticale ed orizzontale,Sereno,Intenso,Buona,Ore Diurne,1,0,0,1,,,False,z,,,
2600593,18,2015-11-29T14:30:00,Strada Urbana,all'intersezione con,VIA GAETANO MAZZONI,,Scontro frontale-laterale SX fra veicoli in marcia,Incrocio,Una carreggiata a senso unico di marcia,Asciutto,Asfaltata,Verticale ed orizzontale,Nuvoloso,Scarso,Buona,Ore Diurne,1,0,0,1,12.39508,41.90845,False,z,VIA GIOVANNI SENZATERRA,VIA GIOVANNI SENZATERRA,
2600568,20,2015-11-29T14:45:00,,in corrispondenza,VIA CASSIA,,Scontro frontale-laterale SX fra veicoli in marcia,,,,,,,,,,1,0,0,2,,,False,z,del civico n.,,528
2600908,7,2015-11-29T15:10:00,Strada Urbana,da specificare,VIA PESCOMAGGIORE,altezza via Delia,Veicolo in marcia contro veicoli in sosta,Rettilineo,Una carreggiata a senso unico di marcia,Asciutto,Asfaltata,Assente,Sereno,Scarso,Buona,Ore Diurne,0,0,0,1,12.61088,41.91817,True,z,,,
2601432,12,2015-11-29T15:20:00,Strada Urbana,in corrispondenza,VIALE DEI CADUTI PER LA RESISTENZA,,Scontro frontale-laterale SX fra veicoli in marcia,Rettilineo,Una carreggiata a senso unico di marcia,Asciutto,Asfaltata,Verticale,Sereno,Scarso,Buona,Ore Diurne,0,0,0,5,12.44308,41.78762,True,z,del civico n.,,305
2600530,5,2015-11-29T15:20:00,Strada Urbana,da specificare,VIA BELMONTE IN SABINA,ca. 10 mt. svincolo 12 G.R.A. dir. Casal Monastero,Veicolo in marcia contro ostacolo accidentale,Curva a visuale libera,Due carreggiate,Asciutto,Asfaltata,Verticale ed orizzontale,Sereno,Normale,Sufficiente,Ore Diurne,0,0,0,1,12.59317,41.94615,True,z,,,
2600517,13,2015-11-29T16:00:00,Strada Urbana,in corrispondenza,VIA FABIANO LANDI,,Veicolo in marcia contro veicoli in sosta,Rettilineo,Una carreggiata a doppio senso,Asciutto,Asfaltata,Orizzontale,Sereno,Normale,Buona,Ore Diurne,0,0,0,1,12.37319,41.78582,True,z,del civico n.,,72
2600976,2,2015-11-29T16:25:00,Strada Urbana,da specificare,VIA SALARIA,alt. PONTE DELL'ANIENE,Scontro laterale fra veicoli in marcia,Rettilineo,Due carreggiate,Asciutto,Asfaltata,Verticale ed orizzontale,Sereno,Normale,Buona,Ore Diurne,0,0,0,4,12.50882,41.93984,True,z,,,
2600561,5,2015-11-29T16:30:00,Strada Urbana,da specificare,VIA BELMONTE IN SABINA,ca. 10 mt. svincolo 12 G.R.A. dir. Casal Monastero,Veicolo in marcia contro ostacolo accidentale,Curva a visuale libera,Due carreggiate,Asciutto,Asfaltata,Verticale ed orizzontale,Sereno,Normale,Sufficiente,Ore Diurne,0,0,0,2,12.60106,41.95243,True,z,,,
2600468,8,2015-11-29T16:30:00,Strada Urbana,da specificare,VIA DI TOR BELLA MONACA,alt. distributore TOTAL ERG,Scontro laterale fra veicoli in marcia,Rettilineo,Due carreggiate,Asciutto,Asfaltata,Verticale ed orizzontale,Sereno,Normale,Buona,Ore Diurne,1,0,0,1,12.62546,41.87778,True,z,,,
2600984,1,2015-11-29T16:30:00,Strada Urbana,all'intersezione con,VIA SARDEGNA,,Scontro frontale-laterale SX fra veicoli in marcia,Incrocio,Una carreggiata a senso unico di marcia,Asciutto,Asfaltata,Verticale ed orizzontale,Sereno,Scarso,Sufficiente,Ore Diurne,0,0,0,5,12.49408,41.91015,False,z,VIA ROMAGNA,VIA ROMAGNA,
2601503,12,2015-11-29T16:45:00,Strada Urbana,in corrispondenza,VIA LUIGI ZILIOTTO,,Veicolo in marcia contro veicolo in sosta,Pendenza,Una carreggiata a senso unico di marcia,Asciutto,Asfaltata,Verticale ed orizzontale,Sereno,Scarso,Buona,Ore Diurne,0,0,0,1,12.48301,41.82476,False,z,del civico n.,,26
2600595,20,2015-11-29T16:45:00,Statale entro l'abitato,in prossimitíæ,VIA CASSIA,,Scontro laterale fra veicoli in marcia,Rettilineo,Una carreggiata a doppio senso,Asciutto,Asfaltata,Verticale ed orizzontale,Sereno,Intenso,Buona,Sufficiente,1,0,0,1,,,False,z,del civico n.,,1421
2600983,2,2015-11-29T17:00:00,Strada Urbana,da specificare,VIA DEL FORO ITALICO,altezza uscita CAMPI SPORTIVI-PARIOLI dir.centro,Tamponamento Multiplo,Rettilineo,Due carreggiate,Asciutto,Asfaltata,Verticale ed orizzontale,Sereno,Intenso,Buona,Sufficiente,0,0,0,3,12.49589,41.93987,True,z,,,
2600575,5,2015-11-29T17:00:00,,in prossimitíæ,VIA TIBURTINA,,Investimento di pedone,,,,,,,,,,2,0,0,0,12.55109,41.91141,False,z,del civico n.,,713
2601118,2,2015-11-29T17:30:00,,da specificare,LUNGOTEVERE FLAMINIO,pross. VIA STERN,Scontro laterale fra veicoli in marcia,,,,,,,,,,1,0,0,1,,,False,z,,,
2600919,19,2015-11-29T17:30:00,Strada Urbana,da specificare,PIAZZA CLEMENTE XI,altezza VIA PASQUALE II,Scontro frontale-laterale DX fra veicoli in marcia,Rettilineo,Una carreggiata a senso unico di marcia,Asciutto,Asfaltata,Verticale ed orizzontale,Sereno,Scarso,Buona,Sufficiente,0,0,0,3,12.41452,41.91403,True,z,,,
2600405,10,2015-11-29T17:35:00,Strada Urbana,in prossimitíæ,VIA DELLE CAPANNELLE,,Tamponamento Multiplo,Rettilineo,Una carreggiata a doppio senso,Asciutto,Asfaltata,Assente,Sereno,Intenso,Buona,Sufficiente,1,0,0,4,12.57488,41.84619,False,z,del civico n.,,219
2600476,8,2015-11-29T17:40:00,Strada Urbana,da specificare,VIA GIORGIO GRAPPELLI,USCITA A 24,Scontro laterale fra veicoli in marcia,Curva a visuale libera,Una carreggiata a senso unico di marcia,Asciutto,Asfaltata,Verticale ed orizzontale,Sereno,Normale,Sufficiente,Sufficiente,0,0,0,6,12.65753,41.91169,True,z,,,
2600457,11,2015-11-29T17:50:00,Strada Urbana,in prossimitíæ,VIALE GIUSTINIANO IMPERATORE,,Scontro frontale fra veicoli in marcia,Rettilineo,Due carreggiate,Asciutto,Asfaltata,Verticale ed orizzontale,Sereno,Normale,Sufficiente,Sufficiente,0,0,0,1,12.47913,41.85649,True,z,del civico n.,,26
2601282,4,2015-11-29T18:30:00,Strada Urbana,da specificare,VIA SALARIA,altezza rampa raccordo direzione ciampino,Tamponamento,Rettilineo,Due carreggiate,Asciutto,Asfaltata,Verticale ed orizzontale,Nuvoloso,Normale,Buona,Insufficiente,0,0,0,2,12.51242,41.98892,True,z,,,
2600605,18,2015-11-29T18:30:00,Strada Urbana,in corrispondenza,VIA BALDO DEGLI UBALDI,,Investimento di pedone,Rettilineo,Due carreggiate,Asciutto,Asfaltata,Verticale ed orizzontale,Sereno,Normale,Insufficiente,Inesistente,1,0,0,1,,,False,z,del civico n.,,199
2600486,8,2015-11-29T18:50:00,,da specificare,VIALE DUILIO CAMBELLOTTI,INVERSIONE DI MARCIA METRO C,Veicolo in marcia contro ostacolo accidentale,,,,,,,,,,0,0,0,1,,,False,z,,,
2600621,17,2015-11-29T19:00:00,Strada Urbana,in prossimitíæ,VIA PIETRO GIANNONE,,Investimento di pedone,Rettilineo,Una carreggiata a senso unico di marcia,Asciutto,Asfaltata,Verticale ed orizzontale,Sereno,Scarso,Buona,Sufficiente,0,0,0,2,12.45046,41.91081,True,z,del civico n.,,28
2600587,13,2015-11-29T19:00:00,Strada Urbana,da specificare,VIALE DELLA VILLA DI PLINIO,xxxxxxxxxxxxxxxxxxxxxxx,Veicolo in marcia contro ostacolo accidentale,Rettilineo,Due carreggiate,Asciutto,Asfaltata,Verticale ed orizzontale,Sereno,Normale,Insufficiente,Inesistente,0,0,0,1,12.34126,41.71481,True,z,,,
2600498,8,2015-11-29T19:15:00,Strada Urbana,all'intersezione con,VIA DI TORRE SPACCATA,,Scontro frontale-laterale DX fra veicoli in marcia,Intersezione semaforizzata,Una carreggiata a doppio senso,Asciutto,Asfaltata,Verticale ed orizzontale,Sereno,Normale,Buona,Sufficiente,0,0,0,4,12.58584,41.85747,True,z,VIALE DI TORRE MAURA,VIALE DI TORRE MAURA,
2600611,5,2015-11-29T19:50:00,Strada Urbana,all'intersezione con,VIA MORROVALLE,,Scontro frontale-laterale SX fra veicoli in marcia,Incrocio,Una carreggiata a senso unico di marcia,Asciutto,Asfaltata,Orizzontale,Sereno,Scarso,Buona,Sufficiente,0,0,0,4,12.58385,41.93783,False,z,VIA CAGLI,VIA CAGLI,
2601209,3,2015-11-29T20:00:00,,all'intersezione con,VIA NOMENTANA,,Scontro frontale-laterale DX fra veicoli in marcia,,,,,,,,,,2,0,0,1,,,False,z,VIA CARLO FEA,VIA CARLO FEA,
2601089,6,2015-11-29T20:00:00,,in corrispondenza,VIA DI TOR PIGNATTARA,,Scontro laterale fra veicoli in marcia,,,,,,,,,,1,0,0,3,,,False,z,del civico n.,,107
2600927,1,2015-11-29T20:15:00,Strada Urbana,da specificare,PIAZZA VENEZIA,tratto antistante il VITTORIANO,Scontro laterale fra veicoli in marcia,Rotatoria,Una carreggiata a senso unico di marcia,Asciutto,In cubetti di porfido,Assente,Sereno,Normale,Buona,Sufficiente,0,0,0,4,12.48257,41.89632,False,z,,,
2601486,17,2015-11-29T20:15:00,Strada Urbana,in prossimitíæ,VIA COLA DI RIENZO,,Veicolo in marcia contro ostacolo accidentale,Rettilineo,Una carreggiata a doppio senso,Asciutto,Acciotolata,Orizzontale,Sereno,Scarso,Buona,Sufficiente,0,0,0,2,12.46549,41.90812,True,z,del civico n.,,141
2600551,13,2015-11-29T20:40:00,Strada Urbana,da specificare,VIA EPAMINONDA,in prossimitíæ di Via Ificrate,Fuoriuscita dalla sede stradale,Rettilineo,Una carreggiata a doppio senso,Asciutto,Asfaltata,Assente,Sereno,Scarso,Buona,Sufficiente,0,0,0,1,12.32544,41.74496,True,z,,,
2600441,8,2015-11-29T21:15:00,,da specificare,VIA DI TOR BELLA MONACA,altezza cavalcavia Via di Torrenova,Veicolo in marcia contro ostacolo accidentale,,,,,,,,,,0,0,0,1,,,False,z,,,
2600622,20,2015-11-29T21:15:00,Strada Urbana,in corrispondenza,VIA DELLA STAZIONE DI CESANO,,Tamponamento,Rettilineo,Una carreggiata a doppio senso,Asciutto,Asfaltata,Orizzontale,Sereno,Normale,Buona,Sufficiente,5,0,0,1,,,False,z,del civico n.,,610
2601416,17,2015-11-29T21:30:00,Strada Urbana,da specificare,LUNGOTEVERE PRATI,via ulpiano,Scontro laterale fra veicoli in marcia,Rettilineo,Una carreggiata a senso unico di marcia,Asciutto,Asfaltata,Orizzontale,Sereno,Normale,Buona,Sufficiente,0,0,0,2,12.47199,41.90367,True,z,,,
2601359,16,2015-11-29T22:50:00,Strada Urbana,in corrispondenza,VIA OTTAVIO GASPARRI,,Scontro laterale fra veicoli in marcia,Rettilineo,Due carreggiate,Asciutto,Asfaltata,Verticale ed orizzontale,Sereno,Normale,Buona,Sufficiente,0,0,0,2,12.44268,41.87746,True,z,del civico n.,,6
2600483,8,2015-11-29T22:50:00,,in prossimitíæ,VIA DI TORRENOVA,,Veicolo in marcia contro ostacolo accidentale,,,,,,,,,,0,0,0,1,,,False,z,del civico n.,,167
2600623,18,2015-11-29T23:00:00,Strada Urbana,in corrispondenza,VIA ADRIANO I,,Fuoriuscita dalla sede stradale,Rettilineo,Una carreggiata a senso unico di marcia,Asciutto,Asfaltata,Verticale,Sereno,Scarso,Sufficiente,Sufficiente,0,0,0,1,12.41617,41.90415,True,z,del civico n.,,20
2600412,9,2015-11-30T00:25:00,Strada Urbana,in corrispondenza,VIA DELLE VIGNE DI MORENA,,Veicolo in marcia contro veicoli in sosta,Rettilineo,Una carreggiata a doppio senso,Asciutto,Asfaltata,Verticale ed orizzontale,Sereno,Scarso,Sufficiente,Sufficiente,0,0,0,1,12.60667,41.80962,True,z,del civico n.,,85A
2601532,12,2015-11-30T00:40:00,Strada Urbana,da specificare,PIAZZALE PIER LUIGI NERVI,fronte Palalottomatica,Veicolo in marcia contro veicolo in sosta,Rettilineo,Una carreggiata a doppio senso,Asciutto,Asfaltata,Verticale ed orizzontale,Sereno,Scarso,Buona,Sufficiente,0,0,0,1,12.46579,41.82426,True,z,,,
2600798,4,2015-11-30T02:35:00,Strada Urbana,in prossimitíæ,VIALE ADRIATICO,,Veicolo in marcia contro veicoli in sosta,Rettilineo,Una carreggiata a senso unico di marcia,Asciutto,Asfaltata,Verticale ed orizzontale,Sereno,Scarso,Sufficiente,Sufficiente,0,0,0,1,12.53438,41.93735,True,z,del civico n.,,1
2600859,6,2015-11-30T03:10:00,Strada Urbana,in prossimitíæ,PIAZZA CABALLINI,,Veicolo in marcia contro veicoli in sosta,Rettilineo,Una carreggiata a senso unico di marcia,Asciutto,Asfaltata,Verticale ed orizzontale,Sereno,Scarso,Buona,Sufficiente,0,0,0,1,12.52123,41.89124,True,z,del civico n.,,1
2600702,5,2015-11-30T06:00:00,Strada Urbana,in prossimitíæ,VIA DEL CASALE DI S. BASILIO,,Veicolo in marcia contro ostacolo fisso,Rettilineo,Una carreggiata a doppio senso,Asciutto,Asfaltata,Verticale ed orizzontale,Sereno,Scarso,Buona,Sufficiente,0,0,0,1,12.57103,41.94308,True,z,del civico n.,,52
2601474,16,2015-11-30T06:05:00,Strada Urbana,da specificare,VIALE DEI QUATTRO VENTI,f.c. 136,Tamponamento,Rettilineo,Una carreggiata a doppio senso,Asciutto,Asfaltata,Verticale ed orizzontale,Sereno,Scarso,Sufficiente,Sufficiente,0,0,0,2,12.45851,41.87951,True,z,,,
2600504,6,2015-11-30T06:20:00,Strada Urbana,in corrispondenza,VIA PRENESTINA,,Investimento di pedone,Rettilineo,Pií_ di due carreggiate,Asciutto,Asfaltata,Orizzontale,Sereno,Normale,Buona,Sufficiente,0,0,0,2,,,False,z,del civico n.,,242-a
2601926,8,2015-11-30T07:00:00,Strada Urbana,in prossimitíæ,VIA DI TORRE SPACCATA,,Scontro frontale-laterale DX fra veicoli in marcia,Rettilineo,Una carreggiata a doppio senso,Asciutto,Asfaltata,Verticale ed orizzontale,Sereno,Intenso,Buona,Ore Diurne,1,0,0,1,12.58583,41.85771,True,z,del civico n.,,110
2600826,9,2015-11-30T07:10:00,Strada Urbana,all'intersezione semaforizzata con,VIA DI PORTA FURBA,,Scontro laterale fra veicoli in marcia,Intersezione semaforizzata,Una carreggiata a doppio senso,Asciutto,Asfaltata,Verticale ed orizzontale,Sereno,Normale,Buona,Ore Diurne,0,0,0,2,12.53844,41.86946,True,z,VIA TUSCOLANA,VIA TUSCOLANA,
2601938,8,2015-11-30T07:15:00,Provinciale entro l'abitato,in prossimitíæ,VIA PRENESTINA,,Veicolo in marcia contro ostacolo accidentale,Rettilineo,Una carreggiata a doppio senso,Asciutto,Asfaltata,Verticale ed orizzontale,Sereno,Normale,Sufficiente,Ore Diurne,1,0,0,0,12.70172,41.88923,True,z,del civico n.,,1441
2600581,20,2015-11-30T07:30:00,,da specificare,VIA FLAMINIA,altezza ponte GRA direzione centro,Scontro laterale fra veicoli in marcia,,,Asciutto,,,Sereno,Intenso,,,0,0,0,2,,,False,z,,,
2600963,2,2015-11-30T07:50:00,Strada Urbana,in prossimitíæ,VIA YSER,,Scontro frontale-laterale SX fra veicoli in marcia,Rettilineo,Una carreggiata a senso unico di marcia,Asciutto,Asfaltata,Verticale ed orizzontale,Sereno,Normale,Buona,Ore Diurne,0,0,0,3,12.49855,41.92059,True,z,del civico n.,,10
2601890,5,2015-11-30T08:00:00,Strada Urbana,all'intersezione con,VIA TIBURTINA,,Scontro frontale-laterale SX fra veicoli in marcia,Intersezione stradale segnalata,Due carreggiate,Asciutto,Asfaltata,Verticale ed orizzontale,Sereno,Intenso,Buona,Ore Diurne,0,0,0,2,12.5365,41.90845,True,z,VIA DELLE CAVE DI PIETRALATA,VIA DELLE CAVE DI PIETRALATA,
2600861,9,2015-11-30T08:05:00,Strada Urbana,in prossimitíæ,VIA APPIA NUOVA,,Tamponamento Multiplo,Rettilineo,Due carreggiate,Asciutto,Asfaltata,Orizzontale,Sereno,Normale,Buona,Ore Diurne,0,0,0,3,12.5347,41.85996,True,z,del civico n.,,751
2600672,17,2015-11-30T08:15:00,Strada Urbana,in corrispondenza,VIA ANGELO EMO,,Scontro laterale fra veicoli in marcia,Rettilineo,Una carreggiata a doppio senso,Asciutto,Asfaltata,Verticale ed orizzontale,Sereno,Intenso,Buona,Ore Diurne,0,0,0,3,12.44393,41.90324,True,z,del civico n.,,155
2601510,16,2015-11-30T08:15:00,,da specificare,CIRCONVALLAZIONE GIANICOLENSE,F.C.  119,Investimento di pedone,,,,,,,,,,0,0,0,2,,,False,z,,,
2601256,10,2015-11-30T08:25:00,Strada Urbana,in prossimitíæ,VIALE S. GIOVANNI BOSCO,,Scontro laterale fra veicoli in marcia,Rettilineo,Due carreggiate,Asciutto,Asfaltata,Verticale ed orizzontale,Sereno,Normale,Buona,Ore Diurne,1,0,0,1,12.56135,41.86065,True,z,del civico n.,,115
2604499,18,2015-11-30T08:30:00,Strada Urbana,all'intersezione con,VIA DI PORTA CAVALLEGGERI,,Scontro frontale-laterale SX fra veicoli in marcia,Intersezione semaforizzata,Una carreggiata a doppio senso,Asciutto,Asfaltata,Verticale ed orizzontale,Sereno,Normale,Buona,Ore Diurne,0,0,0,2,12.45462,41.90012,True,z,VIA DELLA STAZIONE VATICANA,VIA DELLA STAZIONE VATICANA,
2601546,16,2015-11-30T08:30:00,Strada Urbana,all'intersezione con,VIA FRATELLI BONNET,,Scontro frontale-laterale SX fra veicoli in marcia,Intersezione stradale segnalata,Una carreggiata a doppio senso,Asciutto,Asfaltata,Orizzontale,Sereno,Normale,Buona,Ore Diurne,0,0,0,3,12.45999,41.8852,True,z,VIALE DELLE MURA GIANICOLENSI,VIALE DELLE MURA GIANICOLENSI,
2601903,13,2015-11-30T08:50:00,Strada Urbana,all'intersezione con,VIA GIOVANNI CONTI,,Scontro frontale-laterale DX fra veicoli in marcia,Incrocio,Una carreggiata a doppio senso,Asciutto,Asfaltata,Verticale ed orizzontale,Sereno,Scarso,Buona,Ore Diurne,1,0,0,1,12.36298,41.77939,False,z,VIA ALESSANDRO CAPALTI,VIA ALESSANDRO CAPALTI,
2601707,12,2015-11-30T08:50:00,,da specificare,VIALE DEGLI EROI DI RODI,prossimitíæ via A. Bussi,Investimento di pedone,,,,,,,,,,1,0,0,2,12.43825,41.78035,False,z,,,
2600862,18,2015-11-30T09:05:00,Statale,in prossimitíæ,VIA AURELIA,,Ribaltamento senza urto contro ostacolo fisso,Rettilineo,Due carreggiate,Asciutto,Asfaltata,Verticale ed orizzontale,Sereno,Normale,Buona,Ore Diurne,1,0,0,1,12.38311,41.88513,True,z,della chilometrica,,10.1
2600970,2,2015-11-30T09:10:00,Strada Urbana,in prossimitíæ,PIAZZA DI NOVELLA,,Scontro frontale-laterale SX fra veicoli in marcia,Rotatoria,Una carreggiata a senso unico di marcia,Asciutto,Asfaltata,Verticale ed orizzontale,Sereno,Normale,Buona,Ore Diurne,0,0,0,2,12.51231,41.92933,True,z,del civico n.,,2
2602780,1,2015-11-30T09:20:00,Strada Urbana,da specificare,PIAZZA VENEZIA,altezza P.ZZA S. MARCO,Veicolo in marcia contro ostacolo accidentale,Curva a visuale libera,Una carreggiata a senso unico di marcia,Sdrucciolevole (fango),In cubetti di porfido,Verticale,Sereno,Normale,Buona,Ore Diurne,1,0,0,0,,,False,z,,,
2602443,2,2015-11-30T09:20:00,Strada Urbana,in prossimitíæ,VIA GEROLAMO FRESCOBALDI,,Veicolo in marcia contro veicolo in sosta,Rettilineo,Una carreggiata a senso unico di marcia,Asciutto,Asfaltata,Verticale,Sereno,Scarso,Buona,Ore Diurne,0,0,0,2,12.49126,41.91761,True,z,del civico n.,,20
2601094,1,2015-11-30T09:45:00,Strada Urbana,in prossimitíæ,PIAZZA DELLA BOCCA DELLA VERITA',,Scontro laterale fra veicoli in marcia,Curva a visuale libera,Una carreggiata a doppio senso,Asciutto,In cubetti di porfido,Verticale ed orizzontale,Sereno,Normale,Buona,Ore Diurne,0,0,0,2,12.48141,41.88883,True,z,del palo luce n.,,7
2600831,20,2015-11-30T09:50:00,Regionale,da specificare,VIA FLAMINIA,altezza cavalcavia GROTTAROSSA dir. centro,Tamponamento Multiplo,Rettilineo,Due carreggiate,Asciutto,Asfaltata,Orizzontale,Sereno,Intenso,Buona,Ore Diurne,3,0,0,0,,,False,z,,,