_ID,_Gruppo,_DataOraIncidente,_Localizzazione1,_Localizzazione2,_Strada1,_DaSpecificare,_NaturaIncidente,_ParticolaritaStrade,_TipoStrada,_FondoStradale,_Pavimentazione,_Segnaletica,_CondizioneAtmosferica,_Traffico,_Visibilita,_Illuminazione,_NUM_FERITI,_NUM_RISERVATA,_NUM_MORTI,_NUM_ILLESI,_Longitudine,_Latitudine,_CONFERMATO,__prefix,_Strada02,_Strada2,_Chilometrica
2601888,5,2015-11-30T09:50:00,Strada Urbana,da specificare,VIA TIBURTINA,direzione Centro altezza G.R.A.,Veicolo in marcia contro ostacolo fisso,Rettilineo,Una carreggiata a doppio senso,Asciutto,Asfaltata,Verticale ed orizzontale,Sereno,Normale,Buona,Ore Diurne,0,0,0,2,12.60299,41.93363,True,z,,,
2601880,5,2015-11-30T09:55:00,Strada Urbana,in prossimitíæ,VIA TIBURTINA,,Tamponamento,Rettilineo,Una carreggiata a doppio senso,Asciutto,Asfaltata,Verticale ed orizzontale,Sereno,Normale,Buona,Ore Diurne,1,0,0,1,12.57669,41.9287,False,z,del civico n.,,994
2600886,11,2015-11-30T10:00:00,Strada Urbana,in corrispondenza,VIA FRANCESCO ACRI,,Veicolo in marcia contro ostacolo fisso,Rettilineo,Due carreggiate,Asciutto,Asfaltata,Orizzontale,Sereno,Normale,Buona,Ore Diurne,0,0,0,1,12.48313,41.84432,True,z,del civico n.,,14
2601559,16,2015-11-30T10:00:00,Strada Urbana,in prossimitíæ,VIA LEONE XIII,,Infortunio per sola frenata improvvisa,Rettilineo,Due carreggiate,Asciutto,Asfaltata,Verticale ed orizzontale,Sereno,Normale,Buona,Ore Diurne,0,0,0,1,12.43963,41.89014,False,z,del civico n.,,30
2601709,12,2015-11-30T10:00:00,,da specificare,VIA CRISTOFORO COLOMBO,mt. 100 dopo via Laurentina (Dir. Ostia),Tamponamento,,,,,,,,,,1,0,0,1,12.47829,41.84556,False,z,,,
2600977,2,2015-11-30T10:10:00,Strada Urbana,in prossimitíæ,VIA TRIPOLITANIA,,Veicolo in marcia contro veicolo in sosta,Rettilineo,Una carreggiata a senso unico di marcia,Asciutto,Asfaltata,Verticale ed orizzontale,Sereno,Normale,Buona,Ore Diurne,0,0,0,1,12.51913,41.92993,True,z,del civico n.,,59
2602539,17,2015-11-30T10:15:00,Strada Urbana,all'intersezione con,VIA ULPIANO,,Investimento di pedone,Incrocio,Una carreggiata a senso unico di marcia,Asciutto,Asfaltata,Verticale ed orizzontale,Sereno,Normale,Buona,Ore Diurne,1,0,0,1,12.47111,41.90518,False,z,VIA VITTORIA COLONNA,VIA VITTORIA COLONNA,
2600945,17,2015-11-30T10:20:00,Strada Urbana,all'intersezione semaforizzata con,VIALE ANGELICO,,Scontro frontale-laterale DX fra veicoli in marcia,Intersezione semaforizzata,Pií_ di due carreggiate,Asciutto,Asfaltata,Verticale ed orizzontale,Sereno,Normale,Buona,Ore Diurne,1,0,0,1,,,False,z,VIA SABOTINO,VIA SABOTINO,
2602432,2,2015-11-30T10:20:00,Strada Urbana,da specificare,LUNGOTEVERE DELLE NAVI,prossimitíæ P.le delle Belle Arti,Veicolo in marcia contro ostacolo accidentale,Rettilineo,Una carreggiata a senso unico di marcia,Asciutto,Asfaltata,Verticale ed orizzontale,Sereno,Normale,Buona,Ore Diurne,0,0,0,1,12.47166,41.91702,True,z,,,
2602817,1,2015-11-30T10:25:00,Strada Urbana,in prossimitíæ,VIA QUATTRO NOVEMBRE,,Veicolo in marcia contro ostacolo accidentale,Rettilineo,Una carreggiata a doppio senso,Asciutto,Asfaltata,Verticale ed orizzontale,Sereno,Normale,Buona,Ore Diurne,0,0,0,1,,,False,z,del civico n.,,95A
2602849,1,2015-11-30T10:25:00,Strada Urbana,all'intersezione con,VIA QUATTRO NOVEMBRE,,Veicolo in marcia contro ostacolo accidentale,Intersezione stradale segnalata,Una carreggiata a doppio senso,Viscido da liquidi oleosi,In cubetti di porfido,Verticale ed orizzontale,Sereno,Normale,Buona,Ore Diurne,0,0,0,2,,,False,z,PIAZZA DEI SS. APOSTOLI,PIAZZA DEI SS. APOSTOLI,
2603741,1,2015-11-30T10:30:00,Strada Urbana,in corrispondenza,VIA QUATTRO NOVEMBRE,,Veicolo in marcia contro ostacolo accidentale,Curva a visuale libera,Una carreggiata a doppio senso,Viscido da liquidi oleosi,In cubetti di porfido,Verticale ed orizzontale,Sereno,Normale,Buona,Ore Diurne,0,0,0,2,,,False,z,del civico n.,,149
2605253,18,2015-11-30T10:40:00,Strada Urbana,in prossimitíæ,VIA AURELIA,,Tamponamento Multiplo,Rettilineo,Due carreggiate,Asciutto,Asfaltata,Verticale ed orizzontale,Sole radente,Intenso,Buona,Ore Diurne,1,0,0,3,12.37848,41.88332,False,z,del civico n.,,1050
2603650,1,2015-11-30T11:00:00,Strada Urbana,in corrispondenza,VIA QUATTRO NOVEMBRE,,Veicolo in marcia contro ostacolo accidentale,Curva a visuale libera,Una carreggiata a doppio senso,Viscido da liquidi oleosi,In cubetti di porfido,Verticale ed orizzontale,Sereno,Normale,Buona,Ore Diurne,0,0,0,2,,,False,z,del civico n.,,143
2601099,9,2015-11-30T11:00:00,Strada Urbana,all'intersezione con,VIA DEI CESSATI SPIRITI,,Tamponamento,Incrocio,Una carreggiata a senso unico di marcia,Asciutto,Asfaltata,Verticale ed orizzontale,Sereno,Normale,Buona,Ore Diurne,0,0,0,2,12.52988,41.86602,False,z,VIA APPIA NUOVA,VIA APPIA NUOVA,
2603685,1,2015-11-30T11:10:00,Strada Urbana,in prossimitíæ,VIA QUATTRO NOVEMBRE,,Veicolo in marcia contro ostacolo accidentale,Curva a visuale libera,Una carreggiata a doppio senso,Viscido da liquidi oleosi,In cubetti di porfido,Verticale ed orizzontale,Sereno,Normale,Buona,Ore Diurne,0,0,0,2,,,False,z,del civico n.,,143
2601902,5,2015-11-30T11:20:00,,in prossimitíæ,LARGO DOMENICO DE DOMINICIS,,Scontro laterale fra veicoli in marcia,,,,,,,,,,1,0,0,0,12.53596,41.90296,False,z,del civico n.,,8
2601930,8,2015-11-30T11:30:00,,in prossimitíæ,VIALE DI TORRE MAURA,,Tamponamento,,,,,,,,,,4,0,0,0,,,False,z,del palo luce n.,,86
2601889,11,2015-11-30T11:30:00,Strada Urbana,da specificare,VIA OSTIENSE,in prossimitíæ di via LIBETTA,Veicolo in marcia contro veicolo fermo,Rettilineo,Pií_ di due carreggiate,Asciutto,Asfaltata,Verticale ed orizzontale,Sereno,Normale,Buona,Ore Diurne,0,0,0,4,12.45833,41.83637,True,z,,,
2601425,13,2015-11-30T11:30:00,Strada Urbana,all'intersezione con,VIA AGOSTINO CHIGI,,Scontro laterale fra veicoli in marcia,Incrocio,Una carreggiata a doppio senso,Asciutto,Asfaltata,Verticale,Sereno,Normale,Buona,Ore Diurne,0,0,0,4,12.31418,41.76354,True,z,VIA DI CASTEL FUSANO,VIA DI CASTEL FUSANO,
2602676,23,2015-11-30T11:40:00,,all'intersezione semaforizzata con,VIA CRISTOFORO COLOMBO,,Tamponamento Multiplo,,,,,,,,,,0,0,0,4,,,False,z,VIA DI ACILIA,VIA DI ACILIA,
2602060,7,2015-11-30T11:45:00,Strada Urbana,in prossimitíæ,VIA RAFFAELE COSTI,,Scontro laterale fra veicoli in marcia,Rettilineo,Una carreggiata a doppio senso,Asciutto,Asfaltata,Orizzontale,Sereno,Normale,Buona,Ore Diurne,1,0,0,1,,,False,z,del civico n.,,118
2600981,11,2015-11-30T11:50:00,Strada Urbana,da specificare,VIA ALESSIO BALDOVINETTI,altezza lLARGO DEL BRONZINO,Tamponamento Multiplo,Rettilineo,Una carreggiata a doppio senso,Asciutto,Asfaltata,Verticale ed orizzontale,Sereno,Normale,Buona,Ore Diurne,0,0,0,5,12.49447,41.83102,True,z,,,
2601569,16,2015-11-30T12:00:00,Strada Urbana,all'intersezione con,VIA DEGLI ESTENSI,,Scontro frontale-laterale SX fra veicoli in marcia,Intersezione stradale segnalata,Due carreggiate,Asciutto,Asfaltata,Verticale,Sereno,Normale,Buona,Ore Diurne,0,0,0,2,12.41853,41.8724,True,z,VIA DELLA CONSOLATA,VIA DELLA CONSOLATA,
2602037,13,2015-11-30T12:00:00,Strada Urbana,all'intersezione con,VIA DELLE BALENIERE,,Scontro laterale fra veicoli in marcia,Incrocio,Una carreggiata a doppio senso,Asciutto,Asfaltata,Verticale ed orizzontale,Sereno,Normale,Buona,Ore Diurne,0,0,0,2,12.27834,41.73609,True,z,VIA DEI TRAGHETTI,VIA DEI TRAGHETTI,
2601988,13,2015-11-30T12:15:00,,da specificare,VIA DEL CANALE DELLA LINGUA,Via C.Colombo area interna distributore IP,Scontro frontale-laterale SX fra veicoli in marcia,,,,,,,,,,0,0,0,2,,,False,z,,,
2602326,16,2015-11-30T12:20:00,Strada Urbana,in prossimitíæ,VIA LEONE XIII,,Tamponamento Multiplo,Rettilineo,Due carreggiate,Asciutto,Asfaltata,Orizzontale,Sereno,Normale,Buona,Ore Diurne,0,0,0,3,12.43963,41.89014,True,z,del civico n.,,30
2603630,1,2015-11-30T12:30:00,Strada Urbana,in prossimitíæ,VIA QUATTRO NOVEMBRE,,Veicolo in marcia contro ostacolo accidentale,Curva a visuale libera,Una carreggiata a doppio senso,Viscido da liquidi oleosi,In cubetti di porfido,Verticale ed orizzontale,Sereno,Normale,Buona,Ore Diurne,0,0,0,2,,,False,z,del civico n.,,143
2601995,13,2015-11-30T12:40:00,Strada Urbana,all'intersezione con,VIA DI SAPONARA,,Scontro laterale fra veicoli in marcia,Incrocio,Una carreggiata a doppio senso,Asciutto,Asfaltata,Verticale ed orizzontale,Sereno,Scarso,Buona,Ore Diurne,0,0,0,3,12.33935,41.77196,True,z,VIA GIUSEPPE BONITO,VIA GIUSEPPE BONITO,
2604633,18,2015-11-30T12:45:00,Strada Urbana,in corrispondenza,VIA ANASTASIO II,,Tamponamento,Rettilineo,Una carreggiata a senso unico di marcia,Asciutto,Asfaltata,Orizzontale,Sereno,Normale,Buona,Ore Diurne,2,0,0,0,12.44273,41.89907,False,z,del civico n.,,272
2602085,4,2015-11-30T13:00:00,,in corrispondenza,VIA CAMERATA PICENA,,Investimento di pedone,,,,,,,,,,1,0,0,1,12.51362,41.98479,False,z,del civico n.,,362
2601919,4,2015-11-30T13:10:00,,in corrispondenza,VIA UGO OJETTI,,Scontro laterale fra veicoli in marcia,,,,,,,,,,0,1,0,1,12.54992,41.94398,False,z,del civico n.,,64
2602015,12,2015-11-30T13:15:00,,in prossimitíæ,VIA DI ACQUA ACETOSA OSTIENSE,,Scontro frontale-laterale DX fra veicoli in marcia,,,,,,,,,,1,0,0,2,12.45595,41.80726,False,z,del civico n.,,400
2601986,13,2015-11-30T13:15:00,Strada Urbana,all'intersezione con,VIA ANDREA CATRANI,,Veicolo in marcia contro ostacolo accidentale,Incrocio,Una carreggiata a senso unico di marcia,Asciutto,Asfaltata,Verticale ed orizzontale,Sereno,Normale,Buona,Ore Diurne,0,0,0,1,12.35288,41.78403,False,z,VIA SABATINO DE URSIS,VIA SABATINO DE URSIS,
2602097,12,2015-11-30T13:40:00,Strada Urbana,da specificare,VIA LAURENTINA,prossimitíæ VIA CASTEL DI LEVA,Scontro frontale-laterale SX fra veicoli in marcia,Rotatoria,Una carreggiata a senso unico di marcia,Asciutto,Asfaltata,Verticale ed orizzontale,Sereno,Scarso,Buona,Ore Diurne,0,0,0,3,12.4815,41.7899,True,z,,,
2601946,13,2015-11-30T13:50:00,Strada Urbana,all'intersezione con,VIALE VASCO DE GAMA,,Investimento di pedone,Incrocio,Due carreggiate,Asciutto,Asfaltata,Verticale ed orizzontale,Sereno,Normale,Buona,Ore Diurne,1,0,0,1,12.2722,41.73539,False,z,VIA DELLE SIRENE,VIA DELLE SIRENE,
2601522,12,2015-11-30T14:30:00,Strada Urbana,all'intersezione semaforizzata con,VIALE DELL'OCEANO PACIFICO,,Scontro laterale fra veicoli in marcia,Intersezione semaforizzata,Una carreggiata a senso unico di marcia,Asciutto,Asfaltata,Verticale ed orizzontale,Sereno,Normale,Buona,Ore Diurne,0,0,0,2,12.46274,41.81827,True,z,PIAZZALE VENTICINQUE MARZO 1957,PIAZZALE VENTICINQUE MARZO 1957,
2605325,18,2015-11-30T14:35:00,Strada Urbana,all'intersezione con,VIA DI BOCCEA,,Scontro laterale fra veicoli in marcia,Incrocio,Una carreggiata a senso unico di marcia,Asciutto,Asfaltata,Verticale ed orizzontale,Sereno,Intenso,Buona,Ore Diurne,1,0,0,1,12.42192,41.90311,False,z,VIA URBANO II,VIA URBANO II,
2602738,1,2015-11-30T15:00:00,Strada Urbana,all'intersezione con,VIA VOLTURNO,,Scontro frontale-laterale SX fra veicoli in marcia,Incrocio,Una carreggiata a doppio senso,Asciutto,Asfaltata,Verticale ed orizzontale,Sereno,Normale,Buona,Ore Diurne,0,0,0,3,,,False,z,VIA GAETA,VIA GAETA,
2601916,5,2015-11-30T15:00:00,Strada Urbana,in prossimitíæ,VIA TIBURTINA,,Scontro laterale fra veicoli in marcia,Rettilineo,Una carreggiata a doppio senso,Asciutto,Asfaltata,Verticale ed orizzontale,Sereno,Normale,Buona,Ore Diurne,0,0,0,2,12.57517,41.92731,True,z,del civico n.,,959
2601366,9,2015-11-30T15:00:00,Strada Urbana,in corrispondenza,CIRCONVALLAZIONE APPIA,,Infortunio per sola frenata improvvisa,Rettilineo,Una carreggiata a doppio senso,Asciutto,Asfaltata,Assente,Sereno,Normale,Buona,Ore Diurne,0,0,0,2,,,False,z,del civico n.,,8a
2601379,7,2015-11-30T15:30:00,Strada Urbana,da specificare,VIA EMILIO CHIOVENDA,largo pertinente a Via delle Palme,Scontro laterale fra veicoli in marcia,Rotatoria,Una carreggiata a doppio senso,Asciutto,Asfaltata,Verticale ed orizzontale,Nuvoloso,Normale,Buona,Ore Diurne,0,0,0,2,12.56872,41.89042,True,z,,,
2602305,3,2015-11-30T15:40:00,Strada Urbana,all'intersezione semaforizzata con,VIALE REGINA MARGHERITA,,Scontro laterale fra veicoli in marcia,Intersezione semaforizzata,Una carreggiata a doppio senso,Asciutto,Asfaltata,Verticale ed orizzontale,Sereno,Intenso,Buona,Ore Diurne,0,0,0,2,12.50648,41.91299,True,z,VIA GIOVANNI BATTISTA MORGAGNI,VIA GIOVANNI BATTISTA MORGAGNI,
2602847,17,2015-11-30T15:50:00,Strada Urbana,in corrispondenza,VIA CANDIA,,Ribaltamento senza urto contro ostacolo fisso,Rettilineo,Una carreggiata a senso unico di marcia,Asciutto,Asfaltata,Verticale ed orizzontale,Sereno,Normale,Buona,Ore Diurne,0,0,0,1,12.45328,41.90837,True,z,del civico n.,,52
2601951,8,2015-11-30T16:15:00,Strada Urbana,da specificare,VIALE DELLA SORBONA,altezza Via Columbia,Scontro laterale fra veicoli in marcia,Rotatoria,Una carreggiata a senso unico di marcia,Asciutto,Asfaltata,Verticale ed orizzontale,Sereno,Normale,Buona,Ore Diurne,0,0,0,2,12.61206,41.85464,True,z,,,
2602132,19,2015-11-30T16:20:00,Strada Urbana,da specificare,VIA DELLA STORTA,pross. 591 (Palo Acea 264),Veicolo in marcia contro ostacolo accidentale,Curva senza visuale libera,Una carreggiata a doppio senso,Asciutto,Asfaltata,Orizzontale,Sereno,Normale,Buona,Ore Diurne,1,0,0,2,12.36088,41.96078,True,z,,,
2602769,1,2015-11-30T16:45:00,Strada Urbana,in corrispondenza,VIA QUATTRO NOVEMBRE,,Scontro laterale fra veicoli in marcia,Rotatoria,Una carreggiata a senso unico di marcia,Asciutto,In cubetti di porfido,Verticale ed orizzontale,Sereno,Intenso,Buona,Ore Diurne,0,0,0,3,,,False,z,del civico n.,,157-A
2601712,12,2015-11-30T16:45:00,Strada Urbana,da specificare,VIALE BARTOLOMEO CAVACEPPI,rotatoria via V. Consorti,Tamponamento,Rotatoria,Una carreggiata a senso unico di marcia,Asciutto,Asfaltata,Verticale ed orizzontale,Sereno,Normale,Buona,Ore Diurne,1,0,0,1,12.43219,41.79568,False,z,,,
2601990,20,2015-11-30T16:50:00,Strada Urbana,all'intersezione semaforizzata con,VIA CASSIA,,Scontro frontale-laterale DX fra veicoli in marcia,Incrocio,Una carreggiata a doppio senso,Asciutto,Asfaltata,Verticale ed orizzontale,Sereno,Normale,Sufficiente,Sufficiente,0,0,0,4,,,False,z,VIA VINCENZO TIERI,VIA VINCENZO TIERI,
2601911,5,2015-11-30T17:15:00,Strada Urbana,in prossimitíæ,VIA DIEGO ANGELI,,Tamponamento,Rettilineo,Una carreggiata a doppio senso,Asciutto,Asfaltata,Verticale,Sereno,Normale,Buona,Ore Diurne,0,0,0,2,12.55125,41.90665,True,z,del civico n.,,164
2602089,19,2015-11-30T17:20:00,Strada Urbana,in prossimitíæ,VIA SEGRATE,,Veicolo in marcia contro veicolo in sosta,Rettilineo,Una carreggiata a senso unico di marcia,Asciutto,Asfaltata,Assente,Sereno,Scarso,Sufficiente,Sufficiente,0,0,0,1,12.38562,41.94298,True,z,del civico n.,,36
2602102,19,2015-11-30T17:30:00,Strada Urbana,in corrispondenza,VIA SEGRATE,,Investimento di pedone,Rettilineo,Una carreggiata a senso unico di marcia,Asciutto,Asfaltata,Assente,Sereno,Normale,Sufficiente,Sufficiente,0,1,0,1,12.38559,41.94287,True,z,del civico n.,,47
2601935,9,2015-11-30T17:30:00,,in corrispondenza,VIA LA SPEZIA,,Tamponamento Multiplo,,,,,,,,,,1,0,0,1,12.51572,41.8866,False,z,del civico n.,,61
2601992,10,2015-11-30T17:40:00,Strada Urbana,all'intersezione semaforizzata con,VIA APPIA PIGNATELLI,,Scontro frontale-laterale DX fra veicoli in marcia,Intersezione semaforizzata,Una carreggiata a doppio senso,Asciutto,Asfaltata,Verticale ed orizzontale,Sereno,Normale,Buona,Sufficiente,1,0,0,1,12.54153,41.84271,False,z,VIA DI S. TARCISIO,VIA DI S. TARCISIO,
2601618,7,2015-11-30T17:50:00,Strada Urbana,in corrispondenza,VIA COLLATINA,,Veicolo in marcia contro ostacolo accidentale,Rettilineo,Una carreggiata a doppio senso,Asciutto,Asfaltata,Orizzontale,Sereno,Normale,Buona,Sufficiente,0,0,0,1,12.62727,41.90815,True,z,del palo luce n.,,551
2601922,8,2015-11-30T18:10:00,Strada Urbana,da specificare,VIA DEL PETTIROSSO,altezza Via W. Tobagi,Scontro laterale fra veicoli in marcia,Rettilineo,Una carreggiata a senso unico di marcia,Asciutto,Asfaltata,Verticale ed orizzontale,Sereno,Normale,Buona,Sufficiente,0,0,0,5,12.59529,41.86783,True,z,,,
2601985,20,2015-11-30T18:10:00,Provinciale entro l'abitato,all'intersezione semaforizzata con,VIA CASSIA,,Scontro laterale fra veicoli in marcia,Intersezione semaforizzata,Una carreggiata a doppio senso,Asciutto,Asfaltata,Verticale ed orizzontale,Sereno,Normale,Buona,Ore Diurne,0,0,0,2,,,False,z,VIA CARLO GHERARDINI,VIA CARLO GHERARDINI,
2605286,18,2015-11-30T18:15:00,Strada Urbana,in prossimitíæ,CIRCONVALLAZIONE AURELIA,,Veicolo in marcia contro ostacolo fisso,Rettilineo,Due carreggiate,Asciutto,Strada pavimentata dissestata,Verticale,Sereno,Normale,Sufficiente,Sufficiente,0,0,0,1,12.42838,41.89639,False,z,del civico n.,,72
2602467,2,2015-11-30T18:25:00,,all'intersezione con,VIA PO,,Scontro frontale-laterale DX fra veicoli in marcia,,,,,,,,,,1,0,0,1,,,False,z,VIA ISONZO,VIA ISONZO,
2601630,6,2015-11-30T18:30:00,Strada Urbana,in prossimitíæ,VIA CASILINA,,Veicolo in marcia contro veicolo fermo,Rettilineo,Una carreggiata a senso unico di marcia,Asciutto,Asfaltata,Assente,Sereno,Normale,Buona,Sufficiente,0,0,0,3,12.54473,41.87888,True,z,del civico n.,,446
2602280,3,2015-11-30T18:45:00,,all'intersezione semaforizzata con,VIA NOMENTANA,,Scontro frontale-laterale SX fra veicoli in marcia,,,,,,,,,,1,0,0,1,,,False,z,VIALE REGINA MARGHERITA,VIALE REGINA MARGHERITA,
2602728,1,2015-11-30T18:50:00,Strada Urbana,in prossimitíæ,VIA DEL TEATRO DI MARCELLO,,Investimento di pedone,Curva a visuale libera,Una carreggiata a doppio senso,Asciutto,In cubetti di porfido,Verticale ed orizzontale,Sereno,Normale,Buona,Sufficiente,0,0,0,2,,,False,z,del palo luce n.,,9
2602679,1,2015-11-30T19:00:00,Strada Urbana,in corrispondenza,PIAZZA VITTORIO EMANUELE II,,Tamponamento,Rettilineo,Una carreggiata a doppio senso,Asciutto,Asfaltata,Verticale ed orizzontale,Sereno,Normale,Buona,Sufficiente,1,0,0,1,12.50361,41.89412,True,z,del civico n.,,114
2601981,7,2015-11-30T19:45:00,Strada Urbana,in corrispondenza,VIA DEL CAMPO,,Scontro laterale fra veicoli in marcia,Rettilineo,Una carreggiata a doppio senso,Asciutto,Asfaltata,Verticale,Sereno,Scarso,Buona,Sufficiente,0,0,0,2,12.57841,41.87692,True,z,del civico n.,,48E
2602130,16,2015-11-30T20:00:00,Strada Urbana,in corrispondenza,VIA DEL FOSSO DI BRAVETTA,,Veicolo in marcia contro veicoli in sosta,Rettilineo,Una carreggiata a doppio senso,Asciutto,Asfaltata,Orizzontale,Sereno,Scarso,Buona,Sufficiente,0,0,0,1,12.41649,41.87442,True,z,del civico n.,,50
2602468,16,2015-11-30T20:50:00,Strada Urbana,all'intersezione con,VIALE DEI QUATTRO VENTI,,Scontro laterale fra veicoli in marcia,Intersezione non regolata-non segnalata,Una carreggiata a doppio senso,Asciutto,Asfaltata,Orizzontale,Nuvoloso,Scarso,Buona,Sufficiente,1,0,0,1,12.45851,41.87951,False,z,VIA FRANCESCO MAIDALCHINI,VIA FRANCESCO MAIDALCHINI,
2602481,2,2015-11-30T21:00:00,,all'intersezione con,VIA CHIANA,,Veicolo in marcia contro veicolo fermo,,,,,,,,,,1,0,0,1,,,False,z,VIA TRONTO,VIA TRONTO,
2602586,17,2015-11-30T21:20:00,Strada Urbana,all'intersezione con,PIAZZA DEI PRATI DEGLI STROZZI,,Scontro frontale-laterale SX fra veicoli in marcia,Incrocio,Una carreggiata a senso unico di marcia,Asciutto,Asfaltata,Verticale ed orizzontale,Sereno,Scarso,Sufficiente,Sufficiente,1,0,0,1,12.45634,41.91471,False,z,VIA PREVESA,VIA PREVESA,
2602629,17,2015-11-30T21:30:00,Strada Urbana,all'intersezione semaforizzata con,VIA LEONE IV,,Tamponamento,Intersezione semaforizzata,Una carreggiata a doppio senso,Asciutto,Asfaltata,Verticale ed orizzontale,Sereno,Normale,Buona,Sufficiente,1,0,0,3,12.45543,41.90825,True,z,VIALE VATICANO,VIALE VATICANO,
2601933,8,2015-11-30T21:50:00,Strada Urbana,in prossimitíæ,VIA DI PRATOLUNGO CASILINO,,Veicolo in marcia contro ostacolo accidentale,Rettilineo,Una carreggiata a doppio senso,Asciutto,Asfaltata,Assente,Sereno,Scarso,Sufficiente,Sufficiente,0,0,0,1,,,False,z,del civico n.,,138
2602700,1,2015-11-30T22:10:00,Strada Urbana,all'intersezione con,VIA MARMORATA,,Scontro laterale fra veicoli in marcia,Incrocio,Una carreggiata a doppio senso,Asciutto,Asfaltata,Verticale ed orizzontale,Sereno,Normale,Buona,Sufficiente,0,0,0,3,,,False,z,VIA LUIGI VANVITELLI,VIA LUIGI VANVITELLI,
2602153,12,2015-11-30T22:50:00,Strada Urbana,in corrispondenza,VIALE CESARE PAVESE,,Scontro laterale fra veicoli in marcia,Rettilineo,Due carreggiate,Asciutto,Asfaltata,Verticale ed orizzontale,Sereno,Scarso,Buona,Sufficiente,0,0,0,4,12.47976,41.81814,True,z,del civico n.,,50
2602271,3,2015-11-30T23:00:00,,da specificare,CIRCONVALLAZIONE TIBURTINA,altezza Verano dir. S.Giovanni,Scontro laterale fra veicoli in marcia,,,,,,,,,,0,0,0,2,,,False,z,,,
2601947,8,2015-11-30T23:30:00,Strada Urbana,all'intersezione con,VIA DEL TORRACCIO DI TORRENOVA,,Scontro frontale-laterale SX fra veicoli in marcia,Incrocio,Una carreggiata a doppio senso,Asciutto,Asfaltata,Verticale,Sereno,Scarso,Buona,Sufficiente,0,0,0,2,12.62574,41.86849,True,z,VIA AUGUSTO CASCIANI,VIA AUGUSTO CASCIANI,
2602203,7,2015-12-01T00:10:00,Strada Urbana,all'intersezione con,VIA TIBURTINA,,Investimento di pedone,Intersezione semaforizzata,Una carreggiata a senso unico di marcia,Asciutto,Asfaltata,Verticale ed orizzontale,Nuvoloso,Scarso,Buona,Sufficiente,1,0,0,2,12.53978,41.90861,False,z,VIA VINCENZO MORELLO,VIA VINCENZO MORELLO,
2603110,1,2015-12-01T00:10:00,Strada Urbana,da specificare,PIAZZA VENEZIA,in prossimitíæ P.ZZA S. MARCO,Veicolo in marcia contro ostacolo accidentale,Rotatoria,Una carreggiata a doppio senso,Viscido da liquidi oleosi,Acciotolata,Verticale ed orizzontale,Nuvoloso,Scarso,Sufficiente,Sufficiente,0,0,0,1,,,False,z,,,
2603090,1,2015-12-01T00:15:00,Strada Urbana,all'intersezione semaforizzata con,PIAZZA VENEZIA,,Veicolo in marcia contro ostacolo accidentale,Intersezione semaforizzata,Una carreggiata a senso unico di marcia,Sdrucciolevole (fango),In cubetti di porfido,Verticale ed orizzontale,Sereno,Normale,Sufficiente,Sufficiente,0,0,0,2,,,False,z,PIAZZA DI S. MARCO,PIAZZA DI S. MARCO,
2603128,1,2015-12-01T00:30:00,Strada Urbana,da specificare,PIAZZA VENEZIA,altezza P.ZZA S. MARCO,Veicolo in marcia contro ostacolo accidentale,Curva a visuale libera,Una carreggiata a senso unico di marcia,Viscido da liquidi oleosi,In cubetti di porfido,Verticale ed orizzontale,Nuvoloso,Scarso,Sufficiente,Sufficiente,0,0,0,1,,,False,z,,,
2602907,1,2015-12-01T00:45:00,Strada Urbana,all'intersezione con,VIA CELIMONTANA,,Veicolo in marcia contro veicoli in sosta,Intersezione stradale segnalata,Una carreggiata a senso unico di marcia,Asciutto,Asfaltata,Verticale ed orizzontale,Sereno,Scarso,Sufficiente,Sufficiente,0,0,0,5,12.49648,41.88849,True,z,VIA CAPO D'AFRICA,VIA CAPO D'AFRICA,
2602826,15,2015-12-01T02:50:00,Strada Urbana,in corrispondenza,VIA SILLANO,,Veicolo in marcia contro veicoli in sosta,Rettilineo,Una carreggiata a doppio senso,Asciutto,Asfaltata,Orizzontale,Sereno,Scarso,Buona,Sufficiente,0,0,0,0,12.46366,41.84938,True,z,del civico n.,,1
2603645,4,2015-12-01T05:50:00,Strada Urbana,in prossimitíæ,VIALE EZRA POUND,,Veicolo in marcia contro veicolo in sosta,Rettilineo,Una carreggiata a doppio senso,Asciutto,Asfaltata,Assente,Sereno,Scarso,Sufficiente,Sufficiente,0,0,0,1,12.49637,41.90278,True,z,del civico n.,,fr. 11-13
2604008,3,2015-12-01T06:30:00,Strada Urbana,da specificare,PIAZZALE DEL VERANO,FRONTE CIVICO 39,Veicolo in marcia contro ostacolo fisso,Curva a visuale libera,Pií_ di due carreggiate,Asciutto,Asfaltata,Verticale ed orizzontale,Sereno,Normale,Buona,Ore Diurne,0,0,0,1,12.51862,41.90119,False,z,,,
2602875,1,2015-12-01T06:30:00,Strada Urbana,all'intersezione semaforizzata con,PIAZZA DI PORTA CAPENA,,Scontro frontale-laterale DX fra veicoli in marcia,Intersezione semaforizzata,Una carreggiata a doppio senso,Asciutto,Asfaltata,Verticale ed orizzontale,Sereno,Scarso,Sufficiente,Sufficiente,1,0,0,1,12.48922,41.88481,True,z,VIA DI S. GREGORIO,VIA DI S. GREGORIO,