_ID,_Gruppo,_DataOraIncidente,_Localizzazione1,_Localizzazione2,_Strada1,_DaSpecificare,_NaturaIncidente,_ParticolaritaStrade,_TipoStrada,_FondoStradale,_Pavimentazione,_Segnaletica,_CondizioneAtmosferica,_Traffico,_Visibilita,_Illuminazione,_NUM_FERITI,_NUM_RISERVATA,_NUM_MORTI,_NUM_ILLESI,_Longitudine,_Latitudine,_CONFERMATO,__prefix,_Strada02,_Strada2,_Chilometrica
2614662,8,2015-12-10T13:15:00,Strada Urbana,da specificare,VIALE DELLA SORBONA,altezza rotatoria Via Columbia,Scontro laterale fra veicoli in marcia,Rotatoria,Due carreggiate,Asciutto,Asfaltata,Verticale ed orizzontale,Sereno,Normale,Buona,Ore Diurne,0,0,0,3,12.61206,41.85464,True,z,,,
2613901,11,2015-12-10T13:25:00,Strada Urbana,all'intersezione semaforizzata con,VIA CRISTOFORO COLOMBO,,Tamponamento Multiplo,Intersezione semaforizzata,Pií_ di due carreggiate,Asciutto,Asfaltata,Verticale ed orizzontale,Sereno,Normale,Buona,Ore Diurne,1,0,0,3,12.48084,41.84753,False,z,VIA OROPA,VIA OROPA,
2615042,12,2015-12-10T13:30:00,Strada Urbana,da specificare,VIA DEL PONTE DI PISCINA CUPA,prox incrocio via Fosso della Santola ,Scontro frontale-laterale DX fra veicoli in marcia,Rettilineo,Una carreggiata a doppio senso,Asciutto,Asfaltata,Verticale ed orizzontale,Sereno,Normale,Buona,Ore Diurne,0,0,0,2,12.44701,41.71771,True,z,,,
2613906,10,2015-12-10T13:30:00,Strada Urbana,in corrispondenza,VIA STEFANO OBERTO,,Scontro frontale-laterale SX fra veicoli in marcia,Rettilineo,Una carreggiata a doppio senso,Asciutto,Asfaltata,Verticale ed orizzontale,Sereno,Normale,Buona,Ore Diurne,0,0,0,4,12.59012,41.84734,True,z,del civico n.,,141
2614864,4,2015-12-10T13:40:00,,all'intersezione con,VIA FILIPPO ANTONIO GUALTERIO,,Investimento di pedone,,,,,,,,,,1,0,0,1,12.51966,41.95251,False,z,VIA PIERO FOSCARI,VIA PIERO FOSCARI,
2616952,1,2015-12-10T13:40:00,Strada Urbana,all'intersezione semaforizzata con,CORSO VITTORIO EMANUELE II,,Scontro frontale fra veicoli in marcia,Intersezione semaforizzata,Una carreggiata a doppio senso,Asciutto,Asfaltata,Verticale ed orizzontale,Sereno,Normale,Buona,Ore Diurne,0,0,0,2,,,False,z,VIA DEI BANCHI VECCHI,VIA DEI BANCHI VECCHI,
2614721,17,2015-12-10T14:15:00,Strada Urbana,all'intersezione semaforizzata con,VIALE GIUSEPPE MAZZINI,,Scontro frontale-laterale DX fra veicoli in marcia,Intersezione semaforizzata,Due carreggiate,Asciutto,Asfaltata,Verticale ed orizzontale,Sereno,Normale,Buona,Ore Diurne,1,0,0,1,12.45839,41.91508,False,z,VIALE ANGELICO,VIALE ANGELICO,
2614607,5,2015-12-10T14:20:00,,da specificare,VIA BELMONTE IN SABINA,altezza gra direzione Palombarese,Scontro laterale fra veicoli in marcia,,,,,,,,,,0,0,0,0,12.59373,41.94644,False,z,,,
2614003,9,2015-12-10T14:20:00,Strada Urbana,da specificare,VIA LA SPEZIA,altezza via ACIREALE,Scontro frontale-laterale DX fra veicoli in marcia,Rettilineo,Una carreggiata a doppio senso,Asciutto,Asfaltata,Orizzontale,Sereno,Normale,Buona,Ore Diurne,2,0,0,1,12.52071,41.88718,False,z,,,
2614759,19,2015-12-10T14:30:00,Strada Urbana,in prossimitíæ,VIA TRIONFALE,,Tamponamento,Rettilineo,Due carreggiate,Asciutto,Asfaltata,Orizzontale,Sereno,Normale,Buona,Ore Diurne,0,0,0,2,12.43182,41.93566,True,z,del civico n.,,7798
2616945,1,2015-12-10T14:45:00,Strada Urbana,da specificare,LUNGOTEVERE ARNALDO DA BRESCIA,in prossimitíæ VIA F. DI SAVOIA,Scontro laterale fra veicoli in marcia,Curva a visuale libera,Una carreggiata a doppio senso,Asciutto,Asfaltata,Verticale ed orizzontale,Sereno,Intenso,Buona,Ore Diurne,0,0,0,2,,,False,z,,,
2614866,7,2015-12-10T14:45:00,Strada Urbana,in prossimitíæ,VIA DELLE BETULLE,,Veicolo in marcia contro veicolo fermo,Rettilineo,Una carreggiata a senso unico di marcia,Asciutto,Asfaltata,Verticale ed orizzontale,Sereno,Normale,Buona,Ore Diurne,0,0,0,5,,,False,z,del civico n.,,12
2614645,13,2015-12-10T14:45:00,Strada Urbana,all'intersezione con,VIA CESARE LAURENTI,,Scontro frontale-laterale DX fra veicoli in marcia,Incrocio,Due carreggiate,Asciutto,Asfaltata,Verticale ed orizzontale,Sereno,Normale,Buona,Ore Diurne,0,0,0,3,12.28529,41.73385,True,z,VIA CAPO PALINURO,VIA CAPO PALINURO,
2614012,11,2015-12-10T15:15:00,Strada Urbana,all'intersezione semaforizzata con,VIALE GUGLIELMO MARCONI,,Tamponamento,Intersezione semaforizzata,Due carreggiate,Asciutto,Asfaltata,Verticale ed orizzontale,Sereno,Normale,Buona,Ore Diurne,0,0,0,2,12.47148,41.85669,True,z,LARGO MAESTRI DEL LAVORO,LARGO MAESTRI DEL LAVORO,
2614606,5,2015-12-10T15:20:00,Strada Urbana,da specificare,VIA DI TOR CERVARA,altezza Via RENZO VESPIGNANI,Tamponamento Multiplo,Rettilineo,Una carreggiata a doppio senso,Asciutto,Asfaltata,Orizzontale,Sereno,Normale,Buona,Sufficiente,2,0,0,2,12.58923,41.91671,False,z,,,
2615357,3,2015-12-10T15:30:00,Strada Urbana,in prossimitíæ,VIALE REGINA ELENA,,Veicolo in marcia contro veicolo in sosta,Rettilineo,Una carreggiata a doppio senso,Asciutto,Asfaltata,Verticale ed orizzontale,Sereno,Normale,Buona,Ore Diurne,1,0,0,1,12.51751,41.90417,False,z,del civico n.,,334-C
2615287,1,2015-12-10T16:00:00,Strada Urbana,in prossimitíæ,LUNGOTEVERE DEI PIERLEONI,,Scontro laterale fra veicoli in marcia,Rettilineo,Una carreggiata a senso unico di marcia,Asciutto,Asfaltata,Verticale ed orizzontale,Sereno,Normale,Buona,Ore Diurne,0,0,0,4,,,False,z,del palo luce n.,,2
2614681,20,2015-12-10T16:15:00,Strada Urbana,da specificare,VIALE DI TOR DI QUINTO,altezza fronte Via Riano,Scontro frontale-laterale SX fra veicoli in marcia,Rettilineo,Una carreggiata a doppio senso,Asciutto,Asfaltata,Verticale ed orizzontale,Sereno,Intenso,Buona,Ore Diurne,0,0,0,2,,,False,z,,,
2615090,2,2015-12-10T16:20:00,Strada Urbana,da specificare,VIA NOMENTANA,pross. imbocco via del Foro Italico,Tamponamento,Rettilineo,Due carreggiate,Asciutto,Asfaltata,Verticale ed orizzontale,Sereno,Normale,Buona,Ore Diurne,0,0,0,2,12.55238,41.94111,True,z,,,
2615392,2,2015-12-10T16:50:00,,da specificare,CORSO DI FRANCIA,prossimitíæ Via Uruguay direzione Parioli,Infortunio per sola frenata improvvisa,,,,,,,,,,1,0,0,0,,,False,z,,,
2614242,9,2015-12-10T17:00:00,Strada Urbana,all'intersezione con,VIA PAOLO PARUTA,,Scontro frontale-laterale DX fra veicoli in marcia,Incrocio,Una carreggiata a doppio senso,Asciutto,Asfaltata,Assente,Sereno,Scarso,Buona,Sufficiente,1,0,0,2,,,False,z,VIA PASQUALE TOLA,VIA PASQUALE TOLA,
2614203,10,2015-12-10T17:10:00,Strada Urbana,in corrispondenza,VIA DI TORRE MORENA,,Scontro frontale-laterale DX fra veicoli in marcia,Rettilineo,Una carreggiata a doppio senso,Asciutto,Asfaltata,Assente,Sereno,Normale,Insufficiente,Insufficiente,1,0,0,1,12.60808,41.81482,False,z,del civico n.,,67
2614636,13,2015-12-10T17:15:00,Strada Urbana,all'intersezione con,VIALE DI CASTEL PORZIANO,,Scontro laterale fra veicoli in marcia,Incrocio,Una carreggiata a doppio senso,Asciutto,Asfaltata,Verticale ed orizzontale,Sereno,Normale,Buona,Sufficiente,0,0,0,2,12.35073,41.73213,True,z,VIA DEL CANALE DELLA LINGUA,VIA DEL CANALE DELLA LINGUA,
2616987,1,2015-12-10T17:20:00,Strada Urbana,all'intersezione semaforizzata con,VIALE MANZONI,,Scontro frontale-laterale SX fra veicoli in marcia,Intersezione semaforizzata,Una carreggiata a doppio senso,Asciutto,Asfaltata,Verticale ed orizzontale,Sereno,Intenso,Buona,Ore Diurne,0,0,0,3,,,False,z,VIA CONTE VERDE,VIA CONTE VERDE,
2614599,6,2015-12-10T17:25:00,Strada Urbana,all'intersezione semaforizzata con,VIA TOR DE' SCHIAVI,,Scontro laterale fra veicoli in marcia,Intersezione semaforizzata,Due carreggiate,Asciutto,Asfaltata,Verticale ed orizzontale,Sereno,Normale,Buona,Sufficiente,0,0,0,4,12.5593,41.89443,True,z,VIA PRENESTINA,VIA PRENESTINA,
2614688,7,2015-12-10T17:30:00,Strada Urbana,all'intersezione con,VIA PRENESTINA,,Tamponamento,Intersezione semaforizzata,Due carreggiate,Asciutto,Asfaltata,Verticale ed orizzontale,Sereno,Intenso,Sufficiente,Sufficiente,0,0,0,3,,,False,z,VIALE PALMIRO TOGLIATTI,VIALE PALMIRO TOGLIATTI,
2614612,5,2015-12-10T17:30:00,,in prossimitíæ,VIA POLLENZA,,Scontro laterale fra veicoli in marcia,,,,,,,,,,1,0,0,0,12.57553,41.94177,False,z,del civico n.,,12
2614735,20,2015-12-10T17:40:00,Strada Urbana,da specificare,PIAZZA LAURO DE BOSIS,ALTEZZA OBELISCO,Investimento di pedone,Rettilineo,Due carreggiate,Asciutto,Asfaltata,Verticale ed orizzontale,Sereno,Intenso,Buona,Sufficiente,1,0,0,1,,,False,z,,,
2615055,2,2015-12-10T17:45:00,Strada Urbana,da specificare,SOTTOVIA IGNAZIO GUIDI,altezza Via Campania,Veicolo in marcia contro veicolo arresto,Rettilineo,Due carreggiate,Asciutto,Asfaltata,Verticale ed orizzontale,Sereno,Intenso,Sufficiente,Sufficiente,1,0,0,0,12.49257,41.91087,False,z,,,
2614793,4,2015-12-10T18:00:00,Statale entro l'abitato,da specificare,VIA SALARIA,prossimitíæ via Prato della Signora,Scontro laterale fra veicoli in marcia,Rettilineo,Due carreggiate,Asciutto,Asfaltata,Assente,Sereno,Intenso,Sufficiente,Sufficiente,0,0,0,3,12.50847,41.93787,False,z,,,
2614575,9,2015-12-10T18:00:00,Strada Urbana,in prossimitíæ,PIAZZA RAGUSA,,Scontro frontale-laterale DX fra veicoli in marcia,Rotatoria,Una carreggiata a doppio senso,Asciutto,Asfaltata,Verticale,Sereno,Normale,Sufficiente,Sufficiente,0,0,0,2,12.52333,41.88143,False,z,del civico n.,,14
2615316,1,2015-12-10T18:05:00,Strada Urbana,in prossimitíæ,VIALE PRETORIANO,,Scontro laterale fra veicoli in marcia,Rettilineo,Una carreggiata a doppio senso,Asciutto,Asfaltata,Verticale ed orizzontale,Sereno,Scarso,Sufficiente,Sufficiente,1,0,0,1,,,False,z,del civico n.,,7
2614743,19,2015-12-10T18:10:00,Strada Urbana,in prossimitíæ,VIA ANDERSEN,,Veicolo in marcia contro veicolo in sosta,Rettilineo,Una carreggiata a doppio senso,Asciutto,Asfaltata,Verticale ed orizzontale,Sereno,Normale,Buona,Sufficiente,0,0,0,1,12.40451,41.92438,True,z,del civico n.,,26
2614654,13,2015-12-10T18:15:00,Strada Urbana,in corrispondenza,VIA DEGLI ALDOBRANDINI,,Veicolo in marcia contro veicolo fermo,Rettilineo,Una carreggiata a senso unico di marcia,Asciutto,Asfaltata,Verticale ed orizzontale,Sereno,Scarso,Buona,Sufficiente,0,0,0,2,12.27565,41.73171,False,z,del civico n.,,11
2615022,18,2015-12-10T18:15:00,Strada Urbana,all'intersezione con,VIA DI SELVA CANDIDA,,Scontro laterale fra veicoli in marcia,Incrocio,Una carreggiata a doppio senso,Asciutto,Asfaltata,Verticale ed orizzontale,Sereno,Normale,Buona,Sufficiente,1,0,0,1,12.37746,41.93497,False,z,VIA OLDENICO,VIA OLDENICO,
2614742,20,2015-12-10T18:30:00,Strada Urbana,da specificare,PIAZZALE DI PONTE MILVIO,IN PROSSIMITA' DI VIALE DI TOR DI QUINTO,Scontro laterale fra veicoli in marcia,Curva a visuale libera,Due carreggiate,Asciutto,Asfaltata,Verticale ed orizzontale,Sereno,Normale,Buona,Sufficiente,1,0,0,0,,,False,z,,,
2614658,8,2015-12-10T18:30:00,Strada Urbana,in corrispondenza,VIA DI TORRENOVA,,Veicolo in marcia contro veicolo in sosta,Rettilineo,Due carreggiate,Asciutto,Asfaltata,Verticale ed orizzontale,Sereno,Intenso,Sufficiente,Sufficiente,0,0,0,2,12.61732,41.88225,True,z,del civico n.,,295
2614633,6,2015-12-10T18:50:00,Strada Urbana,in prossimitíæ,LARGO PRENESTE,,Scontro frontale-laterale SX fra veicoli in marcia,Rettilineo,Pií_ di due carreggiate,Asciutto,Asfaltata,Verticale ed orizzontale,Sereno,Normale,Buona,Sufficiente,1,0,0,2,12.54175,41.89266,True,z,del civico n.,,58
2614322,11,2015-12-10T18:50:00,Strada Urbana,da specificare,VIA DI GROTTA PERFETTA,in corrispondenza di L.go Bargellini,Tamponamento Multiplo,Rettilineo,Una carreggiata a doppio senso,Asciutto,Asfaltata,Verticale ed orizzontale,Sereno,Intenso,Buona,Sufficiente,1,0,0,3,12.4936,41.843,True,z,,,
2614751,19,2015-12-10T19:00:00,Strada Urbana,in prossimitíæ,VIA DI BOCCEA,,Scontro laterale fra veicoli in marcia,Rettilineo,Una carreggiata a doppio senso,Asciutto,Asfaltata,Orizzontale,Sereno,Scarso,Insufficiente,Inesistente,1,0,0,1,12.33126,41.93384,True,z,del civico n.,,1050
2616919,1,2015-12-10T19:00:00,Strada Urbana,in corrispondenza,VIALE MANZONI,,Scontro frontale-laterale DX fra veicoli in marcia,Rettilineo,Una carreggiata a doppio senso,Asciutto,Asfaltata,Verticale ed orizzontale,Sereno,Intenso,Buona,Sufficiente,1,0,0,1,,,False,z,del civico n.,,49
2618518,18,2015-12-10T19:19:00,Strada Urbana,in corrispondenza,VIA NAZARETH,,Veicolo in marcia contro ostacolo accidentale,Curva senza visuale libera,Una carreggiata a doppio senso,Asciutto,Asfaltata,Verticale ed orizzontale,Sereno,Normale,Sufficiente,Sufficiente,0,0,0,2,12.40254,41.90509,True,z,del civico n.,,212
2616892,1,2015-12-10T19:45:00,Strada Urbana,all'intersezione con,VIA PIEMONTE,,Scontro frontale-laterale DX fra veicoli in marcia,Incrocio,Una carreggiata a senso unico di marcia,Asciutto,Asfaltata,Verticale ed orizzontale,Sereno,Normale,Sufficiente,Sufficiente,0,0,0,2,12.49387,41.9071,False,z,VIA SALLUSTIANA,VIA SALLUSTIANA,
2614609,8,2015-12-10T20:15:00,Provinciale entro l'abitato,da specificare,VIA COLLATINA,fronte palo Acea n. 586,Veicolo in marcia contro ostacolo accidentale,Rettilineo,Una carreggiata a doppio senso,Asciutto,Asfaltata,Verticale ed orizzontale,Sereno,Normale,Sufficiente,Sufficiente,0,0,0,3,12.61053,41.90604,True,z,,,
2614580,11,2015-12-10T20:45:00,Strada Urbana,all'intersezione semaforizzata con,VIA ATTILIO AMBROSINI,,Scontro frontale-laterale SX fra veicoli in marcia,Intersezione semaforizzata,Due carreggiate,Asciutto,Asfaltata,Verticale ed orizzontale,Sereno,Normale,Sufficiente,Sufficiente,0,0,0,3,12.48915,41.84845,True,z,VIA ARISTIDE LEONORI,VIA ARISTIDE LEONORI,
2614611,8,2015-12-10T20:50:00,Provinciale entro l'abitato,da specificare,VIA COLLATINA,fronte palo Acea n. 586,Veicolo in marcia contro ostacolo accidentale,Rettilineo,Una carreggiata a doppio senso,Asciutto,Asfaltata,Verticale ed orizzontale,Sereno,Normale,Sufficiente,Sufficiente,0,0,0,2,12.61053,41.90604,True,z,,,
2614484,12,2015-12-10T22:45:00,Provinciale entro l'abitato,da specificare,VIA LAURENTINA,dir. G.R.A. prossimitíæ via di Tor Pagnotta  ,Infortunio per caduta del veicolo,Curva a visuale libera,Due carreggiate,Asciutto,Asfaltata,Temporanea di cantiere,Sereno,Normale,Sufficiente,Insufficiente,0,1,0,0,12.48253,41.80474,False,z,,,
2614685,6,2015-12-10T22:45:00,,da specificare,PIAZZA DEI CONDOTTIERI,altezza ROBERTO MALATESTA,Infortunio per sola frenata improvvisa,,,,,,,,,,0,0,0,3,,,False,z,,,
2614791,7,2015-12-10T23:40:00,,in corrispondenza,VIALE PALMIRO TOGLIATTI,,Veicolo in marcia contro ostacolo fisso,,,,,,,,,,1,0,0,0,12.57375,41.8866,False,z,del civico n.,,820
2614674,11,2015-12-11T00:40:00,Strada Urbana,all'intersezione con,VIALE DI TOR MARANCIA,,Scontro frontale-laterale DX fra veicoli in marcia,Incrocio,Due carreggiate,Asciutto,Asfaltata,Verticale ed orizzontale,Sereno,Scarso,Buona,Sufficiente,0,0,0,2,12.49786,41.8537,False,z,VIALE CARLO TOMMASO ODESCALCHI,VIALE CARLO TOMMASO ODESCALCHI,
2614629,8,2015-12-11T01:10:00,Statale,all'intersezione con,VIA APPIA NUOVA,,Tamponamento,Incrocio,Una carreggiata a doppio senso,Asciutto,Asfaltata,Verticale ed orizzontale,Sereno,Scarso,Sufficiente,Sufficiente,1,0,0,1,12.5619,41.82462,False,z,VIA DELLE CAPANNELLE,VIA DELLE CAPANNELLE,
2614957,4,2015-12-11T01:30:00,Statale entro l'abitato,in corrispondenza,VIA NOMENTANA,,Scontro frontale fra veicoli in marcia,Curva a visuale libera,Una carreggiata a doppio senso,Asciutto,Asfaltata,Verticale ed orizzontale,Sereno,Scarso,Sufficiente,Sufficiente,0,0,0,2,12.55238,41.94111,True,z,della chilometrica,,14.8
2617375,17,2015-12-11T02:00:00,Strada Urbana,all'intersezione semaforizzata con,CIRCONVALLAZIONE TRIONFALE,,Scontro laterale fra veicoli in marcia,Intersezione semaforizzata,Due carreggiate,Asciutto,Asfaltata,Verticale ed orizzontale,Sereno,Scarso,Buona,Sufficiente,0,0,0,3,12.44942,41.911,True,z,VIA BERNARDINO TELESIO,VIA BERNARDINO TELESIO,
2616863,15,2015-12-11T04:20:00,Strada Urbana,da specificare,VIA DELLA MAGLIANA,fronte civico 307,Veicolo in marcia contro ostacolo fisso,Rettilineo,Una carreggiata a doppio senso,Asciutto,Asfaltata,Verticale ed orizzontale,Sereno,Scarso,Buona,Sufficiente,0,0,0,1,12.42401,41.83394,True,z,,,
2616178,8,2015-12-11T07:05:00,,in prossimitíæ,VIA DI CASAL MONTANI,,Veicolo in marcia contro ostacolo accidentale,,,,,,,,,,0,0,0,1,,,False,z,del civico n.,,1
2618416,4,2015-12-11T07:15:00,,all'intersezione con,CORSO SEMPIONE,,Scontro laterale fra veicoli in marcia,,,,,,,,,,1,0,0,1,12.53439,41.93539,False,z,VIA GARGANO,VIA GARGANO,
2618296,5,2015-12-11T07:45:00,Strada Urbana,in prossimitíæ,VIA RAFFAELE COSTI,,Tamponamento,Rettilineo,Una carreggiata a doppio senso,Asciutto,Asfaltata,Verticale ed orizzontale,Sereno,Normale,Buona,Ore Diurne,0,0,0,2,12.59617,41.91216,True,z,del civico n.,,118
2619234,3,2015-12-11T07:50:00,,in corrispondenza,VIA GIOVANNI BATTISTA MORGAGNI,,Scontro laterale fra veicoli in marcia,,,,,,,,,,1,0,0,2,,,False,z,del civico n.,,30L
2621412,1,2015-12-11T08:00:00,,all'intersezione con,VIA BEATRICE CENCI,,Veicolo in marcia contro ostacolo accidentale,,,,,,,,,,0,0,0,1,,,False,z,LUNGOTEVERE DE' CENCI,LUNGOTEVERE DE' CENCI,
2616132,13,2015-12-11T08:15:00,Strada Urbana,in corrispondenza,VIA NINO TARANTO,,Scontro frontale-laterale DX fra veicoli in marcia,Rettilineo,Una carreggiata a doppio senso,Asciutto,Asfaltata,Verticale ed orizzontale,Sereno,Normale,Sufficiente,Ore Diurne,0,0,0,6,12.39422,41.78844,True,z,del civico n.,,49
2617398,17,2015-12-11T08:20:00,Strada Urbana,in prossimitíæ,PIAZZA ADRIANA,,Ribaltamento senza urto contro ostacolo fisso,Rettilineo,Due carreggiate,Asciutto,Asfaltata,Orizzontale,Sereno,Normale,Buona,Ore Diurne,0,0,0,1,12.46671,41.905,True,z,del civico n.,,9
2618592,16,2015-12-11T08:30:00,Strada Urbana,in corrispondenza,VIA PIER VETTORI,,Veicolo in marcia contro veicoli in sosta,Pendenza,Una carreggiata a senso unico di marcia,Asciutto,Asfaltata,Assente,Sereno,Scarso,Buona,Ore Diurne,0,0,0,1,12.44217,41.86203,True,z,del civico n.,,49
2618303,5,2015-12-11T08:30:00,Strada Urbana,in prossimitíæ,VIA TIBURTINA,,Veicolo in marcia contro ostacolo accidentale,Rettilineo,Due carreggiate,Asciutto,Asfaltata,Verticale ed orizzontale,Sereno,Normale,Buona,Ore Diurne,1,0,0,1,12.59172,41.93311,True,z,del civico n.,,1125
2615172,2,2015-12-11T08:40:00,Strada Urbana,in corrispondenza,VIALE MARESCIALLO PILSUDSKI,,Investimento di pedone,Rettilineo,Una carreggiata a doppio senso,Asciutto,Asfaltata,Verticale ed orizzontale,Sereno,Intenso,Buona,Ore Diurne,1,1,0,0,12.47759,41.9286,False,z,del civico n.,,92
2614894,20,2015-12-11T08:45:00,Strada Urbana,da specificare,VIA ANGUILLARESE,"ingresso ENEA CASACCIA Km. 1,150",Tamponamento,Rettilineo,Una carreggiata a doppio senso,Asciutto,Asfaltata,Verticale ed orizzontale,Sereno,Normale,Buona,Ore Diurne,1,0,0,1,,,False,z,,,
2617026,1,2015-12-11T09:00:00,Strada Urbana,in corrispondenza,PIAZZA VENEZIA,,Scontro frontale-laterale DX fra veicoli in marcia,Rettilineo,Una carreggiata a doppio senso,Sdrucciolevole (sabbia),In cubetti di porfido,Verticale ed orizzontale,Sereno,Intenso,Buona,Ore Diurne,1,0,0,1,,,False,z,del civico n.,,5
2618672,12,2015-12-11T09:10:00,Statale,da specificare,VIA OSTIENSE,ALTEZZA PARCHEGGIO METRO mAGLIANA,Tamponamento Multiplo,Rettilineo,Una carreggiata a doppio senso,Asciutto,Asfaltata,Verticale ed orizzontale,Sereno,Normale,Buona,Ore Diurne,1,0,0,3,12.45833,41.83637,False,z,,,
2614915,11,2015-12-11T09:15:00,Strada Urbana,in prossimitíæ,VIA LUIGI PERNA,,Tamponamento Multiplo,Rettilineo,Una carreggiata a senso unico di marcia,Asciutto,Asfaltata,Assente,Sereno,Scarso,Buona,Ore Diurne,0,0,0,4,12.48008,41.84505,True,z,del civico n.,,99
2618664,18,2015-12-11T09:15:00,Strada Urbana,da specificare,VIA DI TORREVECCHIA,prossimita' civico 1110,Veicolo in marcia contro ostacolo accidentale,Rettilineo,Due carreggiate,Asciutto,Asfaltata,Verticale ed orizzontale,Sereno,Normale,Buona,Ore Diurne,1,0,0,0,12.39925,41.91093,False,z,,,
2615484,13,2015-12-11T09:20:00,,all'intersezione con,VIA TESPI,,Scontro laterale fra veicoli in marcia,,,,,,,,,,0,0,0,2,12.36434,41.76877,False,z,VIA DI MACCHIA SAPONARA,VIA DI MACCHIA SAPONARA,
2621482,1,2015-12-11T09:30:00,Strada Urbana,in corrispondenza,VIA LOMBARDIA,,Veicolo in marcia contro veicoli in sosta,Rettilineo,Una carreggiata a senso unico di marcia,Asciutto,Asfaltata,Verticale ed orizzontale,Sereno,Normale,Buona,Ore Diurne,0,0,0,2,,,False,z,del civico n.,,42
2618312,5,2015-12-11T09:30:00,Strada Urbana,in prossimitíæ,VIA CIPRIANO FACCHINETTI,,Investimento di pedone,Rettilineo,Una carreggiata a senso unico di marcia,Asciutto,Asfaltata,Orizzontale,Sereno,Normale,Buona,Ore Diurne,1,0,0,1,12.54847,41.90668,False,z,del civico n.,,60
2630143,3,2015-12-11T09:35:00,,in corrispondenza,VIA ANTONIO MUSA,,Veicolo in marcia contro veicolo in sosta,,,,,,,,,,0,0,0,0,,,False,z,del civico n.,,2a
2616181,8,2015-12-11T09:40:00,,in prossimitíæ,VIA CASILINA,,Scontro frontale-laterale SX fra veicoli in marcia,,,,,,,,,,1,0,0,1,,,False,z,del civico n.,,2121
2618514,2,2015-12-11T09:40:00,,in prossimitíæ,VIA GIOVANNI PACINI,,Scontro frontale-laterale SX fra veicoli in marcia,,,,,,,,,,1,0,0,1,,,False,z,del civico n.,,23
2615075,7,2015-12-11T09:45:00,Strada Urbana,in prossimitíæ,VIALE PALMIRO TOGLIATTI,,Tamponamento,Rettilineo,Due carreggiate,Asciutto,Asfaltata,Verticale ed orizzontale,Sereno,Normale,Buona,Ore Diurne,0,0,0,2,12.57357,41.8864,True,z,del civico n.,,820
2618957,16,2015-12-11T09:45:00,,all'intersezione con,VIA DI DONNA OLIMPIA,,Scontro frontale-laterale SX fra veicoli in marcia,,,,,,,,,,1,0,0,1,,,False,z,VIA GIOVANNI FILIPPO INGRASSIA,VIA GIOVANNI FILIPPO INGRASSIA,
2615421,6,2015-12-11T10:00:00,Strada Urbana,all'intersezione con,VIA DI ACQUA BULLICANTE,,Tamponamento,Incrocio,Una carreggiata a doppio senso,Asciutto,Asfaltata,Assente,Nuvoloso,Normale,Buona,Ore Diurne,0,0,0,3,12.54331,41.88329,False,z,VIA ATRIPALDA,VIA ATRIPALDA,
2616179,8,2015-12-11T10:13:00,Statale entro l'abitato,in prossimitíæ,VIA CASILINA,,Tamponamento,Rettilineo,Due carreggiate,Asciutto,Asfaltata,Orizzontale,Sereno,Intenso,Buona,Ore Diurne,1,0,0,1,12.64114,41.86299,False,z,del civico n.,,1623
2615089,11,2015-12-11T10:15:00,Strada Urbana,in prossimitíæ,VIA OSTIENSE,,Tamponamento Multiplo,Rettilineo,Pií_ di due carreggiate,Asciutto,Asfaltata,Verticale ed orizzontale,Sereno,Intenso,Buona,Ore Diurne,1,0,0,3,12.47886,41.86361,False,z,del civico n.,,139
2617411,17,2015-12-11T10:30:00,Strada Urbana,in prossimitíæ,PIAZZALE MARESCIALLO GIARDINO,,Investimento di pedone,Curva a visuale libera,Due carreggiate,Asciutto,Asfaltata,Verticale ed orizzontale,Sereno,Normale,Buona,Ore Diurne,1,0,0,1,12.45868,41.92298,False,z,del civico n.,,6
2618422,4,2015-12-11T10:30:00,,all'intersezione con,VIA NOMENTANA,,Scontro laterale fra veicoli in marcia,,,,,,,,,,1,0,0,3,12.55238,41.94111,False,z,LARGO VALSOLDA,LARGO VALSOLDA,
2617019,1,2015-12-11T10:35:00,Strada Urbana,in prossimitíæ,VIA EMANUELE FILIBERTO,,Scontro laterale fra veicoli in marcia,Rettilineo,Una carreggiata a doppio senso,Asciutto,Asfaltata,Verticale ed orizzontale,Sereno,Normale,Buona,Ore Diurne,0,0,0,3,,,False,z,del civico n.,,261
2618547,18,2015-12-11T11:00:00,Strada Urbana,in prossimitíæ,VIA GREGORIO VII,,Veicolo in marcia contro ostacolo accidentale,Rettilineo,Pií_ di due carreggiate,Asciutto,Asfaltata,Verticale ed orizzontale,Sereno,Normale,Buona,Ore Diurne,1,0,0,0,12.44021,41.89582,False,z,del civico n.,,365
2618538,2,2015-12-11T11:00:00,Strada Urbana,all'intersezione con,VIA FOGLIANO,,Scontro frontale-laterale SX fra veicoli in marcia,Incrocio,Una carreggiata a senso unico di marcia,Asciutto,Asfaltata,Verticale ed orizzontale,Sereno,Normale,Buona,Ore Diurne,0,0,0,2,12.5074,41.9268,True,z,VIA ARBIA,VIA ARBIA,
2619069,16,2015-12-11T11:15:00,Strada Urbana,da specificare,VIA PORTUENSE,direzione Via E. Rolli (fornice FS) ,Scontro laterale fra veicoli in marcia,Sottopasso illuminato,Pií_ di due carreggiate,Asciutto,Asfaltata,Verticale ed orizzontale,Sereno,Normale,Buona,Ore Diurne,0,0,0,2,12.40939,41.84342,True,z,,,