_ID,_Gruppo,_DataOraIncidente,_Localizzazione1,_Localizzazione2,_Strada1,_DaSpecificare,_NaturaIncidente,_ParticolaritaStrade,_TipoStrada,_FondoStradale,_Pavimentazione,_Segnaletica,_CondizioneAtmosferica,_Traffico,_Visibilita,_Illuminazione,_NUM_FERITI,_NUM_RISERVATA,_NUM_MORTI,_NUM_ILLESI,_Longitudine,_Latitudine,_CONFERMATO,__prefix,_Strada02,_Strada2,_Chilometrica
2618657,4,2015-12-12T05:00:00,Strada Urbana,in prossimitíæ,VIA DEI CAMPANI,,Veicolo in marcia contro veicoli in sosta,Rettilineo,Una carreggiata a senso unico di marcia,Asciutto,Asfaltata,Verticale ed orizzontale,Sereno,Scarso,Sufficiente,Sufficiente,0,0,0,1,12.51602,41.8949,False,z,del civico n.,,58
2616156,8,2015-12-12T05:15:00,Strada Urbana,in prossimitíæ,VIA DELLE ALZAVOLE,,Veicolo in marcia contro ostacolo accidentale,Rettilineo,Una carreggiata a doppio senso,Asciutto,Asfaltata,Assente,Sereno,Scarso,Sufficiente,Sufficiente,0,0,0,2,12.5999,41.87406,True,z,del civico n.,,23
2617327,7,2015-12-12T05:45:00,,all'intersezione semaforizzata con,VIA SANTI ROMANO,,Scontro frontale-laterale SX fra veicoli in marcia,,,,,,,,,,3,0,0,1,,,False,z,VIALE PALMIRO TOGLIATTI,VIALE PALMIRO TOGLIATTI,
2619090,16,2015-12-12T05:45:00,Strada Urbana,all'intersezione semaforizzata con,CIRCONVALLAZIONE CORNELIA,,Scontro frontale-laterale SX fra veicoli in marcia,Incrocio,Due carreggiate,Asciutto,Asfaltata,Verticale ed orizzontale,Sereno,Scarso,Buona,Sufficiente,0,0,0,3,,,False,z,LARGO ALESSANDRO CARAVILLANI,LARGO ALESSANDRO CARAVILLANI,
2618965,12,2015-12-12T06:00:00,Strada Urbana,da specificare,VIA CRISTOFORO COLOMBO,laterale direzione Roma svincolo V.le Industria,Scontro frontale-laterale SX fra veicoli in marcia,Rettilineo,Pií_ di due carreggiate,Asciutto,Asfaltata,Verticale ed orizzontale,Sereno,Scarso,Sufficiente,Sufficiente,0,0,0,2,,,False,z,,,
2617318,8,2015-12-12T07:10:00,Strada Urbana,in prossimitíæ,VIA DI FONTANA CANDIDA,,Veicolo in marcia contro ostacolo accidentale,Rettilineo,Una carreggiata a doppio senso,Asciutto,Asfaltata,Verticale,Sereno,Scarso,Buona,Ore Diurne,0,0,0,1,,,False,z,del civico n.,,77
2619878,3,2015-12-12T07:40:00,Strada Urbana,da specificare,CIRCONVALLAZIONE TIBURTINA,altezza Scalo San Lorenzo dir.ne Salaria,Infortunio per sola frenata improvvisa,Rettilineo,Una carreggiata a senso unico di marcia,Asciutto,Asfaltata,Orizzontale,Sereno,Intenso,Buona,Ore Diurne,1,0,0,0,12.5186,41.89593,False,z,,,
2619902,3,2015-12-12T07:40:00,Strada Urbana,da specificare,CIRCONVALLAZIONE TIBURTINA,altezza Scalo S. Lorenzo dir. Salaria,Veicoli in marcia contro veicolo fermo,Rettilineo,Una carreggiata a senso unico di marcia,Asciutto,Asfaltata,Orizzontale,Sereno,Intenso,Buona,Ore Diurne,0,0,0,4,12.51971,41.89692,False,z,,,
2617339,8,2015-12-12T07:45:00,Strada Urbana,in prossimitíæ,VIA DI TORRENOVA,,Veicolo in marcia contro ostacolo accidentale,Rettilineo,Una carreggiata a doppio senso,Asciutto,Asfaltata,Verticale ed orizzontale,Sereno,Normale,Sufficiente,Ore Diurne,0,0,0,2,12.61925,41.87532,True,z,del civico n.,,167
2618342,5,2015-12-12T08:00:00,Strada Urbana,in corrispondenza,VIA DI PORTONACCIO,,Investimento di pedone,Rettilineo,Due carreggiate,Asciutto,Asfaltata,Verticale ed orizzontale,Sereno,Normale,Buona,Ore Diurne,1,0,0,1,12.53739,41.90004,False,z,del civico n.,,101
2617295,8,2015-12-12T08:30:00,Statale,in prossimitíæ,VIA PRENESTINA,,Scontro frontale-laterale SX fra veicoli in marcia,Rettilineo,Una carreggiata a doppio senso,Asciutto,Asfaltata,Verticale,Sereno,Intenso,Buona,Ore Diurne,1,0,0,1,,,False,z,del civico n.,,1147 b
2617301,6,2015-12-12T08:40:00,Strada Urbana,in prossimitíæ,VIA CIRO DA URBINO,,Veicolo in marcia contro veicolo fermo,Rettilineo,Una carreggiata a senso unico di marcia,Asciutto,Asfaltata,Assente,Sereno,Scarso,Sufficiente,Ore Diurne,0,0,0,3,12.53932,41.87819,True,z,del civico n.,,61
2616895,15,2015-12-12T08:45:00,,da specificare,VIA DEL TRULLO,in prossimitíæ di Via Portuense,Tamponamento Multiplo,,,,,,,,,,1,0,0,5,,,False,z,,,
2617372,13,2015-12-12T09:00:00,Strada Urbana,all'intersezione con,VIA ALESSANDRO STRADELLA,,Scontro laterale fra veicoli in marcia,Incrocio,Una carreggiata a doppio senso,Asciutto,Asfaltata,Verticale,Sereno,Normale,Buona,Ore Diurne,1,0,0,1,12.35771,41.73856,False,z,VIA CESARE PASCUCCI,VIA CESARE PASCUCCI,
2619139,12,2015-12-12T09:15:00,Strada Urbana,da specificare,VIA PONTINA,laterale civico 499 direzione Roma,Scontro frontale-laterale SX fra veicoli in marcia,Rettilineo,Una carreggiata a doppio senso,Asciutto,Asfaltata,Verticale ed orizzontale,Sereno,Scarso,Buona,Ore Diurne,0,0,0,2,12.4516,41.79262,False,z,,,
2616907,15,2015-12-12T09:30:00,,in corrispondenza,VIALE GUGLIELMO MARCONI,,Investimento di pedone,,,,,,,,,,1,0,0,1,,,False,z,del civico n.,,152
2616381,2,2015-12-12T09:30:00,Strada Urbana,all'intersezione semaforizzata con,VIA ANTONIO BERTOLONI,,Veicolo in marcia contro ostacolo fisso,Intersezione semaforizzata,Una carreggiata a senso unico di marcia,Asciutto,Asfaltata,Verticale ed orizzontale,Sereno,Scarso,Buona,Ore Diurne,0,0,0,2,12.49055,41.92215,True,z,VIALE GIOACCHINO ROSSINI,VIALE GIOACCHINO ROSSINI,
2618600,4,2015-12-12T09:45:00,,da specificare,VIA NOMENTANA,prossimitíæ 'Parco Azzurro' direzione Roma,Tamponamento Multiplo,,,,,,,,,,0,0,0,5,12.60242,41.96824,False,z,,,
2616346,7,2015-12-12T10:20:00,Strada Urbana,all'intersezione con,VIA DELLE SPIGHE,,Veicolo in marcia contro veicolo in sosta,Incrocio,Due carreggiate,Asciutto,Asfaltata,Assente,Sereno,Scarso,Buona,Ore Diurne,0,0,0,2,12.57378,41.87779,False,z,VIA DELL'ALLORO,VIA DELL'ALLORO,
2618274,18,2015-12-12T10:40:00,Strada Urbana,all'intersezione con,VIA DI BOCCEA,,Scontro frontale-laterale DX fra veicoli in marcia,Intersezione stradale segnalata,Una carreggiata a doppio senso,Asciutto,Asfaltata,Temporanea di cantiere,Sereno,Normale,Buona,Ore Diurne,0,1,0,1,12.39188,41.91186,False,z,VIA PIEDICAVALLO,VIA PIEDICAVALLO,
2616386,1,2015-12-12T10:40:00,Strada Urbana,in corrispondenza,VIALE CASTRO PRETORIO,,Scontro laterale fra veicoli in marcia,Rettilineo,Pií_ di due carreggiate,Asciutto,Asfaltata,Verticale ed orizzontale,Sereno,Normale,Buona,Ore Diurne,0,0,0,2,12.50508,41.90736,False,z,del civico n.,,123
2618988,23,2015-12-12T11:30:00,,da specificare,VIA CRISTOFORO COLOMBO,altezza via oceania ,Tamponamento,,,,,,,,,,0,0,0,2,,,False,z,,,
2617365,7,2015-12-12T11:30:00,,da specificare,VIALE PALMIRO TOGLIATTI,ALTEZZA VIA CARLO FADDA ,Scontro frontale-laterale SX fra veicoli in marcia,,,,,,,,,,1,0,0,1,12.56927,41.86245,False,z,,,
2619189,12,2015-12-12T11:35:00,Strada Urbana,da specificare,VIA OSTIENSE,direzione Roma altezza uscita Vitinia,Scontro frontale-laterale DX fra veicoli in marcia,Rettilineo,Una carreggiata a doppio senso,Asciutto,Asfaltata,Verticale ed orizzontale,Sereno,Normale,Buona,Ore Diurne,0,0,0,5,12.45895,41.83686,True,z,,,
2617564,17,2015-12-12T11:50:00,Strada Urbana,in prossimitíæ,VIALE GIULIO CESARE,,Investimento di pedone,Rettilineo,Due carreggiate,Asciutto,Asfaltata,Verticale ed orizzontale,Sereno,Normale,Buona,Ore Diurne,1,0,0,1,12.46678,41.91139,False,z,del civico n.,,29c
2618443,19,2015-12-12T12:00:00,Strada Urbana,in prossimitíæ,VIA TRIONFALE,,Scontro laterale fra veicoli in marcia,Rettilineo,Una carreggiata a senso unico di marcia,Asciutto,Asfaltata,Orizzontale,Sereno,Normale,Buona,Ore Diurne,0,0,0,2,12.42898,41.93731,True,z,del civico n.,,8144
2617300,8,2015-12-12T12:00:00,,in prossimitíæ,VIA SAN BIAGIO PLATANI,,Scontro frontale-laterale DX fra veicoli in marcia,,,,,,,,,,1,0,0,1,,,False,z,del civico n.,,285
2618211,11,2015-12-12T12:00:00,Strada Urbana,all'intersezione con,VIA ANTONIO PISANO,,Scontro frontale-laterale DX fra veicoli in marcia,Incrocio,Due carreggiate,Asciutto,Asfaltata,Verticale ed orizzontale,Sereno,Normale,Buona,Ore Diurne,0,0,0,2,12.4909,41.82789,True,z,VIA ANDREA DI BONAIUTO,VIA ANDREA DI BONAIUTO,
2619153,16,2015-12-12T12:10:00,Strada Urbana,in corrispondenza,PIAZZA ROSOLINO PILO,,Veicolo in marcia contro veicolo fermo,Rettilineo,Una carreggiata a doppio senso,Asciutto,Asfaltata,Verticale ed orizzontale,Sereno,Normale,Buona,Ore Diurne,0,0,0,3,12.46121,41.88183,True,z,del civico n.,,27
2618080,8,2015-12-12T12:10:00,,in prossimitíæ,VIA GRAMMICHELE,,Veicolo in marcia contro ostacolo accidentale,,,,,,,,,,0,0,0,1,,,False,z,del civico n.,,15
2618081,8,2015-12-12T12:30:00,Strada Urbana,all'intersezione con,VIA BORGHESIANA,,Scontro laterale fra veicoli in marcia,Incrocio,Una carreggiata a doppio senso,Asciutto,Asfaltata,Verticale,Sereno,Normale,Buona,Sufficiente,0,0,0,2,12.67235,41.87821,True,z,VIA MESORACA,VIA MESORACA,
2617396,12,2015-12-12T13:00:00,Strada Urbana,da specificare,VIA PONTINA NUOVA,"dir.ne Roma, prox. km. 11.00",Tamponamento,Rettilineo,Due carreggiate,Asciutto,Asfaltata,Verticale ed orizzontale,Sereno,Normale,Buona,Ore Diurne,2,0,0,2,,,False,z,,,
2618091,8,2015-12-12T13:10:00,,da specificare,VIA COLLATINA,100 mt dopo Via di Salone dir.ne Roma centro,Veicolo in marcia contro ostacolo accidentale,,,,,,,,,,0,0,0,2,,,False,z,,,
2618263,11,2015-12-12T13:10:00,Strada Urbana,da specificare,VIA DI TOR CARBONE,rotatoria direzione Vigna Murata,Scontro frontale-laterale DX fra veicoli in marcia,Rotatoria,Una carreggiata a senso unico di marcia,Asciutto,Asfaltata,Verticale ed orizzontale,Sereno,Scarso,Buona,Ore Diurne,0,0,0,2,12.51833,41.82701,True,z,,,
2618265,11,2015-12-12T13:15:00,Strada Urbana,in prossimitíæ,VIALE GUGLIELMO MASSAIA,,Scontro frontale-laterale DX fra veicoli in marcia,Rettilineo,Una carreggiata a doppio senso,Asciutto,Asfaltata,Verticale ed orizzontale,Sereno,Normale,Buona,Ore Diurne,1,0,0,1,12.49335,41.86191,False,z,del civico n.,,45
2618507,4,2015-12-12T13:25:00,,da specificare,VIA NOMENTANA,"USCITA CENTRO RES.LE ""PARCO AZZURRO"" DIR ROMA",Scontro laterale fra veicoli in marcia,,,,,,,,,,0,0,0,2,12.61592,41.97918,False,z,,,
2616642,10,2015-12-12T13:25:00,Strada Urbana,all'intersezione semaforizzata con,VIA TUSCOLANA,,Scontro laterale fra veicoli in marcia,Intersezione semaforizzata,Due carreggiate,Asciutto,Asfaltata,Verticale ed orizzontale,Sereno,Intenso,Buona,Ore Diurne,0,0,0,2,12.58374,41.84293,True,z,VIA OTELLO STEFANINI,VIA OTELLO STEFANINI,
2616658,20,2015-12-12T13:30:00,Altra strada,da specificare,VIA FLAMINIA,int. cimit. Flaminio-V.le Cipressi x Arc.ta Lurdes,Scontro laterale fra veicoli in marcia,Rettilineo,Due carreggiate,Asciutto,Asfaltata,Verticale ed orizzontale,Sereno,Scarso,Buona,Ore Diurne,1,0,0,3,,,False,z,,,
2617796,10,2015-12-12T13:30:00,Strada Urbana,in corrispondenza,VIA TUSCOLANA,,Scontro laterale fra veicoli in marcia,Rettilineo,Due carreggiate,Asciutto,Asfaltata,Verticale ed orizzontale,Sereno,Normale,Buona,Ore Diurne,0,0,0,2,12.54834,41.86415,True,z,del civico n.,,585D
2618092,8,2015-12-12T13:40:00,,da specificare,VIA COLLATINA,100 mt dopo Via di Salone dir.ne Roma centro,Veicolo in marcia contro ostacolo accidentale,,,,,,,,,,0,0,0,2,,,False,z,,,
2619001,18,2015-12-12T13:45:00,Strada Urbana,in corrispondenza,VIA SUOR MARIA AGOSTINA,,Scontro laterale fra veicoli in marcia,Rettilineo,Una carreggiata a doppio senso,Asciutto,Asfaltata,Verticale,Sereno,Scarso,Buona,Ore Diurne,0,0,0,4,12.38723,41.90423,True,z,del civico n.,,120
2618397,19,2015-12-12T13:45:00,Strada Urbana,all'intersezione con,VIA IPOGEO DEGLI OTTAVI,,Scontro laterale fra veicoli in marcia,Incrocio,Una carreggiata a senso unico di marcia,Asciutto,Asfaltata,Orizzontale,Sereno,Normale,Buona,Ore Diurne,0,0,0,2,12.40899,41.96523,True,z,VIA S. GIUSEPPE DA COPERTINO,VIA S. GIUSEPPE DA COPERTINO,
2618344,5,2015-12-12T13:45:00,Strada Urbana,all'intersezione semaforizzata con,VIA DEI MONTI TIBURTINI,,Investimento di pedone,Intersezione semaforizzata,Due carreggiate,Asciutto,Asfaltata,Verticale ed orizzontale,Sereno,Normale,Buona,Ore Diurne,1,0,0,1,12.54289,41.9171,False,z,VIA DEI DURANTINI,VIA DEI DURANTINI,
2618350,5,2015-12-12T13:47:00,,all'intersezione con,VIA BELMONTE IN SABINA,,Scontro laterale fra veicoli in marcia,,,,,,,,,,2,0,0,0,12.59806,41.94889,False,z,VIA DI CASAL MONASTERO,VIA DI CASAL MONASTERO,
2617399,13,2015-12-12T13:55:00,Strada Urbana,all'intersezione con,VIA DELL'IDROSCALO,,Scontro laterale fra veicoli in marcia,Incrocio,Una carreggiata a doppio senso,Asciutto,Asfaltata,Orizzontale,Sereno,Normale,Sufficiente,Ore Diurne,1,0,0,3,12.25186,41.73948,False,z,VIA DELLA TORTUGA,VIA DELLA TORTUGA,
2617823,10,2015-12-12T14:00:00,Strada Urbana,all'intersezione con,VIA PAPIRIA,,Scontro laterale fra veicoli in marcia,Incrocio,Una carreggiata a doppio senso,Asciutto,Asfaltata,Verticale ed orizzontale,Sereno,Normale,Buona,Ore Diurne,0,0,0,2,12.56234,41.86423,False,z,VIA LUCIO MUMMIO,VIA LUCIO MUMMIO,
2619165,16,2015-12-12T14:00:00,,in prossimitíæ,VIA VITELLIA,,Tamponamento,,,,,,,,,,0,0,0,1,,,False,z,del civico n.,,17h
2618356,11,2015-12-12T14:10:00,Strada Urbana,in corrispondenza,VIA GABRIELLO CHIABRERA,,Veicolo in marcia contro veicoli in sosta,Rettilineo,Due carreggiate,Asciutto,Asfaltata,Verticale ed orizzontale,Sereno,Scarso,Buona,Ore Diurne,0,0,0,1,12.47877,41.85302,False,z,del civico n.,,144
2617439,12,2015-12-12T14:10:00,Strada Urbana,da specificare,VIA ALVARO DEL PORTILLO,alt. ingr. Sportcity e palo illum. n. 83,Scontro frontale-laterale DX fra veicoli in marcia,Curva a visuale libera,Una carreggiata a doppio senso,Asciutto,Asfaltata,Verticale ed orizzontale,Sereno,Normale,Buona,Ore Diurne,2,0,0,3,,,False,z,,,
2618707,2,2015-12-12T14:20:00,Strada Urbana,da specificare,VIA GIUSEPPE PISANELLI,alt. via degli scialoja,Investimento di pedone,,Una carreggiata a senso unico di marcia,Asciutto,Asfaltata,Verticale ed orizzontale,Sereno,Scarso,Buona,Ore Diurne,1,0,0,3,,,False,z,,,
2617360,13,2015-12-12T14:30:00,Strada Urbana,da specificare,LUNGOMARE PAOLO TOSCANELLI,in prossimitíæ di Via dei Navicellari,Veicolo in marcia contro veicoli in sosta,Rettilineo,Due carreggiate,Asciutto,Asfaltata,Verticale ed orizzontale,Sereno,Normale,Sufficiente,Ore Diurne,1,0,0,1,12.27494,41.73016,False,z,,,
2617294,8,2015-12-12T14:30:00,Strada Urbana,in prossimitíæ,VIA COLLATINA,,Scontro frontale-laterale SX fra veicoli in marcia,Curva a visuale libera,Una carreggiata a doppio senso,Asciutto,Asfaltata,Orizzontale,Sereno,Intenso,Buona,Ore Diurne,1,0,0,1,12.62828,41.90884,True,z,del palo luce n.,,556
2618293,11,2015-12-12T14:30:00,Strada Urbana,all'intersezione con,VIA ARDEATINA,,Scontro frontale-laterale DX fra veicoli in marcia,Rotatoria,Una carreggiata a senso unico di marcia,Asciutto,Asfaltata,Verticale,Sereno,Normale,Buona,Ore Diurne,0,0,0,5,12.51792,41.82356,True,z,VIA DELLA CECCHIGNOLA,VIA DELLA CECCHIGNOLA,
2618364,19,2015-12-12T15:00:00,Strada Urbana,in corrispondenza,VIA DI CASAL DEL MARMO,,Tamponamento Multiplo,Rettilineo,Una carreggiata a doppio senso,Asciutto,Asfaltata,Orizzontale,Sereno,Normale,Buona,Ore Diurne,0,0,0,3,12.39326,41.94873,True,z,del civico n.,,288
2617349,8,2015-12-12T15:05:00,Altra strada,da specificare,VIA RAOUL CHIODELLI,area interna civ. 62-64 (aperta pubblico transito),Scontro frontale-laterale DX fra veicoli in marcia,Rettilineo,Una carreggiata a doppio senso,Asciutto,Asfaltata,Assente,Sereno,Scarso,Buona,Ore Diurne,1,0,0,2,,,False,z,,,
2620007,3,2015-12-12T15:30:00,,in prossimitíæ,PIAZZALE DEL VERANO,,Scontro frontale-laterale SX fra veicoli in marcia,,,,,,,,,,1,0,0,1,,,False,z,del civico n.,,36
2617578,17,2015-12-12T15:40:00,Strada Urbana,all'intersezione con,PIAZZA DEL RISORGIMENTO,,Tamponamento,Incrocio,Una carreggiata a senso unico di marcia,Asciutto,Asfaltata,Verticale ed orizzontale,Sereno,Normale,Buona,Ore Diurne,0,0,0,2,12.45672,41.90635,False,z,VIALE DEI BASTIONI DI MICHELANGELO,VIALE DEI BASTIONI DI MICHELANGELO,
2618577,4,2015-12-12T15:50:00,Strada Urbana,all'intersezione con,VIA PASSO DEL TURCHINO,,Scontro frontale-laterale SX fra veicoli in marcia,Incrocio,Una carreggiata a doppio senso,Asciutto,Asfaltata,Verticale ed orizzontale,Sereno,Normale,Buona,Ore Diurne,1,0,0,1,12.53762,41.9499,False,z,VIA VILLA DI FAONTE,VIA VILLA DI FAONTE,
2618359,5,2015-12-12T15:50:00,Strada Urbana,da specificare,VIA RAFFAELE COSTI,rotatoria altezza A24,Scontro frontale fra veicoli in marcia,Rotatoria,Una carreggiata a doppio senso,Asciutto,Asfaltata,Verticale ed orizzontale,Sereno,Scarso,Buona,Ore Diurne,0,0,0,4,12.59431,41.91378,True,z,,,
2617290,9,2015-12-12T16:15:00,,da specificare,PIAZZA RAGUSA,fronte civico 13,Scontro frontale-laterale DX fra veicoli in marcia,,,,,,,,,,1,0,0,2,12.52305,41.88123,False,z,,,
2617583,17,2015-12-12T16:25:00,Strada Urbana,da specificare,LUNGOTEVERE MICHELANGELO,tra i pali acea n. 13 e 14,Fuoriuscita dalla sede stradale,Rettilineo,Una carreggiata a senso unico di marcia,Asciutto,Asfaltata,Verticale ed orizzontale,Sereno,Normale,Buona,Ore Diurne,0,0,0,2,12.47036,41.91219,True,z,,,
2616890,1,2015-12-12T16:40:00,Strada Urbana,da specificare,VIA DELLA GRECA,rampa di destra Largo Amedeo Petrucci,Scontro laterale fra veicoli in marcia,Curva a visuale libera,Una carreggiata a senso unico di marcia,Asciutto,Asfaltata,Verticale,Sereno,Scarso,Buona,Ore Diurne,0,0,0,3,12.48086,41.88827,False,z,,,
2618680,4,2015-12-12T16:45:00,,in prossimitíæ,VIA UGO OJETTI,,Scontro laterale fra veicoli in marcia,,,,,,,,,,0,0,0,2,12.55429,41.94632,False,z,del civico n.,,380
2616902,10,2015-12-12T16:50:00,Strada Urbana,in prossimitíæ,VIA BERNARDINO ALIMENA,,Investimento di pedone,Rettilineo,Una carreggiata a doppio senso,Asciutto,Asfaltata,Verticale ed orizzontale,Sereno,Normale,Sufficiente,Sufficiente,1,0,0,1,12.6003,41.84831,False,z,del civico n.,,31
2618387,19,2015-12-12T17:00:00,Strada Urbana,da specificare,VIA ANDERSEN,prossimitíæ Via Valle dei Fontanili,Tamponamento Multiplo,Rettilineo,Una carreggiata a doppio senso,Asciutto,Asfaltata,Verticale ed orizzontale,Sereno,Normale,Buona,Sufficiente,0,0,0,4,12.40592,41.92468,True,z,,,
2619959,8,2015-12-12T17:00:00,,all'intersezione con,VIA DI ROCCA CENCIA,,Investimento di pedone,,,,,,,,,,1,0,0,1,,,False,z,PIAZZA SERRULE,PIAZZA SERRULE,
2620047,3,2015-12-12T17:00:00,Strada Urbana,all'intersezione con,PIAZZALE DELLE PROVINCIE,,Scontro frontale-laterale DX fra veicoli in marcia,Rotatoria,Una carreggiata a senso unico di marcia,Asciutto,Asfaltata,Verticale ed orizzontale,Sereno,Normale,Sufficiente,Ore Diurne,0,0,0,2,,,False,z,VIA CATANIA,VIA CATANIA,
2620085,1,2015-12-12T17:10:00,Strada Urbana,in corrispondenza,LARGO DI S. SUSANNA,,Scontro laterale fra veicoli in marcia,Rettilineo,Una carreggiata a senso unico di marcia,Asciutto,Asfaltata,Verticale ed orizzontale,Sereno,Intenso,Buona,Ore Diurne,1,0,0,1,,,False,z,del civico n.,,102
2621571,1,2015-12-12T17:15:00,Strada Urbana,in prossimitíæ,VIA CAVOUR,,Scontro laterale fra veicoli in marcia,Rettilineo,Una carreggiata a doppio senso,Asciutto,Asfaltata,Verticale ed orizzontale,Sereno,Normale,Buona,Sufficiente,0,0,0,2,,,False,z,del civico n.,,18
2616905,20,2015-12-12T17:20:00,Strada Urbana,all'intersezione con,VIA DEI DUE PONTI,,Tamponamento,Intersezione stradale segnalata,Una carreggiata a doppio senso,Asciutto,Asfaltata,Verticale ed orizzontale,Sereno,Normale,Sufficiente,Sufficiente,1,0,0,2,,,False,z,VIA ORIOLO ROMANO,VIA ORIOLO ROMANO,
2617608,17,2015-12-12T17:30:00,Strada Urbana,all'intersezione con,VIA VIRGILIO,,Scontro frontale-laterale DX fra veicoli in marcia,Incrocio,Una carreggiata a senso unico di marcia,Asciutto,Asfaltata,Verticale ed orizzontale,Sereno,Normale,Buona,Ore Diurne,0,0,0,2,12.46537,41.90729,False,z,VIA PLINIO,VIA PLINIO,
2618094,8,2015-12-12T17:30:00,,da specificare,VIA COLLATINA,100 mt dopo Via di Salone dir.ne Roma centro,Veicolo in marcia contro ostacolo accidentale,,,,,,,,,,0,0,0,4,,,False,z,,,
2618095,8,2015-12-12T17:45:00,,da specificare,VIA COLLATINA,100 mt dopo Via di Salone dir.ne Roma centro,Veicolo in marcia contro ostacolo accidentale,,,,,,,,,,0,0,0,2,,,False,z,,,
2617612,17,2015-12-12T17:55:00,Strada Urbana,in prossimitíæ,VIALE DEI BASTIONI DI MICHELANGELO,,Tamponamento,Rettilineo,Una carreggiata a doppio senso,Asciutto,Asfaltata,Verticale ed orizzontale,Sereno,Normale,Sufficiente,Sufficiente,0,0,0,3,12.45636,41.9064,True,z,del civico n.,,5
2618309,11,2015-12-12T18:00:00,Strada Urbana,in corrispondenza,VIA DEI LINCEI,,Veicolo in marcia contro veicoli in sosta,Rettilineo,Una carreggiata a senso unico di marcia,Asciutto,Asfaltata,Assente,Sereno,Scarso,Sufficiente,Sufficiente,0,0,0,0,12.49385,41.85394,False,z,del civico n.,,119
2619169,16,2015-12-12T18:00:00,Strada Urbana,in corrispondenza,VIA DI DONNA OLIMPIA,,Veicolo in marcia contro veicolo arresto,Rettilineo,Una carreggiata a senso unico di marcia,Asciutto,Asfaltata,Orizzontale,Sereno,Normale,Buona,Sufficiente,0,0,0,5,12.45158,41.87879,True,z,del civico n.,,21
2618617,4,2015-12-12T18:00:00,Strada Urbana,all'intersezione con,VIA VIRGILIO TALLI,,Scontro laterale fra veicoli in marcia,Incrocio,Una carreggiata a doppio senso,Asciutto,Asfaltata,Verticale ed orizzontale,Sereno,Scarso,Sufficiente,Sufficiente,0,0,0,3,12.52311,41.96455,False,z,VIA CAMILLO PILOTTO,VIA CAMILLO PILOTTO,
2617405,9,2015-12-12T18:06:00,Strada Urbana,da specificare,PIAZZALE APPIO,lato COIN,Tamponamento,Rettilineo,Una carreggiata a senso unico di marcia,Asciutto,Asfaltata,Verticale ed orizzontale,Sereno,Intenso,Sufficiente,Sufficiente,0,0,0,2,12.50959,41.88543,False,z,,,
2617355,8,2015-12-12T18:15:00,Statale entro l'abitato,all'intersezione con,VIA DEL PONTE DELLA CATENA,,Investimento di pedone,Intersezione non regolata-non segnalata,Una carreggiata a doppio senso,Asciutto,Asfaltata,Verticale ed orizzontale,Nebbia,Normale,Insufficiente,Insufficiente,2,0,0,1,12.6557,41.86435,False,z,VIA CASILINA,VIA CASILINA,
2618772,18,2015-12-12T18:20:00,Strada Urbana,all'intersezione con,VIA GIORGIO DEL VECCHIO,,Scontro laterale fra veicoli in marcia,Intersezione stradale segnalata,Una carreggiata a senso unico di marcia,Asciutto,Asfaltata,Verticale ed orizzontale,Sereno,Scarso,Buona,Sufficiente,0,0,0,4,,,False,z,VIA GREGORIO XI,VIA GREGORIO XI,
2618096,8,2015-12-12T18:20:00,,da specificare,VIA COLLATINA,100 mt dopo Via di Salone dir.ne Roma centro,Veicolo in marcia contro ostacolo accidentale,,,,,,,,,,0,0,0,3,,,False,z,,,
2618097,8,2015-12-12T18:30:00,,da specificare,VIA COLLATINA,100 mt dopo Via di Salone dir.ne Roma centro,Veicolo in marcia contro ostacolo accidentale,,,,,,,,,,0,0,0,1,,,False,z,,,
2617291,8,2015-12-12T18:45:00,Strada Urbana,in prossimitíæ,VIA DEL PONTE DI NONA,,Veicolo in marcia contro ostacolo accidentale,Rettilineo,Una carreggiata a doppio senso,Asciutto,Con buche,Verticale ed orizzontale,Sereno,Normale,Buona,Sufficiente,0,0,0,3,12.66686,41.89119,True,z,del civico n.,,81
2617638,17,2015-12-12T18:45:00,Strada Urbana,all'intersezione semaforizzata con,VIA LEONE IV,,Tamponamento,Incrocio,Una carreggiata a doppio senso,Asciutto,Asfaltata,Verticale ed orizzontale,Sereno,Normale,Buona,Sufficiente,0,0,0,3,12.45545,41.90879,False,z,VIALE GIULIO CESARE,VIALE GIULIO CESARE,
2617325,6,2015-12-12T19:00:00,Strada Urbana,all'intersezione con,PIAZZALE PRENESTINO,,Scontro laterale fra veicoli in marcia,Incrocio,Pií_ di due carreggiate,Asciutto,Asfaltata,Verticale ed orizzontale,Sereno,Normale,Buona,Sufficiente,0,0,0,4,12.52649,41.8909,True,z,VIA PRENESTINA,VIA PRENESTINA,
2617309,20,2015-12-12T19:20:00,Strada Urbana,all'intersezione con,PIAZZA DEI GIUOCHI DELFICI,,Veicolo in marcia contro veicolo fermo,Incrocio,Una carreggiata a senso unico di marcia,Asciutto,Asfaltata,Verticale ed orizzontale,Sereno,Normale,Sufficiente,Sufficiente,0,0,0,1,,,False,z,VIA CASSIA,VIA CASSIA,
2618209,15,2015-12-12T19:50:00,,all'intersezione con,VIA CAMPAGNATICO,,Scontro frontale-laterale SX fra veicoli in marcia,,,,,,,,,,1,0,0,1,,,False,z,VIA DI S. RAFFAELE,VIA DI S. RAFFAELE,
2617424,9,2015-12-12T19:57:00,,all'intersezione con,VIA MUZIO SCEVOLA,,Scontro laterale fra veicoli in marcia,,,,,,,,,,1,0,0,1,12.52853,41.87338,False,z,VIA DI S. MARIA AUSILIATRICE,VIA DI S. MARIA AUSILIATRICE,