_ID,_Gruppo,_DataOraIncidente,_Localizzazione1,_Localizzazione2,_Strada1,_DaSpecificare,_NaturaIncidente,_ParticolaritaStrade,_TipoStrada,_FondoStradale,_Pavimentazione,_Segnaletica,_CondizioneAtmosferica,_Traffico,_Visibilita,_Illuminazione,_NUM_FERITI,_NUM_RISERVATA,_NUM_MORTI,_NUM_ILLESI,_Longitudine,_Latitudine,_CONFERMATO,__prefix,_Strada02,_Strada2,_Chilometrica
2624315,2,2015-12-18T01:45:00,Strada Urbana,all'intersezione con,VIA SASSI DI S. GIULIANO,,Veicolo in marcia contro ostacolo fisso,Incrocio,Una carreggiata a doppio senso,Asciutto,Asfaltata,Verticale ed orizzontale,Sereno,Scarso,Buona,Sufficiente,2,0,0,1,12.47221,41.93455,False,z,CORSO DI FRANCIA,CORSO DI FRANCIA,
2625730,8,2015-12-18T02:00:00,Strada Urbana,in prossimitíæ,VIA DI TOR VERGATA,,Veicolo in marcia contro ostacolo accidentale,Rettilineo,Una carreggiata a doppio senso,Asciutto,Asfaltata,Verticale ed orizzontale,Sereno,Scarso,Sufficiente,Sufficiente,1,0,0,2,,,False,z,del civico n.,,55
2625647,9,2015-12-18T04:30:00,Strada Urbana,in prossimitíæ,CIRCONVALLAZIONE APPIA,,Veicolo in marcia contro veicoli in sosta,Rettilineo,Una carreggiata a doppio senso,Asciutto,Asfaltata,Verticale,Sereno,Scarso,Buona,Sufficiente,0,0,0,0,12.5188,41.87646,False,z,del civico n.,,24
2624919,16,2015-12-18T04:30:00,Strada Urbana,da specificare,VIA DEL CAPPELLACCIO,cabina secondaria ACEA n. 5320,Veicolo in marcia contro ostacolo fisso,Curva senza visuale libera,Una carreggiata a doppio senso,Asciutto,Asfaltata,Assente,Sereno,Scarso,Insufficiente,Inesistente,0,0,0,0,12.45242,41.83243,False,z,,,
2624190,1,2015-12-18T07:00:00,Strada Urbana,in corrispondenza,VIA CALANDRELLI,,Veicolo in marcia contro veicoli in sosta,Rettilineo,Una carreggiata a senso unico di marcia,Asciutto,Asfaltata,Verticale ed orizzontale,Sereno,Normale,Buona,Ore Diurne,0,0,0,1,,,False,z,del civico n.,,26
2627971,12,2015-12-18T07:40:00,Strada Urbana,in prossimitíæ,VIALE DELLA GRANDE MURAGLIA,,Investimento di pedone,Rettilineo,Due carreggiate,Asciutto,Asfaltata,Verticale ed orizzontale,Sereno,Intenso,Buona,Ore Diurne,1,0,0,1,,,False,z,del civico n.,,145
2626204,5,2015-12-18T07:45:00,,in prossimitíæ,VIA DEL CASALE DI S. BASILIO,,Scontro frontale-laterale DX fra veicoli in marcia,,,,,,,,,,1,0,0,0,,,False,z,del civico n.,,49-51
2627631,19,2015-12-18T07:50:00,Strada Urbana,all'intersezione con,VIA FRANCESCO MARCONI,,Scontro frontale-laterale DX fra veicoli in marcia,Incrocio,Una carreggiata a senso unico alternato,Asciutto,Asfaltata,Verticale ed orizzontale,Sereno,Normale,Buona,Ore Diurne,1,0,0,1,,,False,z,VIA ALESSANDRO VII,VIA ALESSANDRO VII,
2626732,4,2015-12-18T07:50:00,,all'intersezione con,VIA UGO OJETTI,,Scontro frontale-laterale DX fra veicoli in marcia,,,,,,,,,,1,0,0,2,12.55461,41.94712,False,z,VIA DI CASAL BOCCONE,VIA DI CASAL BOCCONE,
2630198,18,2015-12-18T08:15:00,Statale,in corrispondenza,VIA AURELIA,,Veicolo in marcia contro ostacolo fisso,Rettilineo,Due carreggiate,Asciutto,Asfaltata,Verticale ed orizzontale,Sereno,Normale,Buona,Ore Diurne,2,0,0,0,12.30429,41.88834,True,z,della chilometrica,,17.3
2629108,23,2015-12-18T08:20:00,,da specificare,LUNGOTEVERE DEI SANGALLO,altezza capolinea ATAC,Scontro laterale fra veicoli in marcia,,,,,,,,,,0,0,0,3,,,False,z,,,
2625603,8,2015-12-18T08:40:00,Strada Urbana,da specificare,VIA MILLET,prossimitíæ Via Degas,Veicolo in marcia contro veicoli in sosta,Rettilineo,Una carreggiata a doppio senso,Asciutto,Asfaltata,Verticale,Sereno,Normale,Buona,Ore Diurne,0,0,0,3,12.65173,41.86181,False,z,,,
2628609,12,2015-12-18T09:00:00,Strada Urbana,da specificare,VIA MONTE DEL FINOCCHIO,prossimitíæ Viale Egeo,Tamponamento,Rettilineo,Una carreggiata a doppio senso,Asciutto,Asfaltata,Verticale ed orizzontale,Sereno,Normale,Buona,Ore Diurne,0,0,0,2,12.45646,41.83131,True,z,,,
2624351,10,2015-12-18T09:10:00,Strada Urbana,da specificare,VIA VITTORIO RAGUSA,fronte centro commerciale Romanina',Tamponamento,Rettilineo,Una carreggiata a senso unico di marcia,Asciutto,Asfaltata,Verticale ed orizzontale,Sereno,Normale,Buona,Ore Diurne,0,0,0,2,12.62045,41.84451,True,z,,,
2625177,9,2015-12-18T09:30:00,,all'intersezione con,VIA TOMMASO FORTIFIOCCA,,Investimento di pedone,,,,,,,,,,1,0,0,1,12.52233,41.8711,False,z,VIA RAFFAELE DE CESARE,VIA RAFFAELE DE CESARE,
2629139,17,2015-12-18T09:50:00,,in prossimitíæ,CIRCONVALLAZIONE CLODIA,,Scontro laterale fra veicoli in marcia,,,,,,,,,,1,0,0,2,12.45279,41.91544,False,z,del civico n.,,21
2625585,8,2015-12-18T10:00:00,Strada Urbana,in prossimitíæ,VIA DI TOR VERGATA,,Veicolo in marcia contro ostacolo fisso,Curva a visuale libera,Una carreggiata a doppio senso,Asciutto,Asfaltata,Verticale ed orizzontale,Sereno,Normale,Buona,Ore Diurne,2,0,0,0,12.62261,41.84739,False,z,del palo luce n.,,159
2624456,1,2015-12-18T10:00:00,Strada Urbana,in corrispondenza,VIA DELLE TERME DI DIOCLEZIANO,,Veicolo in marcia contro ostacolo accidentale,Rettilineo,Una carreggiata a senso unico di marcia,Viscido da liquidi oleosi,In cubetti di porfido,Verticale ed orizzontale,Sereno,Normale,Buona,Ore Diurne,0,0,0,2,,,False,z,del civico n.,,26
2624453,7,2015-12-18T10:00:00,Strada Urbana,all'intersezione con,VIA DEI PLATANI,,Scontro frontale-laterale SX fra veicoli in marcia,Incrocio,Due carreggiate,Asciutto,Asfaltata,Verticale ed orizzontale,Sereno,Normale,Buona,Ore Diurne,0,0,0,3,12.56352,41.88124,False,z,VIA TOR DE' SCHIAVI,VIA TOR DE' SCHIAVI,
2624412,20,2015-12-18T10:05:00,,all'intersezione semaforizzata con,LARGO MARESCIALLO DIAZ,,Scontro laterale fra veicoli in marcia,,,Asciutto,,,Sereno,Normale,Buona,Ore Diurne,1,0,0,0,,,False,z,PIAZZALE DI PONTE MILVIO,PIAZZALE DI PONTE MILVIO,
2630145,1,2015-12-18T10:05:00,Strada Urbana,in prossimitíæ,PIAZZA VENEZIA,,Veicolo in marcia contro ostacolo accidentale,Rettilineo,Una carreggiata a senso unico di marcia,Asciutto,In cubetti di porfido,Verticale ed orizzontale,Sereno,Intenso,Buona,Ore Diurne,0,0,0,3,,,False,z,del civico n.,,5
2627781,3,2015-12-18T10:10:00,,da specificare,VIALE VENTUNO APRILE,altezza civico 89,Scontro laterale fra veicoli in marcia,,,,,,,,,,1,0,0,1,,,False,z,,,
2626212,5,2015-12-18T10:10:00,,da specificare,VIA GIUSEPPE ANTONIO ANDRIULLI,altezza inversione di marcia,Tamponamento,,,,,,,,,,1,0,0,0,,,False,z,,,
2624525,1,2015-12-18T10:30:00,Strada Urbana,all'intersezione semaforizzata con,PIAZZA DI PORTA CAPENA,,Scontro laterale fra veicoli in marcia,Intersezione semaforizzata,Una carreggiata a doppio senso,Asciutto,Asfaltata,Verticale ed orizzontale,Sereno,Normale,Buona,Ore Diurne,0,0,0,3,12.48948,41.88422,False,z,VIALE AVENTINO,VIALE AVENTINO,
2624927,16,2015-12-18T10:35:00,Strada Urbana,all'intersezione con,VIA FELICE CAVALLOTTI,,Scontro frontale-laterale SX fra veicoli in marcia,Incrocio,Una carreggiata a senso unico di marcia,Asciutto,Asfaltata,Verticale ed orizzontale,Sereno,Normale,Buona,Ore Diurne,0,0,0,3,12.46198,41.87788,False,z,VIA CARLO PISACANE,VIA CARLO PISACANE,
2625540,13,2015-12-18T10:35:00,Strada Urbana,in prossimitíæ,VIA DELLE CAROLINE,,Tamponamento,Rettilineo,Due carreggiate,Bagnato (pioggia),Asfaltata,Verticale ed orizzontale,Sereno,Normale,Buona,Ore Diurne,0,0,0,2,12.27554,41.73995,False,z,del palo luce n.,,4
2625572,13,2015-12-18T10:40:00,Strada Urbana,in prossimitíæ,VIA DI ACILIA,,Scontro frontale-laterale SX fra veicoli in marcia,Rettilineo,Una carreggiata a doppio senso,Asciutto,Asfaltata,Verticale ed orizzontale,Sereno,Normale,Buona,Ore Diurne,0,0,0,2,12.37343,41.77078,True,z,del civico n.,,221
2624469,10,2015-12-18T10:40:00,Strada Urbana,all'intersezione con,VIA MARCO VALERIO CORVO,,Scontro frontale-laterale DX fra veicoli in marcia,Incrocio,Una carreggiata a senso unico di marcia,Asciutto,Asfaltata,Verticale ed orizzontale,Sereno,Normale,Buona,Ore Diurne,1,0,0,2,12.55606,41.85889,False,z,VIA LUCIO SESTIO,VIA LUCIO SESTIO,
2624876,10,2015-12-18T10:45:00,,all'intersezione semaforizzata con,VIA TUSCOLANA,,Tamponamento,,,,,,,,,,1,0,0,2,,,False,z,VIALE MARCO FULVIO NOBILIORE,VIALE MARCO FULVIO NOBILIORE,
2628168,1,2015-12-18T10:45:00,Strada Urbana,all'intersezione semaforizzata con,VIA CAVOUR,,Scontro laterale fra veicoli in marcia,Intersezione semaforizzata,Una carreggiata a doppio senso,Asciutto,Asfaltata,Verticale ed orizzontale,Sereno,Normale,Buona,Ore Diurne,0,0,0,2,,,False,z,VIA GIOVANNI AMENDOLA,VIA GIOVANNI AMENDOLA,
2635014,18,2015-12-18T11:40:00,Strada Urbana,in prossimitíæ,VIA DI BOCCEA,,Scontro frontale-laterale SX fra veicoli in marcia,Rettilineo,Una carreggiata a doppio senso,Asciutto,Asfaltata,Verticale ed orizzontale,Sereno,Intenso,Buona,Ore Diurne,1,0,0,2,,,False,z,del civico n.,,280
2629569,1,2015-12-18T11:50:00,Strada Urbana,da specificare,VIALE DEL MONTE OPPIO,IN PROSS. VIALE EULERO,Tamponamento,Rettilineo,Una carreggiata a doppio senso,Asciutto,Asfaltata,Orizzontale,Sereno,Scarso,Buona,Ore Diurne,0,0,0,3,,,False,z,,,
2627668,19,2015-12-18T11:55:00,Strada Urbana,in prossimitíæ,VIA TRIONFALE,,Scontro laterale fra veicoli in marcia,Rettilineo,Una carreggiata a doppio senso,Asciutto,Asfaltata,Assente,Sereno,Normale,Buona,Ore Diurne,0,0,0,2,12.41691,41.94638,True,z,del civico n.,,9617
2624642,7,2015-12-18T12:10:00,Strada Urbana,all'intersezione con,LARGO AUGUSTO CORELLI,,Veicolo in marcia contro veicolo in sosta,Incrocio,Due carreggiate,Asciutto,Asfaltata,Assente,Sereno,Intenso,Buona,Ore Diurne,0,0,0,2,12.61016,41.91398,False,z,VIA DELIA,VIA DELIA,
2627727,1,2015-12-18T12:15:00,Strada Urbana,all'intersezione semaforizzata con,VIA LABICANA,,Veicolo in marcia contro veicolo in sosta,Incrocio,Pií_ di due carreggiate,Asciutto,Asfaltata,Verticale ed orizzontale,Sereno,Normale,Buona,Ore Diurne,1,0,0,0,,,False,z,PIAZZA DI S. CLEMENTE,PIAZZA DI S. CLEMENTE,
2627855,16,2015-12-18T12:40:00,Strada Urbana,in corrispondenza,CIRCONVALLAZIONE GIANICOLENSE,,Scontro frontale-laterale DX fra veicoli in marcia,Rettilineo,Due carreggiate,Asciutto,Asfaltata,Verticale ed orizzontale,Sereno,Normale,Buona,Ore Diurne,0,0,0,4,12.45913,41.87113,True,z,del civico n.,,77
2627130,2,2015-12-18T13:00:00,Strada Urbana,in prossimitíæ,VIALE SOMALIA,,Investimento di pedone,,,,,,,,,,1,0,0,1,,,False,z,del civico n.,,275
2627345,7,2015-12-18T13:00:00,,in prossimitíæ,VIA CASILINA,,Scontro laterale fra veicoli in marcia,,,,,,,,,,1,0,0,1,,,False,z,del civico n.,,1014
2627652,7,2015-12-18T13:00:00,Strada Urbana,all'intersezione con,VIA DEGLI ELCI,,Scontro frontale-laterale SX fra veicoli in marcia,Incrocio,Una carreggiata a doppio senso,Asciutto,Asfaltata,Assente,Sereno,Scarso,Sufficiente,Ore Diurne,0,0,0,4,12.56954,41.88542,False,z,VIALE DELLE GARDENIE,VIALE DELLE GARDENIE,
2626222,5,2015-12-18T13:15:00,,all'intersezione con,VIA DEI DURANTINI,,Scontro laterale fra veicoli in marcia,,,,,,,,,,1,0,0,0,,,False,z,VIA FILIPPO MEDA,VIA FILIPPO MEDA,
2627692,19,2015-12-18T13:15:00,Strada Urbana,all'intersezione con,VIA DELLA VALLE DEI FONTANILI,,Scontro laterale fra veicoli in marcia,Incrocio,Una carreggiata a doppio senso,Asciutto,Asfaltata,Verticale ed orizzontale,Sereno,Normale,Buona,Ore Diurne,1,0,0,1,12.40821,41.92742,True,z,VIA ANDERSEN,VIA ANDERSEN,
2628026,1,2015-12-18T13:15:00,Strada Urbana,in corrispondenza,VIA MARMORATA,,Investimento di pedone,Rettilineo,Una carreggiata a doppio senso,Asciutto,Asfaltata,Verticale ed orizzontale,Sereno,Normale,Buona,Ore Diurne,1,0,0,1,,,False,z,del palo luce n.,,39
2626942,16,2015-12-18T13:30:00,,in prossimitíæ,VIA DI VILLA TROILI,,Scontro frontale fra veicoli in marcia,,,,,,,,,,0,0,0,2,,,False,z,del civico n.,,24
2624803,6,2015-12-18T13:30:00,Strada Urbana,all'intersezione con,VIALE GIOVANNI BATTISTA VALENTE,,Scontro laterale fra veicoli in marcia,Incrocio,Una carreggiata a doppio senso,Asciutto,Asfaltata,Orizzontale,Sereno,Normale,Buona,Ore Diurne,0,0,0,3,12.56649,41.89985,True,z,VIA GIORGIO PERLASCA,VIA GIORGIO PERLASCA,
2625118,10,2015-12-18T13:30:00,,all'intersezione semaforizzata con,VIA ANAGNINA,,Scontro laterale fra veicoli in marcia,,,,,,,,,,1,0,0,2,,,False,z,VIA GASPERINA,VIA GASPERINA,
2625595,13,2015-12-18T13:35:00,Provinciale,in prossimitíæ,VIA DEL MARE,,Tamponamento Multiplo,Rettilineo,Una carreggiata a senso unico di marcia,Asciutto,Asfaltata,Verticale ed orizzontale,Sereno,Normale,Buona,Ore Diurne,2,0,0,3,,,False,z,della chilometrica,,24.5
2627824,16,2015-12-18T13:40:00,,all'intersezione con,PIAZZETTA DEL BEL RESPIRO,,Tamponamento Multiplo,,,,,,,,,,0,0,0,5,,,False,z,VIA VITELLIA,VIA VITELLIA,
2624828,11,2015-12-18T13:40:00,Strada Urbana,da specificare,LARGO MAESTRI DEL LAVORO,prossimitíæ Via S.Sernesi,Scontro laterale fra veicoli in marcia,Rettilineo,Due carreggiate,Asciutto,Asfaltata,Verticale ed orizzontale,Sereno,Normale,Buona,Ore Diurne,1,0,0,1,12.47412,41.84895,False,z,,,
2627820,16,2015-12-18T13:55:00,Strada Urbana,in prossimitíæ,VIA S. GIOVANNI EUDES,,Scontro frontale-laterale SX fra veicoli in marcia,Curva senza visuale libera,Una carreggiata a doppio senso,Asciutto,Asfaltata,Orizzontale,Sereno,Normale,Buona,Ore Diurne,0,0,0,3,,,False,z,del civico n.,,55
2628652,12,2015-12-18T14:40:00,Provinciale entro l'abitato,all'intersezione con,VIA LAURENTINA,,Infortunio per sola frenata improvvisa,Rotatoria,Una carreggiata a senso unico di marcia,Asciutto,Asfaltata,Verticale ed orizzontale,Sereno,Normale,Buona,Ore Diurne,0,0,0,1,12.48265,41.78785,True,z,VIA DI CASTEL DI LEVA,VIA DI CASTEL DI LEVA,
2628348,17,2015-12-18T14:45:00,,all'intersezione con,VIA S. PIO X,,Scontro frontale fra veicoli in marcia,,,,,,,,,,0,0,0,2,12.46372,41.90161,False,z,LUNGOTEVERE VATICANO,LUNGOTEVERE VATICANO,
2627094,2,2015-12-18T14:45:00,,da specificare,VIA PO,ALL'ALTEZZA DI VIA ISONZO,Scontro laterale fra veicoli in marcia,,,,,,,,,,2,0,0,1,12.49578,41.915,False,z,,,
2630205,18,2015-12-18T15:00:00,Strada Urbana,in corrispondenza,VIA DI ACQUAFREDDA,,Scontro frontale fra veicoli in marcia,Rettilineo,Una carreggiata a doppio senso,Asciutto,Asfaltata,Orizzontale,Sereno,Normale,Buona,Ore Diurne,0,0,0,3,12.39072,41.88937,True,z,del civico n.,,72
2631080,18,2015-12-18T15:20:00,Strada Urbana,in prossimitíæ,VIA GREGORIO VII,,Tamponamento,Rettilineo,Pií_ di due carreggiate,Asciutto,Asfaltata,Verticale ed orizzontale,Sereno,Normale,Buona,Ore Diurne,0,0,0,4,12.45059,41.89763,False,z,del civico n.,,53
2625437,9,2015-12-18T15:35:00,Strada Urbana,in prossimitíæ,VIA SATRICO,,Tamponamento,Rettilineo,Una carreggiata a doppio senso,Asciutto,Asfaltata,Verticale ed orizzontale,Sereno,Normale,Buona,Ore Diurne,0,0,0,2,12.50833,41.87658,True,z,del civico n.,,50
2626231,5,2015-12-18T15:45:00,,in prossimitíæ,VIA DI PORTONACCIO,,Veicolo in marcia contro ostacolo accidentale,,,,,,,,,,1,0,0,0,,,False,z,del civico n.,,72
2629135,23,2015-12-18T15:50:00,,in prossimitíæ,VIA CRISTOFORO COLOMBO,,Tamponamento,,,,,,,,,,0,0,0,2,,,False,z,della chilometrica,,16.2
2629679,1,2015-12-18T16:00:00,Strada Urbana,da specificare,PIAZZA DI S. GIOVANNI IN LATERANO,PROSS. SCALA SANTA,Scontro laterale fra veicoli in marcia,Rettilineo,Una carreggiata a doppio senso,Asciutto,Asfaltata,Verticale ed orizzontale,Sereno,Intenso,Buona,Ore Diurne,0,0,0,2,12.50548,41.88733,False,z,,,
2625132,10,2015-12-18T16:00:00,Strada Urbana,in corrispondenza,VIA TUSCOLANA,,Veicolo in marcia contro veicoli in sosta,Rettilineo,Una carreggiata a senso unico di marcia,Asciutto,Asfaltata,Orizzontale,Sereno,Normale,Buona,Ore Diurne,0,0,0,0,,,False,z,del civico n.,,996
2625105,11,2015-12-18T16:00:00,Strada Urbana,all'intersezione semaforizzata con,VIA ANDREA MANTEGNA,,Scontro laterale fra veicoli in marcia,Intersezione semaforizzata,Due carreggiate,Asciutto,Asfaltata,Verticale ed orizzontale,Sereno,Normale,,Ore Diurne,1,0,0,1,,,False,z,VIALE DI TOR MARANCIA,VIALE DI TOR MARANCIA,
2628628,12,2015-12-18T16:10:00,Strada Urbana,da specificare,VIALE DI VAL FIORITA,prossimitíæ VIA FRUGONI (direz. V.le Egeo),Scontro laterale fra veicoli in marcia,Curva a visuale libera,Una carreggiata a doppio senso,Asciutto,Asfaltata,Verticale ed orizzontale,Sereno,Intenso,Buona,Ore Diurne,0,0,0,2,12.46561,41.84052,True,z,,,
2626657,4,2015-12-18T16:20:00,,all'intersezione con,VIA DELLA BUFALOTTA,,Scontro laterale fra veicoli in marcia,,,,,,,,,,0,0,0,2,12.54958,41.96665,False,z,VIA RENATO CASTELLANI,VIA RENATO CASTELLANI,
2626717,4,2015-12-18T16:30:00,Strada Urbana,in prossimitíæ,VIA DELLE ISOLE CURZOLANE,,Tamponamento,Rettilineo,Due carreggiate,Asciutto,Asfaltata,Assente,Sereno,Normale,Buona,Ore Diurne,0,0,0,2,12.53307,41.94862,True,z,del civico n.,,74
2627915,12,2015-12-18T17:05:00,Strada Urbana,in prossimitíæ,VIA CRISTOFORO COLOMBO,,Infortunio per caduta del veicolo,Rettilineo,Pií_ di due carreggiate,Asciutto,Asfaltata,Verticale ed orizzontale,Sereno,Normale,Insufficiente,Insufficiente,1,0,0,0,,,False,z,della chilometrica,,12.5
2627568,11,2015-12-18T17:15:00,Strada Urbana,in corrispondenza,VIA DEL PORTO FLUVIALE,,Veicolo in marcia contro veicolo fermo,Rettilineo,Una carreggiata a doppio senso,Asciutto,Asfaltata,Verticale ed orizzontale,Sereno,Intenso,Sufficiente,Sufficiente,1,0,0,0,,,False,z,del civico n.,,3D
2625705,13,2015-12-18T17:20:00,,da specificare,PIAZZALE MAGELLANO,interno rotatoria,Scontro laterale fra veicoli in marcia,,,,,,,,,,0,0,0,2,,,False,z,,,
2625486,9,2015-12-18T17:30:00,Strada Urbana,in prossimitíæ,VIA GALLIA,,Scontro laterale fra veicoli in marcia,Rettilineo,Una carreggiata a doppio senso,Asciutto,Asfaltata,Verticale ed orizzontale,Sereno,Intenso,Sufficiente,Sufficiente,0,0,0,2,12.50705,41.88036,False,z,del civico n.,,200
2627769,3,2015-12-18T17:50:00,,in prossimitíæ,VIA LIVORNO,,Investimento di pedone,,,,,,,,,,0,0,0,2,,,False,z,del civico n.,,49
2627042,2,2015-12-18T18:00:00,Strada Urbana,in prossimitíæ,VIA APPENNINI,,Veicolo in marcia contro veicolo in sosta,Rettilineo,Una carreggiata a senso unico di marcia,Asciutto,Asfaltata,Verticale ed orizzontale,Sereno,Scarso,Buona,Sufficiente,0,0,0,1,12.51005,41.91806,False,z,del civico n.,,48
2626757,4,2015-12-18T18:00:00,,in prossimitíæ,VIA SALARIA,,Tamponamento Multiplo,,,,,,,,,,1,0,0,3,12.51686,41.99736,False,z,del civico n.,,1311D
2625586,10,2015-12-18T18:00:00,Strada Urbana,all'intersezione semaforizzata con,VIA APPIA NUOVA,,Scontro laterale fra veicoli in marcia,Incrocio,Due carreggiate,Asciutto,Asfaltata,Verticale ed orizzontale,Sereno,Intenso,Sufficiente,Sufficiente,0,0,0,2,12.56177,41.82466,True,z,VIA DI CASAL ROTONDO,VIA DI CASAL ROTONDO,
2626665,4,2015-12-18T18:15:00,,in prossimitíæ,VIA UGO DELLA SETA,,Veicolo in marcia contro veicolo in sosta,,,,,,,,,,0,0,0,2,12.52463,41.95955,False,z,del civico n.,,5
2625737,13,2015-12-18T18:45:00,Strada Urbana,all'intersezione con,VIA ERMANNO WOLF FERRARI,,Scontro frontale-laterale DX fra veicoli in marcia,Incrocio,Una carreggiata a doppio senso,Asciutto,Asfaltata,Assente,Sereno,Normale,Sufficiente,Sufficiente,2,0,0,1,12.37357,41.7521,False,z,VIA VITTORIO GUI,VIA VITTORIO GUI,
2627712,7,2015-12-18T18:55:00,,all'intersezione con,VIALE PALMIRO TOGLIATTI,,Scontro laterale fra veicoli in marcia,,,,,,,,,,0,0,0,2,,,False,z,VIALE DEI ROMANISTI,VIALE DEI ROMANISTI,
2625594,10,2015-12-18T19:20:00,,all'intersezione con,VIA PAPIRIA,,Investimento di pedone,,,,,,,,,,0,0,0,1,,,False,z,VIA CALPURNIO FIAMMA,VIA CALPURNIO FIAMMA,
2627179,2,2015-12-18T19:40:00,,in corrispondenza,VIALE PARIOLI,,Investimento di pedone,,,,,,,,,,1,0,0,1,12.49067,41.92403,False,z,del civico n.,,22
2627177,2,2015-12-18T19:45:00,Strada Urbana,in corrispondenza,VIA ANTONIO STOPPANI,,Scontro laterale fra veicoli in marcia,Rettilineo,Una carreggiata a senso unico di marcia,Asciutto,Asfaltata,Verticale ed orizzontale,Sereno,Intenso,Sufficiente,Sufficiente,0,0,0,2,12.49145,41.92281,True,z,del civico n.,,6
2628063,1,2015-12-18T19:45:00,Strada Urbana,all'intersezione con,VIA NOMENTANA,,Investimento di pedone,Incrocio,Una carreggiata a doppio senso,Asciutto,Asfaltata,Assente,Sereno,Normale,Insufficiente,Insufficiente,1,0,0,1,,,False,z,VIA DI S. ALESSANDRO,VIA DI S. ALESSANDRO,
2627758,17,2015-12-18T20:35:00,Strada Urbana,in prossimitíæ,PIAZZA CAVOUR,,Investimento di pedone,Rettilineo,Una carreggiata a doppio senso,Asciutto,In cubetti di porfido,Verticale ed orizzontale,Sereno,Normale,Sufficiente,Sufficiente,1,0,0,3,12.46991,41.90591,False,z,del civico n.,,22-b
2627084,2,2015-12-18T20:40:00,Strada Urbana,da specificare,PONTE DUCA D'AOSTA,altezza Lgt. Flaminio,Veicolo in marcia contro ostacolo fisso,Rettilineo,Una carreggiata a doppio senso,Asciutto,Asfaltata,Verticale ed orizzontale,Nuvoloso,Normale,Buona,Sufficiente,0,0,0,1,12.46109,41.93107,True,z,,,
2626233,5,2015-12-18T20:40:00,Strada Urbana,all'intersezione con,VIA DI TOR CERVARA,,Scontro frontale-laterale DX fra veicoli in marcia,Incrocio,Due carreggiate,Asciutto,Asfaltata,Verticale ed orizzontale,Sereno,Normale,Buona,Sufficiente,0,0,0,5,,,False,z,VIA SALVIATI,VIA SALVIATI,
2637504,18,2015-12-18T20:45:00,Strada Urbana,in corrispondenza,VIA DI CASAL DEL MARMO,,Investimento di pedone,Rettilineo,Una carreggiata a doppio senso,Asciutto,Asfaltata,Verticale ed orizzontale,Sereno,Scarso,Buona,Sufficiente,1,0,0,1,,,False,z,del civico n.,,684
2628586,12,2015-12-18T20:50:00,,all'intersezione con,VIA DI TOR CARBONE,,Scontro frontale fra veicoli in marcia,,,,,,,,,,1,0,0,1,,,False,z,VIA EVODIA,VIA EVODIA,
2625604,10,2015-12-18T21:40:00,Statale entro l'abitato,da specificare,VIA TUSCOLANA,fronte c.comm.le cinecittíæ2 direz. rm centro,Tamponamento,Rettilineo,Due carreggiate,Asciutto,Asfaltata,Orizzontale,Sereno,Scarso,Buona,Sufficiente,0,0,0,2,12.57097,41.85188,True,z,,,
2625641,8,2015-12-18T21:50:00,Strada Urbana,da specificare,VIALE DUILIO CAMBELLOTTI,altezza Via O. Placidi,Veicolo in marcia contro ostacolo accidentale,Rettilineo,Due carreggiate,Asciutto,Asfaltata,Verticale ed orizzontale,Sereno,Normale,Sufficiente,Sufficiente,0,0,0,3,12.62935,41.86719,True,z,,,
2625686,8,2015-12-18T22:10:00,Strada Urbana,da specificare,VIALE DUILIO CAMBELLOTTI,altezza Via O. Placidi,Veicolo in marcia contro ostacolo accidentale,Rettilineo,Due carreggiate,Asciutto,Asfaltata,Verticale ed orizzontale,Sereno,Normale,Sufficiente,Sufficiente,0,0,0,2,12.62935,41.86719,True,z,,,
2626002,20,2015-12-18T22:35:00,Strada Urbana,in prossimitíæ,VIA DELLA GIUSTINIANA,,Scontro frontale-laterale SX fra veicoli in marcia,Rettilineo,Una carreggiata a doppio senso,Asciutto,Asfaltata,Verticale ed orizzontale,Sereno,Scarso,Buona,Sufficiente,1,0,0,1,,,False,z,del civico n.,,8
2628142,1,2015-12-18T23:00:00,Strada Urbana,in prossimitíæ,VIA QUATTRO NOVEMBRE,,Veicolo in marcia contro ostacolo accidentale,Curva a visuale libera,Una carreggiata a doppio senso,Viscido da liquidi oleosi,In cubetti di porfido,Verticale ed orizzontale,Sereno,Normale,Sufficiente,Sufficiente,0,0,0,2,,,False,z,del civico n.,,144
2628096,1,2015-12-18T23:20:00,Strada Urbana,in corrispondenza,PIAZZA VENEZIA,,Veicolo in marcia contro ostacolo accidentale,Rettilineo,Una carreggiata a doppio senso,Viscido da liquidi oleosi,In cubetti di porfido,Verticale ed orizzontale,Sereno,Normale,Sufficiente,Sufficiente,1,0,0,1,,,False,z,del civico n.,,6
2625608,10,2015-12-19T00:01:00,,da specificare,VIA ETTORE FIERAMOSCA,prossimitíæ palo luce 51,Veicolo in marcia contro ostacolo fisso,,,,,,,,,,1,0,0,0,,,False,z,,,
2625614,2,2015-12-19T00:30:00,Strada Urbana,in prossimitíæ,VIA GIOVANNI ANTONELLI,,Veicolo in marcia contro veicolo in sosta,Rettilineo,Una carreggiata a doppio senso,Asciutto,Asfaltata,Orizzontale,Sereno,Normale,Buona,Sufficiente,0,0,0,2,12.48676,41.92282,False,z,del civico n.,,2
2627126,2,2015-12-19T01:00:00,Strada Urbana,in corrispondenza,VIALE LIEGI,,Veicolo in marcia contro ostacolo fisso,Rettilineo,Una carreggiata a doppio senso,Asciutto,Asfaltata,Verticale ed orizzontale,Sereno,Normale,Buona,Sufficiente,3,0,0,0,12.4948,41.92177,False,z,del civico n.,,50