_ID,_Gruppo,_DataOraIncidente,_Localizzazione1,_Localizzazione2,_Strada1,_DaSpecificare,_NaturaIncidente,_ParticolaritaStrade,_TipoStrada,_FondoStradale,_Pavimentazione,_Segnaletica,_CondizioneAtmosferica,_Traffico,_Visibilita,_Illuminazione,_NUM_FERITI,_NUM_RISERVATA,_NUM_MORTI,_NUM_ILLESI,_Longitudine,_Latitudine,_CONFERMATO,__prefix,_Strada02,_Strada2,_Chilometrica
2631388,1,2015-12-22T18:55:00,Strada Urbana,in prossimitíæ,VIA DEL TEATRO DI MARCELLO,,Veicoli in marcia contro veicolo fermo,Rettilineo,Una carreggiata a doppio senso,Bagnato (umiditíæ in atto),In cubetti di porfido,Verticale ed orizzontale,Sereno,Intenso,Buona,Sufficiente,0,0,0,2,,,False,z,del civico n.,,34
2630797,7,2015-12-22T19:00:00,Strada Urbana,all'intersezione con,VIA PRENESTINA,,Scontro laterale fra veicoli in marcia,Incrocio,Una carreggiata a doppio senso,Bagnato (umiditíæ in atto),Asfaltata,Verticale ed orizzontale,Sereno,Normale,Buona,Sufficiente,0,0,0,3,12.57875,41.89415,False,z,VIA MANDURIA,VIA MANDURIA,
2644914,18,2015-12-22T19:15:00,Strada Urbana,in prossimitíæ,VIA DI BOCCEA,,Veicolo in marcia contro veicoli in sosta,Rettilineo,Una carreggiata a doppio senso,Asciutto,Asfaltata,Verticale ed orizzontale,Sereno,Intenso,Sufficiente,Sufficiente,1,0,0,1,,,False,z,del civico n.,,105
2631045,16,2015-12-22T19:15:00,,in corrispondenza,VIALE DI TRASTEVERE,,Scontro frontale-laterale SX fra veicoli in marcia,,,,,,,,,,0,0,0,2,,,False,z,del civico n.,,171
2630762,3,2015-12-22T19:50:00,Strada Urbana,in corrispondenza,VIA NOMENTANA,,Scontro frontale fra veicoli in marcia,Rettilineo,Pií_ di due carreggiate,Asciutto,Asfaltata,Verticale ed orizzontale,Sereno,Normale,Sufficiente,Sufficiente,2,0,0,0,12.51194,41.91629,False,z,del civico n.,,74
2630803,19,2015-12-22T20:33:00,,in prossimitíæ,VIA ENNIO BONIFAZI,,Veicolo in marcia contro ostacolo accidentale,,,,,,,,,,1,0,0,0,,,False,z,del civico n.,,80
2632217,1,2015-12-22T20:45:00,Strada Urbana,in prossimitíæ,VIALE LUIGI EINAUDI,,Investimento di pedone,Rettilineo,Una carreggiata a senso unico di marcia,Bagnato (umiditíæ in atto),In cubetti di porfido,Orizzontale,Nuvoloso,Scarso,Sufficiente,Sufficiente,2,0,0,0,12.49727,41.90242,False,z,del palo luce n.,,10
2630746,20,2015-12-22T21:10:00,,all'intersezione con,LARGO DI VIGNA STELLUTI,,Scontro frontale-laterale SX fra veicoli in marcia,,,,,,,,,,1,0,0,1,,,False,z,VIA CESARE FERRERO DI CAMBIANO,VIA CESARE FERRERO DI CAMBIANO,
2630563,8,2015-12-22T21:20:00,Strada Urbana,in corrispondenza,VIA DI TORRENOVA,,Scontro laterale fra veicoli in marcia,Rettilineo,Una carreggiata a doppio senso,Asciutto,Asfaltata,Verticale ed orizzontale,Sereno,Normale,Buona,Sufficiente,0,0,0,5,12.61822,41.88317,False,z,del civico n.,,355
2630582,8,2015-12-22T21:30:00,Strada Urbana,da specificare,VIA COLLATINA,100 m dalla rotatoria Collatina - Salone,Veicolo in marcia contro ostacolo accidentale,Curva senza visuale libera,Una carreggiata a doppio senso,Asciutto,Asfaltata,Verticale ed orizzontale,Sereno,Scarso,Buona,Sufficiente,0,0,0,1,,,False,z,,,
2631198,16,2015-12-22T21:50:00,Strada Urbana,all'intersezione con,VIA GIACINTO CARINI,,Scontro frontale-laterale SX fra veicoli in marcia,Incrocio,Una carreggiata a doppio senso,Asciutto,Asfaltata,Verticale ed orizzontale,Sereno,Scarso,Buona,Sufficiente,0,0,0,2,12.4608,41.88262,True,z,VIA FRANCESCO SAVERIO SPROVIERI,VIA FRANCESCO SAVERIO SPROVIERI,
2630554,6,2015-12-22T22:30:00,Strada Urbana,all'intersezione semaforizzata con,VIA PRENESTINA,,Scontro laterale fra veicoli in marcia,Incrocio,Due carreggiate,Asciutto,Asfaltata,Verticale ed orizzontale,Sereno,Scarso,Buona,Sufficiente,0,0,0,5,12.54954,41.8938,False,z,VIALE RONCHI,VIALE RONCHI,
2632483,12,2015-12-22T22:40:00,Strada Urbana,all'intersezione con,VIALE EGEO,,Scontro laterale fra veicoli in marcia,Incrocio,Una carreggiata a doppio senso,Bagnato (umiditíæ in atto),Asfaltata,Verticale ed orizzontale,Sereno,Normale,Buona,Sufficiente,0,0,0,4,12.45689,41.83226,True,z,VIA MONTE DEL FINOCCHIO,VIA MONTE DEL FINOCCHIO,
2631269,17,2015-12-22T23:50:00,Strada Urbana,all'intersezione semaforizzata con,PIAZZALE MARESCIALLO GIARDINO,,Scontro frontale-laterale DX fra veicoli in marcia,Incrocio,Pií_ di due carreggiate,Asciutto,Asfaltata,Verticale ed orizzontale,Sereno,Scarso,Buona,Sufficiente,0,0,0,6,12.45868,41.92298,False,z,LUNGOTEVERE DELLA VITTORIA,LUNGOTEVERE DELLA VITTORIA,
2644819,18,2015-12-23T00:00:00,Strada Urbana,all'intersezione con,VIA DI VAL CANNUTA,,Veicolo in marcia contro ostacolo fisso,Incrocio,Una carreggiata a doppio senso,Asciutto,Asfaltata,Verticale ed orizzontale,Sereno,Scarso,Sufficiente,Sufficiente,0,0,0,1,12.41029,41.89698,False,z,VIA ROBERTO AGO,VIA ROBERTO AGO,
2631211,16,2015-12-23T00:00:00,,da specificare,VIALE EUROPA,prossimitíæ Via Cristoforo Colombo,Scontro frontale-laterale DX fra veicoli in marcia,,,,,,,,,,1,0,0,1,,,False,z,,,
2632359,1,2015-12-23T00:30:00,Strada Urbana,all'intersezione con,PIAZZA DELL'OROLOGIO,,Veicolo in marcia contro veicolo in sosta,Incrocio,Una carreggiata a senso unico di marcia,Bagnato (umiditíæ in atto),Acciotolata,Verticale ed orizzontale,Sereno,Scarso,Sufficiente,Sufficiente,0,0,0,1,,,False,z,VIA DEI FILIPPINI,VIA DEI FILIPPINI,
2630693,19,2015-12-23T01:00:00,Strada Urbana,in prossimitíæ,VIA CASSIA,,Scontro frontale-laterale DX fra veicoli in marcia,Rettilineo,Una carreggiata a senso unico di marcia,Asciutto,Asfaltata,Orizzontale,Sereno,Normale,Buona,Sufficiente,2,0,0,2,12.41087,41.98754,False,z,del civico n.,,1284
2630776,4,2015-12-23T01:10:00,,in prossimitíæ,VIA DELLE VIGNE NUOVE,,Scontro frontale-laterale SX fra veicoli in marcia,,,,,,,,,,1,0,0,1,12.53759,41.94627,False,z,del civico n.,,27
2630960,2,2015-12-23T01:25:00,Strada Urbana,all'intersezione con,LUNGOTEVERE SALVO D'ACQUISTO,,Scontro frontale fra veicoli in marcia,Intersezione stradale segnalata,Una carreggiata a doppio senso,Asciutto,Asfaltata,Orizzontale,Sereno,Scarso,Buona,Sufficiente,1,0,0,1,12.47126,41.93516,False,z,VIA PERU',VIA PERU',
2630590,8,2015-12-23T02:00:00,Strada Urbana,all'intersezione con,VIALE DELLA SORBONA,,Veicolo in marcia contro ostacolo accidentale,Rotatoria,Due carreggiate,Asciutto,Asfaltata,Orizzontale,Nebbia,Scarso,Insufficiente,Insufficiente,0,0,0,1,12.61218,41.8546,True,z,VIA COLUMBIA,VIA COLUMBIA,
2631479,1,2015-12-23T02:00:00,Strada Urbana,in prossimitíæ,VIA PORTUENSE,,Scontro laterale fra veicoli in marcia,Rettilineo,Una carreggiata a doppio senso,Bagnato (umiditíæ in atto),Asfaltata,Orizzontale,Sereno,Scarso,Buona,Sufficiente,2,0,0,2,,,False,z,del civico n.,,84
2632130,4,2015-12-23T02:30:00,,in corrispondenza,VIA SCARPANTO,,Scontro frontale-laterale DX fra veicoli in marcia,,,,,,,,,,0,0,0,2,,,False,z,del civico n.,,47 a
2630521,9,2015-12-23T02:45:00,,all'intersezione semaforizzata con,PIAZZA TUSCOLO,,Scontro frontale-laterale DX fra veicoli in marcia,,,,,,,,,,0,0,0,2,12.50813,41.88045,False,z,VIA GALLIA,VIA GALLIA,
2630881,7,2015-12-23T03:45:00,,in corrispondenza,VIA CLAUDIO ASELLO,,Veicolo in marcia contro veicoli in sosta,,,,,,,,,,2,0,0,0,12.55821,41.86321,False,z,del civico n.,,38
2632000,8,2015-12-23T05:00:00,Strada Urbana,all'intersezione con,VIALE PALMIRO TOGLIATTI,,Scontro frontale-laterale SX fra veicoli in marcia,Intersezione semaforizzata,Una carreggiata a senso unico di marcia,Asciutto,Asfaltata,Verticale ed orizzontale,Sereno,Scarso,Buona,Sufficiente,0,0,0,2,12.57037,41.91423,False,z,VIALE BATTISTA BARDANZELLU,VIALE BATTISTA BARDANZELLU,
2631979,8,2015-12-23T06:20:00,,in prossimitíæ,VIA VIGNE DI COLLE MATTIA,,Veicolo in marcia contro ostacolo accidentale,,,,,,,,,,0,0,0,2,,,False,z,del civico n.,,190
2631966,5,2015-12-23T07:20:00,Strada Urbana,in corrispondenza,VIALE ATTILIO BERTOLUCCI,,Veicolo in marcia contro ostacolo accidentale,Rettilineo,Una carreggiata a doppio senso,Bagnato (umiditíæ in atto),Asfaltata,Verticale ed orizzontale,Sereno,Scarso,Buona,Ore Diurne,0,0,0,1,12.62819,41.94366,True,z,del civico n.,,11
2635083,12,2015-12-23T07:20:00,Regionale,in prossimitíæ,VIA PONTINA,,Tamponamento Multiplo,Rettilineo,Due carreggiate,Bagnato (umiditíæ in atto),Asfaltata,Verticale ed orizzontale,Nebbia,Normale,Sufficiente,Ore Diurne,0,0,0,4,12.45106,41.79235,False,z,della chilometrica,,17.2
2632149,4,2015-12-23T07:20:00,Strada Urbana,all'intersezione con,VIA DELLA BUFALOTTA,,Scontro frontale-laterale DX fra veicoli in marcia,Intersezione semaforizzata,Una carreggiata a doppio senso,Asciutto,Asfaltata,Verticale ed orizzontale,Sereno,Intenso,Buona,Ore Diurne,0,0,0,2,12.5443,41.95363,False,z,VIADOTTO GIOVANNI GRONCHI,VIADOTTO GIOVANNI GRONCHI,
2630712,19,2015-12-23T07:35:00,Strada Urbana,in prossimitíæ,VIA DELLA BALDUINA,,Veicolo in marcia contro ostacolo accidentale,Curva a visuale libera,Una carreggiata a doppio senso,Viscido da liquidi oleosi,Asfaltata,Assente,Sereno,Scarso,Buona,Ore Diurne,1,0,0,0,12.44116,41.92013,True,z,del civico n.,,112
2631665,16,2015-12-23T07:50:00,Strada Urbana,all'intersezione con,VIALE LUIGI MORETTI,,Scontro frontale-laterale DX fra veicoli in marcia,Intersezione stradale segnalata,Due carreggiate,Bagnato (umiditíæ in atto),Asfaltata,Verticale ed orizzontale,Sereno,Scarso,Buona,Ore Diurne,0,0,0,2,12.40763,41.8696,False,z,VIA GIOVANNI PONTI,VIA GIOVANNI PONTI,
2632194,13,2015-12-23T07:55:00,Strada Urbana,all'intersezione con,VIA VINCENZO VANNUTELLI,,Scontro frontale-laterale SX fra veicoli in marcia,Incrocio,Una carreggiata a doppio senso,Asciutto,Asfaltata,Verticale ed orizzontale,Sereno,Scarso,Buona,Ore Diurne,0,0,0,2,,,False,z,VIA LUCIO LEPIDIO,VIA LUCIO LEPIDIO,
2630761,11,2015-12-23T08:00:00,Strada Urbana,all'intersezione con,VIA DELL'ARCADIA,,Scontro frontale-laterale DX fra veicoli in marcia,Incrocio,Due carreggiate,Asciutto,Asfaltata,Verticale ed orizzontale,Sereno,Normale,Buona,Ore Diurne,0,0,0,3,12.49106,41.85251,True,z,VIALE DELLE ACCADEMIE,VIALE DELLE ACCADEMIE,
2632427,3,2015-12-23T08:00:00,Strada Urbana,all'intersezione semaforizzata con,VIA DELLA LEGA LOMBARDA,,Scontro laterale fra veicoli in marcia,Intersezione semaforizzata,Una carreggiata a doppio senso,Bagnato (umiditíæ in atto),In conglomerato cementizio,Verticale ed orizzontale,Sereno,Scarso,Buona,Ore Diurne,0,0,0,4,,,False,z,VIA GIANO DELLA BELLA,VIA GIANO DELLA BELLA,
2631541,15,2015-12-23T08:30:00,Strada Urbana,in corrispondenza,VIALE GUGLIELMO MARCONI,,Veicolo in marcia contro veicoli in sosta,Rettilineo,Due carreggiate,Asciutto,Asfaltata,Verticale ed orizzontale,Sereno,Normale,Buona,Ore Diurne,0,0,0,1,12.4681,41.86763,True,z,del civico n.,,90
2631525,15,2015-12-23T08:30:00,Strada Urbana,all'intersezione con,VIA DEL TRULLO,,Scontro frontale-laterale SX fra veicoli in marcia,Intersezione non regolata-non segnalata,Una carreggiata a doppio senso,Asciutto,Asfaltata,Verticale ed orizzontale,Sereno,Normale,Buona,Ore Diurne,0,0,0,3,12.43676,41.84305,True,z,VIA DEL TEMPIO DI DIA,VIA DEL TEMPIO DI DIA,
2631978,5,2015-12-23T08:40:00,Strada Urbana,da specificare,VIA DEI MONTI TIBURTINI,altezza ospedale S. PERTINI direzione LANCIANI,Scontro laterale fra veicoli in marcia,Rettilineo,Due carreggiate,Asciutto,Asfaltata,Orizzontale,Sereno,Intenso,Buona,Ore Diurne,0,0,0,3,12.53843,41.91899,False,z,,,
2635050,12,2015-12-23T09:20:00,Strada Urbana,in prossimitíæ,VIALE DEI CADUTI PER LA RESISTENZA,,Scontro laterale fra veicoli in marcia,Rettilineo,Due carreggiate,Asciutto,Asfaltata,Verticale ed orizzontale,Nuvoloso,Normale,Buona,Ore Diurne,0,0,0,4,12.43876,41.77782,False,z,del civico n.,,768
2631988,8,2015-12-23T09:25:00,Strada Urbana,all'intersezione con,VIA MARCO CALIDIO,,Investimento di pedone,Incrocio,Una carreggiata a doppio senso,Asciutto,Strada pavimentata dissestata,Verticale,Sereno,Normale,Buona,Ore Diurne,1,0,0,1,12.57232,41.87055,False,z,VIA MARCIO RUTILIO,VIA MARCIO RUTILIO,
2635076,12,2015-12-23T09:30:00,Strada Urbana,da specificare,VIA CRISTOFORO COLOMBO,dir. roma sottovia via C.Levi,Veicolo in marcia contro ostacolo accidentale,Rettilineo,Due carreggiate,Asciutto,Asfaltata,Verticale ed orizzontale,Sereno,Normale,Buona,Ore Diurne,0,0,0,1,12.46116,41.81474,True,z,,,
2632010,20,2015-12-23T09:35:00,Regionale entro l'abitato,in corrispondenza,VIA CASSIA,,Scontro frontale-laterale SX fra veicoli in marcia,Rettilineo,Una carreggiata a doppio senso,Asciutto,Asfaltata,Verticale ed orizzontale,Sereno,Intenso,Buona,Ore Diurne,1,0,0,1,,,False,z,del palo luce n.,,300
2632212,2,2015-12-23T09:40:00,Strada Urbana,all'intersezione con,VIALE GIOACCHINO ROSSINI,,Ribaltamento senza urto contro ostacolo fisso,Incrocio,Una carreggiata a senso unico di marcia,Asciutto,Asfaltata,Verticale ed orizzontale,Sereno,Normale,Buona,Ore Diurne,0,0,0,2,12.49235,41.92158,False,z,VIA GUIDO D'AREZZO,VIA GUIDO D'AREZZO,
2636745,23,2015-12-23T09:40:00,,all'intersezione semaforizzata con,LUNGOTEVERE DEI VALLATI,,Infortunio per sola frenata improvvisa,,,,,,,,,,1,0,0,0,,,False,z,PONTE SISTO,PONTE SISTO,
2645400,18,2015-12-23T09:45:00,Strada Urbana,da specificare,VIA DI BOCCEA,in prossimitíæ con Via del Quartaccio,Scontro laterale fra veicoli in marcia,Rettilineo,Una carreggiata a senso unico di marcia,Asciutto,Asfaltata,Verticale ed orizzontale,Sereno,Normale,Buona,Ore Diurne,0,0,0,2,12.3869,41.91435,True,z,,,
2632933,1,2015-12-23T09:45:00,Strada Urbana,in corrispondenza,VIALE MARCO POLO,,Veicolo in marcia contro ostacolo accidentale,Rettilineo,Pií_ di due carreggiate,Asciutto,Con buche,Verticale ed orizzontale,Sereno,Scarso,Buona,Ore Diurne,0,0,0,1,12.49113,41.872,False,z,del civico n.,,110
2632114,4,2015-12-23T10:15:00,,in corrispondenza,VIA NOMENTANA,,Scontro laterale fra veicoli in marcia,,,,,,,,,,0,0,0,3,,,False,z,del civico n.,,579
2632164,4,2015-12-23T10:25:00,,da specificare,VIA FRANCO FABRIZI,altezza via bragaglia,Tamponamento,,,,,,,,,,0,0,0,2,,,False,z,,,
2632230,17,2015-12-23T10:30:00,Strada Urbana,all'intersezione con,VIA MUZIO CLEMENTI,,Scontro frontale-laterale SX fra veicoli in marcia,Incrocio,Una carreggiata a senso unico di marcia,Asciutto,In cubetti di porfido,Verticale ed orizzontale,Sereno,Normale,Buona,Ore Diurne,0,0,0,2,12.47204,41.90583,False,z,VIA MARIANNA DIONIGI,VIA MARIANNA DIONIGI,
2374810,16,2015-12-23T10:40:00,,in corrispondenza,VIA EDOARDO JENNER,,Scontro frontale-laterale SX fra veicoli in marcia,,,,,,,,,,0,0,0,1,12.44574,41.87462,False,z,del civico n.,,6
2632432,3,2015-12-23T11:00:00,Strada Urbana,da specificare,VIA TIBURTINA,ALTEZZA FRONTE CIVICO 261,Tamponamento Multiplo,Rettilineo,Pií_ di due carreggiate,Asciutto,Asfaltata,Verticale,Sereno,Normale,Buona,Ore Diurne,0,0,0,3,12.52361,41.90725,False,z,,,
2631679,16,2015-12-23T11:00:00,,in corrispondenza,VIA ANTON GIULIO BARRILI,,Tamponamento,,,,,,,,,,0,0,0,3,,,False,z,del civico n.,,16
2635116,12,2015-12-23T11:00:00,Regionale,in prossimitíæ,VIA PONTINA,,Tamponamento Multiplo,Rettilineo,Due carreggiate,Asciutto,Asfaltata,Verticale ed orizzontale,Sereno,Normale,Buona,Ore Diurne,0,0,0,4,12.45106,41.79235,False,z,della chilometrica,,17
2632031,8,2015-12-23T11:20:00,,in prossimitíæ,VIA DI TORRENOVA,,Veicolo in marcia contro ostacolo accidentale,,,,,,,,,,0,0,0,1,,,False,z,del civico n.,,687
2632064,10,2015-12-23T11:30:00,,all'intersezione con,VIA LEMONIA,,Ribaltamento senza urto contro ostacolo fisso,,,,,,,,,,1,0,0,1,12.55755,41.85364,False,z,VIA LUCIO ELIO SEIANO,VIA LUCIO ELIO SEIANO,
2632243,17,2015-12-23T11:40:00,Strada Urbana,all'intersezione semaforizzata con,VIALE ANGELICO,,Ribaltamento senza urto contro ostacolo fisso,Intersezione semaforizzata,Una carreggiata a senso unico di marcia,Asciutto,Asfaltata,Verticale ed orizzontale,Sereno,Normale,Buona,Ore Diurne,1,0,0,0,12.45801,41.91136,False,z,VIALE DELLE MILIZIE,VIALE DELLE MILIZIE,
2632216,17,2015-12-23T11:40:00,Strada Urbana,all'intersezione semaforizzata con,VIALE DELLE MILIZIE,,Scontro frontale-laterale DX fra veicoli in marcia,Incrocio,Pií_ di due carreggiate,Asciutto,Asfaltata,Verticale ed orizzontale,Sereno,Normale,Buona,Ore Diurne,1,0,0,1,12.46316,41.91232,False,z,VIA DAMIATA,VIA DAMIATA,
2631319,10,2015-12-23T12:25:00,Strada Urbana,in prossimitíæ,VIALE MARCO FULVIO NOBILIORE,,Tamponamento,Rettilineo,Due carreggiate,Asciutto,Asfaltata,Assente,Sereno,Normale,Buona,Ore Diurne,2,0,0,0,,,False,z,del civico n.,,38
2631986,5,2015-12-23T12:30:00,Strada Urbana,da specificare,VIA BELMONTE IN SABINA,altezza VIA FONDI DI MONASTERO,Tamponamento,Rettilineo,Due carreggiate,Asciutto,Asfaltata,Verticale ed orizzontale,Sereno,Normale,Buona,Ore Diurne,1,0,0,1,12.60101,41.95235,False,z,,,
2631970,7,2015-12-23T12:30:00,,in corrispondenza,VIA DI TOR SAPIENZA,,Investimento di pedone,,,,,,,,,,2,0,0,1,,,False,z,del civico n.,,2
2631548,15,2015-12-23T12:30:00,Comunale extraurbana,all'intersezione con,VIA PORTUENSE,,Veicoli in marcia contro veicolo fermo,Incrocio,Una carreggiata a doppio senso,Asciutto,Asfaltata,Verticale ed orizzontale,Sereno,Normale,Buona,Ore Diurne,0,0,0,4,12.46737,41.87632,False,z,VIA DELLA MURATELLA,VIA DELLA MURATELLA,
2632946,1,2015-12-23T12:40:00,Strada Urbana,in prossimitíæ,VIA DELLA GRECA,,Scontro laterale fra veicoli in marcia,Rettilineo,Una carreggiata a doppio senso,Asciutto,Asfaltata,Verticale ed orizzontale,Sereno,Normale,Buona,Ore Diurne,0,0,0,5,,,False,z,del civico n.,,11
2632061,19,2015-12-23T12:50:00,Strada Urbana,all'intersezione con,VIA TRIONFALE,,Scontro laterale fra veicoli in marcia,Incrocio,Una carreggiata a doppio senso,Asciutto,Asfaltata,Verticale ed orizzontale,Sereno,Intenso,Buona,Ore Diurne,1,0,0,2,12.42296,41.94088,True,z,VIA MARIO FANI,VIA MARIO FANI,
2632048,20,2015-12-23T12:50:00,Strada Urbana,all'intersezione con,VIALE ANTONINO DI SAN GIULIANO,,Scontro laterale fra veicoli in marcia,Incrocio,Due carreggiate,Asciutto,Asfaltata,Verticale ed orizzontale,Sereno,Normale,Buona,Ore Diurne,0,0,0,3,,,False,z,LARGO BRATISLAVA,LARGO BRATISLAVA,
2645124,18,2015-12-23T13:00:00,Strada Urbana,da specificare,VIA GREGORIO XI,300 mt. c.a. prima della rampa immissione Aurelia,Scontro laterale fra veicoli in marcia,Rettilineo,Una carreggiata a senso unico di marcia,Asciutto,Asfaltata,Verticale ed orizzontale,Sereno,Normale,Buona,Ore Diurne,0,0,0,4,12.39348,41.88526,False,z,,,
2631242,6,2015-12-23T13:05:00,Strada Urbana,da specificare,VIA DI PORTONACCIO,altezza palo Acea 117,Tamponamento,Rettilineo,Due carreggiate,Asciutto,Asfaltata,Orizzontale,Sereno,Normale,Buona,Ore Diurne,0,0,0,3,,,False,z,,,
2632972,1,2015-12-23T13:15:00,Strada Urbana,in corrispondenza,LARGO DELLA SANITA' MILITARE,,Scontro frontale-laterale SX fra veicoli in marcia,Rettilineo,Una carreggiata a doppio senso,Asciutto,Asfaltata,Verticale ed orizzontale,Sereno,Scarso,Buona,Ore Diurne,0,0,0,3,,,False,z,del civico n.,,54
2631407,9,2015-12-23T13:30:00,,in prossimitíæ,VIA APPIA NUOVA,,Tamponamento,,,,,,,,,,2,0,0,1,,,False,z,del civico n.,,587-a-589
2632050,13,2015-12-23T13:35:00,Strada Urbana,in corrispondenza,VIALE ALFREDO ZAMBRINI,,Scontro frontale-laterale DX fra veicoli in marcia,Rettilineo,Due carreggiate,Asciutto,Asfaltata,Verticale ed orizzontale,Sereno,Scarso,Buona,Ore Diurne,0,0,0,3,12.2671,41.73714,False,z,del civico n.,,42
2631975,8,2015-12-23T13:50:00,,da specificare,VIA DI TOR BELLA MONACA,altezza svincolo Via di Torrenova,Tamponamento,,,,,,,,,,1,0,0,0,,,False,z,,,
2632063,13,2015-12-23T13:50:00,Strada Urbana,all'intersezione con,VIA FRANCO GENTILINI,,Scontro frontale-laterale SX fra veicoli in marcia,Incrocio,Una carreggiata a doppio senso,Asciutto,Asfaltata,Verticale,Sereno,Normale,Buona,Ore Diurne,1,0,0,1,12.36094,41.77133,False,z,VIA DOMENICO PURIFICATO,VIA DOMENICO PURIFICATO,
2632069,4,2015-12-23T14:00:00,,da specificare,VIA DELLA BUFALOTTA,altezza lotto 10 a,Scontro laterale fra veicoli in marcia,,,,,,,,,,0,0,0,4,,,False,z,,,
2631582,18,2015-12-23T14:00:00,Strada Urbana,in corrispondenza,VIA AURELIA,,Tamponamento Multiplo,Rettilineo,Due carreggiate,Asciutto,Asfaltata,Verticale ed orizzontale,Sereno,Normale,Buona,Ore Diurne,1,0,0,3,12.40892,41.88937,True,z,del civico n.,,796
2631261,1,2015-12-23T14:00:00,Strada Urbana,all'intersezione semaforizzata con,LUNGOTEVERE DE' CENCI,,Tamponamento,Intersezione semaforizzata,Una carreggiata a senso unico di marcia,Asciutto,Asfaltata,Verticale ed orizzontale,Sereno,Normale,Buona,Ore Diurne,1,0,0,1,12.47498,41.89187,False,z,PONTE GARIBALDI,PONTE GARIBALDI,
2632007,11,2015-12-23T14:10:00,,in corrispondenza,VIALE DEL PATTINAGGIO,,Scontro laterale fra veicoli in marcia,,,,,,,,,,1,0,0,2,,,False,z,del civico n.,,102
2658919,4,2015-12-23T14:15:00,Strada Urbana,in corrispondenza,VIA DELLA BUFALOTTA,,Scontro laterale fra veicoli in marcia,Rettilineo,Una carreggiata a doppio senso,Asciutto,Asfaltata,Assente,Sereno,Scarso,Buona,Ore Diurne,0,0,0,4,,,False,z,del civico n.,,1297
2631615,6,2015-12-23T14:30:00,Strada Urbana,all'intersezione con,VIA DELLA MARRANELLA,,Scontro frontale-laterale DX fra veicoli in marcia,Intersezione stradale segnalata,Una carreggiata a senso unico di marcia,Asciutto,Asfaltata,Verticale,Sereno,Normale,Buona,Ore Diurne,0,0,0,3,12.54221,41.88555,False,z,VIA BARTOLOMEO PERESTRELLO,VIA BARTOLOMEO PERESTRELLO,
2632083,19,2015-12-23T14:30:00,Strada Urbana,all'intersezione con,VIA VALLEBONA,,Investimento di pedone,Incrocio,Una carreggiata a doppio senso,Asciutto,Asfaltata,Orizzontale,Sereno,Normale,Buona,Ore Diurne,1,0,0,1,12.4199,41.93236,False,z,VIA DI TORREVECCHIA,VIA DI TORREVECCHIA,
2631683,16,2015-12-23T14:40:00,Strada Urbana,in corrispondenza,VIA DEL CASALETTO,,Tamponamento,Rettilineo,Una carreggiata a doppio senso,Asciutto,Asfaltata,Verticale ed orizzontale,Sereno,Normale,Buona,Ore Diurne,0,0,0,4,12.43877,41.86854,True,z,del civico n.,,269
2631958,8,2015-12-23T14:50:00,Strada Urbana,in corrispondenza,VIA RAOUL CHIODELLI,,Scontro laterale fra veicoli in marcia,Rettilineo,Una carreggiata a senso unico di marcia,Asciutto,Asfaltata,Verticale ed orizzontale,Sereno,Scarso,Buona,Ore Diurne,0,0,0,2,12.66216,41.90646,False,z,del palo luce n.,,16
2632595,16,2015-12-23T15:00:00,,in prossimitíæ,VIA FONTEIANA,,Scontro laterale fra veicoli in marcia,,,,,,,,,,0,0,0,3,,,False,z,del civico n.,,168
2632967,1,2015-12-23T15:15:00,Strada Urbana,in prossimitíæ,VIA LABICANA,,Scontro laterale fra veicoli in marcia,Rettilineo,Pií_ di due carreggiate,Asciutto,Asfaltata,Verticale ed orizzontale,Sereno,Intenso,Buona,Ore Diurne,0,0,0,2,,,False,z,del civico n.,,9
2632917,1,2015-12-23T15:55:00,Strada Urbana,da specificare,VIA QUATTRO NOVEMBRE,in prossimitíæ intersezione VIA NAZIONALE,Veicolo in marcia contro ostacolo accidentale,Rotatoria,Una carreggiata a senso unico di marcia,Viscido da liquidi oleosi,In cubetti di porfido,Verticale ed orizzontale,Sereno,Normale,Buona,Ore Diurne,0,0,0,1,,,False,z,,,
2632040,7,2015-12-23T16:00:00,Strada Urbana,all'intersezione con,VIA DI TOR CERVARA,,Scontro frontale-laterale DX fra veicoli in marcia,Incrocio,Una carreggiata a doppio senso,Asciutto,Asfaltata,Verticale ed orizzontale,Sereno,Normale,Buona,Ore Diurne,0,0,0,2,12.58877,41.9077,False,z,VIA SALVIATI,VIA SALVIATI,
2631967,13,2015-12-23T16:15:00,Strada Urbana,da specificare,VIA ISOLE DEL CAPO VERDE,PROSS. VIA CARLO M. DI MORIONDO,Veicolo in marcia contro veicoli in sosta,Rettilineo,Due carreggiate,Asciutto,Asfaltata,Orizzontale,Sereno,Normale,Buona,Sufficiente,0,0,0,2,12.27516,41.7384,False,z,,,
2631993,8,2015-12-23T16:30:00,,in corrispondenza,VIA DI SALONE,,Tamponamento,,,,,,,,,,0,0,0,2,,,False,z,del civico n.,,305
2634970,12,2015-12-23T16:30:00,,in prossimitíæ,VIA CRISTOFORO COLOMBO,,Tamponamento Multiplo,,,,,,,,,,0,0,0,5,12.44704,41.80373,False,z,della chilometrica,,10.7
2632028,11,2015-12-23T16:30:00,Strada Urbana,all'intersezione con,VIA ARDEATINA,,Scontro frontale fra veicoli in marcia,Incrocio,Una carreggiata a doppio senso,Asciutto,Asfaltata,Verticale ed orizzontale,Sereno,Normale,Buona,Ore Diurne,0,0,0,2,12.52822,41.80219,True,z,VIA ANTONIO CARRUCCIO,VIA ANTONIO CARRUCCIO,