_ID,_Gruppo,_DataOraIncidente,_Localizzazione1,_Localizzazione2,_Strada1,_DaSpecificare,_NaturaIncidente,_ParticolaritaStrade,_TipoStrada,_FondoStradale,_Pavimentazione,_Segnaletica,_CondizioneAtmosferica,_Traffico,_Visibilita,_Illuminazione,_NUM_FERITI,_NUM_RISERVATA,_NUM_MORTI,_NUM_ILLESI,_Longitudine,_Latitudine,_CONFERMATO,__prefix,_Strada02,_Strada2,_Chilometrica
2642748,23,03/01/2016T07:10:00,Comunale extraurbana,in corrispondenza,della chilometrica,VIA CRISTOFORO COLOMBO,,15.2,,Veicolo in marcia contro ostacolo fisso,Rettilineo,Pi� di due carreggiate,Bagnato (umidit� in atto),Asfaltata,Verticale ed orizzontale,Sereno,Scarso,Buona,Ore Diurne,0,0,0,1,"12,42497","41,78812",False
2641484,20,03/01/2016T09:00:00,Strada Urbana,in prossimit�,del palo luce n.,VIA DEI DUE PONTI,,spn9,,Veicolo in marcia contro ostacolo fisso,Rettilineo,Una carreggiata a doppio senso,Bagnato (umidit� in atto),Asfaltata,Assente,Sereno,Scarso,Buona,Ore Diurne,1,0,0,0,,,False
2641754,16,03/01/2016T09:30:00,Strada Urbana,all'intersezione con,VIA MATTIA MONTECCHI,VIALE DI TRASTEVERE,VIA MATTIA MONTECCHI,,,Tamponamento,Incrocio,Pi� di due carreggiate,Asciutto,Asfaltata,Assente,Sereno,Normale,Buona,Ore Diurne,0,0,0,3,"12,46776","41,88147",True
2641786,12,03/01/2016T09:45:00,Statale,in prossimit�,della chilometrica,VIA PONTINA,,25.7,,Veicolo in marcia contro ostacolo fisso,Curva a visuale libera,Una carreggiata a doppio senso,Bagnato (pioggia),Asfaltata,Verticale ed orizzontale,Pioggia in atto,Scarso,Buona,Ore Diurne,1,0,0,0,"12,45106","41,79235",False
2641421,15,03/01/2016T09:45:00,Strada Urbana,in corrispondenza,del civico n.,VIA PIETRO FRATTINI,,42,,Investimento di pedone,Curva a visuale libera,Due carreggiate,Bagnato (pioggia),Asfaltata,Verticale ed orizzontale,Nuvoloso,Normale,Buona,Ore Diurne,0,0,0,2,"12,44708","41,85458",True
2641802,12,03/01/2016T09:50:00,Provinciale,in prossimit�,della chilometrica,VIA PONTINA,,26,,Investimento di pedone,Curva senza visuale libera,Due carreggiate,Bagnato (umidit� in atto),Asfaltata,Verticale ed orizzontale,Nuvoloso,Normale,Buona,Ore Diurne,1,0,0,4,"12,45106","41,79235",False
2641486,20,03/01/2016T09:55:00,Strada Urbana,da specificare,,VIALE DI TOR DI QUINTO,,,prossimit� via F. Caprilli,Veicolo in marcia contro ostacolo fisso,Curva a visuale libera,Due carreggiate,Bagnato (pioggia),Asfaltata,Verticale ed orizzontale,Sereno,Normale,Buona,Ore Diurne,0,0,0,5,"12,47847","41,94471",True
2642707,17,03/01/2016T10:15:00,,all'intersezione con,VIA PAOLO EMILIO,VIA GERMANICO,VIA PAOLO EMILIO,,,Scontro frontale/laterale SX fra veicoli in marcia,,,,,,,,,,5,0,0,1,"12,46335","41,9091",False
2641397,11,03/01/2016T10:45:00,Strada Urbana,in prossimit�,del palo luce n.,LUNGOTEVERE DI S. PAOLO,,19,,Veicolo in marcia contro ostacolo accidentale,Rettilineo,Due carreggiate,Asciutto,Asfaltata,Verticale ed orizzontale,Sereno,Normale,Sufficiente,Ore Diurne,0,0,0,3,"12,4751","41,86018",True
2642139,11,03/01/2016T11:00:00,Strada Urbana,in corrispondenza,del civico n.,VIALE DEL CAMPO BOARIO,,56,,Veicolo in marcia contro veicoli in sosta,Rettilineo,Una carreggiata a doppio senso,Asciutto,Asfaltata,Verticale ed orizzontale,Sereno,Scarso,Buona,Ore Diurne,0,0,0,1,"12,47709","41,87406",True
2641459,6,03/01/2016T11:10:00,Strada Urbana,da specificare,,VIA PRENESTINA,,,f.c. 414 (sede tram),Investimento di pedone,Rettilineo,Due carreggiate,Bagnato (umidit� in atto),Asfaltata,Verticale ed orizzontale,Sereno,Scarso,Buona,Ore Diurne,1,0,0,1,"12,56396","41,8948",False
2641682,19,03/01/2016T11:45:00,Strada Urbana,in prossimit�,del civico n.,VIA LATTANZIO,,22,,Veicolo in marcia contro veicoli in sosta,Rettilineo,Una carreggiata a doppio senso,Viscido da liquidi oleosi,Asfaltata,Assente,Sereno,Normale,Buona,Ore Diurne,0,0,0,2,"12,44132","41,91245",True
2641425,7,03/01/2016T12:20:00,,in prossimit�,del civico n.,VIALE PALMIRO TOGLIATTI,,993,,Tamponamento,,,,,,,,,,1,0,0,3,,,False
2641457,8,03/01/2016T14:40:00,,in corrispondenza,del civico n.,VIA CASILINA,,1754,,Scontro frontale/laterale SX fra veicoli in marcia,,,,,,,,,,1,0,0,1,,,False
2641399,13,03/01/2016T15:15:00,Strada Urbana,da specificare,,VIALE ALESSANDRO MAGNO,,,pross. civ. 323,Scontro frontale/laterale SX fra veicoli in marcia,Rettilineo,Due carreggiate,Asciutto,Asfaltata,Verticale ed orizzontale,Nuvoloso,Scarso,Buona,Ore Diurne,0,0,0,4,"12,34882","41,74566",True
2642793,2,03/01/2016T15:45:00,Strada Urbana,all'intersezione con,PIAZZA APOLLODORO,VIA FLAMINIA,PIAZZA APOLLODORO,,,Veicolo in marcia contro ostacolo fisso,Incrocio,Pi� di due carreggiate,Asciutto,Asfaltata,Verticale ed orizzontale,Sereno,Scarso,Buona,Ore Diurne,0,0,0,1,"12,46913","41,9286",True
2641545,5,03/01/2016T16:00:00,Strada Urbana,all'intersezione semaforizzata con,VIA DEI DURANTINI,VIA DEI MONTI TIBURTINI,VIA DEI DURANTINI,,,Scontro frontale/laterale SX fra veicoli in marcia,Intersezione semaforizzata,Due carreggiate,Bagnato (umidit� in atto),Asfaltata,Verticale ed orizzontale,Nuvoloso,Normale,Sufficiente,Sufficiente,3,0,0,4,"12,54302","41,91723",True
2641939,16,03/01/2016T16:30:00,Strada Urbana,all'intersezione con,VIA DI MONTE VERDE,LARGO ALESSANDRINA RAVIZZA,VIA DI MONTE VERDE,,,Scontro frontale/laterale SX fra veicoli in marcia,Intersezione non regolata/non segnalata,Una carreggiata a senso unico di marcia,Asciutto,Asfaltata,Orizzontale,Sereno,Scarso,Sufficiente,Ore Diurne,0,0,0,2,"12,45113","41,87134",True
2641560,5,03/01/2016T16:50:00,Strada Urbana,da specificare,,VIA FERONIA,,,altezza via Casale Fainelli,Veicolo in marcia contro ostacolo accidentale,Rettilineo,Una carreggiata a senso unico di marcia,Bagnato (pioggia),Asfaltata,Assente,Nuvoloso,Scarso,Buona,Ore Diurne,0,0,0,2,"12,54863","41,91746",True
2641243,13,03/01/2016T17:00:00,Strada Urbana,all'intersezione con,VIA DELLA SALVIA,VIA DELLA VERBENA,VIA DELLA SALVIA,,,Scontro frontale/laterale DX fra veicoli in marcia,Incrocio,Una carreggiata a senso unico di marcia,Asciutto,Asfaltata,Verticale ed orizzontale,Sereno,Normale,Sufficiente,Sufficiente,0,0,0,3,"12,36069","41,78643",True
2641479,10,03/01/2016T18:00:00,Strada Urbana,da specificare,,VIALE LUIGI SCHIAVONETTI,,,fronte palo acea 121,Scontro laterale fra veicoli in marcia,Rettilineo,Una carreggiata a senso unico di marcia,Asciutto,Asfaltata,Orizzontale,Sereno,Normale,Buona,Sufficiente,0,0,0,3,"12,61642","41,84566",True
2641495,10,03/01/2016T18:30:00,Strada Urbana,in prossimit�,del civico n.,PIAZZA QUINTO CURZIO,,14,,Investimento di pedone,Rotatoria,Una carreggiata a senso unico di marcia,Asciutto,Asfaltata,Verticale ed orizzontale,Sereno,Normale,Buona,Sufficiente,1,0,0,2,"12,56873","41,85552",True
2641649,19,03/01/2016T18:40:00,Strada Urbana,in prossimit�,del civico n.,VIA DELLA PINETA SACCHETTI,,215,,Tamponamento Multiplo,Rettilineo,Una carreggiata a senso unico di marcia,Asciutto,Asfaltata,Temporanea di cantiere,Sereno,Normale,Buona,Sufficiente,0,0,0,3,"12,42711","41,92908",True
2641499,10,03/01/2016T19:15:00,Strada Urbana,in prossimit�,del civico n.,VIA RAFFAELE DE CESARE,,74,,Scontro laterale fra veicoli in marcia,Rettilineo,Una carreggiata a senso unico di marcia,Asciutto,Asfaltata,Verticale ed orizzontale,Sereno,Normale,Buona,Sufficiente,0,0,0,3,"12,52008","41,87183",True
2641460,8,03/01/2016T19:15:00,Strada Urbana,da specificare,,VIALE DUILIO CAMBELLOTTI,,,altzza Centro Commerciale Le Torri,Veicolo in marcia contro ostacolo accidentale,Rettilineo,Due carreggiate,Asciutto,,,,,,,0,0,0,1,,,False
2641474,8,03/01/2016T19:20:00,Statale entro l'abitato,da specificare,,VIA CASILINA,,,50 mt dopo V. E. Breda dir.ne fuori RM,Veicolo in marcia contro ostacolo accidentale,Rettilineo,Due carreggiate,Asciutto,Asfaltata,Verticale ed orizzontale,Nuvoloso,Normale,Insufficiente,Sufficiente,0,0,0,1,,,False
2641445,20,03/01/2016T20:10:00,Strada Urbana,da specificare,,VIA TORBOLE,,,prossimit� Via della Mendola,Veicolo in marcia contro veicoli in sosta,Rettilineo,Una carreggiata a senso unico di marcia,Asciutto,Asfaltata,Verticale,Sereno,Scarso,Sufficiente,Sufficiente,0,0,0,1,,,False
2641476,8,03/01/2016T20:15:00,Strada Urbana,all'intersezione con,VIA DI TORRE SPACCATA,VIALE DI TORRE MAURA,VIA DI TORRE SPACCATA,,,Scontro frontale/laterale DX fra veicoli in marcia,Intersezione semaforizzata,Due carreggiate,Asciutto,Asfaltata,Verticale ed orizzontale,Sereno,Scarso,Sufficiente,Sufficiente,0,0,0,2,"12,58657","41,86526",True
2641849,18,03/01/2016T20:35:00,Strada Urbana,all'intersezione con,VIA CALISTO II,VIA DELLA PINETA SACCHETTI,VIA CALISTO II,,,Tamponamento Multiplo,Intersezione stradale segnalata,Una carreggiata a doppio senso,Asciutto,Asfaltata,Verticale ed orizzontale,Sereno,Scarso,Buona,Sufficiente,0,0,0,4,"12,424","41,91104",True
2641778,1,03/01/2016T21:00:00,Strada Urbana,all'intersezione semaforizzata con,VIA STATILIA,VIA DI S. CROCE IN GERUSALEMME,VIA STATILIA,,,Scontro frontale/laterale SX fra veicoli in marcia,Intersezione semaforizzata,Una carreggiata a doppio senso,Asciutto,Asfaltata,Verticale ed orizzontale,Sereno,Normale,Buona,Sufficiente,0,0,0,3,"12,51178","41,89045",True
2641636,19,03/01/2016T21:10:00,Strada Urbana,in prossimit�,del civico n.,VIA MATTIA BATTISTINI,,580,,Scontro frontale/laterale SX fra veicoli in marcia,Rettilineo,Una carreggiata a doppio senso,Asciutto,Asfaltata,Orizzontale,Sereno,Scarso,Buona,Sufficiente,0,0,0,4,"12,42031","41,92177",True
2641571,5,03/01/2016T22:15:00,Strada Urbana,all'intersezione semaforizzata con,VIA DEL CASALE DI S. BASILIO,VIA TIBURTINA,VIA DEL CASALE DI S. BASILIO,,,Veicolo in marcia contro ostacolo fisso,Incrocio,Due carreggiate,Asciutto,Asfaltata,Verticale ed orizzontale,Sereno,Normale,Sufficiente,Insufficiente,0,0,0,1,"12,58464","41,93265",True
2641764,7,03/01/2016T22:30:00,Strada Urbana,in corrispondenza,del civico n.,VIA PRENESTINA,,222f,,Veicolo in marcia contro veicolo in sosta,Rettilineo,Due carreggiate,Asciutto,Asfaltata,Verticale ed orizzontale,Sereno,Normale,Buona,Sufficiente,0,0,0,3,"12,53829","41,8923",True
2642636,16,04/01/2016T01:00:00,Strada Urbana,in prossimit�,del civico n.,VIA ROBERTO ALESSANDRI,,73,,Veicolo in marcia contro veicoli in sosta,Rettilineo,Una carreggiata a senso unico di marcia,Asciutto,Asfaltata,Verticale ed orizzontale,Sereno,Scarso,Buona,Sufficiente,0,0,0,1,"12,44083","41,86767",True
2641744,19,04/01/2016T01:20:00,Strada Urbana,in prossimit�,del civico n.,VIA MATTIA BATTISTINI,,504,,Veicolo in marcia contro veicoli in sosta,Rettilineo,Una carreggiata a doppio senso,Asciutto,Asfaltata,Orizzontale,Nuvoloso,Scarso,Sufficiente,Sufficiente,1,0,0,0,"12,41937","41,92035",True
2641452,7,04/01/2016T01:20:00,Strada Urbana,all'intersezione con,VIA DI TORRE SPACCATA,VIA CASILINA,VIA DI TORRE SPACCATA,,,Scontro frontale/laterale SX fra veicoli in marcia,Incrocio,Due carreggiate,Asciutto,Asfaltata,Orizzontale,Sereno,Scarso,Buona,Sufficiente,0,1,0,1,"12,58736","41,86846",True
2641575,5,04/01/2016T02:00:00,Strada Urbana,in corrispondenza,del civico n.,PIAZZA CASALMAGGIORE,,15,,Veicolo in marcia contro veicoli in sosta,Rettilineo,Una carreggiata a senso unico di marcia,Asciutto,Asfaltata,Verticale ed orizzontale,Sereno,Scarso,Sufficiente,Sufficiente,0,0,0,2,"12,51727","41,8837",True
2642597,1,04/01/2016T03:30:00,Strada Urbana,in prossimit�,del civico n.,PIAZZA GANDHI,,3,,Veicolo in marcia contro veicoli in sosta,Rettilineo,Una carreggiata a doppio senso,Bagnato (pioggia),Asfaltata,Orizzontale,Pioggia in atto,Scarso,Sufficiente,Sufficiente,3,0,0,0,,,False
2641687,2,04/01/2016T06:00:00,Strada Urbana,da specificare,,SOTTOVIA IGNAZIO GUIDI,,,rampa per Via Nomentana,Veicolo in marcia contro ostacolo fisso,Curva senza visuale libera,Una carreggiata a senso unico di marcia,Asciutto,Asfaltata,Verticale ed orizzontale,Nuvoloso,Scarso,Sufficiente,Sufficiente,0,0,0,0,"12,49049","41,91001",True
2642547,19,04/01/2016T06:30:00,Strada Urbana,da specificare,,VIA S. GIUSEPPE DA COPERTINO,,,snc-alt. cavalcavia ove esiste cartello luminoso,Veicolo in marcia contro ostacolo fisso,Curva a visuale libera,Una carreggiata a senso unico di marcia,Bagnato (umidit� in atto),Asfaltata,Verticale ed orizzontale,Nuvoloso,Normale,Buona,Ore Diurne,0,0,0,1,"12,40376","41,97606",True
2642012,10,04/01/2016T06:40:00,,in prossimit�,del civico n.,VIA APPIA PIGNATELLI,,407,,Investimento di pedone,,,,,,,,,,0,1,0,1,"12,54863","41,83781",False
2641665,12,04/01/2016T07:25:00,Strada Urbana,da specificare,,VIALE PECHINO,,,altezza Parco Matteo Di Fazio,Veicolo in marcia contro ostacolo accidentale,Curva a visuale libera,Due carreggiate,Bagnato (pioggia),Asfaltata,Verticale ed orizzontale,Pioggia in atto,Normale,Buona,Ore Diurne,0,0,0,1,"12,43628","41,8058",True
2642163,19,04/01/2016T07:35:00,Strada Urbana,in prossimit�,della chilometrica,GALLERIA GIOVANNI XXIII,,1.5,,Fuoriuscita dalla sede stradale,Galleria illuminata,Una carreggiata a senso unico di marcia,Bagnato (umidit� in atto),Asfaltata,Verticale ed orizzontale,Pioggia in atto,Normale,Buona,Ore Diurne,1,0,0,1,"12,44462","41,94111",True
2652021,18,04/01/2016T07:50:00,Strada Urbana,da specificare,,VIA RISERVA DELLA TORRETTA,,,s.n.c.,Veicolo in marcia contro ostacolo fisso,Curva senza visuale libera,Una carreggiata a doppio senso,Bagnato (pioggia),Asfaltata,Orizzontale,Pioggia in atto,Normale,Sufficiente,Ore Diurne,0,0,0,1,"12,38886","41,88823",True
2641620,20,04/01/2016T08:30:00,Strada Urbana,da specificare,,VIA FORNACE VIGNOLO,,,alt. via Guido Grandi,Scontro laterale fra veicoli in marcia,Curva a visuale libera,Una carreggiata a doppio senso,Bagnato (pioggia),Asfaltata,Orizzontale,Pioggia in atto,Normale,Sufficiente,Ore Diurne,1,0,0,2,,,False
2642592,12,04/01/2016T09:00:00,Strada Urbana,da specificare,,VIA CRISTOFORO COLOMBO,,,200 mt prima di Largo Pella direz. fuori Roma,Scontro laterale fra veicoli in marcia,Rettilineo,Due carreggiate,Bagnato (pioggia),Asfaltata,Verticale ed orizzontale,Pioggia in atto,Normale,Buona,Ore Diurne,0,0,0,2,"12,46936","41,83009",True
2642168,19,04/01/2016T09:15:00,Strada Urbana,da specificare,,VIA VITTORIO MONTIGLIO,,,prima curva ascendere,Scontro frontale/laterale SX fra veicoli in marcia,Curva senza visuale libera,Una carreggiata a doppio senso,Bagnato (pioggia),Asfaltata,Verticale ed orizzontale,Pioggia in atto,Normale,Buona,Ore Diurne,1,0,0,1,"12,42944","41,92351",True
2642549,11,04/01/2016T09:40:00,Strada Urbana,in prossimit�,del civico n.,VIALE GIUSTINIANO IMPERATORE,,189,,Scontro laterale fra veicoli in marcia,Rettilineo,Due carreggiate,Bagnato (pioggia),Asfaltata,Orizzontale,Pioggia in atto,Normale,Buona,Ore Diurne,0,0,0,2,"12,48684","41,85547",True
2642448,10,04/01/2016T09:40:00,Strada Urbana,da specificare,,VIA WALTER PROCACCINI,,,rotatoria con via B. Rizzieri,Scontro frontale/laterale DX fra veicoli in marcia,Rotatoria,Una carreggiata a senso unico di marcia,Asciutto,Asfaltata,Verticale,Sereno,Normale,Buona,Ore Diurne,0,0,0,3,"12,58304","41,85187",True
2641848,7,04/01/2016T09:40:00,Strada Urbana,in prossimit�,del civico n.,VIA GIACOMO BRESADOLA,,80,,Investimento di pedone,Rettilineo,Una carreggiata a doppio senso,Bagnato (umidit� in atto),Asfaltata,Orizzontale,Pioggia in atto,Normale,Buona,Ore Diurne,1,0,0,1,"12,56168","41,89202",True
2642460,10,04/01/2016T09:50:00,Strada Urbana,da specificare,,VIA TUSCOLANA,,,DIREZ. ROMA CENNTRO ALT. SOTTOPASSO GRA,Scontro laterale fra veicoli in marcia,Curva a visuale libera,Una carreggiata a senso unico di marcia,Bagnato (pioggia),Asfaltata,Orizzontale,Pioggia in atto,Normale,Buona,Ore Diurne,0,0,0,3,"12,59329","41,83973",True
2641798,7,04/01/2016T10:00:00,Strada Urbana,in prossimit�,del civico n.,VIALE ALESSANDRINO,,269,,Investimento di pedone,Rettilineo,Una carreggiata a doppio senso,Bagnato (pioggia),Asfaltata,Orizzontale,Nuvoloso,Normale,Buona,Ore Diurne,1,0,0,3,"12,57879","41,87621",True
2642526,20,04/01/2016T10:05:00,Strada Urbana,in corrispondenza,del civico n.,VIALE CORTINA D'AMPEZZO,,112,,Scontro frontale fra veicoli in marcia,Curva senza visuale libera,Una carreggiata a doppio senso,Bagnato (pioggia),Asfaltata,Orizzontale,Pioggia in atto,Normale,Sufficiente,Ore Diurne,2,0,0,0,,,False
2642479,10,04/01/2016T10:10:00,Strada Urbana,all'intersezione con,VIA CARLO FADDA,VIA FILOMUSI GUELFI,VIA CARLO FADDA,,,Scontro frontale/laterale DX fra veicoli in marcia,Incrocio,Una carreggiata a senso unico di marcia,Bagnato (pioggia),Asfaltata,Verticale ed orizzontale,Pioggia in atto,Normale,Buona,Ore Diurne,1,0,0,1,"12,57096","41,86256",True
2642561,8,04/01/2016T10:10:00,Strada Urbana,all'intersezione con,VIA FILIPPO CESARE ANNESSI,VIALE DEI ROMANISTI,VIA FILIPPO CESARE ANNESSI,,,Veicolo in marcia contro ostacolo accidentale,Incrocio,Due carreggiate,Bagnato (pioggia),Asfaltata,Verticale,Pioggia in atto,Normale,Buona,Ore Diurne,0,0,0,2,"12,57733","41,86753",True
2642485,10,04/01/2016T10:15:00,Strada Urbana,in corrispondenza,del civico n.,VIALE DEI CONSOLI,,141,,Veicolo in marcia contro veicoli in sosta,Rettilineo,Due carreggiate,Bagnato (pioggia),Asfaltata,Assente,Pioggia in atto,Normale,Buona,Ore Diurne,0,0,0,1,"12,55225","41,86407",True
2642010,15,04/01/2016T10:30:00,Strada Urbana,da specificare,,VIA PORTUENSE,,,altezza ingresso EST Fiera di Roma,Scontro frontale fra veicoli in marcia,Rotatoria,Una carreggiata a senso unico di marcia,Bagnato (umidit� in atto),Asfaltata,Verticale ed orizzontale,Pioggia in atto,Scarso,Buona,Ore Diurne,0,0,0,2,"12,29776","41,80266",True
2641870,2,04/01/2016T10:45:00,Strada Urbana,da specificare,,VIALE DEL MURO TORTO,,,fronte Hotel V.Veneto.,Veicolo in marcia contro ostacolo fisso,Curva a visuale libera,Due carreggiate,Bagnato (pioggia),Asfaltata,Verticale ed orizzontale,Pioggia in atto,Intenso,Buona,Ore Diurne,1,0,0,0,"12,48928","41,90979",False
2642813,2,04/01/2016T11:00:00,Strada Urbana,da specificare,,VIALE DEL MURO TORTO,,,pross. piazzale Brasile,Tamponamento,Rettilineo,Una carreggiata a senso unico di marcia,Bagnato (pioggia),Asfaltata,Verticale ed orizzontale,Pioggia in atto,Normale,Buona,Ore Diurne,1,0,0,1,"12,48793","41,9096",False
2642550,11,04/01/2016T11:00:00,Strada Urbana,in corrispondenza,del civico n.,VIA CRISTOFORO COLOMBO,,107,,Tamponamento,Rettilineo,Pi� di due carreggiate,Bagnato (pioggia),Asfaltata,Verticale ed orizzontale,Pioggia in atto,Scarso,Buona,Ore Diurne,0,0,0,2,"12,49674","41,87371",True
2642566,8,04/01/2016T11:00:00,Strada Urbana,in corrispondenza,del palo luce n.,VIALE DELLA SORBONA,,20,,Veicolo in marcia contro ostacolo accidentale,Curva a visuale libera,Due carreggiate,Bagnato (pioggia),Asfaltata,Verticale ed orizzontale,Pioggia in atto,Normale,Buona,Ore Diurne,1,0,0,0,"12,61206","41,85464",True
2644872,1,04/01/2016T11:10:00,Strada Urbana,in prossimit�,del civico n.,VIA GIOVANNI GIOLITTI,,265,,Investimento di pedone,Rettilineo,Una carreggiata a senso unico di marcia,Bagnato (pioggia),Asfaltata,Verticale ed orizzontale,Pioggia in atto,Normale,Buona,Ore Diurne,1,0,0,1,,,False
2642759,17,04/01/2016T11:15:00,,in prossimit�,del civico n.,VIALE DELLO STADIO OLIMPICO,,16,,Veicolo in marcia contro ostacolo fisso,,,,,,,,,,2,0,0,0,"12,45417","41,9299",False
2642519,13,04/01/2016T11:30:00,Strada Urbana,da specificare,,VIALE DEI ROMAGNOLI,,,alt.2� curva direzione Ostia/Fiumicino,Veicolo in marcia contro ostacolo fisso,Curva a visuale libera,Una carreggiata a senso unico di marcia,Bagnato (pioggia),Asfaltata,Verticale ed orizzontale,Pioggia in atto,Normale,Buona,Ore Diurne,0,0,0,1,"12,28736","41,74878",True
2642617,13,04/01/2016T11:30:00,Strada Urbana,da specificare,,VIALE DEI ROMAGNOLI,,,ALT. 2� CURVA DIREZIONE fIUMICINO,Fuoriuscita dalla sede stradale,Curva senza visuale libera,Una carreggiata a senso unico di marcia,Bagnato (pioggia),Asfaltata,Verticale ed orizzontale,Pioggia in atto,Normale,Buona,Ore Diurne,0,0,0,2,"12,29688","41,75348",True
2642607,20,04/01/2016T11:30:00,Strada Urbana,all'intersezione con,VIA CASSIA,VIA DELLA CAPPELLETTA DELLA GIUSTINIANA,VIA CASSIA,,,Scontro frontale/laterale SX fra veicoli in marcia,Intersezione non regolata/non segnalata,Una carreggiata a doppio senso,Bagnato (pioggia),Asfaltata,Verticale ed orizzontale,Pioggia in atto,Normale,Buona,Ore Diurne,0,0,0,2,"12,40239","41,98697",True
2642692,16,04/01/2016T11:45:00,Strada Urbana,all'intersezione con,VIA ALESSANDRO CRIVELLI,VIALE DEI COLLI PORTUENSI,VIA ALESSANDRO CRIVELLI,,,Scontro laterale fra veicoli in marcia,Incrocio,Due carreggiate,Bagnato (umidit� in atto),Asfaltata,Verticale ed orizzontale,Nuvoloso,Normale,Buona,Ore Diurne,0,0,0,2,"12,44382","41,86823",True
2642569,11,04/01/2016T11:45:00,Strada Urbana,in prossimit�,del civico n.,VIA CRISTOFORO COLOMBO,,193,,Scontro laterale fra veicoli in marcia,Rettilineo,Pi� di due carreggiate,Bagnato (pioggia),Asfaltata,Verticale ed orizzontale,Pioggia in atto,Normale,Buona,Ore Diurne,0,0,0,3,"12,49732","41,86437",True
2642517,20,04/01/2016T11:45:00,Strada Urbana,in corrispondenza,del civico n.,VIALE DI TOR DI QUINTO,,177,,Veicolo in marcia contro ostacolo fisso,Curva a visuale libera,Due carreggiate,Bagnato (pioggia),Asfaltata,Verticale ed orizzontale,Pioggia in atto,Normale,Sufficiente,Ore Diurne,1,0,0,0,,,False
2641864,2,04/01/2016T11:45:00,Strada Urbana,in corrispondenza,del civico n.,VIA PIETRO MASCAGNI,,172,,Scontro laterale fra veicoli in marcia,Rettilineo,Una carreggiata a senso unico di marcia,Asciutto,Asfaltata,Orizzontale,Sereno,Normale,Sufficiente,Ore Diurne,0,0,0,3,"12,51931","41,93647",True
2642567,8,04/01/2016T11:50:00,,da specificare,,VIALE DUILIO CAMBELLOTTI,,,altezza centro commerciale,Veicolo in marcia contro ostacolo accidentale,,,,,,,,,,0,0,0,1,,,False
2642643,8,04/01/2016T12:15:00,Strada Urbana,in prossimit�,del palo luce n.,VIALE DELLA SORBONA,,55,,Fuoriuscita dalla sede stradale,Rettilineo,Una carreggiata a senso unico di marcia,Bagnato (pioggia),Asfaltata,Verticale ed orizzontale,Pioggia in atto,Normale,Buona,Ore Diurne,2,0,0,0,"12,61206","41,85464",False
2643405,12,04/01/2016T12:20:00,Strada Urbana,da specificare,,VIADOTTO DELLA MAGLIANA,,,Altezza via del Cappellaccio (Direzione Eur),Veicolo in marcia contro ostacolo fisso,Curva a visuale libera,Due carreggiate,Bagnato (pioggia),Asfaltata,Verticale ed orizzontale,Nuvoloso,Normale,Buona,Ore Diurne,0,0,0,1,"12,45957","41,83846",True
2642472,5,04/01/2016T12:20:00,Strada Urbana,all'intersezione con,VIA ALDO SANDULLI,VIA DONATO MENICHELLA,VIA ALDO SANDULLI,,,Scontro frontale/laterale SX fra veicoli in marcia,Incrocio,Una carreggiata a senso unico di marcia,Bagnato (pioggia),Asfaltata,Verticale ed orizzontale,Pioggia in atto,Normale,Buona,Ore Diurne,1,0,0,1,"12,58589","41,94785",True
2642493,10,04/01/2016T12:25:00,Strada Urbana,all'intersezione semaforizzata con,VIA SCRIBONIO CURIONE,VIALE DEI CONSOLI,VIA SCRIBONIO CURIONE,,,Scontro frontale/laterale DX fra veicoli in marcia,Intersezione semaforizzata,Due carreggiate,Bagnato (pioggia),Asfaltata,Verticale ed orizzontale,Nuvoloso,Normale,Buona,Ore Diurne,2,0,0,1,"12,55382","41,86365",True
2642488,5,04/01/2016T12:30:00,Strada Urbana,da specificare,,VIA RINALDO D'AQUINO,,,p.t� VIA D. DA MAIANO,Veicolo in marcia contro ostacolo fisso,Rettilineo,Due carreggiate,Bagnato (pioggia),Asfaltata,Verticale ed orizzontale,Pioggia in atto,Normale,Sufficiente,Ore Diurne,1,0,0,0,"12,60789","41,9594",True
2642445,7,04/01/2016T12:45:00,Strada Urbana,all'intersezione con,VIA DEGLI OLMI,VIALE ALESSANDRINO,VIA DEGLI OLMI,,,Scontro laterale fra veicoli in marcia,Incrocio,Una carreggiata a doppio senso,Bagnato (pioggia),Asfaltata,Verticale ed orizzontale,Nuvoloso,Normale,Buona,Ore Diurne,0,0,0,3,"12,57796","41,87921",True
2642477,5,04/01/2016T12:50:00,Strada Urbana,da specificare,,VIA RINALDO D'AQUINO,,,prossimit� VIA D. DA MAIANO,Veicolo in marcia contro ostacolo fisso,Rettilineo,Due carreggiate,Bagnato (pioggia),Asfaltata,Verticale ed orizzontale,Nuvoloso,Normale,Buona,Ore Diurne,0,0,0,1,"12,60819","41,9596",True