_ID,_Gruppo,_DataOraIncidente,_Localizzazione1,_Localizzazione2,_Strada1,_DaSpecificare,_NaturaIncidente,_ParticolaritaStrade,_TipoStrada,_FondoStradale,_Pavimentazione,_Segnaletica,_CondizioneAtmosferica,_Traffico,_Visibilita,_Illuminazione,_NUM_FERITI,_NUM_RISERVATA,_NUM_MORTI,_NUM_ILLESI,_Longitudine,_Latitudine,_CONFERMATO,__prefix,_Strada02,_Strada2,_Chilometrica
2642232,19,04/01/2016T13:00:00,Strada Urbana,da specificare,,VIA S. GIUSEPPE DA COPERTINO,,,Rotatoria rampa d'accesso G.R.A.,Scontro laterale fra veicoli in marcia,Rotatoria,Una carreggiata a senso unico di marcia,Bagnato (pioggia),Asfaltata,Verticale ed orizzontale,Nuvoloso,Normale,Buona,Ore Diurne,0,0,0,3,"12,40704","41,97305",True
2642176,19,04/01/2016T13:10:00,Strada Urbana,da specificare,,GALLERIA GIOVANNI XXIII,,,prossimita mario fani,Scontro frontale fra veicoli in marcia,Galleria illuminata,Una carreggiata a senso unico di marcia,Bagnato (umidit� in atto),Asfaltata,Verticale ed orizzontale,Pioggia in atto,Normale,Buona,Ore Diurne,0,0,0,2,"12,44462","41,94111",True
2642499,10,04/01/2016T13:20:00,Strada Urbana,da specificare,,VIA ANAGNINA,,,rampa dir rm centro sotto gra,Veicolo in marcia contro ostacolo fisso,Curva a visuale libera,Due carreggiate,Bagnato (pioggia),Asfaltata,Verticale ed orizzontale,Pioggia in atto,Normale,Sufficiente,Ore Diurne,0,0,0,2,"12,61277","41,81922",True
2642506,10,04/01/2016T13:30:00,,da specificare,,VIA ANAGNINA,,,rampa dir rm centro sotto gra,Veicolo in marcia contro ostacolo fisso,,,,,,,,,,1,0,0,0,,,False
2642568,20,04/01/2016T13:30:00,Regionale,da specificare,,VIA FLAMINIA,,,direzione centro per G.R.A.,Veicolo in marcia contro ostacolo fisso,Rettilineo,Due carreggiate,Bagnato (pioggia),Asfaltata,Verticale ed orizzontale,Pioggia in atto,Intenso,Buona,Ore Diurne,1,0,0,0,,,False
2642456,15,04/01/2016T13:30:00,Strada Urbana,da specificare,,VIA PORTUENSE,,,viadotto direzione Trullo,Veicolo in marcia contro ostacolo fisso,Curva senza visuale libera,Una carreggiata a senso unico di marcia,Bagnato (umidit� in atto),Asfaltata,Verticale ed orizzontale,Nuvoloso,Scarso,Buona,Ore Diurne,0,0,0,1,"12,40939","41,84342",True
2642829,2,04/01/2016T13:40:00,Strada Urbana,da specificare,,CIRCONVALLAZIONE SALARIA,,,dir. S. Giovanni pross. viale Somalia,Veicolo in marcia contro ostacolo accidentale,Curva a visuale libera,Due carreggiate,Bagnato (pioggia),Asfaltata,Verticale ed orizzontale,Pioggia in atto,Normale,Buona,Ore Diurne,2,0,0,0,"12,52037","41,93546",False
2642480,5,04/01/2016T13:40:00,Strada Urbana,da specificare,,VIALE PALMIRO TOGLIATTI,,,INVERSIONE DI MARCIA direz. Tiburtina,Veicolo in marcia contro ostacolo fisso,Curva a visuale libera,Una carreggiata a senso unico di marcia,Bagnato (pioggia),Asfaltata,Assente,Nuvoloso,Normale,Buona,Ore Diurne,2,0,0,0,"12,57288","41,90762",True
2652137,18,04/01/2016T13:45:00,Strada Urbana,in prossimit�,del civico n.,VIA ANASTASIO II,,167,,Veicolo in marcia contro ostacolo fisso,Curva senza visuale libera,Due carreggiate,Bagnato (umidit� in atto),Asfaltata,Verticale ed orizzontale,Nuvoloso,Normale,Buona,Ore Diurne,1,0,0,0,"12,44255","41,89783",True
2642481,5,04/01/2016T13:50:00,Strada Urbana,da specificare,,VIALE PALMIRO TOGLIATTI,,,INVERSIONE DI MARCIA direzione Tiburtina ,Veicolo in marcia contro ostacolo fisso,Curva a visuale libera,Una carreggiata a senso unico di marcia,Bagnato (pioggia),Asfaltata,Assente,Nuvoloso,Normale,Buona,Ore Diurne,0,0,0,1,"12,57357","41,90814",True
2642241,19,04/01/2016T14:00:00,Strada Urbana,in corrispondenza,del civico n.,VIA ENRICO PESTALOZZI,,11,,Scontro frontale/laterale DX fra veicoli in marcia,Rettilineo,Una carreggiata a senso unico di marcia,Bagnato (pioggia),Asfaltata,Assente,Pioggia in atto,Normale,Buona,Ore Diurne,0,0,0,2,"12,42591","41,93598",True
2642244,19,04/01/2016T14:15:00,Strada Urbana,in corrispondenza,del civico n.,VIA DI CASAL DEL MARMO,,588,,Veicolo in marcia contro ostacolo fisso,Curva senza visuale libera,Una carreggiata a doppio senso,Bagnato (pioggia),Asfaltata,Assente,Pioggia in atto,Normale,Buona,Ore Diurne,0,0,0,1,"12,38662","41,9401",True
2642508,10,04/01/2016T14:20:00,Strada Urbana,all'intersezione con,VIA DEL PONTE DELLE SETTE MIGLIA,VIA LEOPOLDO MICUCCI,VIA DEL PONTE DELLE SETTE MIGLIA,,,Scontro frontale/laterale SX fra veicoli in marcia,Incrocio,Una carreggiata a doppio senso,Bagnato (pioggia),Asfaltata,Verticale ed orizzontale,Nuvoloso,Normale,Buona,Ore Diurne,10,0,0,4,"12,60094","41,8374",False
2642976,17,04/01/2016T14:30:00,Strada Urbana,in prossimit�,del civico n.,VIALE DELLO STADIO OLIMPICO,,16,,Fuoriuscita dalla sede stradale,Curva a visuale libera,Una carreggiata a senso unico di marcia,Bagnato (umidit� in atto),Asfaltata,Orizzontale,Nuvoloso,Normale,Buona,Ore Diurne,0,0,0,2,"12,45417","41,9299",True
2642833,2,04/01/2016T14:30:00,Strada Urbana,da specificare,,CIRCONVALLAZIONE SALARIA,,,dir. S Giovanni altezza VIALE SOMALIA,Veicolo in marcia contro ostacolo accidentale,Curva a visuale libera,Due carreggiate,Bagnato (pioggia),Asfaltata,Verticale ed orizzontale,Nuvoloso,Normale,Buona,Ore Diurne,0,0,0,1,"12,52086","41,93447",True
2642585,20,04/01/2016T14:40:00,Strada Urbana,da specificare,,VIA DEL FORO ITALICO,,,per rampa Antonino di San Giuliano,Scontro laterale fra veicoli in marcia,Rettilineo,Due carreggiate,Bagnato (umidit� in atto),Asfaltata,Verticale ed orizzontale,Nuvoloso,Intenso,Buona,Ore Diurne,0,0,0,4,"12,45866","41,93941",True
2642950,17,04/01/2016T14:45:00,Strada Urbana,da specificare,,VIALE DELLO STADIO OLIMPICO,,,altezza VIVAI MARI,Fuoriuscita dalla sede stradale,Curva a visuale libera,Una carreggiata a senso unico di marcia,Bagnato (umidit� in atto),Asfaltata,Orizzontale,Nuvoloso,Scarso,Buona,Ore Diurne,0,0,0,1,"12,45417","41,9299",True
2642784,17,04/01/2016T14:45:00,Strada Urbana,in prossimit�,del civico n.,VIA DELLA GIULIANA,,41,,Scontro laterale fra veicoli in marcia,Rettilineo,Una carreggiata a doppio senso,Bagnato (pioggia),Asfaltata,Verticale ed orizzontale,Pioggia in atto,Normale,Sufficiente,Ore Diurne,0,0,0,2,"12,45443","41,91239",True
2642594,20,04/01/2016T14:45:00,Strada Urbana,da specificare,,VIA DEL FORO ITALICO,,,in prossimit� uscita Galleria Farnesina,Tamponamento,Curva a visuale libera,Una carreggiata a doppio senso,Bagnato (umidit� in atto),Asfaltata,Orizzontale,Nuvoloso,Normale,Sufficiente,Ore Diurne,0,0,0,2,,,False
2642581,11,04/01/2016T14:45:00,Strada Urbana,all'intersezione semaforizzata con,PIAZZA ELIO RUFINO,VIA CRISTOFORO COLOMBO,PIAZZA ELIO RUFINO,,,Tamponamento,Intersezione semaforizzata,Pi� di due carreggiate,Asciutto,Asfaltata,Verticale ed orizzontale,Nuvoloso,Normale,Buona,Ore Diurne,0,0,0,4,"12,44048","41,7989",True
2642570,8,04/01/2016T15:10:00,Strada Urbana,in corrispondenza,del palo luce n.,VIALE DUILIO CAMBELLOTTI,,26,,Veicolo in marcia contro ostacolo accidentale,Rettilineo,Una carreggiata a senso unico di marcia,Bagnato (pioggia),Strada pavimentata dissestata,Orizzontale,Pioggia in atto,Normale,Buona,Ore Diurne,0,0,0,1,"12,62935","41,86719",True
2642612,12,04/01/2016T15:10:00,Strada Urbana,da specificare,,VIA CRISTOFORO COLOMBO,,,100 mt dopo svincolo Via C.Levi direz. Roma centro,Veicolo in marcia contro ostacolo fisso,Rettilineo,Due carreggiate,Bagnato (pioggia),Asfaltata,Verticale ed orizzontale,Nuvoloso,Normale,Buona,Ore Diurne,0,0,0,1,"12,44704","41,80373",True
2642572,8,04/01/2016T16:00:00,Strada Urbana,all'intersezione semaforizzata con,VIALE ANTONIO CIAMARRA,VIA DEL FOSSO DI S. MAURA,VIALE ANTONIO CIAMARRA,,,Tamponamento,Intersezione semaforizzata,Una carreggiata a doppio senso,Bagnato (pioggia),Asfaltata,Verticale ed orizzontale,Nuvoloso,Intenso,Buona,Ore Diurne,0,0,0,2,"12,59133","41,85858",True
2642586,20,04/01/2016T16:30:00,Strada Urbana,da specificare,,VIA DEL FORO ITALICO,,,direzione Olimpico altezza Cassia,Veicolo in marcia contro ostacolo fisso,Rettilineo,Due carreggiate,Bagnato (umidit� in atto),Asfaltata,Verticale ed orizzontale,Nuvoloso,Intenso,Buona,Ore Diurne,0,0,0,1,,,False
2642483,5,04/01/2016T16:50:00,Strada Urbana,in corrispondenza,del civico n.,VIA TIBURTINA,,1137,,Scontro frontale/laterale SX fra veicoli in marcia,Rettilineo,Due carreggiate,Bagnato (pioggia),Asfaltata,Assente,Nuvoloso,Normale,Buona,Ore Diurne,0,0,0,3,"12,5938","41,93286",True
2642233,7,04/01/2016T18:00:00,Strada Urbana,in corrispondenza,del civico n.,VIA DI TOR TRE TESTE,,245/A,,Scontro frontale/laterale DX fra veicoli in marcia,Rettilineo,Una carreggiata a doppio senso,Bagnato (umidit� in atto),Asfaltata,Orizzontale,Nuvoloso,Normale,Buona,Sufficiente,0,0,0,2,"12,59063","41,88762",True
2642614,4,04/01/2016T18:00:00,Strada Urbana,all'intersezione con,VIA UMBERTO FRACCHIA,VIA RENATO FUCINI,VIA UMBERTO FRACCHIA,,,Scontro frontale/laterale SX fra veicoli in marcia,Intersezione stradale segnalata,Una carreggiata a senso unico di marcia,Bagnato (pioggia),Asfaltata,Verticale ed orizzontale,Nuvoloso,Normale,Buona,Sufficiente,1,0,0,1,"12,54952","41,94986",False
2642764,13,04/01/2016T18:20:00,Strada Urbana,da specificare,,PIAZZA ALBERTO ALESSIO,,,IN PROX DI VIA DELLE FIAMME GIALLE,Tamponamento Multiplo,Rettilineo,Due carreggiate,Bagnato (pioggia),Asfaltata,Assente,Nuvoloso,Normale,Buona,Sufficiente,0,0,0,6,"12,294","41,73001",True
2642717,4,04/01/2016T18:30:00,Provinciale entro l'abitato,all'intersezione con,VIA VAL TROMPIA,VIA NOMENTANA,VIA VAL TROMPIA,,,Scontro frontale/laterale DX fra veicoli in marcia,Intersezione stradale segnalata,Una carreggiata a doppio senso,Bagnato (umidit� in atto),Asfaltata,Orizzontale,Nuvoloso,Normale,Buona,Sufficiente,1,0,0,1,"12,55238","41,94111",False
2642852,2,04/01/2016T18:45:00,Strada Urbana,in corrispondenza,del civico n.,VIA DELLE VALLI,,9,,Veicolo in marcia contro ostacolo accidentale,Pendenza,Pi� di due carreggiate,Viscido da liquidi oleosi,Asfaltata,Verticale ed orizzontale,Sereno,Normale,Sufficiente,Sufficiente,0,0,0,2,"12,52103","41,93342",True
2642536,10,04/01/2016T18:55:00,Strada Urbana,in prossimit�,del palo luce n.,VIA BERNARDINO ALIMENA,,33/35,,Veicolo in marcia contro ostacolo fisso,Rotatoria,Una carreggiata a senso unico di marcia,Bagnato (pioggia),Asfaltata,Assente,Nuvoloso,Normale,Sufficiente,Sufficiente,0,0,0,1,"12,60574","41,84696",True
2642531,20,04/01/2016T19:00:00,,in corrispondenza,del civico n.,VIA DEGLI ORTI DELLA FARNESINA,,1,,Investimento di pedone,,,,,,,,,,2,0,0,1,,,False
2644922,1,04/01/2016T19:15:00,Strada Urbana,in prossimit�,del civico n.,VIA CARLO ALBERTO,,27,,Veicolo in marcia contro ostacolo accidentale,Rettilineo,Una carreggiata a doppio senso,Bagnato (pioggia),In cubetti di porfido,Verticale ed orizzontale,Nuvoloso,Normale,Sufficiente,Sufficiente,0,0,0,1,"12,50049","41,89652",False
2642626,12,04/01/2016T20:35:00,Strada Urbana,da specificare,,VIA CELINE,,,altezza rotatoria,Veicolo in marcia contro ostacolo accidentale,Rotatoria,Una carreggiata a senso unico di marcia,Bagnato (umidit� in atto),Asfaltata,Verticale ed orizzontale,Nuvoloso,Normale,Buona,Sufficiente,0,0,0,1,"12,48407","41,80928",True
2643211,16,04/01/2016T20:45:00,Strada Urbana,in corrispondenza,del civico n.,VIA FELICE BELLOTTI,,19,,Veicolo in marcia contro ostacolo accidentale,Rettilineo,Una carreggiata a doppio senso,Viscido da liquidi oleosi,Asfaltata,Assente,Nuvoloso,Scarso,Sufficiente,Sufficiente,0,0,0,1,"12,43941","41,857",True
2642544,7,04/01/2016T20:45:00,Strada Urbana,all'intersezione con,VIA DI TOR SAPIENZA,VIA PRENESTINA,VIA DI TOR SAPIENZA,,,Scontro frontale/laterale SX fra veicoli in marcia,Incrocio,Una carreggiata a doppio senso,Bagnato (pioggia),Asfaltata,Verticale ed orizzontale,Nuvoloso,Normale,Sufficiente,Sufficiente,3,0,0,4,"12,59231","41,89407",False
2642854,2,04/01/2016T20:45:00,Strada Urbana,all'intersezione con,PIAZZA GONDAR,VIA DELLE VALLI,PIAZZA GONDAR,,,Tamponamento,Intersezione semaforizzata,Due carreggiate,Bagnato (pioggia),Asfaltata,Verticale ed orizzontale,Nuvoloso,Intenso,Buona,Sufficiente,0,0,0,3,"12,52124","41,93346",True
2642862,2,04/01/2016T21:00:00,Strada Urbana,all'intersezione con,VIA LARIANA,VIA DI VILLA ADA,VIA LARIANA,,,Scontro frontale/laterale DX fra veicoli in marcia,Intersezione stradale segnalata,Due carreggiate,Bagnato (pioggia),Asfaltata,Verticale ed orizzontale,Nuvoloso,Scarso,Buona,Sufficiente,1,0,0,2,"12,50513","41,92445",False
2642542,10,04/01/2016T21:00:00,Strada Urbana,all'intersezione con,VIA DI ACQUA ACETOSA ANAGNINA,VIA ANAGNINA,VIA DI ACQUA ACETOSA ANAGNINA,,,Scontro frontale/laterale SX fra veicoli in marcia,Incrocio,Due carreggiate,Bagnato (umidit� in atto),Asfaltata,Verticale ed orizzontale,Nuvoloso,Normale,Sufficiente,Sufficiente,4,0,0,1,"12,62023","41,81429",True
2643017,17,04/01/2016T21:15:00,Strada Urbana,all'intersezione con,VIA NOVENIO BUCCHI,PIAZZALE MARESCIALLO GIARDINO,VIA NOVENIO BUCCHI,,,Veicolo in marcia contro ostacolo fisso,Incrocio,Due carreggiate,Bagnato (umidit� in atto),Asfaltata,Verticale ed orizzontale,Nuvoloso,Scarso,Sufficiente,Sufficiente,0,0,0,1,"12,45809","41,92293",True
2642577,8,04/01/2016T21:15:00,,da specificare,,VIA DI TOR BELLA MONACA,,,50 mt dopo uscita GRA Tor Bella Monaca,Veicolo in marcia contro ostacolo accidentale,,,,,,,,,,0,0,0,1,,,False
2652133,18,04/01/2016T21:30:00,Strada Urbana,da specificare,,VIA LEONE XIII,,,pross. del cavalcavia AURELIA ANTICA dir. PIO XI,Scontro laterale fra veicoli in marcia,Curva senza visuale libera,Due carreggiate,Asciutto,Asfaltata,Verticale ed orizzontale,Nuvoloso,Normale,Insufficiente,Insufficiente,0,0,0,1,"12,44038","41,88562",True
2642639,12,04/01/2016T21:35:00,Strada Urbana,all'intersezione con,VIA GIACOMO DINA,VIA FEDERICO ALESSANDRINI,VIA GIACOMO DINA,,,Scontro frontale/laterale DX fra veicoli in marcia,Intersezione non regolata/non segnalata,Una carreggiata a doppio senso,Bagnato (pioggia),Asfaltata,Verticale ed orizzontale,Sereno,Scarso,Buona,Sufficiente,0,0,0,3,"12,47409","41,76562",True
2642484,5,04/01/2016T21:40:00,Strada Urbana,in prossimit�,del civico n.,VIALE DELLA PRIMAVERA,,79,,Veicolo in marcia contro ostacolo fisso,Rettilineo,Due carreggiate,Bagnato (umidit� in atto),Asfaltata,Assente,Nuvoloso,Normale,Buona,Sufficiente,0,0,0,2,"12,56116","41,88409",True
2642578,8,04/01/2016T22:00:00,,da specificare,,VIA DI TOR BELLA MONACA,,,50 mt dopo uscita da GRA,Veicolo in marcia contro ostacolo accidentale,,,,,,,,,,0,0,0,2,,,False
2643201,16,04/01/2016T23:40:00,Strada Urbana,all'intersezione con,VIA FEDERICO DI DONATO,VIA DI VAL TELLINA,VIA FEDERICO DI DONATO,,,Scontro frontale/laterale SX fra veicoli in marcia,Incrocio,Due carreggiate,Bagnato (umidit� in atto),Asfaltata,Verticale ed orizzontale,Nuvoloso,Scarso,Buona,Sufficiente,0,0,0,3,"12,44779","41,86762",True
2642695,12,04/01/2016T23:45:00,Regionale,in corrispondenza,del civico n.,VIA PONTINA,,"20,900",,Ribaltamento senza urto contro ostacolo fisso,Rettilineo,Due carreggiate,Bagnato (umidit� in atto),Asfaltata,Verticale ed orizzontale,Nuvoloso,Scarso,Insufficiente,Inesistente,1,0,0,0,"12,44413","41,72323",False
2645145,17,05/01/2016T01:30:00,Strada Urbana,all'intersezione con,VIA DEI GRACCHI,VIA FABIO MASSIMO,VIA DEI GRACCHI,,,Scontro frontale/laterale SX fra veicoli in marcia,Incrocio,Una carreggiata a senso unico di marcia,Bagnato (umidit� in atto),Asfaltata,Verticale ed orizzontale,Nuvoloso,Scarso,Buona,Sufficiente,0,0,0,3,"12,46252","41,90799",True
2642621,20,05/01/2016T02:30:00,,da specificare,,VIA MONTE URANO,,,altezza rampa di immissione di via Monte Giberto,Veicolo in marcia contro ostacolo fisso,,,,,,,,,,0,0,0,4,,,False
2644582,10,05/01/2016T04:40:00,Strada Urbana,in prossimit�,del civico n.,VIA TUSCOLANA,,1187,,Veicolo in marcia contro ostacolo fisso,Rettilineo,Due carreggiate,Asciutto,Asfaltata,Verticale ed orizzontale,Nuvoloso,Normale,Sufficiente,Sufficiente,1,0,0,0,"12,59611","41,83853",True
2643180,11,05/01/2016T06:13:00,,in prossimit�,del civico n.,VIA CRISTOFORO COLOMBO,,134,,Fuoriuscita dalla sede stradale,,,,,,,,,,9,0,0,0,,,False
2644778,5,05/01/2016T06:20:00,Strada Urbana,all'intersezione con,VIA MONDOLFO,VIA GIROLAMO MECHELLI,VIA MONDOLFO,,,Scontro frontale/laterale SX fra veicoli in marcia,Incrocio,Una carreggiata a doppio senso,Bagnato (pioggia),Asfaltata,Verticale,Nuvoloso,Scarso,Buona,Ore Diurne,2,0,0,3,"12,58832","41,93848",True
2642596,6,05/01/2016T06:30:00,Strada Urbana,all'intersezione con,VIA STEFANO COLONNA,VIA ETTORE FIERAMOSCA,VIA STEFANO COLONNA,,,Scontro frontale/laterale SX fra veicoli in marcia,Incrocio,Una carreggiata a doppio senso,Bagnato (pioggia),Asfaltata,Orizzontale,Pioggia in atto,Normale,Sufficiente,Sufficiente,0,0,0,2,"12,5283","41,89326",True
2642846,1,05/01/2016T06:30:00,Strada Urbana,all'intersezione con,PIAZZA DELLA CHIESA NUOVA,CORSO VITTORIO EMANUELE II,PIAZZA DELLA CHIESA NUOVA,,,Scontro laterale fra veicoli in marcia,Intersezione stradale segnalata,Una carreggiata a doppio senso,Bagnato (pioggia),Asfaltata,Verticale ed orizzontale,Pioggia in atto,Scarso,Buona,Sufficiente,0,0,0,2,"12,47144","41,89721",True
2644751,8,05/01/2016T06:30:00,Strada Urbana,in corrispondenza,del palo luce n.,VIA COLLATINA,,573,,Veicolo in marcia contro ostacolo accidentale,Curva a visuale libera,Una carreggiata a doppio senso,Bagnato (pioggia),Asfaltata,Verticale ed orizzontale,Nuvoloso,Scarso,Insufficiente,Inesistente,0,0,0,1,"12,61053","41,90604",True
2643770,4,05/01/2016T07:15:00,Strada Urbana,all'intersezione con,VIA PIETRO MIGNOSI,VIA DELLA BUFALOTTA,VIA PIETRO MIGNOSI,,,Scontro frontale/laterale DX fra veicoli in marcia,Incrocio,Una carreggiata a doppio senso,Bagnato (pioggia),Asfaltata,Verticale ed orizzontale,Nuvoloso,Intenso,Buona,Ore Diurne,0,0,0,3,"12,54958","41,96665",True
2643740,20,05/01/2016T07:30:00,Strada Urbana,in prossimit�,del civico n.,VIA RISERVA DEL BAGNO,,74,,Veicolo in marcia contro ostacolo accidentale,Curva senza visuale libera,Una carreggiata a doppio senso,Bagnato (pioggia),Asfaltata,Assente,Pioggia in atto,Scarso,Sufficiente,Ore Diurne,0,0,0,1,"12,3834","42,02088",True
2652518,18,05/01/2016T08:30:00,Strada Urbana,in prossimit�,del civico n.,VIA MONTE DEL MARMO,,152,,Tamponamento,Curva senza visuale libera,Una carreggiata a doppio senso,Bagnato (pioggia),Asfaltata,Verticale ed orizzontale,Pioggia in atto,Normale,Buona,Ore Diurne,1,0,0,1,"12,38944","41,92869",True
2643104,15,05/01/2016T08:45:00,Strada Urbana,da specificare,,VIA DELLA MAGLIANA,,,fronte Via del Cappellaccio,Fuoriuscita dalla sede stradale,Curva senza visuale libera,Due carreggiate,Bagnato (pioggia),Asfaltata,Verticale ed orizzontale,Pioggia in atto,Intenso,Buona,Ore Diurne,0,0,0,2,"12,45791","41,83924",True
2644787,5,05/01/2016T09:00:00,Strada Urbana,da specificare,,VIALE KANT,,,altezza fermata ATAC Kant/Bertero,Veicolo in marcia contro ostacolo fisso,Rettilineo,Pi� di due carreggiate,Bagnato (pioggia),Asfaltata,Verticale ed orizzontale,Pioggia in atto,Normale,Buona,Ore Diurne,1,0,0,0,"12,55519","41,93304",True
2643829,9,05/01/2016T09:15:00,Strada Urbana,da specificare,,VIA APPIA NUOVA,,,fronte via Mandela,Infortunio per sola frenata improvvisa,Rettilineo,Due carreggiate,Bagnato (pioggia),Asfaltata,Verticale ed orizzontale,Pioggia in atto,Normale,Buona,Ore Diurne,0,0,0,2,"12,53088","41,86685",True
2642788,12,05/01/2016T09:15:00,Strada Urbana,da specificare,,VIA CRISTOFORO COLOMBO,,,direzione Roma dopo sottovia Pontina Palo Acea 755,Veicolo in marcia contro ostacolo fisso,Curva senza visuale libera,Due carreggiate,Bagnato (pioggia),Asfaltata,Verticale ed orizzontale,Pioggia in atto,Normale,Buona,Ore Diurne,0,0,0,1,"12,45975","41,81128",True
2643772,4,05/01/2016T09:25:00,Strada Urbana,in corrispondenza,del civico n.,VIA CARLO LORENZINI,,62,,Scontro frontale fra veicoli in marcia,Rettilineo,Una carreggiata a doppio senso,Bagnato (pioggia),Asfaltata,Verticale,Pioggia in atto,Normale,Buona,Ore Diurne,0,0,0,2,"12,55468","41,94541",True
2643863,9,05/01/2016T09:40:00,Strada Urbana,in prossimit�,del civico n.,VIA GALLIA,,212,,Veicolo in marcia contro ostacolo accidentale,Rettilineo,Una carreggiata a doppio senso,Bagnato (pioggia),Asfaltata,Temporanea di cantiere,Pioggia in atto,Intenso,Buona,Ore Diurne,0,0,0,1,"12,50707","41,88049",True
2644755,8,05/01/2016T10:15:00,,da specificare,,VIA DI TOR BELLA MONACA,,,rampa immissione GRA dir. Napoli,Tamponamento,,,,,,,,,,0,0,0,4,,,False
2643250,1,05/01/2016T10:15:00,Strada Urbana,all'intersezione semaforizzata con,VIA UMBERTO BIANCAMANO,VIA EMANUELE FILIBERTO,VIA UMBERTO BIANCAMANO,,,Investimento di pedone,Intersezione semaforizzata,Una carreggiata a doppio senso,Bagnato (pioggia),Asfaltata,Verticale ed orizzontale,Pioggia in atto,Normale,Buona,Ore Diurne,1,0,0,1,"12,50685","41,89009",False
2645203,17,05/01/2016T10:20:00,Strada Urbana,all'intersezione con,VIA ORAZIO,VIA CRESCENZIO,VIA ORAZIO,,,Scontro laterale fra veicoli in marcia,Incrocio,Una carreggiata a doppio senso,Bagnato (pioggia),Acciotolata,Verticale ed orizzontale,Pioggia in atto,Normale,Buona,Ore Diurne,0,0,0,2,"12,4673","41,90542",True
2644790,5,05/01/2016T10:30:00,Strada Urbana,da specificare,,tangenziale / est dir. salaria,,,altezza uscita Nomentana/Salaria,Veicolo in marcia contro ostacolo fisso,Galleria illuminata,Una carreggiata a senso unico di marcia,Asciutto,Asfaltata,Verticale ed orizzontale,Sereno,Intenso,Buona,Ore Diurne,0,0,0,1,"12,52804","41,92743",True
2643125,13,05/01/2016T10:45:00,Strada Urbana,in prossimit�,del civico n.,VIA OSTIENSE,,2193,,Veicolo in marcia contro ostacolo fisso,Rettilineo,Una carreggiata a doppio senso,Bagnato (pioggia),Asfaltata,Verticale,Pioggia in atto,Normale,Buona,Ore Diurne,0,0,0,5,"12,32199","41,76875",True
2645226,17,05/01/2016T10:45:00,Strada Urbana,all'intersezione con,VIA POMPEO MAGNO,VIA VIRGINIO ORSINI,VIA POMPEO MAGNO,,,Tamponamento,Incrocio,Una carreggiata a senso unico di marcia,Bagnato (pioggia),Asfaltata,Verticale ed orizzontale,Pioggia in atto,Scarso,Buona,Ore Diurne,0,0,0,2,"12,4694","41,91061",True
2643693,20,05/01/2016T10:58:00,Regionale,in corrispondenza,del civico n.,VIA FLAMINIA,,1838,,Scontro frontale fra veicoli in marcia,Rettilineo,Una carreggiata a doppio senso,Bagnato (umidit� in atto),Asfaltata,Orizzontale,Nuvoloso,Intenso,Buona,Ore Diurne,2,0,0,0,,,False
2644878,16,05/01/2016T11:15:00,Strada Urbana,in prossimit�,del civico n.,VIALE AURELIO SAFFI,,25,,Scontro frontale/laterale SX fra veicoli in marcia,Pendenza,Una carreggiata a doppio senso,Bagnato (pioggia),Asfaltata,Assente,Nuvoloso,Scarso,Sufficiente,Ore Diurne,0,0,0,4,"12,46715","41,88282",True
2643114,15,05/01/2016T11:15:00,Strada Urbana,da specificare,,VIA ANTONIO PACINOTTI,,,IN CORRISPONDENZA DI VIA DI PIETRA PAPA,Infortunio per caduta del veicolo,Rettilineo,Una carreggiata a doppio senso,Bagnato (pioggia),Asfaltata,Verticale ed orizzontale,Pioggia in atto,Intenso,Buona,Ore Diurne,1,0,0,0,"12,4678","41,87103",True
2645053,3,05/01/2016T11:15:00,Strada Urbana,all'intersezione semaforizzata con,VIALE DELLE SCIENZE,VIALE DELL'UNIVERSITA',VIALE DELLE SCIENZE,,,Scontro frontale/laterale SX fra veicoli in marcia,Intersezione semaforizzata,Una carreggiata a doppio senso,Bagnato (pioggia),Asfaltata,Verticale ed orizzontale,Pioggia in atto,Normale,Buona,Ore Diurne,1,0,0,2,"12,51089","41,90403",True
2644228,7,05/01/2016T11:15:00,Strada Urbana,all'intersezione con,VIA COSTANZO CANTONI,VIA DELLA VACCHERIA GIANNI,VIA COSTANZO CANTONI,,,Veicoli in marcia contro veicolo fermo,Incrocio,Una carreggiata a doppio senso,Asciutto,Asfaltata,Verticale ed orizzontale,Sereno,Normale,Buona,Ore Diurne,0,0,0,2,"12,6075","41,89",False
2643768,4,05/01/2016T11:20:00,Statale entro l'abitato,in corrispondenza,del civico n.,VIA SALARIA,,729,,Tamponamento,Rettilineo,Due carreggiate,Bagnato (pioggia),Asfaltata,Verticale ed orizzontale,Pioggia in atto,Normale,Buona,Ore Diurne,0,0,0,2,"12,50699","41,9454",True