_ID,_Gruppo,_DataOraIncidente,_Localizzazione1,_Localizzazione2,_Strada1,_DaSpecificare,_NaturaIncidente,_ParticolaritaStrade,_TipoStrada,_FondoStradale,_Pavimentazione,_Segnaletica,_CondizioneAtmosferica,_Traffico,_Visibilita,_Illuminazione,_NUM_FERITI,_NUM_RISERVATA,_NUM_MORTI,_NUM_ILLESI,_Longitudine,_Latitudine,_CONFERMATO,__prefix,_Strada02,_Strada2,_Chilometrica
2644596,10,05/01/2016T11:30:00,Strada Urbana,da specificare,,VIA BERNARDINO ALIMENA,,,rotatoria l. schiavonetti,Scontro laterale fra veicoli in marcia,Rotatoria,Due carreggiate,Bagnato (pioggia),Asfaltata,Verticale ed orizzontale,Pioggia in atto,Normale,Buona,Ore Diurne,0,0,0,2,"12,60342","41,84748",True
2644760,12,05/01/2016T12:00:00,Provinciale,in prossimit�,della chilometrica,VIA PONTINA,,18.1,,Tamponamento,Rettilineo,Due carreggiate,Bagnato (pioggia),Asfaltata,Verticale ed orizzontale,Pioggia in atto,Intenso,Buona,Ore Diurne,0,0,0,3,"12,45106","41,79235",True
2643807,4,05/01/2016T12:00:00,Strada Urbana,in corrispondenza,del civico n.,VIA FRANCO FRANCHI,,49,,Scontro laterale fra veicoli in marcia,Rettilineo,Una carreggiata a senso unico di marcia,Bagnato (umidit� in atto),Acciotolata,Verticale ed orizzontale,Nuvoloso,Intenso,Buona,Ore Diurne,0,0,0,3,"12,49637","41,90278",True
2643018,6,05/01/2016T12:20:00,Strada Urbana,all'intersezione con,VIA SABAUDIA,VIA ALATRI,VIA SABAUDIA,,,Scontro frontale/laterale DX fra veicoli in marcia,Incrocio,Una carreggiata a senso unico di marcia,Bagnato (pioggia),Asfaltata,Verticale ed orizzontale,Nuvoloso,Normale,Buona,Ore Diurne,0,0,0,2,"12,55803","41,89318",True
2644728,12,05/01/2016T12:50:00,Strada Urbana,in prossimit�,del civico n.,VIA DI TRIGORIA,,82,,Scontro frontale fra veicoli in marcia,Rettilineo,Una carreggiata a doppio senso,Bagnato (pioggia),Asfaltata,Verticale ed orizzontale,Pioggia in atto,Normale,Buona,Ore Diurne,1,0,0,2,"12,47875","41,76922",False
2644764,8,05/01/2016T12:55:00,Strada Urbana,in corrispondenza,del civico n.,VIA DI LUNGHEZZA,,23,,Scontro frontale/laterale DX fra veicoli in marcia,Rettilineo,Una carreggiata a doppio senso,Bagnato (umidit� in atto),Asfaltata,Verticale ed orizzontale,Nuvoloso,Normale,Buona,Ore Diurne,0,0,0,2,"12,67155","41,92307",True
2644667,19,05/01/2016T13:00:00,Strada Urbana,in prossimit�,del civico n.,VIA DI CASAL DEL MARMO,,588,,Scontro frontale fra veicoli in marcia,Curva senza visuale libera,Una carreggiata a doppio senso,Bagnato (pioggia),Asfaltata,Orizzontale,Nuvoloso,Normale,Buona,Ore Diurne,5,0,0,1,"12,38555","41,93816",True
2643448,12,05/01/2016T13:15:00,Strada Urbana,da specificare,,VIALE CARLO LEVI,,,Parcheggio centro comm.le Euroma 2,Scontro frontale/laterale SX fra veicoli in marcia,Rettilineo,Una carreggiata a senso unico di marcia,Asciutto,Asfaltata,Assente,Sereno,Intenso,Buona,Ore Diurne,0,0,0,4,"12,45927","41,81548",True
2643868,9,05/01/2016T13:20:00,,in corrispondenza,del civico n.,VIA APPIA NUOVA,,704,,Tamponamento Multiplo,,,,,,,,,,1,0,0,3,,,False
2643884,9,05/01/2016T13:20:00,,all'intersezione semaforizzata con,VIA SATRICO,VIA ACAIA,VIA SATRICO,,,Scontro laterale fra veicoli in marcia,,,,,,,,,,1,0,0,2,,,False
2644658,11,05/01/2016T13:30:00,Strada Urbana,da specificare,,VIA ANDREA DI BONAIUTO,,,PALO ACEA N. 22,Veicolo in marcia contro ostacolo fisso,Curva a visuale libera,Una carreggiata a doppio senso,Bagnato (umidit� in atto),Asfaltata,Verticale ed orizzontale,Nuvoloso,Scarso,Buona,Ore Diurne,0,0,0,1,"12,49075","41,82794",True
2643450,12,05/01/2016T13:30:00,Strada Urbana,da specificare,,VIA CRISTOFORO COLOMBO,,,altezza sottovia Pontina (Direzione Centro),Veicolo in marcia contro ostacolo fisso,Curva a visuale libera,Una carreggiata a senso unico di marcia,Asciutto,Asfaltata,Verticale ed orizzontale,Nuvoloso,Normale,Buona,Ore Diurne,0,0,0,1,"12,45975","41,81256",True
2643453,12,05/01/2016T13:35:00,Strada Urbana,da specificare,,VIA CRISTOFORO COLOMBO,,,altezza sottovia Pontina (Direzione Centro),Tamponamento,Curva senza visuale libera,Una carreggiata a senso unico di marcia,Bagnato (pioggia),Asfaltata,Verticale ed orizzontale,Pioggia in atto,Normale,Buona,Ore Diurne,0,0,0,3,"12,45949","41,81205",True
2644681,10,05/01/2016T14:00:00,Strada Urbana,da specificare,,VIA ANAGNINA,,,RAMPA DIREZ. TUSCOLANA SOTTOPASSO GRA,Fuoriuscita dalla sede stradale,Curva senza visuale libera,Una carreggiata a senso unico di marcia,Bagnato (pioggia),Asfaltata,Verticale,Nuvoloso,Normale,Buona,Ore Diurne,0,0,0,1,"12,64461","41,79971",True
2643415,15,05/01/2016T14:00:00,Strada Urbana,da specificare,,VIA PORTUENSE,,,150 metri dal civico 882 dir Fiumicino,Scontro frontale/laterale SX fra veicoli in marcia,Rettilineo,Una carreggiata a doppio senso,Bagnato (umidit� in atto),Asfaltata,Verticale ed orizzontale,Nuvoloso,Normale,Buona,Ore Diurne,2,0,0,3,"12,40939","41,84342",True
2646285,23,05/01/2016T14:00:00,Strada Urbana,all'intersezione semaforizzata con,VIA DI ACILIA,VIA CRISTOFORO COLOMBO,VIA DI ACILIA,,,Tamponamento,Intersezione semaforizzata,Pi� di due carreggiate,Bagnato (pioggia),Asfaltata,Verticale ed orizzontale,Nuvoloso,Scarso,Buona,Ore Diurne,0,0,0,2,"12,38292","41,76525",True
2644797,5,05/01/2016T14:10:00,Strada Urbana,all'intersezione con,VIA DI PORTONACCIO,LARGO GIOVANNI PITTALUGA,VIA DI PORTONACCIO,,,Scontro frontale/laterale SX fra veicoli in marcia,Incrocio,Pi� di due carreggiate,Bagnato (pioggia),Asfaltata,Verticale ed orizzontale,Nuvoloso,Normale,Buona,Ore Diurne,0,0,0,2,"12,53718","41,89983",True
2654082,18,05/01/2016T14:20:00,Statale,in prossimit�,del civico n.,VIA AURELIA,,988,,Tamponamento,Rettilineo,Due carreggiate,Bagnato (umidit� in atto),Asfaltata,Verticale ed orizzontale,Nuvoloso,Normale,Buona,Ore Diurne,2,0,0,3,"12,38469","41,88614",True
2643728,20,05/01/2016T14:25:00,,in corrispondenza,del civico n.,PIAZZALE DI PONTE MILVIO,,57,,Investimento di pedone,,,,,,,,,,1,0,0,1,,,False
2643349,2,05/01/2016T14:50:00,Strada Urbana,in prossimit�,del civico n.,PIAZZA TRASIMENO,,4,,Veicolo in marcia contro ostacolo accidentale,Rotatoria,Una carreggiata a senso unico di marcia,Bagnato (umidit� in atto),Asfaltata,Verticale ed orizzontale,Nuvoloso,Normale,Buona,Ore Diurne,1,0,0,0,"12,50662","41,91893",False
2643323,7,05/01/2016T14:50:00,Provinciale entro l'abitato,all'intersezione semaforizzata con,VIALE PALMIRO TOGLIATTI,VIA PRENESTINA,VIALE PALMIRO TOGLIATTI,,,Scontro laterale fra veicoli in marcia,Intersezione semaforizzata,Due carreggiate,Asciutto,Asfaltata,Verticale ed orizzontale,Nuvoloso,Normale,Buona,Ore Diurne,0,0,0,4,"12,57325","41,89378",True
2643420,15,05/01/2016T15:00:00,Strada Urbana,da specificare,,PIAZZA DELLA RADIO,,,fronte civico 45 ,Scontro frontale/laterale SX fra veicoli in marcia,Rettilineo,Due carreggiate,Bagnato (umidit� in atto),Asfaltata,Verticale ed orizzontale,Nuvoloso,Normale,Sufficiente,Sufficiente,0,0,0,3,"12,46761","41,86983",True
2644769,8,05/01/2016T15:07:00,Strada Urbana,da specificare,,VIA CASILINA,,,altezza viadotto v.le Tor Bella Monaca,Scontro frontale/laterale SX fra veicoli in marcia,Rettilineo,Due carreggiate,Bagnato (pioggia),Asfaltata,Verticale ed orizzontale,Nuvoloso,Normale,Sufficiente,Ore Diurne,2,0,0,1,"12,64139","41,86309",True
2643278,13,05/01/2016T15:15:00,Strada Urbana,da specificare,,VIALE DEI ROMAGNOLI,,,altezza 2� curva direzione Fiumicino,Veicolo in marcia contro ostacolo fisso,Curva senza visuale libera,Una carreggiata a senso unico di marcia,Bagnato (umidit� in atto),Asfaltata,Verticale ed orizzontale,Nuvoloso,Normale,Buona,Ore Diurne,0,0,0,1,"12,2853","41,74903",True
2646278,23,05/01/2016T15:15:00,Comunale extraurbana,in prossimit�,della chilometrica,VIA CRISTOFORO COLOMBO,,19.4,,Tamponamento Multiplo,Rettilineo,Due carreggiate,Asciutto,Asfaltata,Verticale ed orizzontale,Sereno,Normale,Sufficiente,Ore Diurne,2,0,0,3,"12,38526","41,7668",False
2645286,2,05/01/2016T15:15:00,Strada Urbana,all'intersezione con,VIA DI TRASONE,VIA DI NOVELLA,VIA DI TRASONE,,,Scontro frontale/laterale SX fra veicoli in marcia,Incrocio,Una carreggiata a doppio senso,Bagnato (pioggia),Asfaltata,Verticale ed orizzontale,Nuvoloso,Normale,Buona,Ore Diurne,0,0,0,2,"12,51141","41,92969",True
2643800,4,05/01/2016T15:50:00,Strada Urbana,all'intersezione semaforizzata con,VIA GOFFREDO BELLONCI,VIA DI TOR S. GIOVANNI,VIA GOFFREDO BELLONCI,,,Scontro frontale/laterale SX fra veicoli in marcia,Intersezione semaforizzata,Una carreggiata a doppio senso,Bagnato (pioggia),Asfaltata,Verticale ed orizzontale,Nuvoloso,Normale,Buona,Ore Diurne,4,0,0,0,"12,57259","41,98687",False
2643373,7,05/01/2016T15:50:00,Strada Urbana,in prossimit�,del civico n.,VIA COLLATINA,,103,,Scontro laterale fra veicoli in marcia,Rettilineo,Una carreggiata a doppio senso,Asciutto,Asfaltata,Verticale ed orizzontale,Nuvoloso,Intenso,Buona,Ore Diurne,0,0,0,2,"12,5679","41,90099",True
2645161,12,05/01/2016T16:00:00,Strada Urbana,da specificare,,VIALE DON PASQUINO BORGHI,,,PROX VIA BRANDELLERO ,Veicolo in marcia contro ostacolo accidentale,Rettilineo,Due carreggiate,Bagnato (pioggia),Asfaltata,Verticale ed orizzontale,Nuvoloso,Scarso,Buona,Sufficiente,0,0,0,2,"12,44965","41,80572",True
2643723,20,05/01/2016T16:10:00,Strada Urbana,da specificare,,LUNGOTEVERE MARESCIALLO CADORNA,,,in prossimit� piazzale De Bosis,Tamponamento,Rettilineo,Una carreggiata a doppio senso,Asciutto,Asfaltata,Orizzontale,Nuvoloso,Normale,Buona,Ore Diurne,0,0,0,4,"12,45888","41,93063",True
2644800,5,05/01/2016T16:10:00,Strada Urbana,all'intersezione con,VIA FABRIANO,VIA FIUMINATA,VIA FABRIANO,,,Scontro laterale fra veicoli in marcia,Incrocio,Una carreggiata a doppio senso,Bagnato (pioggia),Asfaltata,Orizzontale,Nuvoloso,Normale,Buona,Ore Diurne,0,0,0,5,"12,58441","41,94078",True
2653533,18,05/01/2016T16:25:00,Strada Urbana,da specificare,,VIA DI BOCCEA,,,PROSSIMITA' VIA NAZARETH,Scontro laterale fra veicoli in marcia,Curva a visuale libera,Due carreggiate,Bagnato (umidit� in atto),Asfaltata,Verticale ed orizzontale,Nuvoloso,Normale,Sufficiente,Sufficiente,0,0,0,2,"12,40798","41,9072",True
2644981,1,05/01/2016T16:50:00,Strada Urbana,all'intersezione con,VIA DEL CASTRO PRETORIO,VIA MARSALA,VIA DEL CASTRO PRETORIO,,,Scontro frontale/laterale SX fra veicoli in marcia,Incrocio,Una carreggiata a senso unico di marcia,Bagnato (pioggia),In cubetti di porfido,Verticale ed orizzontale,Nuvoloso,Intenso,Sufficiente,Sufficiente,0,0,0,5,"12,50464","41,90092",True
2644799,8,05/01/2016T17:00:00,,in corrispondenza,del civico n.,VIA DI TORRENOVA,,384,,Veicolo in marcia contro ostacolo accidentale,,,,,,,,,,0,0,0,2,,,False
2644777,8,05/01/2016T17:00:00,Strada Urbana,da specificare,,VIA PIERO CORTI,,,10 mt dopo via V. Gorga,Scontro frontale/laterale SX fra veicoli in marcia,Rettilineo,Due carreggiate,Bagnato (umidit� in atto),Asfaltata,Verticale ed orizzontale,Nuvoloso,Normale,Buona,Sufficiente,1,0,0,1,"12,67171","41,90181",True
2643454,12,05/01/2016T17:00:00,Strada Urbana,da specificare,,VIA CRISTOFORO COLOMBO,,,altezza viale Oceania (Direzione GRA),Tamponamento,Rettilineo,Una carreggiata a senso unico di marcia,Bagnato (umidit� in atto),Asfaltata,Orizzontale,Nuvoloso,Normale,Sufficiente,Sufficiente,1,0,0,1,"12,46567","41,82727",False
2644813,8,05/01/2016T17:15:00,,da specificare,,VIA DI TOR BELLA MONACA,,,50 mt dopo uscita GRA direzione via Casilina,Veicolo in marcia contro ostacolo accidentale,,,,,,,,,,0,0,0,1,,,False
2643811,4,05/01/2016T17:30:00,Strada Urbana,in prossimit�,del civico n.,PIAZZA CONCA D'ORO,,50,,Investimento di pedone,Rettilineo,Due carreggiate,Asciutto,Asfaltata,Verticale ed orizzontale,Sereno,Normale,Sufficiente,Sufficiente,1,0,0,1,"12,52767","41,9386",True
2644630,11,05/01/2016T17:30:00,Strada Urbana,all'intersezione con,VIA AUGUSTO VERA,VIALE PICO DELLA MIRANDOLA,VIA AUGUSTO VERA,,,Scontro frontale/laterale SX fra veicoli in marcia,Incrocio,Due carreggiate,Bagnato (umidit� in atto),Asfaltata,Verticale ed orizzontale,Nuvoloso,Normale,Buona,Sufficiente,0,0,0,3,"12,48618","41,84617",True
2644706,10,05/01/2016T17:30:00,Strada Urbana,all'intersezione con,VIALE DEI CONSOLI,PIAZZA DEI CONSOLI,VIALE DEI CONSOLI,,,Scontro laterale fra veicoli in marcia,Incrocio,Una carreggiata a senso unico di marcia,Asciutto,Asfaltata,Verticale ed orizzontale,Nuvoloso,Normale,Buona,Sufficiente,0,0,0,2,"12,55746","41,86178",True
2644695,10,05/01/2016T17:30:00,Strada Urbana,all'intersezione con,VIA TAURIANOVA,PIAZZA ROSARNO,VIA TAURIANOVA,,,Scontro frontale/laterale DX fra veicoli in marcia,Incrocio,Una carreggiata a senso unico di marcia,Asciutto,Asfaltata,Orizzontale,Nuvoloso,Normale,Buona,Ore Diurne,1,0,0,2,"12,55539","41,83755",False
2645491,1,05/01/2016T17:35:00,Strada Urbana,all'intersezione con,VIA RUGGERO BONGHI,VIA MERULANA,VIA RUGGERO BONGHI,,,Investimento di pedone,Incrocio,Una carreggiata a doppio senso,Asciutto,Asfaltata,Verticale ed orizzontale,Sereno,Intenso,Insufficiente,Insufficiente,2,0,0,0,,,False
2644807,8,05/01/2016T17:40:00,Strada Urbana,da specificare,,VIA DI TOR BELLA MONACA,,,inversione marcia dopo via Parasacchi dir.Casilina,Veicolo in marcia contro ostacolo accidentale,Rettilineo,Due carreggiate,Asciutto,Asfaltata,Verticale ed orizzontale,Nuvoloso,Normale,Sufficiente,Sufficiente,0,0,0,1,"12,62813","41,87636",True
2653731,18,05/01/2016T17:45:00,Strada Urbana,in prossimit�,del civico n.,VIA DELLA CELLULOSA,,62,,Scontro frontale/laterale SX fra veicoli in marcia,Rettilineo,Una carreggiata a doppio senso,Asciutto,Asfaltata,Verticale ed orizzontale,Nuvoloso,Normale,Buona,Sufficiente,0,0,0,4,"12,36498","41,92074",True
2643821,4,05/01/2016T18:00:00,Strada Urbana,in corrispondenza,del civico n.,VIA DELLE VIGNE NUOVE,,364,,Veicolo in marcia contro ostacolo accidentale,Rettilineo,Una carreggiata a doppio senso,Asciutto,Asfaltata,Orizzontale,Nuvoloso,Intenso,Sufficiente,Sufficiente,0,0,0,1,"12,536","41,95426",True
2643817,4,05/01/2016T18:00:00,Strada Urbana,in corrispondenza,del civico n.,VIA DELLE VIGNE NUOVE,,364,,Veicolo in marcia contro ostacolo accidentale,Rettilineo,Una carreggiata a doppio senso,Asciutto,Asfaltata,Orizzontale,Nuvoloso,Intenso,Sufficiente,Sufficiente,0,0,0,2,"12,536","41,95426",True
2644827,8,05/01/2016T18:10:00,,in prossimit�,del civico n.,VIALE DUILIO CAMBELLOTTI,,167,,Veicolo in marcia contro ostacolo accidentale,,,,,,,,,,1,0,0,0,,,False
2644823,8,05/01/2016T18:10:00,,da specificare,,VIA DI TOR BELLA MONACA,,,50 mt dopo uscita GRA direzione Casilina,Veicolo in marcia contro ostacolo accidentale,,,,,,,,,,0,0,0,1,,,False
2646040,1,05/01/2016T18:10:00,Strada Urbana,all'intersezione semaforizzata con,VIA MERULANA,PIAZZA DI S. GIOVANNI IN LATERANO,VIA MERULANA,,,Scontro frontale/laterale SX fra veicoli in marcia,Intersezione semaforizzata,Una carreggiata a doppio senso,Asciutto,Asfaltata,Verticale ed orizzontale,Sereno,Normale,Sufficiente,Sufficiente,0,0,0,2,"12,50548","41,88733",True
2645290,2,05/01/2016T18:30:00,Strada Urbana,in prossimit�,del civico n.,VIALE ARRIGO BOITO,,29,,Scontro laterale fra veicoli in marcia,Rettilineo,Una carreggiata a senso unico di marcia,Asciutto,Asfaltata,Verticale ed orizzontale,Nuvoloso,Normale,Sufficiente,Sufficiente,0,0,0,4,"12,51264","41,93672",True
2644249,7,05/01/2016T18:40:00,Strada Urbana,da specificare,,PIAZZA DEI MIRTI,,,in prossimita' del  civico 12,Veicolo in marcia contro veicolo in sosta,Rotatoria,Una carreggiata a senso unico di marcia,Asciutto,Asfaltata,Verticale ed orizzontale,Sereno,Normale,Buona,Sufficiente,0,0,0,1,"12,56644","41,88147",False
2644646,13,05/01/2016T19:10:00,Strada Urbana,all'intersezione con,VIA MENIPPO,VIA ARCHELAO DI MILETO,VIA MENIPPO,,,Scontro frontale/laterale DX fra veicoli in marcia,Incrocio,Una carreggiata a doppio senso,Bagnato (umidit� in atto),Asfaltata,Verticale ed orizzontale,Nuvoloso,Normale,Sufficiente,Sufficiente,0,0,0,2,"12,36124","41,75905",True
2646268,23,05/01/2016T19:15:00,Strada Urbana,in prossimit�,del civico n.,VIA CRISTOFORO COLOMBO,,581,,Veicolo in marcia contro ostacolo accidentale,Rettilineo,Due carreggiate,Asciutto,Asfaltata,Verticale ed orizzontale,Nuvoloso,Normale,Buona,Sufficiente,1,0,0,3,"12,46964","41,8315",True
2644830,8,05/01/2016T19:50:00,Strada Urbana,da specificare,,VIA DEI RUDERI DI CASA CALDA,,,altezza civico 38,Scontro frontale/laterale DX fra veicoli in marcia,Rettilineo,Una carreggiata a doppio senso,Asciutto,Asfaltata,Verticale ed orizzontale,Nuvoloso,Normale,Buona,Sufficiente,0,0,0,2,"12,59472","41,87467",True
2644832,8,05/01/2016T20:15:00,,da specificare,,VIA COLLATINA,,,fronte palo acea 606 direzione centro,Veicolo in marcia contro ostacolo accidentale,,,,,,,,,,0,0,0,2,,,False
2644113,16,05/01/2016T20:20:00,Strada Urbana,in prossimit�,del civico n.,VIA ABATE UGONE,,19,,Scontro frontale/laterale SX fra veicoli in marcia,Rettilineo,Una carreggiata a doppio senso,Bagnato (umidit� in atto),Asfaltata,Verticale ed orizzontale,Nuvoloso,Normale,Buona,Sufficiente,1,0,0,3,"12,45335","41,87805",False
2643892,9,05/01/2016T20:45:00,,da specificare,,VIA QUINTO PUBLICIO,,,prox via Lamaro,Ribaltamento senza urto contro ostacolo fisso,,,,,,,,,,0,0,0,2,,,False
2644257,7,05/01/2016T21:00:00,Strada Urbana,da specificare,,VIA DI TOR TRE TESTE,,,FRONTE CIVICO 9,Veicolo in marcia contro ostacolo accidentale,Rettilineo,Una carreggiata a doppio senso,Bagnato (umidit� in atto),Asfaltata,Assente,Nuvoloso,Scarso,Sufficiente,Sufficiente,0,0,0,1,"12,58752","41,86881",False
2643694,6,05/01/2016T21:10:00,Strada Urbana,all'intersezione semaforizzata con,VIA TOR DE' SCHIAVI,VIA PRENESTINA,VIA TOR DE' SCHIAVI,,,Infortunio per caduta del veicolo,Incrocio,Due carreggiate,Bagnato (umidit� in atto),Asfaltata,Verticale ed orizzontale,Nuvoloso,Scarso,Sufficiente,Sufficiente,0,0,0,1,,,False
2645157,12,05/01/2016T22:00:00,Provinciale,in prossimit�,del civico n.,VIA LAURENTINA,,1542,,Veicolo in marcia contro ostacolo accidentale,Rettilineo,Una carreggiata a doppio senso,Bagnato (umidit� in atto),Asfaltata,Verticale ed orizzontale,Nuvoloso,Scarso,Insufficiente,Inesistente,0,0,0,1,"12,4992","41,75547",True
2644699,19,05/01/2016T22:00:00,Strada Urbana,in prossimit�,del civico n.,VIA DELL'ACQUEDOTTO DEL PESCHIERA,,20,,Scontro laterale fra veicoli in marcia,Rettilineo,Una carreggiata a senso unico di marcia,Asciutto,Asfaltata,Verticale ed orizzontale,Sereno,Scarso,Buona,Sufficiente,0,0,0,3,"12,42383","41,93952",True
2644123,6,05/01/2016T22:30:00,Strada Urbana,all'intersezione con,VIA FRA MAURO,PIAZZA COPERNICO,VIA FRA MAURO,,,Veicolo in marcia contro veicoli in sosta,Incrocio,Una carreggiata a senso unico di marcia,Bagnato (pioggia),Asfaltata,Verticale ed orizzontale,Nuvoloso,Scarso,Buona,Sufficiente,0,0,0,1,"12,53315","41,88628",True
2644264,7,05/01/2016T22:40:00,Strada Urbana,da specificare,,VIALE PALMIRO TOGLIATTI,,,prossimit� civico 1294 (direttrice via collatina),Veicolo in marcia contro ostacolo fisso,Rettilineo,Due carreggiate,Bagnato (umidit� in atto),Asfaltata,Verticale ed orizzontale,Nuvoloso,Scarso,Sufficiente,Sufficiente,2,0,0,0,"12,57545","41,90194",True
2644670,13,05/01/2016T23:00:00,Strada Urbana,da specificare,,VIA GUIDO CALZA,,,pross. viale dei Romagnoli,Scontro laterale fra veicoli in marcia,Rettilineo,Una carreggiata a senso unico di marcia,Bagnato (pioggia),Asfaltata,Verticale ed orizzontale,Nuvoloso,Scarso,Sufficiente,Sufficiente,1,0,0,2,"12,49637","41,90278",False
2643897,9,05/01/2016T23:00:00,,da specificare,,VIA DI TOR BELLA MONACA,,,alt.palo acea 10,Veicolo in marcia contro ostacolo accidentale,,,,,,,,,,0,0,0,3,,,False
2643702,20,05/01/2016T23:15:00,Strada Urbana,all'intersezione con,LUNGOTEVERE ARNALDO DA BRESCIA,VIA LUISA DI SAVOIA,LUNGOTEVERE ARNALDO DA BRESCIA,,,Scontro laterale fra veicoli in marcia,Incrocio,Una carreggiata a senso unico di marcia,Bagnato (umidit� in atto),Asfaltata,Verticale ed orizzontale,Nuvoloso,Scarso,Buona,Sufficiente,0,0,0,5,"12,47415","41,91132",True
2644835,8,05/01/2016T23:40:00,,da specificare,,VIA DEL PONTE DI NONA,,,altezza rotatoria via Chiodelli dir.  Prenestina,Veicolo in marcia contro ostacolo accidentale,,,,,,,,,,0,0,0,1,,,False
2644836,8,05/01/2016T23:50:00,,da specificare,,VIA DEL PONTE DI NONA,,,altezza rotatoria r. Chiodelli,Veicolo in marcia contro ostacolo accidentale,,,,,,,,,,0,0,0,1,,,False
2644849,8,05/01/2016T23:55:00,Strada Urbana,da specificare,,VIA DEL PONTE DI NONA,,,50 mt dopo rotatoria Matte' Trucco,Veicolo in marcia contro ostacolo accidentale,Rettilineo,Due carreggiate,Bagnato (umidit� in atto),Con buche,Verticale ed orizzontale,Nuvoloso,Scarso,Sufficiente,Sufficiente,0,0,0,2,"12,66005","41,90248",True
2644750,13,06/01/2016T00:15:00,Strada Urbana,all'intersezione con,VIA RUTILIO NAMAZIANO,VIALE DELLA MARINA,VIA RUTILIO NAMAZIANO,,,Scontro frontale/laterale DX fra veicoli in marcia,Incrocio,Una carreggiata a doppio senso,Bagnato (umidit� in atto),Asfaltata,Verticale ed orizzontale,Nuvoloso,Normale,Sufficiente,Sufficiente,0,0,0,5,"12,27719","41,73067",True
2645255,17,06/01/2016T00:30:00,Strada Urbana,in corrispondenza,del palo luce n.,GALLERIA PRINCIPE AMEDEO SAVOIA AOSTA,,099,,Veicolo in marcia contro ostacolo fisso,Curva senza visuale libera,Una carreggiata a senso unico di marcia,Asciutto,Asfaltata,Orizzontale,Sereno,Scarso,Sufficiente,Sufficiente,0,0,0,1,"12,46175","41,89965",True
2644854,8,06/01/2016T01:00:00,,da specificare,,VIA DEL PONTE DI NONA,,,alt. rotatoria via Matte' Trucco dir. Prenestina,Veicolo in marcia contro ostacolo accidentale,,,,,,,,,,0,0,0,4,,,False
2643697,6,06/01/2016T01:00:00,Strada Urbana,da specificare,,Tangenziale Est,,,intersezione TIBURTINA Dir. GRA,Veicolo in marcia contro ostacolo fisso,Cavalcavia,Una carreggiata a senso unico di marcia,Bagnato (pioggia),Asfaltata,Orizzontale,Nuvoloso,Scarso,Buona,Sufficiente,1,0,0,1,"12,53184","41,90815",False
2644961,1,06/01/2016T01:05:00,Strada Urbana,all'intersezione semaforizzata con,VIA ANTONINIANA,VIALE DELLE TERME DI CARACALLA,VIA ANTONINIANA,,,Veicolo in marcia contro ostacolo fisso,Intersezione semaforizzata,Pi� di due carreggiate,Bagnato (umidit� in atto),Asfaltata,Verticale ed orizzontale,Nuvoloso,Scarso,Sufficiente,Sufficiente,0,0,0,1,"12,49516","41,87936",True
2644577,11,06/01/2016T01:15:00,Strada Urbana,da specificare,,PIAZZA BARTOLOMEO ROMANO,,,prossimit� via F. PASSINO,Scontro frontale/laterale DX fra veicoli in marcia,Rettilineo,Pi� di due carreggiate,Asciutto,Asfaltata,Verticale ed orizzontale,Sereno,Scarso,Sufficiente,Sufficiente,0,0,0,3,"12,48522","41,86288",True
2644851,8,06/01/2016T01:45:00,,da specificare,,VIA DEL PONTE DI NONA,,,20 metri dopo rotatoria R. Chiodelli,Veicolo in marcia contro ostacolo accidentale,,,,,,,,,,0,0,0,2,,,False
2644117,16,06/01/2016T01:45:00,Strada Urbana,da specificare,,VIA PORTUENSE,,,prossimit� fronte civico 746,Veicolo in marcia contro ostacolo accidentale,Rettilineo,Una carreggiata a doppio senso,Asciutto,Asfaltata,Assente,Sereno,Normale,Buona,Sufficiente,0,0,0,2,"12,40939","41,84342",True
2654539,18,06/01/2016T02:00:00,Strada Urbana,in prossimit�,del civico n.,VIA DELLA PINETA SACCHETTI,,115,,Veicolo in marcia contro ostacolo fisso,Curva a visuale libera,Una carreggiata a senso unico di marcia,Asciutto,Asfaltata,Verticale ed orizzontale,Sereno,Scarso,Sufficiente,Insufficiente,0,0,0,1,"12,4243","41,91051",True
2643924,9,06/01/2016T02:05:00,Strada Urbana,da specificare,,VIA DI TOR BELLA MONACA,,,alt.palo acea 10,Veicolo in marcia contro ostacolo accidentale,Rettilineo,Due carreggiate,Bagnato (pioggia),Con buche,Verticale ed orizzontale,Nuvoloso,Scarso,Sufficiente,Sufficiente,0,0,0,1,"12,62813","41,87636",True
2644274,12,06/01/2016T02:20:00,Strada Urbana,da specificare,,VIA DELLA PISANA,,,FRONTE CIVICO 332,Fuoriuscita dalla sede stradale,Rettilineo,Una carreggiata a doppio senso,Asciutto,Asfaltata,Verticale ed orizzontale,Nuvoloso,Scarso,Buona,Sufficiente,0,0,0,1,"12,39764","41,85757",True