_ID,_Gruppo,_DataOraIncidente,_Localizzazione1,_Localizzazione2,_Strada1,_DaSpecificare,_NaturaIncidente,_ParticolaritaStrade,_TipoStrada,_FondoStradale,_Pavimentazione,_Segnaletica,_CondizioneAtmosferica,_Traffico,_Visibilita,_Illuminazione,_NUM_FERITI,_NUM_RISERVATA,_NUM_MORTI,_NUM_ILLESI,_Longitudine,_Latitudine,_CONFERMATO,__prefix,_Strada02,_Strada2,_Chilometrica
2643718,20,06/01/2016T04:00:00,,da specificare,,VIALE ESPERIA SPERANI,,,altezza via della stazione di ottavia 185,Veicolo in marcia contro ostacolo fisso,,,,,,,,,,0,0,0,1,,,False
2643700,6,06/01/2016T04:20:00,Strada Urbana,in prossimit�,del civico n.,VIA ATTILIO BENIGNI,,7,,Veicolo in marcia contro ostacolo fisso,Rettilineo,Una carreggiata a doppio senso,Bagnato (umidit� in atto),Asfaltata,Assente,Sereno,Scarso,Sufficiente,Sufficiente,0,0,0,1,"12,56045","41,93022",True
2645986,19,06/01/2016T04:30:00,Strada Urbana,da specificare,,VIA DELLA MAGLIANELLA,,,civ. 297,Veicolo in marcia contro ostacolo fisso,Curva a visuale libera,Una carreggiata a doppio senso,Asciutto,Asfaltata,Verticale,Sereno,Scarso,Insufficiente,Inesistente,0,0,0,3,"12,38178","41,90343",True
2644621,11,06/01/2016T04:30:00,Strada Urbana,all'intersezione con,CIRCONVALLAZIONE OSTIENSE,VIA CAFFARO,CIRCONVALLAZIONE OSTIENSE,,,Scontro frontale/laterale SX fra veicoli in marcia,Intersezione stradale segnalata,Due carreggiate,Bagnato (umidit� in atto),Asfaltata,Verticale ed orizzontale,Nuvoloso,Scarso,Sufficiente,Sufficiente,0,0,0,4,"12,4858","41,86717",True
2646004,19,06/01/2016T05:10:00,Strada Urbana,da specificare,,VIA DELLA MAGLIANELLA,,,civ. 297,Veicolo in marcia contro ostacolo fisso,Curva a visuale libera,Una carreggiata a doppio senso,Asciutto,Asfaltata,Verticale,Sereno,Scarso,Insufficiente,Inesistente,0,0,0,3,"12,38178","41,90343",True
2645077,3,06/01/2016T05:15:00,Strada Urbana,in prossimit�,del civico n.,VIA NOMENTANA,,363,,Veicolo in marcia contro veicolo in sosta,Rettilineo,Una carreggiata a doppio senso,Bagnato (pioggia),Asfaltata,Verticale ed orizzontale,Nuvoloso,Scarso,Sufficiente,Sufficiente,0,0,0,1,"12,52069","41,92419",True
2644753,1,06/01/2016T05:22:00,Strada Urbana,all'intersezione semaforizzata con,VIA DI PORTA MAGGIORE,VIALE MANZONI,VIA DI PORTA MAGGIORE,,,Scontro laterale fra veicoli in marcia,Intersezione semaforizzata,Una carreggiata a doppio senso,Bagnato (pioggia),Asfaltata,Verticale ed orizzontale,Nuvoloso,Scarso,Buona,Sufficiente,0,0,0,2,,,False
2643932,9,06/01/2016T05:30:00,,da specificare,,VIA DI TOR BELLA MONACA,,,prox palo acea 10,Veicolo in marcia contro ostacolo accidentale,,,,,,,,,,0,0,0,3,,,False
2644805,5,06/01/2016T06:10:00,Strada Urbana,in prossimit�,del civico n.,VIA TIBURTINA,,1143,,Veicolo in marcia contro ostacolo fisso,Rettilineo,Una carreggiata a doppio senso,Asciutto,Asfaltata,Temporanea di cantiere,Nuvoloso,Scarso,Insufficiente,Inesistente,0,0,0,2,"12,59514","41,93257",True
2644795,18,06/01/2016T06:30:00,Strada Urbana,in prossimit�,del civico n.,VIA URBANO II,,31,,Veicolo in marcia contro veicolo in sosta,Rettilineo,Una carreggiata a doppio senso,Bagnato (pioggia),Asfaltata,Verticale ed orizzontale,Pioggia in atto,Scarso,Sufficiente,Sufficiente,1,0,0,0,"12,42302","41,90433",False
2645292,2,06/01/2016T08:45:00,Strada Urbana,in prossimit�,del civico n.,CORSO D'ITALIA,,fr. 3A,,Veicolo in marcia contro ostacolo fisso,Rettilineo,Due carreggiate,Bagnato (pioggia),Asfaltata,Verticale ed orizzontale,Nuvoloso,Scarso,Buona,Ore Diurne,0,0,0,1,"13,22242","41,60862",True
2645117,17,06/01/2016T09:00:00,Strada Urbana,da specificare,,LUNGOTEVERE MICHELANGELO,,,in corrispondenza sottovia alt. p.za della libert�,Veicolo in marcia contro ostacolo accidentale,Pendenza,Una carreggiata a senso unico di marcia,Bagnato (pioggia),Con buche,Verticale ed orizzontale,Nuvoloso,Normale,Buona,Ore Diurne,0,0,0,1,"12,47036","41,91219",True
2644584,10,06/01/2016T09:30:00,Strada Urbana,all'intersezione semaforizzata con,VIA TUSCOLANA,VIA SCRIBONIO CURIONE,VIA TUSCOLANA,,,Scontro laterale fra veicoli in marcia,Intersezione semaforizzata,Due carreggiate,Bagnato (pioggia),Asfaltata,Verticale ed orizzontale,Pioggia in atto,Normale,Buona,Ore Diurne,0,0,0,4,"12,55382","41,86365",True
2644857,8,06/01/2016T09:35:00,Strada Urbana,da specificare,,VIA CASILINA,,,altezza palo enel n. 21 ,Veicolo in marcia contro ostacolo fisso,Rettilineo,Una carreggiata a doppio senso,Bagnato (umidit� in atto),Asfaltata,Verticale ed orizzontale,Pioggia in atto,Normale,Buona,Ore Diurne,1,0,0,0,"12,60933","41,86405",False
2644133,18,06/01/2016T09:45:00,Strada Urbana,in prossimit�,del civico n.,VIA DI ACQUAFREDDA,,134,,Scontro frontale fra veicoli in marcia,Rettilineo,Una carreggiata a doppio senso,Bagnato (pioggia),Asfaltata,Orizzontale,Nuvoloso,Normale,Buona,Ore Diurne,1,0,1,3,"12,39606","41,89278",False
2644860,8,06/01/2016T10:00:00,,in prossimit�,del civico n.,VIA DEL PONTE DI NONA,,81,,Veicolo in marcia contro ostacolo accidentale,,,,,,,,,,0,0,0,1,,,False
2644781,20,06/01/2016T10:10:00,Strada Urbana,in corrispondenza,del civico n.,VIALE DI TOR DI QUINTO,,155,,Veicolo in marcia contro ostacolo fisso,Curva a visuale libera,Due carreggiate,Bagnato (pioggia),Asfaltata,Verticale ed orizzontale,Pioggia in atto,Scarso,Buona,Ore Diurne,0,0,0,1,,,False
2644707,20,06/01/2016T10:33:00,Strada Urbana,in prossimit�,del civico n.,VIALE DI TOR DI QUINTO,,155,,Veicoli in marcia contro veicoli fermi,Curva a visuale libera,Due carreggiate,Bagnato (pioggia),Asfaltata,Verticale ed orizzontale,Pioggia in atto,Scarso,Buona,Ore Diurne,0,0,0,5,,,False
2644657,20,06/01/2016T11:15:00,Regionale,da specificare,,VIA FLAMINIA,,,ingresso gallerie Cimitero Flaminio dir Riano,Ribaltamento senza urto contro ostacolo fisso,Curva a visuale libera,Pi� di due carreggiate,Bagnato (pioggia),Asfaltata,Verticale ed orizzontale,Nuvoloso,Normale,Buona,Ore Diurne,1,1,0,0,,,False
2644762,13,06/01/2016T11:20:00,Strada Urbana,all'intersezione con,VIALE DEI ROMAGNOLI,VIA DELLA GENTE SALINATORIA,VIALE DEI ROMAGNOLI,,,Scontro frontale/laterale SX fra veicoli in marcia,Incrocio,Una carreggiata a doppio senso,Bagnato (pioggia),Asfaltata,Verticale ed orizzontale,Nuvoloso,Intenso,Buona,Ore Diurne,0,0,0,4,"12,30322","41,76065",True
2644714,4,06/01/2016T11:25:00,Strada Urbana,in prossimit�,del civico n.,VIA MONTE META,,4,,Scontro laterale fra veicoli in marcia,Rettilineo,Una carreggiata a senso unico di marcia,Asciutto,Asfaltata,Verticale ed orizzontale,Nuvoloso,Normale,Sufficiente,Ore Diurne,0,0,0,5,"12,53759","41,94448",True
2645194,12,06/01/2016T11:30:00,Strada Urbana,in prossimit�,del civico n.,VIA FIUME DELLE PERLE,,11,,Investimento di pedone,Rettilineo,Una carreggiata a doppio senso,Bagnato (pioggia),Asfaltata,Verticale ed orizzontale,Pioggia in atto,Scarso,Sufficiente,Ore Diurne,1,0,0,1,"12,43666","41,80925",False
2644704,16,06/01/2016T12:00:00,Strada Urbana,in prossimit�,del civico n.,CIRCONVALLAZIONE GIANICOLENSE,,77,,Veicolo in marcia contro ostacolo accidentale,Rettilineo,Pi� di due carreggiate,Bagnato (umidit� in atto),Asfaltata,Verticale ed orizzontale,Nuvoloso,Normale,Buona,Ore Diurne,0,0,0,1,"12,45913","41,87113",True
2645293,2,06/01/2016T12:20:00,Strada Urbana,da specificare,,VIA SAVERIO MERCADANTE,,,in corrispondenza VIA CARISSIMI,Veicolo in marcia contro veicoli in sosta,Rettilineo,Una carreggiata a senso unico di marcia,Asciutto,Asfaltata,Verticale ed orizzontale,Nuvoloso,Scarso,Buona,Ore Diurne,0,0,0,1,"12,49072","41,91884",True
2644802,4,06/01/2016T12:45:00,Strada Urbana,all'intersezione con,VIA EMILIO PRAGA,VIA ACHILLE TORELLI,VIA EMILIO PRAGA,,,Scontro frontale/laterale SX fra veicoli in marcia,Incrocio,Una carreggiata a senso unico di marcia,Bagnato (pioggia),Asfaltata,Verticale ed orizzontale,Nuvoloso,Scarso,Buona,Ore Diurne,0,0,0,3,"12,55764","41,94569",True
2644694,20,06/01/2016T12:50:00,Regionale entro l'abitato,in prossimit�,del civico n.,VIA FLAMINIA,,575,,Investimento di pedone,Rettilineo,Una carreggiata a doppio senso,Asciutto,Asfaltata,,Nuvoloso,Normale,Buona,Ore Diurne,1,0,0,1,,,False
2645111,3,06/01/2016T13:50:00,Strada Urbana,in prossimit�,del civico n.,CIRCONVALLAZIONE NOMENTANA,,214,,Veicolo in marcia contro veicoli in sosta,Rettilineo,Una carreggiata a senso unico di marcia,Bagnato (pioggia),Asfaltata,Orizzontale,Pioggia in atto,Scarso,Buona,Ore Diurne,0,0,0,1,"12,52634","41,92078",True
2644820,16,06/01/2016T14:10:00,Strada Urbana,all'intersezione con,VIA DEGLI ORTI DI CESARE,VIA PORTUENSE,VIA DEGLI ORTI DI CESARE,,,Scontro laterale fra veicoli in marcia,Intersezione semaforizzata,Una carreggiata a doppio senso,Bagnato (umidit� in atto),Asfaltata,Verticale ed orizzontale,Nuvoloso,Normale,Buona,Ore Diurne,0,0,0,5,"12,46742","41,87275",True
2644627,9,06/01/2016T14:15:00,Strada Urbana,all'intersezione semaforizzata con,VIA APPIA NUOVA,VIA CARLO CIPOLLA,VIA APPIA NUOVA,,,Scontro laterale fra veicoli in marcia,Incrocio,Una carreggiata a doppio senso,Asciutto,Asfaltata,Verticale ed orizzontale,Sereno,Scarso,Buona,Ore Diurne,0,0,0,2,"12,52967","41,86605",False
2644867,8,06/01/2016T14:15:00,,da specificare,,VIA PRENESTINA,,,100 metri dopo bivio via Polense,Veicolo in marcia contro ostacolo accidentale,,,,,,,,,,0,0,0,1,,,False
2644713,10,06/01/2016T14:45:00,Strada Urbana,in corrispondenza,del civico n.,VIA DEI SETTE METRI,,44,,Veicolo in marcia contro ostacolo accidentale,Rettilineo,Una carreggiata a doppio senso,Asciutto,Asfaltata,Orizzontale,Nuvoloso,Scarso,Buona,Ore Diurne,0,0,0,1,"12,60793","41,81639",True
2644808,5,06/01/2016T15:00:00,Strada Urbana,da specificare,,VIA BELMONTE IN SABINA,,,cavalcavia G.R.A. direz. Fonte Nuova,Veicolo in marcia contro ostacolo fisso,Cavalcavia,Due carreggiate,Bagnato (umidit� in atto),Asfaltata,Verticale ed orizzontale,Pioggia in atto,Scarso,Buona,Ore Diurne,0,0,0,1,"12,59172","41,94551",True
2644759,10,06/01/2016T15:10:00,Strada Urbana,in prossimit�,del civico n.,VIALE BRUNO RIZZIERI,,137,,Veicolo in marcia contro veicoli in sosta,Rettilineo,Due carreggiate,Asciutto,Asfaltata,Verticale ed orizzontale,Nuvoloso,Scarso,Buona,Ore Diurne,0,0,0,1,"12,58843","41,85272",True
2644254,12,06/01/2016T15:20:00,Strada Urbana,da specificare,,VIA CRISTOFORO COLOMBO,,,"carreggiata laterale alt. Km. 15,100 (Dir. Roma) ",Veicolo in marcia contro ostacolo accidentale,Rettilineo,Pi� di due carreggiate,Asciutto,Asfaltata,Verticale ed orizzontale,Nuvoloso,Scarso,Buona,Ore Diurne,0,0,0,1,"12,42559","41,78857",True
2644954,1,06/01/2016T15:30:00,Strada Urbana,all'intersezione semaforizzata con,VIA DI PORTA MAGGIORE,VIALE MANZONI,VIA DI PORTA MAGGIORE,,,Tamponamento,Intersezione semaforizzata,Una carreggiata a doppio senso,Asciutto,Asfaltata,Verticale ed orizzontale,Nuvoloso,Normale,Buona,Ore Diurne,0,0,0,3,"12,50772","41,89117",True
2644720,10,06/01/2016T15:35:00,Strada Urbana,da specificare,,VIA AL QUARTO MIGLIO,,,ALTEZZA VIA VENOSA,Infortunio per sola frenata improvvisa,Rettilineo,Una carreggiata a senso unico di marcia,Asciutto,Asfaltata,Verticale ed orizzontale,Nuvoloso,Scarso,Buona,Ore Diurne,1,0,0,2,"12,54571","41,84498",True
2644869,8,06/01/2016T16:40:00,Strada Urbana,da specificare,,VIA VINCENZO BONIFATI,,,altezza uscita autostrada A24,Scontro laterale fra veicoli in marcia,Curva a visuale libera,Due carreggiate,Bagnato (pioggia),Asfaltata,Verticale ed orizzontale,Pioggia in atto,Intenso,Buona,Sufficiente,0,0,0,6,"12,66037","41,9164",True
2644592,9,06/01/2016T17:30:00,Strada Urbana,all'intersezione semaforizzata con,CIRCONVALLAZIONE APPIA,PIAZZA CAMILLO RE,CIRCONVALLAZIONE APPIA,,,Scontro laterale fra veicoli in marcia,Incrocio,Una carreggiata a doppio senso,Bagnato (pioggia),Asfaltata,Verticale ed orizzontale,Pioggia in atto,Scarso,Buona,Ore Diurne,0,0,0,4,"12,51643","41,87654",True
2645087,17,06/01/2016T18:00:00,Strada Urbana,all'intersezione con,VIA DELLA CONCILIAZIONE,LARGO GIOVANNI XXIII,VIA DELLA CONCILIAZIONE,,,Tamponamento,Incrocio,Una carreggiata a senso unico di marcia,Asciutto,Acciotolata,Verticale ed orizzontale,Nuvoloso,Normale,Sufficiente,Sufficiente,2,0,0,1,"12,46435","41,90251",False
2645348,16,06/01/2016T18:10:00,Strada Urbana,da specificare,,VIA AURELIA ANTICA,,,in prossimit� palo Acea 90,Scontro frontale/laterale SX fra veicoli in marcia,Rettilineo,Una carreggiata a doppio senso,Bagnato (umidit� in atto),Asfaltata,Verticale ed orizzontale,Nuvoloso,Normale,Sufficiente,Sufficiente,0,0,0,4,"12,45404","41,88882",True
2644806,13,06/01/2016T18:45:00,Strada Urbana,in corrispondenza,del civico n.,LUNGOMARE PAOLO TOSCANELLI,,58,,Scontro laterale fra veicoli in marcia,Rettilineo,Due carreggiate,Bagnato (pioggia),Asfaltata,Orizzontale,Pioggia in atto,Normale,Buona,Sufficiente,2,0,0,3,"12,28041","41,72858",False
2645031,2,06/01/2016T19:05:00,Strada Urbana,in corrispondenza,del civico n.,LUNGOTEVERE FLAMINIO,,55,,Tamponamento,Rettilineo,Una carreggiata a doppio senso,Bagnato (pioggia),Asfaltata,Verticale ed orizzontale,Nuvoloso,Normale,Sufficiente,Sufficiente,3,0,0,1,"12,4652","41,92367",False
2644873,8,06/01/2016T19:30:00,Strada Urbana,da specificare,,VIALE DUILIO CAMBELLOTTI,,,altezza via O. Placidi,Veicolo in marcia contro ostacolo accidentale,Rettilineo,Due carreggiate,Bagnato (pioggia),Asfaltata,Verticale ed orizzontale,Nuvoloso,Normale,Buona,Sufficiente,0,0,0,4,"12,62935","41,86719",True
2644689,6,06/01/2016T19:40:00,Strada Urbana,all'intersezione con,VIA PLACIDO ZURLA,VIA CASILINA,VIA PLACIDO ZURLA,,,Veicolo in marcia contro veicolo in sosta,Incrocio,Due carreggiate,Bagnato (pioggia),Asfaltata,Verticale ed orizzontale,Nuvoloso,Scarso,Sufficiente,Sufficiente,0,0,0,1,"12,53381","41,88314",True
2644719,19,06/01/2016T19:45:00,Strada Urbana,in corrispondenza,del civico n.,VIA PIETRO ADAMI,,6,,Veicolo in marcia contro veicoli in sosta,Rettilineo,Una carreggiata a senso unico di marcia,Bagnato (pioggia),Asfaltata,Orizzontale,Pioggia in atto,Scarso,Buona,Sufficiente,0,0,0,0,"12,41951","41,92583",True
2644875,8,06/01/2016T19:45:00,,in prossimit�,del civico n.,VIA DEL PONTE DI NONA,,81,,Veicolo in marcia contro ostacolo accidentale,,,,,,,,,,0,0,0,1,,,False
2645078,17,06/01/2016T20:00:00,Strada Urbana,in corrispondenza,del civico n.,PIAZZA GIUSEPPE MAZZINI,,20,,Tamponamento,Rotatoria,Una carreggiata a senso unico di marcia,Bagnato (pioggia),Asfaltata,Verticale ed orizzontale,Pioggia in atto,Scarso,Sufficiente,Sufficiente,0,0,0,4,"12,46309","41,91543",False
2644879,8,06/01/2016T20:15:00,,all'intersezione con,VIA FILIPPO CESARE ANNESSI,VIALE DEI ROMANISTI,VIA FILIPPO CESARE ANNESSI,,,Veicolo in marcia contro ostacolo accidentale,,,,,,,,,,0,0,0,1,,,False
2644794,4,06/01/2016T20:30:00,Strada Urbana,da specificare,,VIA DELLE VALLI,,,FC 120,Veicolo in marcia contro ostacolo accidentale,Rettilineo,Una carreggiata a senso unico di marcia,Bagnato (pioggia),Asfaltata,Verticale ed orizzontale,Pioggia in atto,Normale,Sufficiente,Sufficiente,0,0,0,1,"12,52393","41,93592",True
2645589,16,06/01/2016T21:00:00,Strada Urbana,all'intersezione semaforizzata con,PIAZZA FLAVIO BIONDO,CIRCONVALLAZIONE GIANICOLENSE,PIAZZA FLAVIO BIONDO,,,Investimento di pedone,Intersezione semaforizzata,Pi� di due carreggiate,Bagnato (pioggia),Asfaltata,Verticale ed orizzontale,Pioggia in atto,Normale,Sufficiente,Sufficiente,1,0,0,0,"12,44956","41,87247",False
2644932,7,06/01/2016T21:05:00,,in prossimit�,del civico n.,VIALE PALMIRO TOGLIATTI,,851,,Veicolo in marcia contro ostacolo accidentale,,,,,,,,,,1,0,0,4,,,False
2644793,6,06/01/2016T21:30:00,Strada Urbana,da specificare,,VIALE DELLA PRIMAVERA,,,fronte civico 51,Veicolo in marcia contro veicolo in sosta,Rettilineo,Due carreggiate,Bagnato (pioggia),Asfaltata,Assente,Pioggia in atto,Normale,Buona,Sufficiente,0,0,0,2,"12,56057","41,88193",True
2645055,17,06/01/2016T21:40:00,Strada Urbana,in prossimit�,del civico n.,VIA CRESCENZIO,,14,,Scontro laterale fra veicoli in marcia,Rettilineo,Una carreggiata a doppio senso,Bagnato (pioggia),In cubetti di porfido,Verticale ed orizzontale,Pioggia in atto,Scarso,Sufficiente,Sufficiente,0,0,0,4,"12,4657","41,90574",True
2646304,23,06/01/2016T22:03:00,Strada Urbana,all'intersezione con,VIA DELL'ELETTRONICA,VIALE PASTEUR,VIA DELL'ELETTRONICA,,,Scontro frontale/laterale DX fra veicoli in marcia,Incrocio,Una carreggiata a doppio senso,Bagnato (pioggia),Asfaltata,Verticale ed orizzontale,Pioggia in atto,Scarso,Sufficiente,Sufficiente,0,0,0,2,"12,46381","41,8338",True
2644672,11,06/01/2016T22:30:00,Strada Urbana,da specificare,,VIADOTTO DELLA MAGLIANA,,,prossimit� VIA DEL CAPPELLACCIO,Ribaltamento senza urto contro ostacolo fisso,Curva a visuale libera,Due carreggiate,Bagnato (pioggia),Asfaltata,Verticale ed orizzontale,Pioggia in atto,Normale,Insufficiente,Inesistente,0,0,0,2,"12,45943","41,83851",True
2647301,3,06/01/2016T22:45:00,Strada Urbana,da specificare,,NUOVA CIRCONVALLAZIONE INTERNA,,,altezza svincolo A24 direzione Salaria,Veicolo in marcia contro ostacolo fisso,Curva senza visuale libera,Due carreggiate,Bagnato (pioggia),Asfaltata,Orizzontale,Pioggia in atto,Scarso,Buona,Sufficiente,0,0,0,3,"12,53367","41,90849",True
2644959,3,06/01/2016T23:00:00,Strada Urbana,da specificare,,CIRCONVALLAZIONE NOMENTANA,,,alt. svicolo Nomentana dir. Salaria,Veicolo in marcia contro ostacolo fisso,Rettilineo,Due carreggiate,Bagnato (pioggia),Asfaltata,Verticale ed orizzontale,Pioggia in atto,Normale,Buona,Ore Diurne,0,0,0,2,"12,52703","41,92935",True
2644826,4,06/01/2016T23:05:00,Strada Urbana,all'intersezione con,VIA RAMIRO FABIANI,LARGO DI PIETRALATA,VIA RAMIRO FABIANI,,,Veicolo in marcia contro ostacolo accidentale,Incrocio,Una carreggiata a doppio senso,Bagnato (pioggia),Asfaltata,Verticale,Pioggia in atto,Normale,Sufficiente,Sufficiente,0,0,0,1,"12,55162","41,91951",True
2644812,5,06/01/2016T23:30:00,Strada Urbana,all'intersezione semaforizzata con,VIA VIRGILIO TALLI,VIA PIAN DI SCO,VIA VIRGILIO TALLI,,,Scontro frontale/laterale DX fra veicoli in marcia,Incrocio,Una carreggiata a doppio senso,Bagnato (umidit� in atto),Asfaltata,Verticale ed orizzontale,Nuvoloso,Scarso,Buona,Sufficiente,0,0,0,3,"12,51827","41,96466",True
2645221,12,06/01/2016T23:30:00,Provinciale,in prossimit�,della chilometrica,VIA DI PRATICA,,1.7,,Veicolo in marcia contro ostacolo fisso,Pendenza,Una carreggiata a doppio senso,Bagnato (umidit� in atto),Asfaltata,Verticale ed orizzontale,Nuvoloso,Scarso,Sufficiente,Inesistente,0,0,0,0,"12,43218","41,70145",True
2644844,6,06/01/2016T23:45:00,,all'intersezione con,VIA GIOVANNI CAMILLO PERESIO,VIA CASILINA,VIA GIOVANNI CAMILLO PERESIO,,,Scontro frontale/laterale DX fra veicoli in marcia,,,,,,,,,,0,1,0,1,,,False
2644654,8,07/01/2016T00:15:00,Strada Urbana,all'intersezione semaforizzata con,VIA DI GROTTE CELONI,VIA CASILINA,VIA DI GROTTE CELONI,,,Scontro laterale fra veicoli in marcia,Intersezione stradale segnalata,Una carreggiata a doppio senso,Bagnato (pioggia),Asfaltata,Verticale ed orizzontale,Pioggia in atto,Normale,Buona,Sufficiente,0,0,0,5,"12,60933","41,86405",True
2644676,11,07/01/2016T01:15:00,Strada Urbana,in corrispondenza,del civico n.,VIA DI TOR CARBONE,,102,,Fuoriuscita dalla sede stradale,Curva senza visuale libera,Una carreggiata a doppio senso,Bagnato (pioggia),Asfaltata,Assente,Sereno,Scarso,Sufficiente,Sufficiente,0,0,0,1,"12,53437","41,82865",True
2644656,8,07/01/2016T01:20:00,Strada Urbana,all'intersezione semaforizzata con,VIA AMULIO,VIA DELLE CAVE,VIA AMULIO,,,Scontro frontale/laterale SX fra veicoli in marcia,Intersezione semaforizzata,Due carreggiate,Bagnato (pioggia),Asfaltata,Verticale ed orizzontale,Pioggia in atto,Normale,Buona,Sufficiente,0,0,0,2,"12,53001","41,87174",True
2649197,23,07/01/2016T01:45:00,Strada Urbana,all'intersezione con,VIA ADELAIDE BONO CAIROLI,VIA ROSA GUARNIERI CARDUCCI,VIA ADELAIDE BONO CAIROLI,,,Scontro frontale/laterale SX fra veicoli in marcia,Incrocio,Una carreggiata a senso unico di marcia,Bagnato (pioggia),Asfaltata,Verticale ed orizzontale,Pioggia in atto,Scarso,Sufficiente,Sufficiente,2,0,0,2,"12,48994","41,85783",True
2644691,11,07/01/2016T02:10:00,Strada Urbana,in corrispondenza,del civico n.,VIA DELL'ALMONE,,37,,Veicolo in marcia contro ostacolo fisso,Rettilineo,Una carreggiata a doppio senso,Bagnato (pioggia),Asfaltata,Verticale ed orizzontale,Sereno,Scarso,Sufficiente,Sufficiente,1,0,0,0,"12,53229","41,85791",False
2644703,1,07/01/2016T03:00:00,Strada Urbana,in prossimit�,del civico n.,VIALE DI TRASTEVERE,,143,,Tamponamento,Rettilineo,Pi� di due carreggiate,Asciutto,Asfaltata,Verticale ed orizzontale,Nuvoloso,Scarso,Sufficiente,Sufficiente,0,0,0,3,"12,46989","41,884",True
2644833,4,07/01/2016T03:20:00,Strada Urbana,all'intersezione con,VIA GAETANO MARTINO,VIA PIAN DI SCO,VIA GAETANO MARTINO,,,Veicolo in marcia contro ostacolo fisso,Incrocio,Una carreggiata a doppio senso,Bagnato (pioggia),Asfaltata,Verticale ed orizzontale,Nuvoloso,Normale,Buona,Sufficiente,0,0,0,1,"12,51844","41,96171",True
2646000,17,07/01/2016T03:40:00,Strada Urbana,da specificare,,VIALE DELLO STADIO OLIMPICO,,,in prossimit� L.GO FERRARIS IV,Veicolo in marcia contro ostacolo fisso,Rettilineo,Una carreggiata a senso unico di marcia,Bagnato (pioggia),Asfaltata,Verticale ed orizzontale,Pioggia in atto,Scarso,Sufficiente,Sufficiente,0,0,0,1,"12,45417","41,9299",True
2644834,1,07/01/2016T05:45:00,Strada Urbana,in prossimit�,del civico n.,VIA GREGORIO VII,,59,,Scontro frontale fra veicoli in marcia,Rettilineo,Una carreggiata a senso unico di marcia,Bagnato (pioggia),Asfaltata,Verticale ed orizzontale,Sereno,Scarso,Sufficiente,Sufficiente,1,0,0,1,,,False
2645019,12,07/01/2016T06:15:00,Provinciale,da specificare,,VIA ARDEATINA,,,"direzione Roma, alt. km. 17.700",Veicolo in marcia contro ostacolo accidentale,Rettilineo,Una carreggiata a doppio senso,Bagnato (pioggia),Con buche,Verticale ed orizzontale,Nuvoloso,Scarso,Insufficiente,Inesistente,0,0,0,2,"12,56187","41,73933",True
2646099,20,07/01/2016T06:20:00,Strada Urbana,all'intersezione semaforizzata con,CORSO DI FRANCIA,VIA DI VILLA SEVERINI,CORSO DI FRANCIA,,,Scontro laterale fra veicoli in marcia,Intersezione semaforizzata,Una carreggiata a senso unico di marcia,Bagnato (pioggia),Asfaltata,Verticale ed orizzontale,Nuvoloso,Intenso,Buona,Ore Diurne,0,0,0,3,"12,4706","41,94834",True
2645041,12,07/01/2016T07:00:00,Provinciale,da specificare,,VIA ARDEATINA,,,"dir.ne Roma, alt. km. 17.700",Veicolo in marcia contro ostacolo accidentale,Rettilineo,Una carreggiata a doppio senso,Bagnato (pioggia),Con buche,Verticale ed orizzontale,Nuvoloso,Scarso,Insufficiente,Inesistente,0,0,0,1,"12,56942","41,73203",True
2645498,9,07/01/2016T07:10:00,Strada Urbana,in prossimit�,del civico n.,VIA APPIA NUOVA,,390,,Scontro frontale/laterale SX fra veicoli in marcia,Rettilineo,Pi� di due carreggiate,Bagnato (umidit� in atto),Asfaltata,Verticale ed orizzontale,Nuvoloso,Normale,Buona,Ore Diurne,0,0,0,2,"12,52143","41,876",True
2645947,5,07/01/2016T07:30:00,Strada Urbana,all'intersezione con,VIA FILOTTRANO,VIA DEL CASALE DI S. BASILIO,VIA FILOTTRANO,,,Infortunio per sola frenata improvvisa,Incrocio,Una carreggiata a doppio senso,Bagnato (pioggia),Asfaltata,Orizzontale,Pioggia in atto,Normale,Buona,Ore Diurne,1,0,0,1,"12,57855","41,93847",True
2645059,12,07/01/2016T07:50:00,Provinciale,da specificare,,VIA ARDEATINA,,,"dir.ne Roma, alt. km. 17.700",Veicolo in marcia contro ostacolo accidentale,Rettilineo,Una carreggiata a doppio senso,Bagnato (pioggia),Con buche,Verticale ed orizzontale,Nuvoloso,Scarso,Insufficiente,Inesistente,0,0,0,2,"12,57526","41,71999",True
2645073,12,07/01/2016T08:10:00,Provinciale entro l'abitato,in corrispondenza,del civico n.,VIA OSTIENSE,,537,,Scontro frontale/laterale SX fra veicoli in marcia,Curva senza visuale libera,Una carreggiata a doppio senso,Bagnato (umidit� in atto),Asfaltata,Verticale ed orizzontale,Nuvoloso,Intenso,Buona,Ore Diurne,1,0,0,1,"12,46949","41,84424",True