_ID,_Gruppo,_DataOraIncidente,_Localizzazione1,_Localizzazione2,_Strada1,_DaSpecificare,_NaturaIncidente,_ParticolaritaStrade,_TipoStrada,_FondoStradale,_Pavimentazione,_Segnaletica,_CondizioneAtmosferica,_Traffico,_Visibilita,_Illuminazione,_NUM_FERITI,_NUM_RISERVATA,_NUM_MORTI,_NUM_ILLESI,_Longitudine,_Latitudine,_CONFERMATO,__prefix,_Strada02,_Strada2,_Chilometrica
2646009,17,07/01/2016T08:10:00,Strada Urbana,all'intersezione con,VIALE DEI BASTIONI DI MICHELANGELO,VIALE VATICANO,VIALE DEI BASTIONI DI MICHELANGELO,,,Scontro laterale fra veicoli in marcia,Incrocio,Una carreggiata a senso unico di marcia,Asciutto,Asfaltata,Verticale ed orizzontale,Nuvoloso,Normale,Buona,Ore Diurne,0,0,0,2,"12,45609","41,90631",True
2646053,5,07/01/2016T08:45:00,Strada Urbana,all'intersezione con,VIA NICOLA MARIA NICOLAI,VIA DEL CASALE DI S. BASILIO,VIA NICOLA MARIA NICOLAI,,,Scontro frontale/laterale DX fra veicoli in marcia,Incrocio,Una carreggiata a doppio senso,Bagnato (pioggia),Asfaltata,Verticale ed orizzontale,Nuvoloso,Normale,Buona,Ore Diurne,0,0,0,3,"12,56881","41,94452",True
2646027,17,07/01/2016T08:50:00,Strada Urbana,da specificare,,LUNGOTEVERE DEI MELLINI,,,sottovia di p.za della libert�,Veicolo in marcia contro ostacolo accidentale,Rettilineo,Una carreggiata a senso unico di marcia,Asciutto,Asfaltata,Verticale ed orizzontale,Sereno,Normale,Buona,Ore Diurne,0,0,0,1,"12,47159","41,90962",True
2646203,1,07/01/2016T08:55:00,Strada Urbana,in corrispondenza,del civico n.,VIA FILIPPO TURATI,,141,,Scontro laterale fra veicoli in marcia,Rettilineo,Una carreggiata a senso unico di marcia,Bagnato (umidit� in atto),Asfaltata,Assente,Nuvoloso,Normale,Sufficiente,Ore Diurne,0,0,0,2,"12,50491","41,89699",False
2646078,10,07/01/2016T09:00:00,Strada Urbana,in corrispondenza,del civico n.,PIAZZA DEL QUADRARETTO,,11,,Infortunio per sola frenata improvvisa,Curva senza visuale libera,Una carreggiata a senso unico di marcia,Bagnato (umidit� in atto),Asfaltata,Orizzontale,Nuvoloso,Intenso,Buona,Ore Diurne,1,0,0,1,"12,5474","41,86293",True
2645954,20,07/01/2016T09:00:00,Strada Urbana,in corrispondenza,del civico n.,VIA CASSIA,,1535,,Tamponamento,Rettilineo,Una carreggiata a doppio senso,Bagnato (pioggia),Asfaltata,Verticale ed orizzontale,Nuvoloso,Intenso,Buona,Ore Diurne,1,0,0,3,,,False
2655164,18,07/01/2016T09:00:00,Strada Urbana,all'intersezione con,VIA ACHILLE LUIGI BONANOME,VIA DI BOCCEA,VIA ACHILLE LUIGI BONANOME,,,Scontro laterale fra veicoli in marcia,Intersezione non regolata/non segnalata,Una carreggiata a doppio senso,Asciutto,Asfaltata,Verticale ed orizzontale,Sereno,Normale,Buona,Ore Diurne,1,0,0,2,"12,38866","41,91393",False
2646029,4,07/01/2016T09:10:00,Strada Urbana,all'intersezione con,VIA DELLE VIGNE NUOVE,VIA VILLA DI FAONTE,VIA DELLE VIGNE NUOVE,,,Tamponamento,Incrocio,Una carreggiata a doppio senso,Asciutto,Asfaltata,Verticale ed orizzontale,Nuvoloso,Normale,Buona,Ore Diurne,1,0,0,1,"12,54028","41,95001",True
2645627,16,07/01/2016T09:15:00,Strada Urbana,in prossimit�,del civico n.,VIALE DEI COLLI PORTUENSI,,115,,Tamponamento,Rettilineo,Due carreggiate,Bagnato (umidit� in atto),Asfaltata,Verticale ed orizzontale,Nuvoloso,Normale,Buona,Ore Diurne,2,0,0,0,"12,44328","41,87241",False
2645509,9,07/01/2016T09:30:00,Strada Urbana,in prossimit�,del civico n.,VIA CREMA,,5,,Tamponamento,Rettilineo,Una carreggiata a doppio senso,Asciutto,Asfaltata,Verticale ed orizzontale,Sereno,Normale,Buona,Ore Diurne,0,0,0,3,"12,52252","41,88362",True
2646025,20,07/01/2016T09:30:00,Regionale entro l'abitato,in corrispondenza,del civico n.,VIA CASSIA,,637,,Veicolo in marcia contro veicolo in sosta,Rettilineo,Una carreggiata a doppio senso,Bagnato (pioggia),Asfaltata,Assente,Nuvoloso,Intenso,Buona,Ore Diurne,0,0,0,1,,,False
2659342,19,07/01/2016T09:45:00,Strada Urbana,da specificare,,VIA DEL QUARTACCIO,,,alt. depuratore,Veicolo in marcia contro ostacolo accidentale,Curva a visuale libera,Una carreggiata a doppio senso,Asciutto,Asfaltata,Orizzontale,Sereno,Normale,Buona,Ore Diurne,0,0,0,1,"12,39426","41,91874",True
2645956,11,07/01/2016T10:00:00,Strada Urbana,all'intersezione con,VIA AUGUSTO VERA,VIA ADOLFO RAVA',VIA AUGUSTO VERA,,,Scontro laterale fra veicoli in marcia,Rotatoria,Una carreggiata a doppio senso,Asciutto,Asfaltata,Verticale ed orizzontale,Sereno,Normale,Buona,Ore Diurne,1,0,0,1,"12,48829","41,84448",True
2645887,8,07/01/2016T10:10:00,,da specificare,,VIALE DUILIO CAMBELLOTTI,,,alt. Via Orazio Placidi,Veicolo in marcia contro ostacolo accidentale,,,,,,,,,,0,0,0,1,,,False
2645767,13,07/01/2016T10:30:00,Strada Urbana,da specificare,,VIA MAR DEI CORALLI,,,in corrispondenza di Via Mar dei Sargassi,Tamponamento Multiplo,Rettilineo,Una carreggiata a doppio senso,Asciutto,Asfaltata,Assente,Sereno,Intenso,Buona,Ore Diurne,0,0,0,3,"12,30154","41,72973",True
2645764,13,07/01/2016T10:30:00,Strada Urbana,da specificare,,VIALE DELLA VILLA DI PLINIO,,,snc,Scontro laterale fra veicoli in marcia,Rettilineo,Due carreggiate,Bagnato (pioggia),Asfaltata,Orizzontale,Nuvoloso,Normale,Buona,Ore Diurne,1,0,0,1,"12,34126","41,71481",True
2645112,1,07/01/2016T10:45:00,Strada Urbana,da specificare,,PIAZZALE UGO LA MALFA,,,(altezza Monumento),Veicolo in marcia contro ostacolo fisso,Curva a visuale libera,Una carreggiata a senso unico di marcia,Asciutto,Asfaltata,Verticale ed orizzontale,Nuvoloso,Normale,Buona,Ore Diurne,1,0,0,0,"12,48491","41,8853",True
2645926,5,07/01/2016T10:45:00,Strada Urbana,da specificare,,VIA GIUSEPPE ANTONIO ANDRIULLI,,,prossimit� A24 direzione Serenissima,Scontro laterale fra veicoli in marcia,Rettilineo,Due carreggiate,Asciutto,Asfaltata,Orizzontale,Nuvoloso,Normale,Buona,Ore Diurne,0,0,0,3,"12,55693","41,90301",True
2649210,23,07/01/2016T11:00:00,Strada Urbana,in prossimit�,del civico n.,VIA PROSPERO ALPINO,,69,,Veicolo in marcia contro veicolo in sosta,Rettilineo,Una carreggiata a senso unico di marcia,Bagnato (umidit� in atto),Asfaltata,Verticale ed orizzontale,Pioggia in atto,Scarso,Buona,Ore Diurne,0,0,0,1,"12,48697","41,86741",True
2645532,9,07/01/2016T11:00:00,,all'intersezione semaforizzata con,VIA ALFREDO BACCARINI,CIRCONVALLAZIONE APPIA,VIA ALFREDO BACCARINI,,,Scontro frontale fra veicoli in marcia,,,,,,,,,,1,0,0,1,"12,51646","41,8762",False
2646090,3,07/01/2016T11:15:00,Strada Urbana,all'intersezione con,VIALE DELLO SCALO S. LORENZO,PORTA MAGGIORE,VIALE DELLO SCALO S. LORENZO,,,Scontro laterale fra veicoli in marcia,Incrocio,Una carreggiata a senso unico di marcia,Asciutto,Asfaltata,Verticale ed orizzontale,Sereno,Normale,Sufficiente,Ore Diurne,0,0,0,3,"12,5155","41,89231",True
2646150,1,07/01/2016T11:15:00,Strada Urbana,in prossimit�,del palo luce n.,LUNGOTEVERE IN AUGUSTA,,13,,Scontro frontale/laterale DX fra veicoli in marcia,Rettilineo,Una carreggiata a senso unico di marcia,Asciutto,Asfaltata,Verticale ed orizzontale,Sereno,Normale,Buona,Ore Diurne,0,0,0,2,,,False
2645921,11,07/01/2016T11:15:00,Strada Urbana,in corrispondenza,del civico n.,VIALE GUGLIELMO MARCONI,,419,,Scontro laterale fra veicoli in marcia,Rettilineo,Due carreggiate,Asciutto,Asfaltata,Verticale ed orizzontale,Sereno,Scarso,Buona,Ore Diurne,0,0,0,3,"12,47147","41,85676",True
2647835,1,07/01/2016T11:20:00,Strada Urbana,in prossimit�,del civico n.,VIA DI S. AGATA DEI GOTI,,8,,Veicolo in marcia contro veicoli in sosta,Rettilineo,Una carreggiata a senso unico di marcia,Asciutto,Acciotolata,Verticale,Sereno,Normale,Buona,Ore Diurne,0,0,0,1,"12,48915","41,89508",False
2645886,11,07/01/2016T11:20:00,Strada Urbana,da specificare,,PIAZZALE ANTONIO TOSTI,,,fr. civ.1,Investimento di pedone,Rettilineo,Una carreggiata a doppio senso,Asciutto,Asfaltata,Verticale ed orizzontale,Nuvoloso,Normale,Buona,Ore Diurne,1,0,0,1,"12,50134","41,85736",True
2645948,13,07/01/2016T11:24:00,,all'intersezione con,VIA DI ACILIA,PIAZZA DEI SICANI,VIA DI ACILIA,,,Veicolo in marcia contro veicolo fermo,,,,,,,,,,0,0,0,1,"12,36439","41,78458",False
2655424,18,07/01/2016T11:30:00,Strada Urbana,da specificare,,VIA ANASTASIO II,,,in prossimit� di Via Giacinto De' Vecchi Pieralice,Veicolo in marcia contro ostacolo fisso,Rettilineo,Due carreggiate,Asciutto,Strada pavimentata dissestata,Verticale ed orizzontale,Sereno,Normale,Buona,Ore Diurne,0,0,0,1,"12,44247","41,89998",True
2646048,4,07/01/2016T11:30:00,Provinciale,in prossimit�,della chilometrica,VIA NOMENTANA,,12.1,,Tamponamento,Rettilineo,Una carreggiata a doppio senso,Asciutto,Asfaltata,Verticale ed orizzontale,Sereno,Normale,Buona,Ore Diurne,2,0,0,1,"12,55238","41,94111",True
2645964,1,07/01/2016T12:00:00,Strada Urbana,all'intersezione con,VIA SOLFERINO,PIAZZA DELL'INDIPENDENZA,VIA SOLFERINO,,,Scontro frontale/laterale DX fra veicoli in marcia,Incrocio,Pi� di due carreggiate,Asciutto,Asfaltata,Verticale ed orizzontale,Nuvoloso,Normale,Buona,Ore Diurne,1,0,0,1,"12,50248","41,90438",True
2645877,8,07/01/2016T12:05:00,,da specificare,,VIALE DUILIO CAMBELLOTTI,,,alt. Via Orazio Placidi,Veicolo in marcia contro ostacolo accidentale,,,,,,,,,,0,0,0,1,,,False
2646077,20,07/01/2016T12:10:00,Regionale entro l'abitato,all'intersezione con,VIA SANTI COSMA E DAMIANO,VIA CASSIA,VIA SANTI COSMA E DAMIANO,,,Scontro frontale/laterale DX fra veicoli in marcia,Incrocio,Una carreggiata a doppio senso,Bagnato (pioggia),Asfaltata,Verticale ed orizzontale,Sereno,Intenso,Buona,Ore Diurne,1,0,0,1,,,False
2646069,1,07/01/2016T12:20:00,Strada Urbana,in corrispondenza,del civico n.,VIA VITTORIO VENETO,,142,,Scontro laterale fra veicoli in marcia,Rettilineo,Una carreggiata a doppio senso,Asciutto,Asfaltata,Verticale ed orizzontale,Sereno,Normale,Buona,Ore Diurne,2,0,0,1,"12,48964","41,90766",True
2646015,7,07/01/2016T12:50:00,,all'intersezione con,VIA DEGLI OLMI,VIALE ALESSANDRINO,VIA DEGLI OLMI,,,Scontro frontale/laterale SX fra veicoli in marcia,,,,,,,,,,1,0,0,1,"12,57786","41,87918",False
2645913,8,07/01/2016T13:00:00,,da specificare,,VIA COLLATINA,,,fronte palo Acea n. 606,Veicolo in marcia contro ostacolo accidentale,,,,,,,,,,0,0,0,1,,,False
2654047,2,07/01/2016T13:15:00,Strada Urbana,da specificare,,VIA DEL FORO ITALICO,,,dir. S. Giovanni 100 mt. prima uscita Salaria,Veicolo in marcia contro ostacolo accidentale,Rettilineo,Due carreggiate,Asciutto,Asfaltata,Verticale ed orizzontale,Sereno,Normale,Buona,Ore Diurne,0,0,0,1,"12,5047","41,93845",True
2645635,16,07/01/2016T13:20:00,Strada Urbana,da specificare,,VIA DI MONTE VERDE,,,in corrispondenza del fronte civico 123,Tamponamento,Rettilineo,Una carreggiata a doppio senso,Asciutto,Asfaltata,Verticale ed orizzontale,Nuvoloso,Normale,Buona,Ore Diurne,0,0,0,2,"12,44365","41,86982",True
2646186,4,07/01/2016T13:20:00,Strada Urbana,in prossimit�,del civico n.,VIA UGO OJETTI,,60,,Scontro frontale/laterale SX fra veicoli in marcia,Rettilineo,Due carreggiate,Bagnato (umidit� in atto),Asfaltata,Verticale ed orizzontale,Nuvoloso,Normale,Buona,Ore Diurne,1,0,0,1,"12,54967","41,94385",True
2646241,4,07/01/2016T13:20:00,Strada Urbana,da specificare,,VIA VAL D'OSSOLA,,,in prossimit� VIA VALFURVA,Scontro laterale fra veicoli in marcia,Rettilineo,Una carreggiata a doppio senso,Asciutto,Asfaltata,Assente,Nuvoloso,Scarso,Buona,Ore Diurne,0,0,0,3,"12,52877","41,93518",True
2645360,7,07/01/2016T13:30:00,Strada Urbana,in prossimit�,del civico n.,VIALE DELLA BELLA VILLA,,10,,Scontro laterale fra veicoli in marcia,Curva a visuale libera,Una carreggiata a doppio senso,Asciutto,Asfaltata,Orizzontale,Nuvoloso,Normale,Buona,Ore Diurne,0,0,0,2,"12,57357","41,87407",True
2645356,18,07/01/2016T13:30:00,Strada Urbana,all'intersezione con,VIA DI CASAL SELCE,RAMPA AURELIA,VIA DI CASAL SELCE,,,Tamponamento,Intersezione stradale segnalata,Una carreggiata a doppio senso,Asciutto,Asfaltata,Verticale ed orizzontale,Nuvoloso,Normale,Buona,Ore Diurne,1,0,0,3,,,False
2648616,12,07/01/2016T13:45:00,Strada Urbana,in corrispondenza,del civico n.,VIA ELIO CHIANESI,,110,,Tamponamento,Rettilineo,Una carreggiata a doppio senso,Asciutto,Asfaltata,Verticale ed orizzontale,Nuvoloso,Normale,Buona,Ore Diurne,0,0,0,3,"12,44773","41,79983",True
2646097,3,07/01/2016T14:10:00,Strada Urbana,da specificare,,CIRCONVALLAZIONE TIBURTINA,,,dir. Salaria prossimit� uscita L.go Passamonti,Veicolo in marcia contro ostacolo fisso,Rettilineo,Pi� di due carreggiate,Asciutto,Asfaltata,Verticale ed orizzontale,Nuvoloso,Normale,Buona,Ore Diurne,0,0,0,1,"12,52144","41,8969",True
2645916,8,07/01/2016T14:20:00,,da specificare,,VIA COLLATINA,,,fronte palo Acea n. 606,Veicolo in marcia contro ostacolo accidentale,,,,,,,,,,0,0,0,3,,,False
2645561,19,07/01/2016T14:30:00,Strada Urbana,da specificare,,PIAZZA DELLA BALDUINA,,,altezza chiesa,Scontro laterale fra veicoli in marcia,Rettilineo,Una carreggiata a senso unico di marcia,Asciutto,Asfaltata,Verticale ed orizzontale,Nuvoloso,Normale,Buona,Ore Diurne,0,0,0,3,"12,44145","41,91975",True
2658922,18,07/01/2016T14:45:00,Strada Urbana,in prossimit�,del civico n.,VIA GREGORIO VII,,63,,Scontro frontale/laterale DX fra veicoli in marcia,Rettilineo,Pi� di due carreggiate,Asciutto,Asfaltata,Verticale,Nuvoloso,Normale,Buona,Ore Diurne,0,0,0,3,"12,45063","41,89789",True
2645573,19,07/01/2016T14:50:00,Strada Urbana,da specificare,,VIA DELL'ACQUEDOTTO DEL PESCHIERA,,,altezza V.le dei Monfortani,Scontro laterale fra veicoli in marcia,Rettilineo,Una carreggiata a senso unico di marcia,Asciutto,Asfaltata,Verticale ed orizzontale,Nuvoloso,Normale,Buona,Ore Diurne,0,0,0,3,"12,42485","41,93747",True
2655110,18,07/01/2016T15:30:00,Strada Urbana,in prossimit�,del civico n.,VIA ANASTASIO II,,260,,Veicolo in marcia contro ostacolo fisso,Rettilineo,Due carreggiate,Asciutto,Asfaltata,Verticale ed orizzontale,Sereno,Normale,Buona,Ore Diurne,0,0,0,1,"12,44273","41,89907",True
2645922,11,07/01/2016T15:30:00,Strada Urbana,da specificare,,VIA DI VIGNA MURATA,,,altezza rotatoria Ardeatina,Scontro laterale fra veicoli in marcia,Curva senza visuale libera,Una carreggiata a senso unico di marcia,Asciutto,Asfaltata,Verticale ed orizzontale,Sereno,Normale,Buona,Ore Diurne,0,0,0,2,"12,51778","41,82697",True
2645872,8,07/01/2016T15:35:00,,da specificare,,VIALE DUILIO CAMBELLOTTI,,,alt. Via Orazio Placidi,Veicolo in marcia contro ostacolo accidentale,,,,,,,,,,0,0,0,1,,,False
2646281,1,07/01/2016T15:45:00,Strada Urbana,in prossimit�,del civico n.,VIA LEONIDA BISSOLATI,,59,,Veicolo in marcia contro veicolo in sosta,Rettilineo,Una carreggiata a doppio senso,Bagnato (pioggia),Asfaltata,Verticale ed orizzontale,Nuvoloso,Normale,Buona,Ore Diurne,0,0,0,1,"12,49312","41,90525",True
2645571,8,07/01/2016T16:00:00,,all'intersezione con,PIAZZA SERRULE,VIA DI ROCCA CENCIA,PIAZZA SERRULE,,,Scontro laterale fra veicoli in marcia,,,,,,,,,,1,0,0,1,,,False
2646276,4,07/01/2016T16:00:00,Strada Urbana,all'intersezione semaforizzata con,VIALE TIRRENO,PONTE TAZIO,VIALE TIRRENO,,,Infortunio per sola frenata improvvisa,Intersezione semaforizzata,Una carreggiata a doppio senso,Bagnato (umidit� in atto),Asfaltata,Verticale ed orizzontale,Nuvoloso,Intenso,Buona,Sufficiente,0,0,0,1,"12,52934","41,94047",True
2646102,10,07/01/2016T16:20:00,Strada Urbana,in corrispondenza,del civico n.,VIA SPADOLA,,6,,Veicolo in marcia contro veicolo fermo,Curva a visuale libera,Una carreggiata a senso unico di marcia,Asciutto,Asfaltata,Assente,Sereno,Scarso,Buona,Ore Diurne,0,0,0,4,"12,61955","41,82491",True
2646405,16,07/01/2016T16:30:00,,in corrispondenza,del civico n.,VIA DI BRAVA,,140,,Scontro frontale/laterale DX fra veicoli in marcia,,,,,,,,,,2,0,0,2,,,False
2646008,18,07/01/2016T17:00:00,Strada Urbana,in corrispondenza,del civico n.,VIALE DI VALLE AURELIA,,55,,Scontro frontale fra veicoli in marcia,Rettilineo,Una carreggiata a doppio senso,Bagnato (pioggia),Asfaltata,Orizzontale,Pioggia in atto,Normale,Buona,Sufficiente,0,0,0,3,"12,43783","41,90178",True
2646291,4,07/01/2016T17:10:00,Strada Urbana,in corrispondenza,del palo luce n.,VIA DELLE VIGNE NUOVE,,66,,Investimento di pedone,Rettilineo,Due carreggiate,Bagnato (pioggia),Asfaltata,Orizzontale,Pioggia in atto,Normale,Sufficiente,Sufficiente,1,0,0,1,"12,53579","41,95549",True
2645642,9,07/01/2016T17:35:00,Strada Urbana,in prossimit�,del civico n.,VIALE CASTRENSE,,51,,Scontro laterale fra veicoli in marcia,Rettilineo,Una carreggiata a senso unico di marcia,Bagnato (umidit� in atto),Asfaltata,Verticale ed orizzontale,Nuvoloso,Intenso,Buona,Sufficiente,1,0,0,1,"12,51125","41,88637",True
2645849,13,07/01/2016T17:50:00,Strada Urbana,all'intersezione con,VIA DELLE SIRENE,CORSO DUCA DI GENOVA,VIA DELLE SIRENE,,,Scontro frontale/laterale DX fra veicoli in marcia,Incrocio,Una carreggiata a doppio senso,Bagnato (umidit� in atto),Asfaltata,Verticale ed orizzontale,Nuvoloso,Normale,Sufficiente,Sufficiente,0,0,0,4,"12,27145","41,73394",True
2646049,20,07/01/2016T17:50:00,Strada Urbana,all'intersezione semaforizzata con,PIAZZALE MARESCIALLO DIAZ,LUNGOTEVERE MARESCIALLO DIAZ,PIAZZALE MARESCIALLO DIAZ,,,Scontro laterale fra veicoli in marcia,Intersezione semaforizzata,Due carreggiate,Bagnato (pioggia),Asfaltata,Verticale ed orizzontale,Pioggia in atto,Normale,Sufficiente,Sufficiente,0,0,0,3,"12,46281","41,93447",True
2645951,13,07/01/2016T18:00:00,Strada Urbana,all'intersezione con,VIA DI MALAFEDE,VIA OSTIENSE,VIA DI MALAFEDE,,,Scontro frontale/laterale SX fra veicoli in marcia,Incrocio,Una carreggiata a doppio senso,Bagnato (umidit� in atto),Asfaltata,Verticale ed orizzontale,Nuvoloso,Intenso,Buona,Sufficiente,0,0,0,2,"12,3894","41,79284",True
2645961,20,07/01/2016T18:00:00,Provinciale entro l'abitato,in prossimit�,del civico n.,VIA CASSIA,,876,,Investimento di pedone,Rettilineo,Una carreggiata a doppio senso,Bagnato (pioggia),Asfaltata,Orizzontale,Nuvoloso,Normale,Sufficiente,Insufficiente,1,0,0,2,,,False
2655396,18,07/01/2016T18:00:00,Strada Urbana,in prossimit�,del civico n.,CIRCONVALLAZIONE AURELIA,,66,,Investimento di pedone,Rettilineo,Una carreggiata a senso unico di marcia,Bagnato (pioggia),Asfaltata,Verticale ed orizzontale,Nebbia,Normale,Buona,Sufficiente,1,0,0,1,"12,42825","41,89658",False
2646449,16,07/01/2016T18:05:00,Strada Urbana,in corrispondenza,del civico n.,VIA DELLA PISANA,,4,,Investimento di pedone,Rettilineo,Una carreggiata a doppio senso,Bagnato (umidit� in atto),Asfaltata,Verticale ed orizzontale,Nuvoloso,Normale,Buona,Sufficiente,1,0,0,1,,,False
2646036,17,07/01/2016T18:10:00,Strada Urbana,da specificare,,VIALE DEI GLADIATORI,,,35 m. dopo l'interszione con V.Prato Falcone,Scontro laterale fra veicoli in marcia,Rettilineo,Una carreggiata a senso unico di marcia,Bagnato (pioggia),Asfaltata,Verticale ed orizzontale,Nuvoloso,Normale,Sufficiente,Sufficiente,1,0,0,5,"12,45584","41,92776",False
2648610,12,07/01/2016T18:15:00,Provinciale,da specificare,,VIA ARDEATINA,,,DIR. S. PALOMBA 200 MT DOPO VIA SOLFARATA,Veicolo in marcia contro ostacolo accidentale,Rettilineo,Una carreggiata a doppio senso,Bagnato (umidit� in atto),Asfaltata,Verticale ed orizzontale,Nuvoloso,Scarso,Insufficiente,Inesistente,0,0,0,1,"12,57466","41,71666",True
2645927,8,07/01/2016T18:15:00,Strada Urbana,all'intersezione con,VIA MESORACA,VIA BORGHESIANA,VIA MESORACA,,,Scontro laterale fra veicoli in marcia,Intersezione stradale segnalata,Pi� di due carreggiate,Bagnato (umidit� in atto),Asfaltata,Verticale ed orizzontale,Nuvoloso,Normale,Sufficiente,Sufficiente,0,0,0,2,"12,67385","41,86952",True
2646228,1,07/01/2016T18:20:00,Strada Urbana,all'intersezione semaforizzata con,VIALE AVENTINO,PIAZZA DI PORTA CAPENA,VIALE AVENTINO,,,Scontro laterale fra veicoli in marcia,Intersezione semaforizzata,Pi� di due carreggiate,Bagnato (pioggia),Asfaltata,Verticale ed orizzontale,Nuvoloso,Normale,Sufficiente,Sufficiente,0,0,0,2,"12,48948","41,88422",True
2645669,7,07/01/2016T18:20:00,Strada Urbana,in prossimit�,del civico n.,VIA ACHILLE VERTUNNI,,40,,Scontro frontale/laterale DX fra veicoli in marcia,Rettilineo,Una carreggiata a doppio senso,Bagnato (pioggia),Asfaltata,Verticale,Nuvoloso,Normale,Sufficiente,Sufficiente,0,0,0,2,"12,61411","41,9067",True
2645898,8,07/01/2016T18:20:00,Strada Urbana,da specificare,,VIA DI TORRE SPACCATA,,,civico 110 (area parcheggio Euronics),Scontro laterale fra veicoli in marcia,Rettilineo,Una carreggiata a doppio senso,Bagnato (pioggia),Asfaltata,Verticale ed orizzontale,Nuvoloso,Normale,Buona,Sufficiente,0,0,0,4,,,False
2645918,8,07/01/2016T18:30:00,,da specificare,,VIALE DUILIO CAMBELLOTTI,,,alt. Via Orazio Placidi,Veicolo in marcia contro ostacolo accidentale,,,,,,,,,,0,0,0,1,,,False
2645903,8,07/01/2016T19:10:00,,da specificare,,VIALE DUILIO CAMBELLOTTI,,,alt. Via Orazio Placidi,Veicolo in marcia contro ostacolo accidentale,,,,,,,,,,0,0,0,2,,,False
2645893,8,07/01/2016T19:10:00,Strada Urbana,in prossimit�,del civico n.,VIA DI ROCCA CENCIA,,18,,Scontro frontale/laterale DX fra veicoli in marcia,Rettilineo,Una carreggiata a doppio senso,Bagnato (pioggia),Asfaltata,Orizzontale,Nuvoloso,Normale,Buona,Sufficiente,0,0,0,6,"12,688","41,86374",True
2645924,8,07/01/2016T19:15:00,,da specificare,,VIALE DUILIO CAMBELLOTTI,,,alt. Via Orazio Placidi,Veicolo in marcia contro ostacolo accidentale,,,,,,,,,,0,0,0,4,,,False
2645929,8,07/01/2016T19:20:00,Strada Urbana,all'intersezione con,VIA MESORACA,VIA BORGHESIANA,VIA MESORACA,,,Scontro frontale/laterale SX fra veicoli in marcia,Intersezione stradale segnalata,Una carreggiata a doppio senso,Asciutto,Asfaltata,Verticale ed orizzontale,Nuvoloso,Normale,Sufficiente,Sufficiente,0,0,0,2,"12,67386","41,8695",True
2645920,5,07/01/2016T19:30:00,Strada Urbana,da specificare,,VIA DEI MONTI TIBURTINI,,,altezza ponte Lanciani direzione Tiburtina,Scontro laterale fra veicoli in marcia,Rettilineo,Due carreggiate,Bagnato (pioggia),Asfaltata,Orizzontale,Nuvoloso,Normale,Buona,Sufficiente,0,0,0,3,"12,52663","41,92994",True
2645873,11,07/01/2016T19:40:00,Strada Urbana,all'intersezione con,VIALE GUGLIELMO MARCONI,VIA ANGELO BATTELLI,VIALE GUGLIELMO MARCONI,,,Scontro laterale fra veicoli in marcia,Incrocio,Una carreggiata a senso unico di marcia,Asciutto,Asfaltata,Verticale ed orizzontale,Nuvoloso,Scarso,Buona,Sufficiente,0,0,0,4,"12,47121","41,85663",True
2645932,8,07/01/2016T20:00:00,,da specificare,,VIALE DUILIO CAMBELLOTTI,,,invers. marcia rampa dir. Via Oxford,Veicolo in marcia contro ostacolo accidentale,,,,,,,,,,0,0,0,1,,,False
2645863,6,07/01/2016T20:20:00,Strada Urbana,in prossimit�,del civico n.,VIA FEDERICO DELPINO,,94,,Infortunio per caduta del veicolo,Rettilineo,Due carreggiate,Asciutto,Asfaltata,Assente,Sereno,Normale,Buona,Sufficiente,1,0,0,0,"12,56662","41,89189",False
2645934,8,07/01/2016T21:30:00,,in prossimit�,del civico n.,VIA DEL TORRACCIO,,191,,Scontro frontale/laterale SX fra veicoli in marcia,,,,,,,,,,2,0,0,3,,,False
2646143,2,07/01/2016T22:00:00,Strada Urbana,in corrispondenza,del civico n.,VIALE SOMALIA,,41,,Veicolo in marcia contro veicoli in sosta,Rettilineo,Una carreggiata a doppio senso,Bagnato (pioggia),Asfaltata,Verticale ed orizzontale,Sereno,Scarso,Buona,Sufficiente,0,0,0,1,"12,51217","41,93559",True
2645937,8,08/01/2016T00:10:00,Strada Urbana,in corrispondenza,del civico n.,VIA PRENESTINA,,1192,,Veicolo in marcia contro ostacolo accidentale,Rettilineo,Una carreggiata a doppio senso,Asciutto,Asfaltata,Orizzontale,Nuvoloso,Scarso,Buona,Sufficiente,0,0,0,1,"12,62739","41,89265",False
2646058,7,08/01/2016T00:10:00,,all'intersezione con,VIA DELLE ROSE,VIA DELLE BETULLE,VIA DELLE ROSE,,,Scontro frontale/laterale SX fra veicoli in marcia,,,,,,,,,,0,0,0,2,"12,56294","41,8899",False
2652100,1,08/01/2016T00:45:00,Strada Urbana,da specificare,,VIA NICOLA ZABAGLIA,,,ALTEZZA VIA CAIO CESTIO,Scontro frontale/laterale SX fra veicoli in marcia,Rettilineo,Due carreggiate,Bagnato (umidit� in atto),Asfaltata,Verticale ed orizzontale,Nuvoloso,Scarso,Sufficiente,Sufficiente,0,0,0,2,,,False