_ID,_Gruppo,_DataOraIncidente,_Localizzazione1,_Localizzazione2,_Strada1,_DaSpecificare,_NaturaIncidente,_ParticolaritaStrade,_TipoStrada,_FondoStradale,_Pavimentazione,_Segnaletica,_CondizioneAtmosferica,_Traffico,_Visibilita,_Illuminazione,_NUM_FERITI,_NUM_RISERVATA,_NUM_MORTI,_NUM_ILLESI,_Longitudine,_Latitudine,_CONFERMATO,__prefix,_Strada02,_Strada2,_Chilometrica
2645943,8,08/01/2016T00:50:00,Strada Urbana,all'intersezione con,VIA DEI MONTI DI PIETRALATA,LARGO ANTONIO BELTRAMELLI,VIA DEI MONTI DI PIETRALATA,,,Scontro frontale/laterale SX fra veicoli in marcia,Incrocio,Una carreggiata a senso unico di marcia,Bagnato (umidit� in atto),Asfaltata,Verticale ed orizzontale,Nuvoloso,Scarso,Buona,Sufficiente,3,0,0,0,"12,53738","41,90986",True
2650109,16,08/01/2016T02:00:00,Strada Urbana,da specificare,,VIA PORTUENSE,,,altezza fronte civico 301,Veicolo in marcia contro ostacolo accidentale,Rettilineo,Due carreggiate,Asciutto,Con buche,Assente,Sereno,Scarso,Sufficiente,Sufficiente,0,0,0,1,"12,40939","41,84342",True
2646238,1,08/01/2016T02:20:00,Strada Urbana,all'intersezione semaforizzata con,VIA RATTAZZI,VIA NAPOLEONE III,VIA RATTAZZI,,,Scontro laterale fra veicoli in marcia,Intersezione semaforizzata,Una carreggiata a senso unico di marcia,Asciutto,Asfaltata,Verticale ed orizzontale,Sereno,Scarso,Buona,Sufficiente,0,0,0,6,"12,50179","41,897",True
2647342,3,08/01/2016T05:40:00,Strada Urbana,da specificare,,VIALE DELLO SCALO S. LORENZO,,,altezza civ. 77,Scontro frontale/laterale SX fra veicoli in marcia,Rettilineo,Pi� di due carreggiate,Asciutto,Asfaltata,Orizzontale,Sereno,Normale,Sufficiente,Sufficiente,1,0,0,1,,,False
2650111,16,08/01/2016T06:00:00,Strada Urbana,in corrispondenza,del civico n.,VIA DELLE VIGNE,,13,,Veicolo in marcia contro ostacolo accidentale,Rettilineo,Una carreggiata a doppio senso,Bagnato (pioggia),Asfaltata,Assente,Pioggia in atto,Scarso,Sufficiente,Sufficiente,0,0,0,2,"12,42098","41,83254",True
2646373,1,08/01/2016T06:00:00,Strada Urbana,all'intersezione con,VIALE MARCO POLO,PIAZZALE OSTIENSE,VIALE MARCO POLO,,,Scontro frontale/laterale SX fra veicoli in marcia,Incrocio,Una carreggiata a senso unico di marcia,Bagnato (umidit� in atto),Asfaltata,Verticale ed orizzontale,Sereno,Normale,Buona,Sufficiente,0,0,0,2,"12,48137","41,87628",True
2650328,9,08/01/2016T06:15:00,,in corrispondenza,del civico n.,VIA GALLIA,,48/52,,Veicolo in marcia contro veicolo in sosta,,,,,,,,,,0,0,0,0,,,False
2649723,12,08/01/2016T07:00:00,Strada Urbana,in corrispondenza,del civico n.,VIA JOYCE,,95,,Veicolo in marcia contro ostacolo accidentale,Rettilineo,Una carreggiata a senso unico di marcia,Bagnato (pioggia),Con buche,Assente,Nuvoloso,Scarso,Sufficiente,Ore Diurne,0,0,0,1,"12,47936","41,81058",True
2647100,8,08/01/2016T07:00:00,,in prossimit�,del civico n.,VIA DI TOR VERGATA,,55,,Veicolo in marcia contro ostacolo accidentale,,,,,,,,,,0,0,0,1,,,False
2647089,20,08/01/2016T07:15:00,Strada Urbana,all'intersezione con,VIA FRASSINETO,VIALE DELLE GALLINE BIANCHE,VIA FRASSINETO,,,Scontro frontale/laterale SX fra veicoli in marcia,Rotatoria,Una carreggiata a doppio senso,Asciutto,Asfaltata,Verticale ed orizzontale,Sereno,Normale,Buona,Ore Diurne,1,0,0,1,,,False
2647332,3,08/01/2016T07:35:00,Strada Urbana,da specificare,,VIA LIVORNO,,,altezza Piazza Lotario,Scontro laterale fra veicoli in marcia,Rettilineo,Una carreggiata a doppio senso,Asciutto,Asfaltata,Verticale ed orizzontale,Sereno,Normale,Buona,Ore Diurne,0,0,0,3,"12,52267","41,91484",True
2647095,8,08/01/2016T07:45:00,,da specificare,,VIALE DEI ROMANISTI,,,ALT. VIA ANNESSI,Veicolo in marcia contro ostacolo accidentale,,,,,,,,,,0,0,0,1,,,False
2647134,13,08/01/2016T08:20:00,Strada Urbana,da specificare,,VIA ACHILLE FUNI,,,in prossimit� di Via G. Dottori,Veicolo in marcia contro veicolo fermo,Rettilineo,Una carreggiata a senso unico di marcia,Bagnato (umidit� in atto),Asfaltata,Verticale,Nuvoloso,Normale,Buona,Ore Diurne,0,0,0,2,"12,3484","41,77385",True
2647097,8,08/01/2016T08:30:00,,da specificare,,VIALE DUILIO CAMBELLOTTI,,,ALT. ORAZIO PLACIDI,Veicolo in marcia contro ostacolo accidentale,,,,,,,,,,0,0,0,1,,,False
2647143,4,08/01/2016T08:45:00,Strada Urbana,all'intersezione con,VIA VILLA DI FAONTE,VIA DELLE VIGNE NUOVE,VIA VILLA DI FAONTE,,,Scontro frontale/laterale SX fra veicoli in marcia,Incrocio,Una carreggiata a doppio senso,Asciutto,Asfaltata,Verticale ed orizzontale,Nuvoloso,Normale,Buona,Ore Diurne,0,0,0,2,"12,53695","41,95016",True
2649132,16,08/01/2016T09:10:00,Strada Urbana,da specificare,,VIA CAMILLO SERAFINI,,,in prosimit� del f.c.24,Scontro frontale fra veicoli in marcia,Rettilineo,Una carreggiata a doppio senso,Bagnato (umidit� in atto),Asfaltata,Verticale ed orizzontale,Nuvoloso,Normale,Buona,Ore Diurne,1,0,0,1,"12,42771","41,87865",False
2647101,8,08/01/2016T09:15:00,Strada Urbana,in prossimit�,del palo luce n.,VIALE DI TORRE MAURA,,24,,Veicolo in marcia contro ostacolo accidentale,Rettilineo,Due carreggiate,Asciutto,Asfaltata,Verticale ed orizzontale,Nuvoloso,Normale,Buona,Ore Diurne,0,0,0,2,"12,59217","41,86022",True
2647099,8,08/01/2016T09:45:00,Strada Urbana,da specificare,,VIALE DUILIO CAMBELLOTTI,,,ALTEZZA V. ORAZIO PLACIDI,Veicolo in marcia contro ostacolo accidentale,Rettilineo,Due carreggiate,Asciutto,Asfaltata,Orizzontale,Nuvoloso,Normale,Buona,Ore Diurne,0,0,0,1,"12,6298","41,86744",True
2647113,17,08/01/2016T10:00:00,Strada Urbana,in corrispondenza,del civico n.,VIA ENRICO TAZZOLI,,13,,Tamponamento,Rettilineo,Una carreggiata a senso unico di marcia,Bagnato (umidit� in atto),Asfaltata,Verticale ed orizzontale,Nuvoloso,Normale,Buona,Ore Diurne,1,0,0,1,,,False
2647090,8,08/01/2016T10:00:00,,all'intersezione con,VIA FILIPPO CESARE ANNESSI,VIALE DEI ROMANISTI,VIA FILIPPO CESARE ANNESSI,,,Veicolo in marcia contro ostacolo accidentale,,,,,,,,,,0,0,0,1,,,False
2647313,3,08/01/2016T10:15:00,Strada Urbana,da specificare,,VIA AGRIGENTO,,,CIV.5,Veicolo in marcia contro veicolo fermo,Rettilineo,Una carreggiata a senso unico di marcia,Asciutto,Asfaltata,Verticale ed orizzontale,Sereno,Normale,Buona,Ore Diurne,0,0,0,2,"12,51597","41,90939",True
2647325,3,08/01/2016T10:15:00,,da specificare,,PIAZZALE DEL VERANO,,,FRONTE CIV. 36,Infortunio per caduta del veicolo,,,,,,,,,,1,0,0,1,,,False
2647263,19,08/01/2016T10:15:00,Strada Urbana,in corrispondenza,del civico n.,VIA DELLA STAZIONE DI MONTE MARIO,,9,,Scontro frontale fra veicoli in marcia,Rettilineo,Una carreggiata a doppio senso,Bagnato (umidit� in atto),Asfaltata,Verticale,Sereno,Normale,Buona,Ore Diurne,1,0,0,1,"12,42307","41,93974",True
2647030,13,08/01/2016T10:30:00,Strada Urbana,all'intersezione con,VIA GIAMBATTISTA CONTI,VIA DI SAPONARA,VIA GIAMBATTISTA CONTI,,,Veicolo in marcia contro ostacolo fisso,Incrocio,Una carreggiata a doppio senso,Bagnato (umidit� in atto),Asfaltata,Verticale ed orizzontale,Nuvoloso,Normale,Buona,Ore Diurne,0,0,0,1,"12,34524","41,77414",True
2647068,8,08/01/2016T10:30:00,Strada Urbana,all'intersezione con,VIA DI TORRE SPACCATA,VIA CASILINA,VIA DI TORRE SPACCATA,,,Scontro laterale fra veicoli in marcia,Intersezione semaforizzata,Una carreggiata a doppio senso,Asciutto,Asfaltata,Verticale ed orizzontale,Nuvoloso,Intenso,Buona,Ore Diurne,0,0,0,2,"12,58721","41,86845",True
2649592,12,08/01/2016T10:40:00,Provinciale entro l'abitato,da specificare,,VIA LAURENTINA,,,prox Via di Tor Pagnotta direz Gra,Infortunio per sola frenata improvvisa,Curva senza visuale libera,Due carreggiate,Bagnato (umidit� in atto),Asfaltata,Temporanea di cantiere,Nuvoloso,Normale,Buona,Ore Diurne,1,0,0,0,"12,48205","41,80364",False
2649513,16,08/01/2016T11:00:00,Strada Urbana,all'intersezione con,VIA FRANCESCO DURANTE,VIA DI MONTE VERDE,VIA FRANCESCO DURANTE,,,Scontro frontale/laterale SX fra veicoli in marcia,Incrocio,Due carreggiate,Asciutto,Asfaltata,Verticale ed orizzontale,Nuvoloso,Normale,Buona,Ore Diurne,0,0,0,2,"12,44193","41,86992",True
2648985,5,08/01/2016T11:10:00,Strada Urbana,in corrispondenza,del civico n.,VIA DONATO MENICHELLA,,118,,Veicolo in marcia contro ostacolo accidentale,Rettilineo,Una carreggiata a senso unico di marcia,Asciutto,Asfaltata,Verticale,Nuvoloso,Normale,Buona,Ore Diurne,0,0,0,1,"12,58579","41,94812",True
2646372,6,08/01/2016T11:30:00,Strada Urbana,in prossimit�,del civico n.,VIALE DELLA VENEZIA GIULIA,,14b,,Scontro frontale/laterale SX fra veicoli in marcia,Rettilineo,Una carreggiata a doppio senso,Asciutto,Asfaltata,Orizzontale,Nuvoloso,Normale,Buona,Ore Diurne,0,0,0,2,"12,54795","41,89558",True
2651042,18,08/01/2016T11:40:00,Strada Urbana,all'intersezione semaforizzata con,VIA NICOLA COVIELLO,VIA AURELIA,VIA NICOLA COVIELLO,,,Veicolo in marcia contro veicolo fermo,Intersezione semaforizzata,Pi� di due carreggiate,Asciutto,Asfaltata,Verticale ed orizzontale,Nuvoloso,Normale,Buona,Ore Diurne,0,0,0,3,"12,41277","41,89103",True
2647609,1,08/01/2016T11:45:00,Strada Urbana,in prossimit�,del civico n.,VIA EMANUELE FILIBERTO,,3,,Scontro laterale fra veicoli in marcia,Rettilineo,Una carreggiata a doppio senso,Asciutto,Asfaltata,Verticale ed orizzontale,Nuvoloso,Normale,Buona,Ore Diurne,1,0,0,2,,,False
2647033,13,08/01/2016T12:00:00,Strada Urbana,da specificare,,VIA ERNESTO GIOVANNINI,,,tra albero 8573 e albero 8575,Veicolo in marcia contro veicolo in sosta,Rettilineo,Due carreggiate,Bagnato (umidit� in atto),Asfaltata,Assente,Nuvoloso,Scarso,Buona,Ore Diurne,0,0,0,1,"12,29775","41,72472",True
2646487,6,08/01/2016T12:00:00,Strada Urbana,all'intersezione semaforizzata con,VIA PRENESTINA,VIALE DELLA SERENISSIMA,VIA PRENESTINA,,,Scontro frontale/laterale DX fra veicoli in marcia,Incrocio,Due carreggiate,Asciutto,Asfaltata,Verticale ed orizzontale,Nuvoloso,Normale,Buona,Ore Diurne,0,0,0,2,"12,559","41,89493",True
2648938,10,08/01/2016T13:25:00,Strada Urbana,da specificare,,VIALE MARCO FULVIO NOBILIORE,,,fronte civico 115,Veicolo in marcia contro veicolo in sosta,Rettilineo,Due carreggiate,Asciutto,Asfaltata,Orizzontale,Nuvoloso,Normale,Buona,Ore Diurne,0,0,0,0,"12,56498","41,85959",True
2647067,8,08/01/2016T13:30:00,,in prossimit�,del civico n.,VIA RODOLFO CRESPI,,52,,Veicolo in marcia contro ostacolo fisso,,,,,,,,,,0,0,0,0,,,False
2647254,2,08/01/2016T13:35:00,Strada Urbana,all'intersezione semaforizzata con,VIA DEL FORO ITALICO,VIA SALARIA,VIA DEL FORO ITALICO,,,Scontro laterale fra veicoli in marcia,Intersezione semaforizzata,Due carreggiate,Asciutto,Asfaltata,Verticale ed orizzontale,Nuvoloso,Normale,Buona,Ore Diurne,0,0,0,2,"12,52024","41,93426",True
2648940,10,08/01/2016T13:40:00,Altra strada,all'intersezione con,VIA GOFFREDO MAMELI,AEROPORTO CIAMPINO - VIALE LEONARDO DA VINCI,VIA GOFFREDO MAMELI,,,Scontro frontale/laterale DX fra veicoli in marcia,Rotatoria,Una carreggiata a doppio senso,Asciutto,Asfaltata,Verticale ed orizzontale,Sereno,Normale,Buona,Ore Diurne,1,0,0,1,"12,49637","41,90278",True
2646548,19,08/01/2016T14:00:00,Strada Urbana,all'intersezione con,VIA GEROLAMO SERIPANDO,VIA PIETRO MAFFI,VIA GEROLAMO SERIPANDO,,,Scontro laterale fra veicoli in marcia,Incrocio,Una carreggiata a doppio senso,Asciutto,Asfaltata,Verticale ed orizzontale,Nuvoloso,Scarso,Buona,Ore Diurne,0,0,0,4,"12,41864","41,92438",True
2647781,1,08/01/2016T14:00:00,Strada Urbana,all'intersezione con,VIA AMERIGO VESPUCCI,VIA ROMOLO GESSI,VIA AMERIGO VESPUCCI,,,Scontro frontale/laterale DX fra veicoli in marcia,Incrocio,Una carreggiata a senso unico di marcia,Asciutto,Acciotolata,Verticale ed orizzontale,Nuvoloso,Normale,Buona,Ore Diurne,0,0,0,2,"12,47496","41,8814",True
2646633,6,08/01/2016T14:00:00,Strada Urbana,in corrispondenza,del civico n.,VIA SAMPIERO DI BASTELICA,,93,,Tamponamento,Rettilineo,Una carreggiata a senso unico di marcia,Asciutto,Asfaltata,Assente,Nuvoloso,Normale,Buona,Ore Diurne,1,0,0,1,"12,53918","41,89073",True
2647062,8,08/01/2016T14:00:00,Statale entro l'abitato,da specificare,,VIA CASILINA,,,alt. rampa V. D. cambellotti dir centro,Scontro laterale fra veicoli in marcia,Rettilineo,Due carreggiate,Asciutto,Asfaltata,Verticale ed orizzontale,Nuvoloso,Normale,Buona,Ore Diurne,1,0,0,1,"12,62328","41,86229",True
2648948,10,08/01/2016T14:26:00,Strada Urbana,in prossimit�,del civico n.,VIALE ROLANDO VIGNALI,,11,,Scontro laterale fra veicoli in marcia,Rettilineo,Due carreggiate,Asciutto,Asfaltata,Verticale ed orizzontale,Nuvoloso,Scarso,Buona,Ore Diurne,1,0,0,2,"12,57953","41,85636",True
2647678,1,08/01/2016T14:30:00,Strada Urbana,all'intersezione con,VIA DEL BABUINO,PIAZZA DEL POPOLO,VIA DEL BABUINO,,,Veicolo in marcia contro veicolo in sosta,Intersezione stradale segnalata,Una carreggiata a senso unico di marcia,Asciutto,In cubetti di porfido,Assente,Nuvoloso,Normale,Buona,Ore Diurne,0,0,0,4,,,False
2647081,8,08/01/2016T14:50:00,,da specificare,,VIALE DUILIO CAMBELLOTTI,,,ALT. V. O. PLACIDI DIR TBM,Veicolo in marcia contro ostacolo accidentale,,,,,,,,,,0,0,0,1,,,False
2647773,1,08/01/2016T15:10:00,Strada Urbana,all'intersezione con,VIA DEI MILLE,VIA DEL CASTRO PRETORIO,VIA DEI MILLE,,,Scontro laterale fra veicoli in marcia,Incrocio,Una carreggiata a doppio senso,Asciutto,Asfaltata,Verticale ed orizzontale,Nuvoloso,Normale,Buona,Ore Diurne,1,0,0,1,,,False
2647654,1,08/01/2016T15:30:00,Strada Urbana,all'intersezione con,VIA CRISTOFORO COLOMBO,VIALE MARCO POLO,VIA CRISTOFORO COLOMBO,,,Scontro laterale fra veicoli in marcia,Intersezione stradale segnalata,Una carreggiata a senso unico di marcia,Asciutto,Asfaltata,Orizzontale,Nuvoloso,Normale,Buona,Ore Diurne,0,0,0,3,"12,48929","41,87284",True
2649303,5,08/01/2016T15:30:00,Strada Urbana,all'intersezione con,VIA DEI DURANTINI,VIA FILIPPO MEDA,VIA DEI DURANTINI,,,Scontro laterale fra veicoli in marcia,Incrocio,Una carreggiata a doppio senso,Asciutto,Asfaltata,Verticale ed orizzontale,Sereno,Normale,Buona,Ore Diurne,0,0,0,2,"12,54188","41,91277",True
2647040,11,08/01/2016T15:40:00,Strada Urbana,in corrispondenza,del civico n.,VIA ALESSIO BALDOVINETTI,,128,,Investimento di pedone,Rettilineo,Una carreggiata a doppio senso,Asciutto,Asfaltata,Verticale ed orizzontale,Nuvoloso,Normale,Buona,Ore Diurne,1,0,0,1,"12,49447","41,83085",False
2647035,13,08/01/2016T16:15:00,Strada Urbana,in corrispondenza,del civico n.,VIA DI ACILIA,,138,,Scontro frontale/laterale DX fra veicoli in marcia,Rettilineo,Una carreggiata a doppio senso,Bagnato (umidit� in atto),Asfaltata,Assente,Nuvoloso,Normale,Buona,Ore Diurne,0,0,0,3,"12,36722","41,77971",True
2646878,12,08/01/2016T16:20:00,Strada Urbana,da specificare,,VIADOTTO DELLA MAGLIANA,,,(di. V. Laurentina) alt. rampa Colombo (dir. Ostia,Tamponamento Multiplo,Rettilineo,Due carreggiate,Asciutto,Asfaltata,Verticale ed orizzontale,Nuvoloso,Intenso,Buona,Ore Diurne,0,0,0,3,"12,47341","41,84146",True
2647250,2,08/01/2016T16:30:00,Strada Urbana,in prossimit�,del civico n.,VIA MIGIURTINIA,,16,,Veicolo in marcia contro veicolo in sosta,Rettilineo,Una carreggiata a senso unico di marcia,Asciutto,Asfaltata,Verticale ed orizzontale,Nuvoloso,Scarso,Buona,Sufficiente,1,0,0,0,"12,52223","41,92983",False
2649038,5,08/01/2016T16:35:00,Strada Urbana,in corrispondenza,del civico n.,VIA TIBURTINA,,551,,Tamponamento,Rettilineo,Pi� di due carreggiate,Asciutto,Asfaltata,Orizzontale,Sereno,Intenso,Buona,Ore Diurne,0,0,0,4,"12,54336","41,90877",True
2646770,15,08/01/2016T16:40:00,Strada Urbana,in corrispondenza,del civico n.,VIA DELLA MAGLIANA,,58,,Tamponamento,Rettilineo,Una carreggiata a doppio senso,Asciutto,Asfaltata,Orizzontale,Nuvoloso,Normale,Buona,Ore Diurne,0,0,0,2,"12,45938","41,85819",True
2647094,8,08/01/2016T16:45:00,Provinciale entro l'abitato,in prossimit�,della chilometrica,VIA PRENESTINA NUOVA,,0.15,,Veicolo in marcia contro ostacolo accidentale,Rettilineo,Una carreggiata a doppio senso,Asciutto,Asfaltata,Assente,Nuvoloso,Scarso,Buona,Inesistente,0,0,0,1,"12,69477","41,88879",True
2647083,8,08/01/2016T16:55:00,,in prossimit�,del civico n.,VIALE DI TORRE MAURA,,70,,Veicolo in marcia contro ostacolo accidentale,,,,,,,,,,0,0,0,1,,,False
2647151,4,08/01/2016T17:00:00,Strada Urbana,in prossimit�,del civico n.,VIA SALARIA,,18.400,,Veicolo in marcia contro ostacolo fisso,Rettilineo,Una carreggiata a doppio senso,Asciutto,Asfaltata,Orizzontale,Sereno,Normale,Buona,Inesistente,0,0,0,1,"12,49814","41,91151",True
2647078,8,08/01/2016T17:05:00,Comunale extraurbana,da specificare,,VIA COLLATINA,,,alt. palo ACEA 617 DIR. ACQUA VERGINE,Veicolo in marcia contro ostacolo accidentale,Rettilineo,Una carreggiata a doppio senso,Asciutto,Asfaltata,Orizzontale,Sereno,Normale,Buona,Ore Diurne,0,0,0,1,"12,61053","41,90604",True
2649055,5,08/01/2016T17:15:00,Strada Urbana,in prossimit�,del civico n.,VIALE RATTO DELLE SABINE,,3,,Scontro frontale/laterale SX fra veicoli in marcia,Rettilineo,Una carreggiata a senso unico di marcia,Asciutto,Asfaltata,Verticale ed orizzontale,Sereno,Normale,Sufficiente,Sufficiente,0,0,0,1,"12,60058","41,94641",True
2648839,9,08/01/2016T17:20:00,Strada Urbana,in prossimit�,del civico n.,VIA TORTONA,,7,,Veicolo in marcia contro ostacolo accidentale,Rettilineo,Una carreggiata a senso unico di marcia,Asciutto,Asfaltata,Assente,Nuvoloso,Normale,Sufficiente,Sufficiente,0,0,0,1,"12,51512","41,87976",True
2658939,18,08/01/2016T17:30:00,Strada Urbana,in prossimit�,del civico n.,VIA DI BOCCEA,,472,,Tamponamento,Rettilineo,Due carreggiate,Asciutto,Asfaltata,Verticale,Sereno,Intenso,Insufficiente,Inesistente,2,0,0,0,"12,4018","41,90936",True
2648953,10,08/01/2016T17:30:00,Strada Urbana,all'intersezione semaforizzata con,VIA DEI SETTE METRI,VIA ANAGNINA,VIA DEI SETTE METRI,,,Veicolo in marcia contro ostacolo accidentale,Intersezione semaforizzata,Due carreggiate,Asciutto,Asfaltata,Verticale ed orizzontale,Nuvoloso,Normale,Sufficiente,Sufficiente,0,0,0,1,"12,60695","41,81546",True
2649589,16,08/01/2016T17:40:00,Strada Urbana,all'intersezione con,VIALE LUIGI MORETTI,VIA DELLA PISANA,VIALE LUIGI MORETTI,,,Scontro frontale/laterale SX fra veicoli in marcia,Intersezione non regolata/non segnalata,Una carreggiata a doppio senso,Asciutto,Asfaltata,Orizzontale,Sereno,Normale,Sufficiente,Sufficiente,0,0,0,2,"12,40928","41,86567",True
2646814,19,08/01/2016T17:40:00,Strada Urbana,all'intersezione con,VIA ALFREDO SERRANTI,VIA MASSIMI,VIA ALFREDO SERRANTI,,,Scontro frontale/laterale SX fra veicoli in marcia,Incrocio,Una carreggiata a doppio senso,Asciutto,Asfaltata,Verticale ed orizzontale,Sereno,Normale,Buona,Sufficiente,0,0,0,4,"12,44264","41,92805",True
2647646,1,08/01/2016T17:40:00,Strada Urbana,da specificare,,VIALE DELLE TERME DI CARACALLA,,,in corrispondenza albero N.36,Scontro laterale fra veicoli in marcia,Rettilineo,Pi� di due carreggiate,Asciutto,Asfaltata,Verticale ed orizzontale,Nuvoloso,Scarso,Buona,Ore Diurne,0,0,0,4,"12,49516","41,87849",True
2647131,17,08/01/2016T17:50:00,Strada Urbana,in prossimit�,del civico n.,VIA POMPEO MAGNO,,86,,Veicolo in marcia contro veicolo fermo,Rettilineo,Una carreggiata a senso unico di marcia,Asciutto,Asfaltata,Verticale ed orizzontale,Nuvoloso,Scarso,Buona,Sufficiente,0,0,0,3,"12,46641","41,90975",True
2648619,12,08/01/2016T18:30:00,Altra strada,in prossimit�,del civico n.,VIA MARIO CARUCCI,,24,,Veicolo in marcia contro ostacolo accidentale,Rettilineo,Una carreggiata a doppio senso,Asciutto,Con buche,Verticale ed orizzontale,Nuvoloso,Scarso,Sufficiente,Sufficiente,0,0,0,1,"12,482","41,79944",True
2646804,19,08/01/2016T18:40:00,Strada Urbana,all'intersezione con,VIA GIUSEPPE GUICCIARDI,VIA DELLA VALLE DEI FONTANILI,VIA GIUSEPPE GUICCIARDI,,,Scontro frontale/laterale DX fra veicoli in marcia,Incrocio,Una carreggiata a doppio senso,Asciutto,Asfaltata,Verticale ed orizzontale,Nuvoloso,Normale,Buona,Sufficiente,1,0,0,2,"12,40958","41,92343",True
2658954,18,08/01/2016T18:50:00,Strada Urbana,in corrispondenza,del civico n.,VIA DI BOCCEA,,82,,Investimento di pedone,Rettilineo,Una carreggiata a doppio senso,Asciutto,Asfaltata,Verticale ed orizzontale,Nuvoloso,Normale,Sufficiente,Sufficiente,2,0,0,0,"12,42797","41,90081",False
2649010,7,08/01/2016T19:00:00,Strada Urbana,in prossimit�,del palo luce n.,VIALE PALMIRO TOGLIATTI,,277,,Veicolo in marcia contro ostacolo fisso,Rettilineo,Due carreggiate,Asciutto,Strada pavimentata dissestata,Verticale ed orizzontale,Sereno,Normale,Buona,Sufficiente,0,0,0,1,"12,57339","41,88769",True
2647102,8,08/01/2016T19:00:00,Strada Urbana,in prossimit�,del civico n.,VIA DEL PONTE DI NONA,,81,,Veicolo in marcia contro ostacolo accidentale,Rettilineo,Una carreggiata a doppio senso,Asciutto,Asfaltata,Orizzontale,Sereno,Normale,Buona,Ore Diurne,0,0,0,1,"12,66686","41,89119",True
2647110,20,08/01/2016T19:10:00,Strada Urbana,in prossimit�,del civico n.,VIA CASSIA,,1008,,Investimento di pedone,Rettilineo,Una carreggiata a doppio senso,Asciutto,Asfaltata,Verticale,Nuvoloso,Scarso,Sufficiente,Sufficiente,1,0,0,4,,,False
2647066,8,08/01/2016T19:15:00,,in prossimit�,del palo luce n.,VIA DELLA RISERVA NUOVA,,4,,Scontro laterale fra veicoli in marcia,,,,,,,,,,1,0,0,3,,,False
2647061,11,08/01/2016T19:45:00,Strada Urbana,all'intersezione con,VIA LANFRANCO MAROI,VIA DELLE VIGNE,VIA LANFRANCO MAROI,,,Scontro frontale/laterale DX fra veicoli in marcia,Incrocio,Una carreggiata a doppio senso,Asciutto,Asfaltata,Verticale ed orizzontale,Sereno,Scarso,Sufficiente,Sufficiente,1,0,0,1,"12,41692","41,84478",True
2647414,7,08/01/2016T20:05:00,Strada Urbana,all'intersezione con,VIALE PALMIRO TOGLIATTI,VIA CASILINA,VIALE PALMIRO TOGLIATTI,,,Scontro laterale fra veicoli in marcia,Incrocio,Una carreggiata a senso unico di marcia,Asciutto,Asfaltata,Verticale ed orizzontale,Sereno,Normale,Buona,Sufficiente,0,0,0,2,"12,56934","41,87389",True
2650481,2,08/01/2016T20:05:00,Strada Urbana,da specificare,,VIA DEL FORO ITALICO,,,prima uscita CAMPI SPORTIVI - PARIOLI dir. S. Giov,Veicolo in marcia contro ostacolo accidentale,Rettilineo,Due carreggiate,Asciutto,Con buche,Verticale ed orizzontale,Sereno,Normale,Sufficiente,Sufficiente,2,0,0,0,"12,48278","41,94005",False
2649399,3,08/01/2016T20:45:00,Strada Urbana,da specificare,,CIRCONVALLAZIONE NOMENTANA,,,direzione Salaria pross. Via Batteria Nomentana,Veicolo in marcia contro veicolo arresto,Cavalcavia,Pi� di due carreggiate,Asciutto,Asfaltata,Verticale ed orizzontale,Nuvoloso,Normale,Sufficiente,Sufficiente,1,0,0,2,"12,5272","41,92935",True
2649109,5,08/01/2016T21:15:00,Strada Urbana,all'intersezione con,VIA GIOVANNI PALOMBINI,VIA DI CASAL DEI PAZZI,VIA GIOVANNI PALOMBINI,,,Scontro laterale fra veicoli in marcia,Incrocio,Una carreggiata a doppio senso,Asciutto,Asfaltata,Verticale ed orizzontale,Sereno,Normale,Sufficiente,Sufficiente,1,0,0,1,,,False
2649485,12,08/01/2016T21:45:00,Strada Urbana,all'intersezione con,VIA ANGELO CANEVARI,VIA DI ACILIA,VIA ANGELO CANEVARI,,,Scontro frontale/laterale SX fra veicoli in marcia,Incrocio,Una carreggiata a doppio senso,Bagnato (umidit� in atto),Asfaltata,Verticale ed orizzontale,Nuvoloso,Scarso,Sufficiente,Insufficiente,2,0,0,1,"12,37142","41,7737",False
2647088,8,08/01/2016T21:45:00,,all'intersezione con,VIA FILIPPO CESARE ANNESSI,VIALE DEI ROMANISTI,VIA FILIPPO CESARE ANNESSI,,,Veicolo in marcia contro ostacolo accidentale,,,,,,,,,,0,0,0,1,,,False
2649069,5,08/01/2016T22:45:00,Strada Urbana,da specificare,,VIA DEI MONTI TIBURTINI,,, PROSSIMITA' VIA FERONIA,Investimento di pedone,Rettilineo,Due carreggiate,Asciutto,Asfaltata,Verticale ed orizzontale,Sereno,Scarso,Buona,Sufficiente,1,0,0,2,"12,55229","41,91404",True
2649102,7,08/01/2016T23:30:00,Strada Urbana,all'intersezione con,VIA PIEVEBOVIGLIANA,VIA MORROVALLE,VIA PIEVEBOVIGLIANA,,,Scontro frontale/laterale DX fra veicoli in marcia,Incrocio,Pi� di due carreggiate,Asciutto,Asfaltata,Verticale,Nuvoloso,Scarso,Sufficiente,Sufficiente,1,0,0,0,"12,58468","41,93857",False
2649155,17,09/01/2016,Strada Urbana,in prossimit�,del civico n.,VIALE GIULIO CESARE,,91,,Infortunio per sola frenata improvvisa,Rettilineo,Pi� di due carreggiate,Bagnato (umidit� in atto),Asfaltata,Verticale ed orizzontale,Sereno,Normale,Sufficiente,Ore Diurne,0,0,0,0,"12,46124","41,91007",True