_ID,_Gruppo,_DataOraIncidente,_Localizzazione1,_Localizzazione2,_Strada1,_DaSpecificare,_NaturaIncidente,_ParticolaritaStrade,_TipoStrada,_FondoStradale,_Pavimentazione,_Segnaletica,_CondizioneAtmosferica,_Traffico,_Visibilita,_Illuminazione,_NUM_FERITI,_NUM_RISERVATA,_NUM_MORTI,_NUM_ILLESI,_Longitudine,_Latitudine,_CONFERMATO,__prefix,_Strada02,_Strada2,_Chilometrica
2649160,5,09/01/2016T00:30:00,Strada Urbana,in prossimit�,del civico n.,VIA TIBURTINA,,948,,Veicolo in marcia contro ostacolo fisso,Rettilineo,Una carreggiata a doppio senso,Asciutto,Asfaltata,Temporanea di cantiere,Sereno,Scarso,Buona,Sufficiente,0,0,0,4,"12,57239","41,92479",True
2647063,8,09/01/2016T00:39:00,Strada Urbana,da specificare,,VIA PRENESTINA,,,alt. V. Cannaroli,Ribaltamento senza urto contro ostacolo fisso,Curva senza visuale libera,Una carreggiata a doppio senso,Asciutto,Asfaltata,Orizzontale,Nuvoloso,Scarso,Sufficiente,Sufficiente,0,0,0,1,"12,6069","41,89378",True
2647108,8,09/01/2016T00:40:00,Strada Urbana,all'intersezione con,VIA FILIPPO CESARE ANNESSI,VIALE DEI ROMANISTI,VIA FILIPPO CESARE ANNESSI,,,Veicolo in marcia contro ostacolo accidentale,Incrocio,Una carreggiata a senso unico di marcia,Asciutto,Asfaltata,Verticale ed orizzontale,Nuvoloso,Scarso,Sufficiente,Sufficiente,0,0,0,2,"12,5774","41,86765",True
2647481,6,09/01/2016T01:20:00,Strada Urbana,all'intersezione semaforizzata con,VIA COLLATINA,VIA PRENESTINA,VIA COLLATINA,,,Scontro frontale/laterale SX fra veicoli in marcia,Intersezione semaforizzata,Pi� di due carreggiate,Asciutto,Asfaltata,Verticale ed orizzontale,Sereno,Scarso,Buona,Sufficiente,3,0,0,1,"12,56292","41,89502",False
2647562,6,09/01/2016T01:30:00,Strada Urbana,all'intersezione semaforizzata con,VIA PRENESTINA,PIAZZALE LABICANO,VIA PRENESTINA,,,Scontro frontale fra veicoli in marcia,Intersezione semaforizzata,Due carreggiate,Asciutto,Asfaltata,Assente,Sereno,Scarso,Sufficiente,Sufficiente,0,0,0,4,"12,51619","41,89177",True
2649733,12,09/01/2016T01:30:00,Statale,in prossimit�,della chilometrica,VIA PONTINA,,24.5,,Veicolo in marcia contro ostacolo accidentale,Rettilineo,Due carreggiate,Bagnato (umidit� in atto),Asfaltata,Verticale ed orizzontale,Sereno,Scarso,Buona,Inesistente,0,0,0,5,"12,45724","41,70808",True
2649510,23,09/01/2016T02:00:00,,all'intersezione con,PIAZZA ENER BETTICA,VIA DELLE AZZORRE,PIAZZA ENER BETTICA,,,Scontro frontale/laterale DX fra veicoli in marcia,,,,,,,,,,0,0,0,2,,,False
2647106,8,09/01/2016T02:15:00,,all'intersezione con,VIA FILIPPO CESARE ANNESSI,VIALE DEI ROMANISTI,VIA FILIPPO CESARE ANNESSI,,,Veicolo in marcia contro ostacolo accidentale,,,,,,,,,,1,0,0,0,,,False
2649572,12,09/01/2016T03:00:00,Strada Urbana,in prossimit�,del civico n.,VIALE CITTA' D'EUROPA,,251,,Veicolo in marcia contro ostacolo fisso,Curva senza visuale libera,Una carreggiata a doppio senso,Bagnato (umidit� in atto),Asfaltata,Verticale ed orizzontale,Nuvoloso,Scarso,Buona,Sufficiente,1,0,0,0,"12,45054","41,82242",False
2648949,10,09/01/2016T03:30:00,Strada Urbana,in prossimit�,del civico n.,VIA ANAGNINA,,281/a,,Veicolo in marcia contro ostacolo fisso,Rettilineo,Due carreggiate,Asciutto,Asfaltata,Verticale ed orizzontale,Sereno,Scarso,Buona,Sufficiente,0,0,0,1,"12,60933","41,8214",False
2649146,7,09/01/2016T03:45:00,Strada Urbana,all'intersezione con,VIA ROCCO POZZI,VIA DEL TORRACCIO DI TORRENOVA,VIA ROCCO POZZI,,,Scontro frontale/laterale SX fra veicoli in marcia,Incrocio,Una carreggiata a doppio senso,Asciutto,Asfaltata,Verticale,Sereno,Scarso,Buona,Sufficiente,0,0,0,4,"12,62432","41,86958",False
2647075,11,09/01/2016T04:00:00,Strada Urbana,da specificare,,VIALE ERMINIO SPALLA,,,in prossimit� di Via del'Automobilismo,Veicolo in marcia contro ostacolo accidentale,Rettilineo,Due carreggiate,Bagnato (umidit� in atto),Asfaltata,Verticale ed orizzontale,Sereno,Scarso,Buona,Sufficiente,0,0,0,1,"12,50638","41,83238",True
2649506,23,09/01/2016T05:00:00,Strada Urbana,in prossimit�,del civico n.,VIA LIDO DI CASTEL PORZIANO,,61,,Veicolo in marcia contro ostacolo fisso,Rettilineo,Una carreggiata a doppio senso,Bagnato (umidit� in atto),Asfaltata,Orizzontale,Nuvoloso,Scarso,Insufficiente,Inesistente,0,0,0,1,"12,34176","41,72569",False
2649050,8,09/01/2016T07:00:00,Strada Urbana,all'intersezione con,VIA STANFORD,VIALE DELLA SORBONA,VIA STANFORD,,,Tamponamento,Rotatoria,Due carreggiate,Asciutto,Asfaltata,Verticale ed orizzontale,Sereno,Normale,Buona,Ore Diurne,1,0,0,2,"12,60893","41,85426",True
2648952,10,09/01/2016T08:00:00,Strada Urbana,in corrispondenza,del civico n.,VIALE SPARTACO,,30,,Veicolo in marcia contro veicoli in sosta,Rettilineo,Due carreggiate,Asciutto,Asfaltata,Assente,Sereno,Scarso,Sufficiente,Sufficiente,0,0,0,0,"12,55676","41,85692",True
2647629,1,09/01/2016T08:20:00,Strada Urbana,in corrispondenza,del civico n.,VIA DANDOLO,,26,,Veicolo in marcia contro veicolo arresto,Rettilineo,Una carreggiata a senso unico di marcia,Asciutto,Asfaltata,Verticale ed orizzontale,Sereno,Normale,Buona,Ore Diurne,0,0,0,3,"12,46865","41,88512",True
2649040,8,09/01/2016T09:00:00,,in prossimit�,del civico n.,VIALE DI TORRE MAURA,,120,,Veicolo in marcia contro ostacolo accidentale,,,,,,,,,,0,0,0,2,,,False
2647329,13,09/01/2016T09:00:00,Strada Urbana,all'intersezione semaforizzata con,VIA DELLE AZZORRE,VIA OSTIENSE,VIA DELLE AZZORRE,,,Scontro frontale/laterale SX fra veicoli in marcia,Intersezione semaforizzata,Una carreggiata a doppio senso,Asciutto,Asfaltata,Verticale ed orizzontale,Sereno,Normale,Buona,Ore Diurne,1,0,0,3,"12,28208","41,7375",False
2650443,17,09/01/2016T09:20:00,Strada Urbana,da specificare,,VIA LUIGI SETTEMBRINI,,,fr. via tito speri,Veicolo in marcia contro veicoli in sosta,Rettilineo,Due carreggiate,Bagnato (umidit� in atto),Asfaltata,Verticale ed orizzontale,Sereno,Normale,Sufficiente,Ore Diurne,0,0,0,1,"12,46567","41,91526",True
2649045,8,09/01/2016T10:00:00,Strada Urbana,in prossimit�,del civico n.,VIA DEL TORRACCIO,,282,,Veicolo in marcia contro ostacolo accidentale,Rettilineo,Una carreggiata a doppio senso,Asciutto,Con buche,Verticale ed orizzontale,Sereno,Normale,Sufficiente,Ore Diurne,0,0,0,1,"12,64864","41,8561",True
2648954,10,09/01/2016T10:00:00,Strada Urbana,in prossimit�,del civico n.,VIA TUSCOLANA,,1171/B,,Veicolo in marcia contro veicolo in sosta,Rettilineo,Due carreggiate,Asciutto,Asfaltata,Assente,Sereno,Normale,Buona,Ore Diurne,0,0,0,0,"12,59369","41,83926",True
2648202,13,09/01/2016T10:00:00,Strada Urbana,all'intersezione con,VIA DELLA VERBENA,VIALE DEI ROMAGNOLI,VIA DELLA VERBENA,,,Veicolo in marcia contro ostacolo accidentale,Incrocio,Una carreggiata a senso unico di marcia,Bagnato (umidit� in atto),Asfaltata,Verticale ed orizzontale,Nuvoloso,Normale,Buona,Ore Diurne,0,0,0,1,"12,36253","41,78497",False
2647309,13,09/01/2016T10:10:00,Strada Urbana,all'intersezione con,VIA CARLO MARENCO DI MORIONDO,VIA ISOLE DEL CAPO VERDE,VIA CARLO MARENCO DI MORIONDO,,,Scontro frontale/laterale DX fra veicoli in marcia,Incrocio,Due carreggiate,Asciutto,Asfaltata,Verticale ed orizzontale,Sereno,Normale,Buona,Ore Diurne,0,0,0,2,"12,27388","41,73787",True
2649036,8,09/01/2016T10:10:00,,in corrispondenza,del palo luce n.,VIA DEL PONTE DI NONA,,39,,Veicolo in marcia contro ostacolo accidentale,,,,,,,,,,0,0,0,1,,,False
2648978,11,09/01/2016T10:30:00,Strada Urbana,all'intersezione semaforizzata con,VIA GIBILMANNA,VIALE GUGLIELMO MARCONI,VIA GIBILMANNA,,,Tamponamento,Intersezione semaforizzata,Pi� di due carreggiate,Asciutto,Asfaltata,Verticale ed orizzontale,Nuvoloso,Normale,Buona,Ore Diurne,0,0,0,3,"12,47124","41,85748",True
2647407,13,09/01/2016T10:50:00,Strada Urbana,all'intersezione con,PIAZZALE MEDITERRANEO,VIALE MEDITERRANEO,PIAZZALE MEDITERRANEO,,,Scontro frontale/laterale SX fra veicoli in marcia,Incrocio,Una carreggiata a doppio senso,Asciutto,Asfaltata,Assente,Nuvoloso,Scarso,Buona,Ore Diurne,0,0,0,3,"12,3254","41,72614",True
2659014,18,09/01/2016T11:00:00,Strada Urbana,da specificare,,VIA DI ACQUAFREDDA,,,tra palo ACEA 37/38,Veicolo in marcia contro ostacolo accidentale,Rettilineo,Una carreggiata a doppio senso,Asciutto,Con buche,Verticale ed orizzontale,Nuvoloso,Normale,Buona,Ore Diurne,1,0,0,1,"12,39523","41,89509",False
2649851,16,09/01/2016T12:00:00,Strada Urbana,in prossimit�,del civico n.,VIA VIRGINIA AGNELLI,,59,,Veicolo in marcia contro veicoli in sosta,Rettilineo,Due carreggiate,Asciutto,Asfaltata,Orizzontale,Nuvoloso,Scarso,Buona,Ore Diurne,0,0,0,1,"12,44647","41,86238",True
2648634,12,09/01/2016T12:15:00,Statale entro l'abitato,all'intersezione con,VIA DEL RISARO,VIA OSTIENSE,VIA DEL RISARO,,,Scontro frontale fra veicoli in marcia,Incrocio,Una carreggiata a doppio senso,Asciutto,Asfaltata,Verticale ed orizzontale,Nuvoloso,Normale,Buona,Ore Diurne,1,0,0,2,"12,45895","41,83686",False
2648963,10,09/01/2016T13:00:00,Strada Urbana,in corrispondenza,del civico n.,VIALE BRUNO PELIZZI,,287,,Veicolo in marcia contro ostacolo accidentale,Rettilineo,Una carreggiata a doppio senso,Asciutto,Con buche,Verticale ed orizzontale,Sereno,Normale,Buona,Ore Diurne,0,0,0,1,"12,57362","41,863",True
2649262,7,09/01/2016T13:15:00,Strada Urbana,in prossimit�,del civico n.,VIA CASILINA,,1013,,Scontro laterale fra veicoli in marcia,Rettilineo,Una carreggiata a doppio senso,Asciutto,Asfaltata,Verticale ed orizzontale,Nuvoloso,Normale,Buona,Ore Diurne,1,0,0,2,"12,58429","41,8694",False
2648541,12,09/01/2016T13:15:00,Strada Urbana,da specificare,,PIAZZA GUGLIELMO MARCONI,,,per Via Colombo direz. Ostia,Scontro laterale fra veicoli in marcia,Curva a visuale libera,Due carreggiate,Asciutto,Asfaltata,Verticale ed orizzontale,Sereno,Normale,Buona,Ore Diurne,0,0,0,4,"12,47049","41,83339",True
2648223,13,09/01/2016T13:30:00,Strada Urbana,da specificare,,VIA OSTIENSE,,,altezza km 24+900 via del mare,Tamponamento Multiplo,Rettilineo,Una carreggiata a doppio senso,Asciutto,Asfaltata,Verticale ed orizzontale,Sereno,Normale,Buona,Ore Diurne,4,0,0,0,"12,45895","41,83686",False
2648206,13,09/01/2016T13:30:00,Strada Urbana,all'intersezione con,VIA MARIO RUTA,PIAZZALE LORENZO GASPARRI,VIA MARIO RUTA,,,Scontro frontale/laterale SX fra veicoli in marcia,Incrocio,Una carreggiata a senso unico di marcia,Asciutto,Asfaltata,Verticale,Nuvoloso,Scarso,Buona,Ore Diurne,2,0,0,0,"12,25692","41,7372",False
2647842,1,09/01/2016T13:40:00,Strada Urbana,in prossimit�,del civico n.,VIA CARLO ALBERTO,,6,,Veicolo in marcia contro veicolo in sosta,Rettilineo,Una carreggiata a doppio senso,Asciutto,In cubetti di porfido,Verticale,Nuvoloso,Normale,Buona,Ore Diurne,0,0,0,4,"12,50113","41,89651",True
2647564,6,09/01/2016T14:15:00,Strada Urbana,in prossimit�,del civico n.,VIA DIGNANO D'ISTRIA,,1,,Tamponamento,Rettilineo,Una carreggiata a senso unico di marcia,Asciutto,Asfaltata,Verticale ed orizzontale,Nuvoloso,Scarso,Buona,Ore Diurne,0,0,0,5,"12,55105","41,89397",True
2649196,2,09/01/2016T14:20:00,Strada Urbana,all'intersezione semaforizzata con,VIA DI VILLA CHIGI,LARGO SOMALIA,VIA DI VILLA CHIGI,,,Scontro laterale fra veicoli in marcia,Intersezione stradale segnalata,Due carreggiate,Asciutto,Asfaltata,Verticale ed orizzontale,Nuvoloso,Scarso,Buona,Ore Diurne,0,0,0,2,"12,51427","41,93605",True
2648984,11,09/01/2016T14:30:00,,all'intersezione semaforizzata con,VIA COSTANTINO,VIA CRISTOFORO COLOMBO,VIA COSTANTINO,,,Scontro laterale fra veicoli in marcia,,,,,,,,,,3,0,0,0,"12,49036","41,8547",False
2648157,1,09/01/2016T14:30:00,Strada Urbana,in prossimit�,del civico n.,VIALE MARCO POLO,,106,,Tamponamento,Rettilineo,Pi� di due carreggiate,Asciutto,Asfaltata,Verticale ed orizzontale,Sereno,Normale,Buona,Ore Diurne,1,0,0,2,,,False
2648557,12,09/01/2016T14:30:00,Strada Urbana,in prossimit�,del civico n.,VIA DI TRIGORIA,,132/A,,Scontro frontale fra veicoli in marcia,Rettilineo,Una carreggiata a doppio senso,Asciutto,Asfaltata,Assente,Sereno,Normale,Buona,Ore Diurne,0,0,0,2,"12,47766","41,76517",True
2649033,8,09/01/2016T15:45:00,Strada Urbana,da specificare,,VIA DI LUNGHEZZINA,,,ALT. VIA G. DONEGANI,Scontro laterale fra veicoli in marcia,Rettilineo,Una carreggiata a senso unico di marcia,Asciutto,Asfaltata,Verticale,Sereno,Scarso,Buona,Ore Diurne,0,0,0,1,"12,67915","41,92774",False
2648290,13,09/01/2016T16:00:00,Strada Urbana,da specificare,,VIA ISOLE DEL CAPO VERDE,,,civ.32,Veicolo in marcia contro veicolo fermo,Rettilineo,Due carreggiate,Asciutto,Asfaltata,Verticale ed orizzontale,Nuvoloso,Normale,Buona,Ore Diurne,0,0,0,2,"12,27388","41,73787",True
2649021,11,09/01/2016T16:20:00,Strada Urbana,all'intersezione con,VIA GIACOMO RHO,PIAZZA GIOVANNI DA TRIORA,VIA GIACOMO RHO,,,Investimento di pedone,Intersezione stradale segnalata,Una carreggiata a senso unico di marcia,Asciutto,Asfaltata,Verticale ed orizzontale,Nuvoloso,Scarso,Buona,Ore Diurne,1,0,0,1,"12,49012","41,86224",True
2649052,19,09/01/2016T17:00:00,Strada Urbana,in prossimit�,del civico n.,VIA DELLA BALDUINA,,112/a,,Veicolo in marcia contro ostacolo accidentale,Rettilineo,Una carreggiata a doppio senso,Asciutto,Asfaltata,Assente,Sereno,Normale,Buona,Sufficiente,0,0,0,1,"12,44116","41,92013",True
2649022,8,09/01/2016T17:00:00,Provinciale entro l'abitato,da specificare,,VIA PRENESTINA,,,corrispondenza Via Ollolai,Tamponamento,Rettilineo,Una carreggiata a doppio senso,Asciutto,Asfaltata,Verticale ed orizzontale,Sereno,Intenso,Buona,Ore Diurne,0,0,0,5,"12,67913","41,8904",True
2649343,7,09/01/2016T17:15:00,Strada Urbana,in prossimit�,del civico n.,VIA DEL MAGGIOLINO,,80,,Scontro frontale/laterale DX fra veicoli in marcia,Rettilineo,Una carreggiata a doppio senso,Asciutto,Asfaltata,Assente,Nuvoloso,Intenso,Buona,Sufficiente,1,0,0,1,"12,60792","41,898",False
2649029,8,09/01/2016T17:35:00,,in prossimit�,del civico n.,VIA POLENSE,,141D,,Veicolo in marcia contro ostacolo accidentale,,,,,,,,,,0,0,0,1,,,False
2649371,7,09/01/2016T17:40:00,Strada Urbana,in corrispondenza,del civico n.,VIALE PALMIRO TOGLIATTI,,851,,Veicolo in marcia contro ostacolo accidentale,Rettilineo,Una carreggiata a senso unico di marcia,Asciutto,Con buche,Verticale ed orizzontale,Nuvoloso,Intenso,Sufficiente,Sufficiente,0,0,0,4,"12,57319","41,8869",True
2658970,18,09/01/2016T17:50:00,Strada Urbana,in prossimit�,del civico n.,VIA CARDINALE CAPRARA,,12,,Veicolo in marcia contro ostacolo accidentale,Rettilineo,Una carreggiata a doppio senso,Asciutto,Asfaltata,Assente,Sereno,Scarso,Buona,Ore Diurne,0,0,0,1,"12,42299","41,90355",True
2649059,19,09/01/2016T18:00:00,Strada Urbana,in prossimit�,del civico n.,VIA DI TORREVECCHIA,,229,,Investimento di pedone,Rettilineo,Una carreggiata a doppio senso,Asciutto,Asfaltata,Assente,Nebbia,Normale,Sufficiente,Sufficiente,1,0,0,1,"12,41758","41,92941",True
2648219,1,09/01/2016T18:10:00,Strada Urbana,in prossimit�,del palo luce n.,LUNGOTEVERE IN AUGUSTA,,6,,Veicolo in marcia contro ostacolo accidentale,Rettilineo,Una carreggiata a senso unico di marcia,Asciutto,Asfaltata,Verticale ed orizzontale,Sereno,Normale,Sufficiente,Sufficiente,0,0,0,1,"12,47478","41,90759",True
2648247,13,09/01/2016T18:45:00,Strada Urbana,da specificare,,VIALE VASCO DE GAMA,,,in corrispondenza di Via Capitan Consalvo,Tamponamento,Rettilineo,Due carreggiate,Asciutto,Asfaltata,Verticale ed orizzontale,Sereno,Normale,Buona,Sufficiente,0,0,0,3,"12,279","41,73316",True
2648496,6,09/01/2016T19:00:00,Strada Urbana,all'intersezione semaforizzata con,VIA ANGELO BERARDI,VIA CASILINA,VIA ANGELO BERARDI,,,Infortunio per caduta del veicolo,Intersezione semaforizzata,Due carreggiate,Asciutto,Asfaltata,Verticale ed orizzontale,Sereno,Normale,Buona,Sufficiente,1,0,0,6,"12,54808","41,87791",False
2649231,5,09/01/2016T19:20:00,Strada Urbana,da specificare,,VIA IGINO GIORDANI,,,fronte civico 57,Investimento di pedone,Rettilineo,Una carreggiata a doppio senso,Asciutto,Asfaltata,Orizzontale,Sereno,Normale,Insufficiente,Insufficiente,1,0,0,2,"12,56254","41,9065",True
2648169,17,09/01/2016T19:50:00,Strada Urbana,all'intersezione con,VIA LEPANTO,VIALE GIULIO CESARE,VIA LEPANTO,,,Investimento di pedone,Intersezione semaforizzata,Pi� di due carreggiate,Asciutto,Asfaltata,Verticale ed orizzontale,Sereno,Normale,Sufficiente,Sufficiente,0,0,0,2,"12,46608","41,9115",False
2648505,20,09/01/2016T20:00:00,Strada Urbana,in prossimit�,della chilometrica,VIA FLAMINIA,,17.3,,Tamponamento,Rettilineo,Una carreggiata a doppio senso,Asciutto,Asfaltata,Orizzontale,Sereno,Scarso,Sufficiente,Inesistente,2,0,0,0,,,False
2649422,7,09/01/2016T20:10:00,Strada Urbana,in prossimit�,del civico n.,VIA COLLATINA,,439,,Veicolo in marcia contro ostacolo accidentale,Rettilineo,Una carreggiata a doppio senso,Asciutto,Asfaltata,Assente,Sereno,Normale,Buona,Sufficiente,0,0,0,2,"12,61086","41,90468",True
2648198,1,09/01/2016T20:10:00,Strada Urbana,all'intersezione con,VIA AURELIANA,VIA FLAVIA,VIA AURELIANA,,,Scontro laterale fra veicoli in marcia,Intersezione non regolata/non segnalata,Una carreggiata a senso unico di marcia,Asciutto,In cubetti di porfido,Verticale ed orizzontale,Sereno,Scarso,Sufficiente,Sufficiente,2,0,0,0,"12,49712","41,90708",True
2649073,19,09/01/2016T20:10:00,Strada Urbana,all'intersezione con,VIA PONDERANO,VIA DI SELVA CANDIDA,VIA PONDERANO,,,Scontro frontale/laterale DX fra veicoli in marcia,Incrocio,Una carreggiata a doppio senso,Asciutto,Asfaltata,Verticale ed orizzontale,Nuvoloso,Scarso,Sufficiente,Sufficiente,2,0,0,0,"12,37724","41,93431",True
2649268,5,09/01/2016T20:15:00,Strada Urbana,all'intersezione con,VIA DOMENICO CUCCHIARI,VIA GIOVANNI PITTALUGA,VIA DOMENICO CUCCHIARI,,,Scontro frontale/laterale DX fra veicoli in marcia,Incrocio,Due carreggiate,Asciutto,Asfaltata,Verticale ed orizzontale,Nuvoloso,Scarso,Buona,Sufficiente,0,0,0,2,"12,53694","41,89979",True
2658960,18,09/01/2016T20:30:00,Strada Urbana,all'intersezione semaforizzata con,VIA BONIFACIO VIII,VIA DI PORTA CAVALLEGGERI,VIA BONIFACIO VIII,,,Tamponamento Multiplo,Intersezione semaforizzata,Due carreggiate,Asciutto,Asfaltata,Verticale ed orizzontale,Sereno,Scarso,Sufficiente,Sufficiente,4,0,0,1,"12,45658","41,90018",True
2649028,8,09/01/2016T20:40:00,Strada Urbana,da specificare,,VIA CASILINA,,,ALT. VIA E. BREDA,Veicolo in marcia contro ostacolo accidentale,Rettilineo,Una carreggiata a senso unico di marcia,Asciutto,Asfaltata,Verticale ed orizzontale,Sereno,Scarso,Sufficiente,Sufficiente,0,0,0,2,"12,64269","41,86252",True
2649123,2,09/01/2016T21:10:00,Strada Urbana,in prossimit�,del civico n.,PIAZZA UNGHERIA,,4,,Investimento di pedone,Rettilineo,Una carreggiata a doppio senso,Asciutto,Asfaltata,Verticale ed orizzontale,Sereno,Normale,Buona,Sufficiente,1,0,0,2,"12,49245","41,92271",False
2649018,8,09/01/2016T21:50:00,Strada Urbana,all'intersezione con,VIA GIACINTO MARTORELLI,VIA ENRICO GIGLIOLI,VIA GIACINTO MARTORELLI,,,Scontro laterale fra veicoli in marcia,Incrocio,Due carreggiate,Asciutto,Asfaltata,Verticale ed orizzontale,Nuvoloso,Scarso,Sufficiente,Sufficiente,1,0,0,4,"12,59812","41,86951",False
2649863,16,09/01/2016T22:00:00,,in prossimit�,del civico n.,VIA QUIRINO MAJORANA,,265,,Veicolo in marcia contro veicoli fermi,,,,,,,,,,1,0,0,1,,,False
2649517,7,09/01/2016T22:10:00,,in corrispondenza,del civico n.,VIA DELL'ARCHEOLOGIA,,126,,Scontro frontale fra veicoli in marcia,,,,,,,,,,1,0,0,1,,,False
2648518,6,09/01/2016T22:30:00,Strada Urbana,da specificare,,VIA CASILINA,,,20 M. DOPO INCROCIO CON VIA BREDA,Veicolo in marcia contro ostacolo accidentale,Rettilineo,Una carreggiata a senso unico di marcia,Bagnato (umidit� in atto),Asfaltata,Assente,Nuvoloso,Scarso,Insufficiente,Sufficiente,0,0,0,1,"12,64328","41,86234",True
2648211,1,09/01/2016T23:30:00,Strada Urbana,in corrispondenza,del civico n.,PIAZZA VITTORIO EMANUELE II,,96,,Infortunio per sola frenata improvvisa,Rettilineo,Una carreggiata a doppio senso,Bagnato (pioggia),Asfaltata,Verticale ed orizzontale,Pioggia in atto,Scarso,Buona,Sufficiente,1,0,0,2,,,False
2649214,2,09/01/2016T23:49:00,Strada Urbana,in corrispondenza,del civico n.,VIA DI PRISCILLA,,fr. 57,,Veicolo in marcia contro veicolo arresto,Rettilineo,Una carreggiata a doppio senso,Asciutto,Asfaltata,Verticale ed orizzontale,Sereno,Scarso,Sufficiente,Sufficiente,0,0,0,3,"12,5102","41,93064",True
2649016,11,10/01/2016,Strada Urbana,in corrispondenza,del civico n.,VIA DI TOR CARBONE,,203,,Veicolo in marcia contro ostacolo fisso,Curva a visuale libera,Una carreggiata a doppio senso,Bagnato (umidit� in atto),Asfaltata,Verticale ed orizzontale,Nuvoloso,Scarso,Buona,Sufficiente,0,0,0,0,"12,52032","41,82698",True
2648527,6,10/01/2016,Strada Urbana,da specificare,,VIA CASILINA,,,20 M. DOPO INCROCIO CON VIA BREDA,Veicolo in marcia contro ostacolo accidentale,Rettilineo,Una carreggiata a senso unico di marcia,Bagnato (umidit� in atto),Asfaltata,Assente,Nuvoloso,Scarso,Insufficiente,Insufficiente,0,0,0,1,"12,64297","41,86247",True
2648525,6,10/01/2016T00:40:00,Strada Urbana,da specificare,,VIA CASILINA,,,20 M. DOPO INCROCIO CON VIA BREDA,Veicolo in marcia contro ostacolo accidentale,Rettilineo,Una carreggiata a senso unico di marcia,Bagnato (umidit� in atto),Asfaltata,Assente,Nuvoloso,Scarso,Insufficiente,Insufficiente,0,0,0,2,"12,64311","41,86241",True
2650004,12,10/01/2016T01:00:00,Strada Urbana,in corrispondenza,della chilometrica,VIADOTTO DELLA MAGLIANA,,1,,Veicolo in marcia contro ostacolo fisso,Rettilineo,Due carreggiate,Bagnato (pioggia),Asfaltata,Verticale ed orizzontale,Pioggia in atto,Scarso,Sufficiente,Insufficiente,0,0,0,1,"12,45979","41,83858",True
2648241,4,10/01/2016T01:00:00,Strada Urbana,da specificare,,VIA DI PORTONACCIO,,,f.c. 170,Scontro laterale fra veicoli in marcia,Rettilineo,Due carreggiate,Bagnato (pioggia),Asfaltata,Verticale ed orizzontale,Pioggia in atto,Scarso,Buona,Sufficiente,0,0,0,4,"12,53742","41,90003",True
2650544,3,10/01/2016T01:00:00,Strada Urbana,all'intersezione con,VIA DEI MONTI TIBURTINI,VIA GIUSEPPE SEGUENZA,VIA DEI MONTI TIBURTINI,,,Veicolo in marcia contro ostacolo fisso,Incrocio,Due carreggiate,Asciutto,Asfaltata,Verticale ed orizzontale,Sereno,Normale,Sufficiente,Sufficiente,0,0,0,1,"12,53709","41,92014",False
2649469,17,10/01/2016T01:30:00,Strada Urbana,da specificare,,VIA DI CASAL DEL MARMO,,,in prossimit� pian del marmo,Veicolo in marcia contro ostacolo fisso,Rettilineo,Una carreggiata a doppio senso,Bagnato (pioggia),Asfaltata,Verticale ed orizzontale,Pioggia in atto,Scarso,Sufficiente,Sufficiente,0,0,0,2,"12,38894","41,9421",True
2649077,11,10/01/2016T01:50:00,Strada Urbana,da specificare,,VIALE DEL TINTORETTO,,,in prossimit� civico 290,Veicolo in marcia contro veicolo fermo,Curva a visuale libera,Due carreggiate,Bagnato (pioggia),Asfaltata,Verticale ed orizzontale,Pioggia in atto,Normale,Sufficiente,Sufficiente,0,0,0,3,"12,48982","41,83315",True
2648532,6,10/01/2016T01:50:00,Strada Urbana,all'intersezione con,VIA DEI GELSI,VIA TOR DE' SCHIAVI,VIA DEI GELSI,,,Scontro frontale/laterale DX fra veicoli in marcia,Incrocio,Due carreggiate,Bagnato (pioggia),Asfaltata,Verticale,Pioggia in atto,Scarso,Sufficiente,Sufficiente,2,0,0,2,"12,56165","41,88811",False
2648842,9,10/01/2016T02:15:00,,da specificare,,PIAZZA DEI CONSOLI,,,fronte civico 8,Veicolo in marcia contro veicoli in sosta,,,,,,,,,,0,0,0,0,"12,55746","41,86178",False
2648233,1,10/01/2016T02:45:00,Strada Urbana,in corrispondenza,del civico n.,PIAZZA DEL GESU',,45,,Tamponamento,Rettilineo,Una carreggiata a senso unico di marcia,Bagnato (pioggia),Asfaltata,Verticale ed orizzontale,Pioggia in atto,Scarso,Buona,Sufficiente,2,0,0,2,,,False
2649560,7,10/01/2016T03:00:00,Strada Urbana,all'intersezione con,VIA SELINUNTE,VIA DEL QUADRARO,VIA SELINUNTE,,,Scontro frontale/laterale SX fra veicoli in marcia,Incrocio,Una carreggiata a doppio senso,Bagnato (umidit� in atto),Asfaltata,Verticale,Nuvoloso,Scarso,Sufficiente,Sufficiente,0,0,0,5,"12,55256","41,85541",True