_ID,_Gruppo,_DataOraIncidente,_Localizzazione1,_Localizzazione2,_Strada1,_DaSpecificare,_NaturaIncidente,_ParticolaritaStrade,_TipoStrada,_FondoStradale,_Pavimentazione,_Segnaletica,_CondizioneAtmosferica,_Traffico,_Visibilita,_Illuminazione,_NUM_FERITI,_NUM_RISERVATA,_NUM_MORTI,_NUM_ILLESI,_Longitudine,_Latitudine,_CONFERMATO,__prefix,_Strada02,_Strada2,_Chilometrica
2648246,1,10/01/2016T03:15:00,Strada Urbana,all'intersezione con,VIA DELLA FERRATELLA IN LATERANO,LARGO DELL'AMBA ARADAM,VIA DELLA FERRATELLA IN LATERANO,,,Scontro laterale fra veicoli in marcia,Incrocio,Una carreggiata a doppio senso,Bagnato (pioggia),Asfaltata,Verticale ed orizzontale,Pioggia in atto,Scarso,Buona,Sufficiente,1,0,0,1,"12,50247","41,88534",False
2649252,12,10/01/2016T03:45:00,Strada Urbana,da specificare,,VIA DELLA CECCHIGNOLA,,,a mt.20 dal fronte civico 146 ,Scontro frontale/laterale SX fra veicoli in marcia,Rettilineo,Una carreggiata a doppio senso,Bagnato (pioggia),Asfaltata,Verticale ed orizzontale,Nuvoloso,Scarso,Sufficiente,Sufficiente,2,0,0,0,,,False
2649076,8,10/01/2016T04:00:00,Strada Urbana,all'intersezione con,VIA COLLATINA,VIA CALPURNIO FIAMMA,VIA COLLATINA,,,Scontro frontale/laterale DX fra veicoli in marcia,Intersezione semaforizzata,Due carreggiate,Bagnato (pioggia),Asfaltata,Verticale ed orizzontale,Nuvoloso,Scarso,Buona,Sufficiente,0,0,0,5,"12,56162","41,86203",True
2649405,23,10/01/2016T04:30:00,Strada Urbana,all'intersezione semaforizzata con,VIA OROPA,VIA CRISTOFORO COLOMBO,VIA OROPA,,,Tamponamento Multiplo,Intersezione semaforizzata,Pi� di due carreggiate,Bagnato (pioggia),Asfaltata,Verticale ed orizzontale,Nuvoloso,Scarso,Buona,Sufficiente,1,0,0,3,"12,48073","41,84761",True
2649127,1,10/01/2016T05:35:00,Strada Urbana,in prossimit�,del palo luce n.,VIA DEGLI ARGONAUTI,,3,,Scontro laterale fra veicoli in marcia,Rettilineo,Una carreggiata a senso unico di marcia,Bagnato (umidit� in atto),Asfaltata,Verticale ed orizzontale,Nuvoloso,Scarso,Buona,Sufficiente,0,0,0,4,"12,48066","41,86492",False
2649086,8,10/01/2016T06:00:00,,da specificare,,VIA DELL'USIGNOLO,,,ALT. VIA W. TOBAGI,Veicolo in marcia contro ostacolo accidentale,,,,,,,,,,0,0,0,0,,,False
2649041,20,10/01/2016T06:15:00,Strada Urbana,all'intersezione con,VIA FRATELLI DURANTE,VIA CASSIA,VIA FRATELLI DURANTE,,,Scontro frontale/laterale SX fra veicoli in marcia,Incrocio,Una carreggiata a doppio senso,Bagnato (umidit� in atto),Asfaltata,Orizzontale,Nuvoloso,Scarso,Buona,Sufficiente,2,0,0,2,,,False
2648970,10,10/01/2016T06:20:00,Strada Urbana,all'intersezione semaforizzata con,VIALE DEI CONSOLI,VIA SCRIBONIO CURIONE,VIALE DEI CONSOLI,,,Scontro frontale/laterale DX fra veicoli in marcia,Incrocio,Due carreggiate,Asciutto,Asfaltata,Verticale ed orizzontale,Sereno,Scarso,Buona,Sufficiente,1,0,0,2,"12,55382","41,86365",True
2648220,2,10/01/2016T06:30:00,Strada Urbana,all'intersezione con,LUNGOTEVERE ARNALDO DA BRESCIA,VIA LUISA DI SAVOIA,LUNGOTEVERE ARNALDO DA BRESCIA,,,Veicolo in marcia contro ostacolo fisso,Incrocio,Una carreggiata a senso unico di marcia,Bagnato (pioggia),Asfaltata,Verticale ed orizzontale,Nuvoloso,Scarso,Buona,Ore Diurne,1,0,0,0,"12,47303","41,91103",True
2649910,12,10/01/2016T07:45:00,Provinciale,in prossimit�,della chilometrica,VIA PONTINA,,18,,Veicolo in marcia contro ostacolo fisso,Curva a visuale libera,Due carreggiate,Bagnato (pioggia),Asfaltata,Verticale ed orizzontale,Nuvoloso,Scarso,Buona,Ore Diurne,0,0,0,2,"12,44389","41,77222",True
2649276,17,10/01/2016T08:20:00,Strada Urbana,all'intersezione con,VIA PROPERZIO,VIA CRESCENZIO,VIA PROPERZIO,,,Scontro laterale fra veicoli in marcia,Incrocio,Una carreggiata a doppio senso,Bagnato (umidit� in atto),Acciotolata,Verticale ed orizzontale,Nuvoloso,Scarso,Buona,Ore Diurne,6,0,0,1,"12,46125","41,90591",False
2650016,15,10/01/2016T08:35:00,,in corrispondenza,del civico n.,VIA PIERO CALAMANDREI,,11,,Investimento di pedone,,,,,,,,,,1,0,0,0,"12,44063","41,84235",False
2648906,15,10/01/2016T08:45:00,Strada Urbana,da specificare,,VIA LEONARDO GREPPI,,,prox. Via Mengarini,Veicolo in marcia contro ostacolo accidentale,Rettilineo,Una carreggiata a doppio senso,Bagnato (pioggia),Asfaltata,Assente,Foschia,Scarso,Buona,Ore Diurne,1,0,0,0,"12,45791","41,86228",True
2649089,8,10/01/2016T09:30:00,,da specificare,,VIA COLLATINA,,,ALT. VIA CICALI,Veicolo in marcia contro ostacolo accidentale,,,,,,,,,,0,0,0,2,,,False
2649555,17,10/01/2016T09:50:00,Strada Urbana,all'intersezione semaforizzata con,PIAZZA ADRIANA,VIA CRESCENZIO,PIAZZA ADRIANA,,,Scontro laterale fra veicoli in marcia,Intersezione semaforizzata,Una carreggiata a doppio senso,Asciutto,In cubetti di porfido,Verticale ed orizzontale,Nuvoloso,Scarso,Buona,Ore Diurne,0,0,0,2,"12,46601","41,9055",True
2659063,18,10/01/2016T10:30:00,Strada Urbana,all'intersezione con,VIA MARTINO V,VIA URBANO II,VIA MARTINO V,,,Scontro frontale/laterale SX fra veicoli in marcia,Intersezione stradale segnalata,Una carreggiata a doppio senso,Asciutto,Asfaltata,Assente,Sereno,Scarso,Buona,Ore Diurne,1,0,0,1,"12,42316","41,90445",False
2649498,17,10/01/2016T10:40:00,Strada Urbana,da specificare,,PIAZZA CAVOUR,,,fr. civ. 2,Investimento di pedone,Rettilineo,Una carreggiata a senso unico di marcia,Asciutto,In cubetti di porfido,Verticale ed orizzontale,Sereno,Scarso,Buona,Ore Diurne,2,0,0,2,"12,46993","41,90502",False
2648975,10,10/01/2016T10:50:00,Strada Urbana,in prossimit�,del civico n.,VIA TUSCOLANA,,1436,,Scontro laterale fra veicoli in marcia,Rettilineo,Due carreggiate,Asciutto,Asfaltata,Assente,Sereno,Scarso,Buona,Ore Diurne,0,0,0,2,"12,56645","41,85432",True
2650022,16,10/01/2016T11:15:00,Strada Urbana,in prossimit�,del civico n.,VIA DEL CASALE LUMBROSO,,137,,Veicolo in marcia contro veicolo in sosta,Rettilineo,Una carreggiata a doppio senso,Asciutto,Asfaltata,Assente,Sereno,Normale,Sufficiente,Ore Diurne,1,0,0,0,"12,36474","41,87164",False
2648908,15,10/01/2016T11:20:00,Strada Urbana,da specificare,,VIA LEONARDO GREPPI,,,fronte civico 142,Infortunio per caduta del veicolo,Rettilineo,Una carreggiata a doppio senso,Viscido da liquidi oleosi,Asfaltata,Assente,Sereno,Normale,Buona,Ore Diurne,1,0,0,1,"12,45887","41,8628",True
2649058,20,10/01/2016T11:40:00,Strada Urbana,all'intersezione con,VIA GUGLIELMO IMPERIALI DI FRANCAVILLA,VIA DEGLI ORTI DELLA FARNESINA,VIA GUGLIELMO IMPERIALI DI FRANCAVILLA,,,Scontro laterale fra veicoli in marcia,Intersezione stradale segnalata,Una carreggiata a doppio senso,Asciutto,Asfaltata,Verticale ed orizzontale,Nuvoloso,Normale,Buona,Ore Diurne,0,0,0,3,,,False
2649264,5,10/01/2016T11:50:00,Strada Urbana,da specificare,,VIA POLLENZA,,,prossimit� f.c. 42,Infortunio per sola frenata improvvisa,Rettilineo,Una carreggiata a doppio senso,Asciutto,Asfaltata,Orizzontale,Sereno,Scarso,Buona,Ore Diurne,1,0,0,0,,,False
2649074,8,10/01/2016T12:15:00,Strada Urbana,da specificare,,VIALE S. RITA DA CASCIA,,,AREA COMPLANARE AMA,Investimento di pedone,Rettilineo,Una carreggiata a doppio senso,Asciutto,Asfaltata,Verticale ed orizzontale,Sereno,Scarso,Buona,Ore Diurne,1,0,0,2,"12,64451","41,86899",True
2649284,5,10/01/2016T12:30:00,Strada Urbana,da specificare,,VIALE DEL TECNOPOLO,,,snc,Veicolo in marcia contro ostacolo accidentale,Rettilineo,Due carreggiate,Asciutto,Asfaltata,Verticale ed orizzontale,Sereno,Scarso,Buona,Ore Diurne,0,0,0,1,"12,64052","41,93607",True
2649162,8,10/01/2016T13:00:00,Strada Urbana,in prossimit�,del civico n.,VIA ETTORE ARRIGONI DEGLI ODDI,,18,,Veicolo in marcia contro veicolo in sosta,Rettilineo,Una carreggiata a senso unico di marcia,Asciutto,Asfaltata,Assente,Sereno,Scarso,Buona,Ore Diurne,0,0,0,0,"12,59569","41,86347",False
2648503,13,10/01/2016T13:00:00,Strada Urbana,all'intersezione con,VIA CAPO PALINURO,VIALE DEI PROMONTORI,VIA CAPO PALINURO,,,Scontro frontale/laterale DX fra veicoli in marcia,Incrocio,Una carreggiata a doppio senso,Asciutto,Asfaltata,Verticale ed orizzontale,Sereno,Normale,Buona,Ore Diurne,3,0,0,1,"12,28804","41,73863",False
2649088,1,10/01/2016T13:00:00,Strada Urbana,all'intersezione con,PONTE TESTACCIO,LUNGOTEVERE TESTACCIO,PONTE TESTACCIO,,,Veicolo in marcia contro veicolo in sosta,Incrocio,Una carreggiata a doppio senso,Asciutto,In cubetti di porfido,Verticale,Sereno,Scarso,Buona,Ore Diurne,0,0,0,3,"12,47123","41,87582",True
2659266,18,10/01/2016T13:30:00,Strada Urbana,da specificare,,VIA DELLA PINETA SACCHETTI,,,FRONTE CIVICO 67,Veicolo in marcia contro ostacolo accidentale,Curva a visuale libera,Una carreggiata a doppio senso,Asciutto,Asfaltata,Verticale,Sereno,Normale,Buona,Ore Diurne,0,0,0,2,"12,42428","41,9229",True
2649220,2,10/01/2016T13:55:00,Strada Urbana,in prossimit�,del civico n.,VIA GIORGIO VASARI,,5,,Investimento di pedone,Rettilineo,Una carreggiata a senso unico di marcia,Asciutto,Asfaltata,Assente,Sereno,Scarso,Buona,Ore Diurne,1,0,0,2,"12,46286","41,92597",False
2648548,6,10/01/2016T14:00:00,Strada Urbana,in prossimit�,del civico n.,VIA PRENESTINA,,176,,Scontro laterale fra veicoli in marcia,Rettilineo,Due carreggiate,Asciutto,Asfaltata,Assente,Sereno,Normale,Buona,Ore Diurne,0,0,0,3,"12,53365","41,89213",True
2649279,5,10/01/2016T14:00:00,Strada Urbana,in prossimit�,del civico n.,VIA TIBURTINA,,390,,Tamponamento,Rettilineo,Due carreggiate,Asciutto,Asfaltata,Temporanea di cantiere,Sereno,Normale,Buona,Ore Diurne,1,0,0,0,,,False
2649019,11,10/01/2016T14:10:00,Strada Urbana,da specificare,,VIALE GUGLIELMO MARCONI,,,altezza via Nobili,Scontro laterale fra veicoli in marcia,Rettilineo,Due carreggiate,Asciutto,Asfaltata,Verticale ed orizzontale,Sereno,Scarso,Buona,Ore Diurne,0,0,0,3,"12,47152","41,85665",True
2648922,15,10/01/2016T14:20:00,,in corrispondenza,del civico n.,VIA QUIRINO MAJORANA,,15,,Tamponamento,,,,,,,,,,0,0,0,1,"12,46478","41,86549",False
2649006,13,10/01/2016T14:45:00,Strada Urbana,all'intersezione con,VIA GINO BONICHI,VIA DI SAPONARA,VIA GINO BONICHI,,,Scontro frontale fra veicoli in marcia,Incrocio,Una carreggiata a doppio senso,Asciutto,Asfaltata,Verticale,Sereno,Normale,Buona,Ore Diurne,5,0,0,2,"12,35761","41,77858",False
2649092,11,10/01/2016T15:20:00,Strada Urbana,da specificare,,VIALE GUGLIELMO MARCONI,,,in prossimit� L.go Maestri del Lavoro,Veicolo in marcia contro ostacolo accidentale,Rettilineo,Due carreggiate,Asciutto,Asfaltata,Verticale ed orizzontale,Sereno,Normale,Buona,Ore Diurne,0,0,0,1,"12,47399","41,85083",True
2650499,17,10/01/2016T15:30:00,Strada Urbana,da specificare,,VIALE DELLO STADIO OLIMPICO,,,in prossimit� dello svincolo di via gomenizza,Tamponamento,Rettilineo,Due carreggiate,Asciutto,Asfaltata,Verticale ed orizzontale,Sereno,Scarso,Buona,Ore Diurne,0,0,0,5,"12,45649","41,92508",True
2648977,10,10/01/2016T15:45:00,Strada Urbana,in prossimit�,del civico n.,VIA BERNARDINO ALIMENA,,47,,Veicolo in marcia contro ostacolo accidentale,Rettilineo,Due carreggiate,Asciutto,Asfaltata,Verticale ed orizzontale,Sereno,Normale,Buona,Ore Diurne,0,0,0,1,"12,60193","41,84796",True
2649107,8,10/01/2016T15:45:00,,in prossimit�,del civico n.,VIA POLENSE,,141 c,,Veicolo in marcia contro ostacolo accidentale,,,,,,,,,,0,0,0,1,,,False
2649024,20,10/01/2016T15:50:00,Altra strada,all'intersezione con,VIALE DEGLI UFFICI,VIALE DI VILLA ROMANA,VIALE DEGLI UFFICI,,,Veicolo in marcia contro ostacolo accidentale,Intersezione non regolata/non segnalata,Una carreggiata a doppio senso,Bagnato (umidit� in atto),Con buche,Orizzontale,Sereno,Scarso,Buona,Ore Diurne,2,0,0,0,,,False
2649947,12,10/01/2016T16:00:00,Strada Urbana,all'intersezione con,VIALE DELL'ASTRONOMIA,VIALE BEETHOVEN,VIALE DELL'ASTRONOMIA,,,Scontro frontale/laterale DX fra veicoli in marcia,Incrocio,Una carreggiata a doppio senso,Asciutto,Asfaltata,Verticale ed orizzontale,Sereno,Normale,Buona,Ore Diurne,1,0,0,6,"12,46684","41,83328",True
2649009,13,10/01/2016T16:00:00,Strada Urbana,da specificare,,PIAZZALE CRISTOFORO COLOMBO,,,in prossimit� di Ple A Vespucci,Scontro laterale fra veicoli in marcia,Rettilineo,Una carreggiata a senso unico di marcia,Asciutto,Asfaltata,Verticale ed orizzontale,Sereno,Normale,Buona,Ore Diurne,0,0,0,3,"12,31753","41,7145",True
2649062,11,10/01/2016T16:05:00,Strada Urbana,in corrispondenza,del civico n.,VIA LAURENTINA,,56,,Tamponamento,Rettilineo,Una carreggiata a senso unico di marcia,Asciutto,Asfaltata,Verticale ed orizzontale,Sereno,Scarso,Buona,Sufficiente,1,0,0,2,"12,47839","41,84798",False
2649156,1,10/01/2016T16:50:00,Strada Urbana,in corrispondenza,del civico n.,VIA MERULANA,,169,,Investimento di pedone,Rettilineo,Una carreggiata a doppio senso,Asciutto,Asfaltata,Verticale ed orizzontale,Sereno,Normale,Buona,Sufficiente,1,0,0,1,,,False
2649247,23,10/01/2016T16:50:00,Comunale extraurbana,all'intersezione semaforizzata con,VIA DEL CANALE DELLA LINGUA,VIA CRISTOFORO COLOMBO,VIA DEL CANALE DELLA LINGUA,,,Scontro laterale fra veicoli in marcia,Intersezione semaforizzata,Pi� di due carreggiate,Asciutto,Asfaltata,Verticale ed orizzontale,Sereno,Scarso,Buona,Sufficiente,7,1,0,0,"12,34578","41,73629",False
2648637,6,10/01/2016T17:00:00,Strada Urbana,da specificare,,VIA OLEVANO ROMANO,,,altezza Via Filettino,Scontro frontale/laterale SX fra veicoli in marcia,Rettilineo,Due carreggiate,Asciutto,Asfaltata,Assente,Sereno,Normale,Buona,Sufficiente,1,0,0,2,"12,55557","41,8912",True
2649736,12,10/01/2016T17:30:00,Strada Urbana,in corrispondenza,della chilometrica,VIA DEL MARE,,13.9,,Tamponamento Multiplo,Rettilineo,Una carreggiata a doppio senso,Asciutto,Asfaltata,Verticale ed orizzontale,Sereno,Intenso,Buona,Inesistente,2,0,0,3,"12,48786","41,66404",False
2648843,9,10/01/2016T17:45:00,,in prossimit�,del civico n.,VIA FOLIGNO,,11,,Veicolo in marcia contro veicoli in sosta,,,,,,,,,,0,0,0,0,"12,51895","41,88623",False
2649094,8,10/01/2016T17:50:00,Provinciale,in prossimit�,del civico n.,VIA PRENESTINA,,1190,,Veicolo in marcia contro ostacolo accidentale,Rettilineo,Una carreggiata a doppio senso,Asciutto,Con buche,Verticale ed orizzontale,Sereno,Normale,Sufficiente,Sufficiente,0,0,0,3,"12,62721","41,89253",False
2649100,8,10/01/2016T18:00:00,,in prossimit�,del civico n.,VIA PRENESTINA,,141 C,,Veicolo in marcia contro ostacolo accidentale,,,,,,,,,,0,0,0,1,,,False
2649085,8,10/01/2016T18:10:00,Provinciale,in prossimit�,del civico n.,VIA POLENSE,,141 C,,Veicolo in marcia contro ostacolo accidentale,Rettilineo,Una carreggiata a doppio senso,Asciutto,Con buche,Verticale ed orizzontale,Nuvoloso,Normale,Insufficiente,Insufficiente,0,0,0,2,"12,70381","41,89646",True
2649049,11,10/01/2016T18:10:00,Strada Urbana,all'intersezione con,VIA NICOLA SPEDALIERI,PIAZZALE ROBERTO ARDIGO',VIA NICOLA SPEDALIERI,,,Scontro laterale fra veicoli in marcia,Incrocio,Due carreggiate,Asciutto,Asfaltata,Verticale ed orizzontale,Sereno,Normale,Buona,Sufficiente,0,0,0,2,"12,48178","41,84256",True
2649053,8,10/01/2016T18:28:00,Strada Urbana,all'intersezione con,VIA MERI,VIA SERRA PEDACE,VIA MERI,,,Scontro frontale/laterale DX fra veicoli in marcia,Incrocio,Una carreggiata a doppio senso,Asciutto,Asfaltata,Assente,Nuvoloso,Scarso,Buona,Sufficiente,2,0,0,1,"12,68743","41,86827",True
2649295,5,10/01/2016T18:30:00,Strada Urbana,da specificare,,VIA DIEGO FABBRI,,,prossimit� VIA NOMENTANA,Veicolo in marcia contro ostacolo accidentale,Rettilineo,Una carreggiata a doppio senso,Asciutto,Asfaltata,Verticale ed orizzontale,Sereno,Normale,Buona,Ore Diurne,1,0,0,0,"12,5633","41,94536",True
2649035,20,10/01/2016T18:40:00,Strada Urbana,da specificare,,PIAZZA SANDRO CIOTTI,,,presso area stazione autobus Cotral,Scontro laterale fra veicoli in marcia,Rettilineo,Una carreggiata a senso unico di marcia,Asciutto,Asfaltata,Verticale ed orizzontale,Sereno,Scarso,Buona,Sufficiente,0,0,0,3,"12,49492","41,97539",True
2649013,13,10/01/2016T19:50:00,Strada Urbana,da specificare,,VIA OSTIENSE,,,altezza Via Capitan Consalvo,Scontro laterale fra veicoli in marcia,Rettilineo,Una carreggiata a senso unico di marcia,Asciutto,Asfaltata,Orizzontale,Nuvoloso,Normale,Buona,Ore Diurne,0,0,0,4,"12,27917","41,73352",True
2649103,19,10/01/2016T20:10:00,Strada Urbana,all'intersezione con,PIAZZA S. MARIA DELLA PIETA',VIA EUGENIO DI MATTEI,PIAZZA S. MARIA DELLA PIETA',,,Tamponamento,Incrocio,Una carreggiata a doppio senso,Asciutto,Asfaltata,Verticale ed orizzontale,Sereno,Scarso,Sufficiente,Sufficiente,0,0,0,2,"12,41804","41,94331",True
2649412,3,10/01/2016T20:30:00,Strada Urbana,da specificare,,VIA NOMENTANA,,,fronte civico 144,Tamponamento Multiplo,Rettilineo,Pi� di due carreggiate,Asciutto,Asfaltata,Verticale ed orizzontale,Sereno,Scarso,Sufficiente,Sufficiente,0,0,0,3,"12,51881","41,92196",True
2647261,2,10/01/2016T23:30:00,Strada Urbana,in corrispondenza,del civico n.,VIA SALARIA,,422,,Veicolo in marcia contro veicoli in sosta,Rettilineo,Una carreggiata a doppio senso,Asciutto,Asfaltata,Verticale ed orizzontale,Sereno,Scarso,Sufficiente,Sufficiente,1,1,0,0,,,False
2649444,12,10/01/2016T23:45:00,Strada Urbana,in corrispondenza,del civico n.,VIA PORTUENSE,,1260,,Veicolo in marcia contro veicolo in sosta,Rettilineo,Una carreggiata a doppio senso,Asciutto,Asfaltata,Verticale ed orizzontale,Sereno,Scarso,Insufficiente,Inesistente,1,0,0,0,"12,35712","41,82792",False
2649358,5,11/01/2016T01:00:00,Strada Urbana,in prossimit�,del civico n.,VIA DELLE ALZAVOLE,,25,,Veicolo in marcia contro ostacolo accidentale,Rettilineo,Una carreggiata a doppio senso,Asciutto,Asfaltata,Verticale ed orizzontale,Sereno,Scarso,Buona,Sufficiente,0,0,0,2,"12,60183","41,87392",True
2648844,13,11/01/2016T04:30:00,Strada Urbana,da specificare,,VIALE ENRICO ORTOLANI,,,pressi deposito ATAC ,Veicolo in marcia contro ostacolo fisso,Rettilineo,Una carreggiata a doppio senso,Bagnato (umidit� in atto),Asfaltata,Orizzontale,Sereno,Scarso,Buona,Sufficiente,0,0,0,4,"12,34","41,77359",False
2658610,18,11/01/2016T05:50:00,Statale,in corrispondenza,della chilometrica,VIA AURELIA,,9.8,,Veicolo in marcia contro ostacolo fisso,Curva senza visuale libera,Due carreggiate,Bagnato (umidit� in atto),Asfaltata,Verticale ed orizzontale,Nuvoloso,Scarso,Sufficiente,Sufficiente,1,0,0,0,"12,4138","41,89218",True
2649992,15,11/01/2016T06:40:00,Strada Urbana,da specificare,,VIA PIETRO FRATTINI,,,fronte civico 116,Veicolo in marcia contro ostacolo accidentale,Rettilineo,Una carreggiata a doppio senso,Bagnato (umidit� in atto),Asfaltata,Verticale ed orizzontale,Nuvoloso,Normale,Buona,Sufficiente,0,0,0,2,"12,44857","41,8502",True
2649051,6,11/01/2016T07:10:00,Strada Urbana,in corrispondenza,del civico n.,VIALE DELLA STAZIONE PRENESTINA,,14,,Scontro laterale fra veicoli in marcia,Rettilineo,Due carreggiate,Asciutto,Asfaltata,Orizzontale,Sereno,Normale,Sufficiente,Sufficiente,1,0,0,0,"12,54686","41,89371",True
2650063,15,11/01/2016T07:25:00,Strada Urbana,da specificare,,VIA GUGLIELMO MENGARINI,,,prossimit� civico 91,Veicolo in marcia contro veicolo in sosta,Rettilineo,Una carreggiata a senso unico di marcia,Asciutto,Asfaltata,Verticale ed orizzontale,Sereno,Normale,Buona,Ore Diurne,0,0,0,0,"12,45747","41,86231",True
2650417,13,11/01/2016T07:30:00,Strada Urbana,da specificare,,VIA OSTIENSE,,,ALTEZZA VIA FIUMALBO,Scontro frontale/laterale DX fra veicoli in marcia,Rettilineo,Una carreggiata a doppio senso,Bagnato (umidit� in atto),Asfaltata,Verticale ed orizzontale,Sereno,Intenso,Buona,Ore Diurne,2,0,0,0,"12,39427","41,79389",False
2650661,4,11/01/2016T08:00:00,Strada Urbana,in corrispondenza,del civico n.,VIA DI SETTEBAGNI,,724,,Scontro laterale fra veicoli in marcia,Rettilineo,Una carreggiata a senso unico di marcia,Asciutto,Asfaltata,Verticale ed orizzontale,Sereno,Normale,Buona,Ore Diurne,1,0,0,1,"12,54422","41,97009",True
2650371,11,11/01/2016T08:10:00,,in corrispondenza,del civico n.,VIA ATTILIO AMBROSINI,,183,,Scontro frontale fra veicoli in marcia,,,,,,,,,,1,0,0,1,,,False
2649453,10,11/01/2016T08:12:00,Strada Urbana,in prossimit�,del palo luce n.,VIA TUSCOLANA,,778,,Scontro laterale fra veicoli in marcia,Rettilineo,Una carreggiata a senso unico di marcia,Asciutto,Asfaltata,Verticale ed orizzontale,Sereno,Intenso,Buona,Ore Diurne,1,0,0,1,"12,57643","41,84801",True
2650458,13,11/01/2016T08:20:00,Strada Urbana,da specificare,,VIA ERIK SATIE,,,PROX VIA F. CILEA,Scontro laterale fra veicoli in marcia,Rettilineo,Una carreggiata a doppio senso,Asciutto,Asfaltata,Verticale ed orizzontale,Sereno,Normale,Buona,Ore Diurne,0,0,0,2,"12,37511","41,74927",True
2659332,18,11/01/2016T08:30:00,Strada Urbana,in prossimit�,del civico n.,PIAZZA IRNERIO,,67,,Veicolo in marcia contro ostacolo accidentale,Rettilineo,Una carreggiata a senso unico di marcia,Bagnato (umidit� in atto),Asfaltata,Assente,Nuvoloso,Intenso,Buona,Ore Diurne,0,0,0,1,"12,43008","41,89855",True
2650453,4,11/01/2016T08:55:00,Strada Urbana,in corrispondenza,del civico n.,VIA MAIELLA,,4,,Scontro laterale fra veicoli in marcia,Rettilineo,Una carreggiata a senso unico di marcia,Asciutto,Asfaltata,Verticale ed orizzontale,Sereno,Normale,Buona,Ore Diurne,0,0,0,2,"12,53483","41,93498",True
2649603,1,11/01/2016T09:10:00,Strada Urbana,in corrispondenza,del civico n.,LARGO DI S. SUSANNA,,124,,Scontro laterale fra veicoli in marcia,Rettilineo,Una carreggiata a senso unico di marcia,Asciutto,Asfaltata,Verticale ed orizzontale,Sereno,Intenso,Buona,Ore Diurne,0,0,0,2,"12,49386","41,90437",False
2649918,10,11/01/2016T09:15:00,,all'intersezione con,VIA CALPURNIO FIAMMA,VIA FLAVIO STILICONE,VIA CALPURNIO FIAMMA,,,Investimento di pedone,,,,,,,,,,1,0,0,1,,,False
2659286,18,11/01/2016T09:20:00,,all'intersezione semaforizzata con,CIRCONVALLAZIONE CORNELIA,PIAZZA DEI GIURECONSULTI,CIRCONVALLAZIONE CORNELIA,,,Ribaltamento senza urto contro ostacolo fisso,,,,,,,,,,1,0,0,0,"12,42274","41,91737",False
2649447,2,11/01/2016T09:30:00,Strada Urbana,all'intersezione con,CORSO TRIESTE,VIALE GORIZIA,CORSO TRIESTE,,,Investimento di pedone,Incrocio,Una carreggiata a doppio senso,Asciutto,Asfaltata,Verticale ed orizzontale,Sereno,Intenso,Buona,Ore Diurne,1,0,0,1,"12,50992","41,92081",False
2650008,15,11/01/2016T09:30:00,Strada Urbana,da specificare,,VIA JURIJ GAGARIN,,,senza nuero civico,Scontro frontale/laterale DX fra veicoli in marcia,Rettilineo,Una carreggiata a senso unico di marcia,Bagnato (umidit� in atto),Asfaltata,Assente,Nuvoloso,Scarso,Sufficiente,Ore Diurne,1,0,0,1,"12,39911","41,82908",True
2649657,1,11/01/2016T09:30:00,Strada Urbana,in corrispondenza,del civico n.,VIA DELL'AMBA ARADAM,,31/A,,Scontro frontale/laterale SX fra veicoli in marcia,Rettilineo,Una carreggiata a doppio senso,Asciutto,Asfaltata,Verticale ed orizzontale,Sereno,Normale,Buona,Ore Diurne,2,0,0,1,,,False
2650452,20,11/01/2016T09:35:00,Strada Urbana,in corrispondenza,del civico n.,VIA DI VIGNA STELLUTI,,185,,Investimento di pedone,Rettilineo,Una carreggiata a doppio senso,Asciutto,Asfaltata,Verticale ed orizzontale,Sereno,Normale,Buona,Ore Diurne,0,0,0,2,"12,46835","41,94714",True
2650533,3,11/01/2016T09:40:00,Strada Urbana,in corrispondenza,del civico n.,VIA ANTONIO BOSIO,,10,,Scontro laterale fra veicoli in marcia,Rettilineo,Una carreggiata a senso unico di marcia,Asciutto,Asfaltata,Verticale ed orizzontale,Sereno,Scarso,Buona,Ore Diurne,0,0,0,2,"12,51408","41,91633",True
2650044,16,11/01/2016T10:05:00,Strada Urbana,all'intersezione con,VIA FRANCESCO MARIA GALLUZZI,VIA LUDOVICA ALBERTONI,VIA FRANCESCO MARIA GALLUZZI,,,Scontro frontale/laterale SX fra veicoli in marcia,Incrocio,Una carreggiata a senso unico di marcia,Bagnato (umidit� in atto),Asfaltata,Verticale ed orizzontale,Sereno,Normale,Buona,Ore Diurne,1,0,0,1,"12,44376","41,87863",False
2650386,8,11/01/2016T10:15:00,,in prossimit�,del palo luce n.,VIA SELLIA,,13,,Veicolo in marcia contro ostacolo accidentale,,,,,,,,,,0,0,0,1,,,False