_ID,_Gruppo,_DataOraIncidente,_Localizzazione1,_Localizzazione2,_Strada1,_DaSpecificare,_NaturaIncidente,_ParticolaritaStrade,_TipoStrada,_FondoStradale,_Pavimentazione,_Segnaletica,_CondizioneAtmosferica,_Traffico,_Visibilita,_Illuminazione,_NUM_FERITI,_NUM_RISERVATA,_NUM_MORTI,_NUM_ILLESI,_Longitudine,_Latitudine,_CONFERMATO,__prefix,_Strada02,_Strada2,_Chilometrica
2659669,5,11/01/2016T10:20:00,Strada Urbana,da specificare,,VIA TIBURTINA,,,altezza VIA CASTEL MADAMA,Scontro laterale fra veicoli in marcia,Rettilineo,Due carreggiate,Asciutto,Asfaltata,Verticale ed orizzontale,Sereno,Intenso,Buona,Ore Diurne,0,0,0,2,"12,60546","41,93402",True
2649856,10,11/01/2016T10:30:00,,in prossimit�,del civico n.,VIA TUSCOLANA,,2124/a,,Veicolo in marcia contro veicolo fermo,,,,,,,,,,1,0,0,2,,,False
2650362,8,11/01/2016T10:55:00,Strada Urbana,in corrispondenza,del civico n.,VIA COLLATINA,,960,,Veicolo in marcia contro ostacolo accidentale,Rettilineo,Una carreggiata a doppio senso,Asciutto,Asfaltata,Orizzontale,Sereno,Normale,Buona,Ore Diurne,0,0,0,1,"12,6647","41,9218",True
2650381,8,11/01/2016T10:55:00,Strada Urbana,in corrispondenza,del civico n.,VIA DI TORRENOVA,,196,,Scontro frontale/laterale SX fra veicoli in marcia,Rettilineo,Una carreggiata a doppio senso,Asciutto,Asfaltata,Verticale ed orizzontale,Nuvoloso,Normale,Buona,Ore Diurne,2,0,0,2,"12,61864","41,87774",True
2650753,4,11/01/2016T11:00:00,Strada Urbana,in prossimit�,del civico n.,VIA PIAN DI SCO,,28,,Scontro frontale/laterale DX fra veicoli in marcia,Rettilineo,Una carreggiata a doppio senso,Asciutto,Asfaltata,Verticale ed orizzontale,Sereno,Normale,Buona,Ore Diurne,1,0,0,1,"12,51856","41,96058",True
2650379,8,11/01/2016T11:20:00,Statale entro l'abitato,all'intersezione con,VIA DI TORRE SPACCATA,VIA CASILINA,VIA DI TORRE SPACCATA,,,Tamponamento,Intersezione semaforizzata,Una carreggiata a doppio senso,Asciutto,Asfaltata,Verticale ed orizzontale,Sereno,Normale,Buona,Ore Diurne,1,0,0,5,"12,58722","41,86845",True
2649621,1,11/01/2016T11:35:00,Strada Urbana,all'intersezione con,VIA MARIA ADELAIDE,VIA FERDINANDO DI SAVOIA,VIA MARIA ADELAIDE,,,Veicolo in marcia contro ostacolo accidentale,Incrocio,Una carreggiata a senso unico di marcia,Viscido da liquidi oleosi,Acciotolata,Verticale ed orizzontale,Sereno,Normale,Buona,Ore Diurne,1,0,0,0,,,False
2649906,10,11/01/2016T11:35:00,Strada Urbana,all'intersezione con,PIAZZA ZAMA,VIA SIRIA,PIAZZA ZAMA,,,Veicolo in marcia contro veicolo fermo,Incrocio,Una carreggiata a doppio senso,Asciutto,Asfaltata,Verticale ed orizzontale,Sereno,Normale,Sufficiente,Ore Diurne,0,0,0,3,"12,51036","41,87588",True
2649423,7,11/01/2016T11:45:00,Strada Urbana,da specificare,,VIALE PALMIRO TOGLIATTI,,,rampa direzione tiburtina,Scontro laterale fra veicoli in marcia,Cavalcavia,Una carreggiata a senso unico di marcia,Asciutto,Asfaltata,Verticale ed orizzontale,Sereno,Normale,Buona,Ore Diurne,1,0,0,3,,,False
2650524,4,11/01/2016T11:45:00,Strada Urbana,in prossimit�,del civico n.,VIALE TIRRENO,,152,,Investimento di pedone,Rettilineo,Due carreggiate,Asciutto,Asfaltata,Verticale ed orizzontale,Nuvoloso,Normale,Buona,Ore Diurne,1,0,0,1,"12,52937","41,94025",False
2650289,9,11/01/2016T11:50:00,Strada Urbana,in corrispondenza,del civico n.,VIA PINEROLO,,23,,Scontro laterale fra veicoli in marcia,Rettilineo,Una carreggiata a doppio senso,Asciutto,Asfaltata,Orizzontale,Nuvoloso,Normale,Buona,Ore Diurne,0,0,0,3,"12,51604","41,88267",True
2659167,18,11/01/2016T11:50:00,Statale entro l'abitato,in prossimit�,del civico n.,VIA AURELIA,,864,,Scontro frontale fra veicoli in marcia,Rettilineo,Due carreggiate,Asciutto,Asfaltata,Verticale ed orizzontale,Sereno,Normale,Buona,Ore Diurne,1,0,0,2,"12,39904","41,88528",False
2658693,18,11/01/2016T12:00:00,Strada Urbana,all'intersezione con,VIA DEL PODERE DI S. GIUSTO,VIA DEL QUARTACCIO,VIA DEL PODERE DI S. GIUSTO,,,Scontro frontale/laterale SX fra veicoli in marcia,Incrocio,Una carreggiata a doppio senso,Asciutto,Asfaltata,Orizzontale,Nuvoloso,Normale,Buona,Ore Diurne,2,0,0,2,,,False
2651380,23,11/01/2016T12:05:00,Strada Urbana,all'intersezione con,VIA TIRTEO,VIA CRISTOFORO COLOMBO,VIA TIRTEO,,,Veicolo in marcia contro ostacolo accidentale,Intersezione stradale segnalata,Pi� di due carreggiate,Asciutto,Asfaltata,Verticale ed orizzontale,Nuvoloso,Normale,Buona,Ore Diurne,0,0,0,1,"12,37563","41,75919",True
2650373,8,11/01/2016T12:10:00,Strada Urbana,all'intersezione con,VIA CLIO,VIA CASETTA MISTICI,VIA CLIO,,,Scontro frontale/laterale SX fra veicoli in marcia,Incrocio,Una carreggiata a doppio senso,Asciutto,Asfaltata,Verticale,Nuvoloso,Scarso,Sufficiente,Ore Diurne,1,0,0,1,"12,6167","41,87601",False
2649740,6,11/01/2016T12:30:00,Strada Urbana,in corrispondenza,del civico n.,VIA PRENESTINA,,176,,Scontro laterale fra veicoli in marcia,Rettilineo,Due carreggiate,Asciutto,Asfaltata,Assente,Nuvoloso,Normale,Buona,Ore Diurne,0,0,0,2,"12,53365","41,89213",True
2650316,1,11/01/2016T12:40:00,Strada Urbana,in prossimit�,del palo luce n.,VIA DEL CIRCO MASSIMO,,12,,Veicolo in marcia contro veicolo in sosta,Rettilineo,Una carreggiata a doppio senso,Asciutto,Asfaltata,Orizzontale,Nuvoloso,Normale,Buona,Ore Diurne,0,0,1,0,"12,48399","41,88581",True
2650478,4,11/01/2016T12:40:00,Strada Urbana,da specificare,,PIAZZALE JONIO,,,altezza v.le Tirreno,Tamponamento,Rotatoria,Una carreggiata a doppio senso,Asciutto,Asfaltata,Verticale ed orizzontale,Sereno,Normale,Buona,Ore Diurne,0,0,0,3,"12,52595","41,94577",True
2650490,20,11/01/2016T13:00:00,Strada Urbana,in corrispondenza,del civico n.,VIA DELLA FARNESINA,,272,,Veicolo in marcia contro veicolo in sosta,Rettilineo,Una carreggiata a doppio senso,Asciutto,Asfaltata,Orizzontale,Nuvoloso,Normale,Buona,Ore Diurne,0,0,0,1,"12,45832","41,94402",True
2650564,3,11/01/2016T13:05:00,,all'intersezione semaforizzata con,VIALE REGINA MARGHERITA,VIA NOMENTANA,VIALE REGINA MARGHERITA,,,Scontro frontale/laterale DX fra veicoli in marcia,,,,,,,,,,1,0,0,2,,,False
2650418,10,11/01/2016T13:15:00,Strada Urbana,all'intersezione con,VIA FILOMUSI GUELFI,VIA CARLO FADDA,VIA FILOMUSI GUELFI,,,Scontro laterale fra veicoli in marcia,Incrocio,Una carreggiata a senso unico di marcia,Asciutto,Asfaltata,Verticale,Nuvoloso,Normale,Buona,Ore Diurne,0,0,0,3,"12,57096","41,86253",True
2653006,23,11/01/2016T13:30:00,Strada Urbana,in prossimit�,del civico n.,VIA ACCIAIOLI,,7,,Investimento di pedone,Rettilineo,Una carreggiata a senso unico di marcia,Asciutto,Asfaltata,Verticale ed orizzontale,Nuvoloso,Normale,Buona,Ore Diurne,2,0,0,0,"12,46456","41,89985",False
2659652,18,11/01/2016T13:30:00,,in corrispondenza,del civico n.,VIA DI BOCCEA,,317,,Scontro frontale fra veicoli in marcia,,,,,,,,,,1,0,0,0,"12,41218","41,90299",False
2650365,8,11/01/2016T13:40:00,,in prossimit�,del civico n.,VIALE DI TORRE MAURA,,70,,Veicolo in marcia contro ostacolo accidentale,,,,,,,,,,0,0,0,1,,,False
2650573,16,11/01/2016T14:10:00,Strada Urbana,in corrispondenza,del civico n.,VIALE DEI COLLI PORTUENSI,,532,,Scontro laterale fra veicoli in marcia,Rettilineo,Due carreggiate,Asciutto,Asfaltata,Orizzontale,Nuvoloso,Normale,Buona,Ore Diurne,1,0,0,1,"12,44332","41,86244",False
2660320,5,11/01/2016T14:30:00,Strada Urbana,da specificare,,VIA ETTORE FIERAMOSCA,,,pross. cavalcavia ferroviario dir. Prenestina,Veicolo in marcia contro veicolo in sosta,Curva a visuale libera,Due carreggiate,Asciutto,Asfaltata,Orizzontale,Nuvoloso,Normale,Buona,Ore Diurne,0,0,0,1,"12,52847","41,89459",True
2650441,10,11/01/2016T14:30:00,Strada Urbana,in corrispondenza,del civico n.,VIA TUSCOLANA,,846,,Scontro laterale fra veicoli in marcia,Rettilineo,Due carreggiate,Asciutto,Asfaltata,Verticale ed orizzontale,Sereno,Normale,Buona,Ore Diurne,0,0,0,4,"12,54942","41,86338",True
2650079,16,11/01/2016T14:30:00,Strada Urbana,in corrispondenza,del civico n.,VIA DI BRAVETTA,,383,,Scontro laterale fra veicoli in marcia,Rettilineo,Una carreggiata a doppio senso,Asciutto,Asfaltata,Verticale ed orizzontale,Nuvoloso,Normale,Buona,Ore Diurne,1,0,0,1,,,False
2659380,18,11/01/2016T14:30:00,Strada Urbana,in prossimit�,del civico n.,VIA DELLA MAGLIANELLA,,28,,Veicolo in marcia contro ostacolo accidentale,Rettilineo,Una carreggiata a doppio senso,Asciutto,Con buche,Verticale ed orizzontale,Nuvoloso,Scarso,Buona,Ore Diurne,0,0,0,1,"12,38261","41,88875",True
2649822,7,11/01/2016T14:40:00,Strada Urbana,in prossimit�,del palo luce n.,VIA DI TOR TRE TESTE,,11,,Veicolo in marcia contro ostacolo accidentale,Rettilineo,Una carreggiata a doppio senso,Asciutto,Asfaltata,Orizzontale,Nuvoloso,Normale,Buona,Ore Diurne,0,0,0,1,"12,59156","41,88165",True
2650377,10,11/01/2016T15:10:00,,in corrispondenza,del civico n.,VIA DELLE CAPANNELLE,,120,,Scontro frontale/laterale SX fra veicoli in marcia,,,,,,,,,,1,0,0,2,,,False
2650390,8,11/01/2016T15:15:00,,in prossimit�,del palo luce n.,VIALE DI TORRE MAURA,,20,,Veicolo in marcia contro ostacolo accidentale,,,,,,,,,,0,0,0,1,,,False
2650027,12,11/01/2016T15:30:00,Strada Urbana,da specificare,,PIAZZALE DEGLI ARCHIVI,,,fronte civico 35,Veicolo in marcia contro veicolo fermo,Rettilineo,Una carreggiata a doppio senso,Asciutto,Asfaltata,Orizzontale,Nuvoloso,Scarso,Buona,Ore Diurne,0,0,0,5,"12,47573","41,82893",True
2650480,4,11/01/2016T15:30:00,Strada Urbana,da specificare,,VIADOTTO ANTONIO SEGNI,,,immissione rampa di via Talli in direz. Bufalotta,Scontro laterale fra veicoli in marcia,Rettilineo,Due carreggiate,Asciutto,Asfaltata,Verticale ed orizzontale,Nuvoloso,Normale,Buona,Ore Diurne,0,0,0,3,"13,02203","41,69124",True
2650344,15,11/01/2016T15:30:00,Strada Urbana,all'intersezione semaforizzata con,VIA PIETRO BLASERNA,VIALE GUGLIELMO MARCONI,VIA PIETRO BLASERNA,,,Scontro laterale fra veicoli in marcia,Intersezione semaforizzata,Due carreggiate,Asciutto,Asfaltata,Verticale ed orizzontale,Nuvoloso,Normale,Buona,Ore Diurne,1,0,0,1,"12,47124","41,85748",True
2650293,9,11/01/2016T15:45:00,Strada Urbana,da specificare,,PIAZZA DI S. MARIA AUSILIATRICE,,,FRONTE VIA S.MARIA AUSILIATRICE,Scontro frontale/laterale SX fra veicoli in marcia,Curva a visuale libera,Due carreggiate,Asciutto,Asfaltata,Verticale ed orizzontale,Sereno,Normale,Buona,Ore Diurne,0,0,0,3,"12,53019","41,87353",True
2650455,19,11/01/2016T16:20:00,Strada Urbana,all'intersezione con,VIA TRIONFALE,VIA MARIO FANI,VIA TRIONFALE,,,Scontro laterale fra veicoli in marcia,Incrocio,Una carreggiata a doppio senso,Asciutto,Asfaltata,Verticale ed orizzontale,Nuvoloso,Normale,Buona,Ore Diurne,1,0,0,1,"12,44093","41,93706",True
2650070,15,11/01/2016T16:40:00,Provinciale,da specificare,,VIA PORTUENSE,,,prossimit� civico 1160,Tamponamento,Rettilineo,Una carreggiata a doppio senso,Asciutto,Asfaltata,Assente,Nuvoloso,Normale,Buona,Inesistente,1,0,0,4,"12,40939","41,84342",True
2650334,15,11/01/2016T17:10:00,Strada Urbana,in prossimit�,del civico n.,VIA DELLE IDROVORE DELLA MAGLIANA,,71,,Infortunio per sola frenata improvvisa,Rettilineo,Una carreggiata a doppio senso,Asciutto,Asfaltata,Assente,Sereno,Normale,Buona,Sufficiente,1,0,0,1,"12,44296","41,83196",False
2650435,2,11/01/2016T17:10:00,Strada Urbana,in prossimit�,del civico n.,VIA DELLE VALLI,,9,,Tamponamento Multiplo,Rettilineo,Due carreggiate,Asciutto,Asfaltata,Verticale ed orizzontale,Nuvoloso,Intenso,Sufficiente,Sufficiente,1,0,0,5,"12,52103","41,93342",False
2659324,18,11/01/2016T17:10:00,Strada Urbana,in prossimit�,del civico n.,PIAZZA DI VILLA CARPEGNA,,52,,Scontro laterale fra veicoli in marcia,Curva a visuale libera,Una carreggiata a senso unico di marcia,Asciutto,Asfaltata,Verticale ed orizzontale,Nuvoloso,Normale,Buona,Ore Diurne,0,0,0,6,"12,42975","41,89538",True
2650363,11,11/01/2016T17:40:00,Strada Urbana,all'intersezione semaforizzata con,VIA BALDASSARRE CASTIGLIONE,PIAZZALE DEI CADUTI DELLA MONTAGNOLA,VIA BALDASSARRE CASTIGLIONE,,,Tamponamento,Intersezione semaforizzata,Una carreggiata a doppio senso,Asciutto,Asfaltata,Verticale ed orizzontale,Nuvoloso,Scarso,Buona,Sufficiente,0,0,0,2,"12,48351","41,84531",True
2650623,2,11/01/2016T17:45:00,Strada Urbana,in corrispondenza,del civico n.,PIAZZA PITAGORA,,fr. 7,,Scontro laterale fra veicoli in marcia,Rettilineo,Una carreggiata a doppio senso,Asciutto,Asfaltata,Verticale ed orizzontale,Nuvoloso,Intenso,Buona,Ore Diurne,2,0,0,2,"12,49004","41,92199",False
2650520,20,11/01/2016T18:00:00,Strada Urbana,da specificare,,VIA TRIONFALE,,,a 100 mt. da Via C. Gherardini,Veicolo in marcia contro ostacolo accidentale,Curva a visuale libera,Una carreggiata a senso unico di marcia,Asciutto,Con buche,Orizzontale,Nuvoloso,Normale,Sufficiente,Sufficiente,0,0,0,1,,,False
2710530,5,11/01/2016T18:00:00,Strada Urbana,da specificare,,VIA DI PIETRALATA,,,ramo chiuso prossimit� ingresso metro,Veicolo in marcia contro veicoli in sosta,Rettilineo,Una carreggiata a doppio senso,Bagnato (umidit� in atto),Asfaltata,Assente,Nuvoloso,Normale,Buona,Sufficiente,0,0,0,2,,,False
2650618,16,11/01/2016T18:10:00,Strada Urbana,in prossimit�,del civico n.,VIA DEL CASALE LUMBROSO,,122,,Investimento di pedone,Rettilineo,Una carreggiata a doppio senso,Bagnato (pioggia),Asfaltata,Verticale ed orizzontale,Pioggia in atto,Normale,Buona,Sufficiente,1,0,0,1,"12,36393","41,87281",False
2650397,13,11/01/2016T18:10:00,Strada Urbana,da specificare,,VIA DEL FOSSO DI DRAGONCELLO,,,prossimit� via dei Pescatori,Veicolo in marcia contro ostacolo fisso,Rettilineo,Una carreggiata a doppio senso,Bagnato (pioggia),Strada pavimentata dissestata,Assente,Nuvoloso,Normale,Buona,Sufficiente,0,0,0,3,"12,32881","41,7545",True
2650475,4,11/01/2016T18:30:00,Statale entro l'abitato,da specificare,,VIA SALARIA,,,Pross. via Marciana Marina,Tamponamento Multiplo,Rettilineo,Due carreggiate,Asciutto,Asfaltata,Verticale ed orizzontale,Nuvoloso,Normale,Buona,Sufficiente,0,0,0,5,"12,50445","41,9554",True
2650120,12,11/01/2016T18:30:00,Strada Urbana,da specificare,,VIA DI MEZZOCAMMINO,,,altezza largo Sergi (direzione Pontina),Veicolo in marcia contro ostacolo accidentale,Curva a visuale libera,Una carreggiata a doppio senso,Bagnato (umidit� in atto),Con buche,Orizzontale,Nuvoloso,Scarso,Sufficiente,Sufficiente,0,0,0,1,"12,43748","41,78993",True
2650364,10,11/01/2016T19:10:00,Strada Urbana,da specificare,,VIA TUSCOLANA,,,cavalcavia fronte benzinaio eni dir gra,Ribaltamento senza urto contro ostacolo fisso,Rettilineo,Due carreggiate,Bagnato (pioggia),Asfaltata,Orizzontale,Pioggia in atto,Intenso,Sufficiente,Sufficiente,0,0,0,2,"12,57887","41,84638",True
2670202,5,11/01/2016T19:15:00,Strada Urbana,all'intersezione con,VIA TANCREDI CARTELLA,VIA DI S. ROMANO,VIA TANCREDI CARTELLA,,,Scontro frontale/laterale DX fra veicoli in marcia,Incrocio,Una carreggiata a doppio senso,Bagnato (pioggia),Asfaltata,Verticale ed orizzontale,Nuvoloso,Scarso,Buona,Sufficiente,1,0,0,2,"12,53793","41,90664",False
2650313,6,11/01/2016T19:20:00,Strada Urbana,in prossimit�,del civico n.,VIALE DELLA SERENISSIMA,,2/4,,Investimento di pedone,Rettilineo,Due carreggiate,Bagnato (pioggia),Asfaltata,Verticale ed orizzontale,Pioggia in atto,Intenso,Buona,Sufficiente,2,0,0,0,,,False
2659964,5,11/01/2016T19:30:00,Strada Urbana,da specificare,,VIA TIBURTINA,,,alt. uscita Nuova tangenziale Interna,Scontro laterale fra veicoli in marcia,Rettilineo,Una carreggiata a doppio senso,Bagnato (pioggia),Asfaltata,Verticale ed orizzontale,Pioggia in atto,Normale,Buona,Sufficiente,0,0,0,3,"12,53326","41,90821",True
2650366,8,11/01/2016T19:50:00,Strada Urbana,in prossimit�,del civico n.,VIA CASTELVETRANO,,32,,Veicolo in marcia contro ostacolo accidentale,Rettilineo,Una carreggiata a senso unico di marcia,Bagnato (pioggia),Asfaltata,Verticale ed orizzontale,Pioggia in atto,Scarso,Buona,Sufficiente,0,0,0,1,"12,66974","41,85916",True
2650598,1,11/01/2016T19:50:00,Strada Urbana,all'intersezione con,PIAZZA PASQUALE PAOLI,CORSO VITTORIO EMANUELE II,PIAZZA PASQUALE PAOLI,,,Veicolo in marcia contro veicolo arresto,Incrocio,Una carreggiata a senso unico di marcia,Bagnato (pioggia),Asfaltata,Verticale ed orizzontale,Pioggia in atto,Normale,Buona,Sufficiente,0,0,0,4,"12,47144","41,89721",True
2650385,20,11/01/2016T20:00:00,Strada Urbana,da specificare,,VIA CASSIA,,,altezza G.R.A.,Scontro frontale/laterale SX fra veicoli in marcia,Rettilineo,Una carreggiata a doppio senso,Asciutto,Asfaltata,Orizzontale,Sereno,Normale,Buona,Sufficiente,0,0,0,6,"12,4162","41,98095",True
2650370,8,11/01/2016T20:20:00,Strada Urbana,in corrispondenza,del civico n.,VIA SELLIA,,43,,Veicolo in marcia contro ostacolo accidentale,Rettilineo,Una carreggiata a doppio senso,Bagnato (pioggia),Asfaltata,Assente,Pioggia in atto,Scarso,Sufficiente,Sufficiente,0,0,0,1,"12,68779","41,87123",True
2686404,5,11/01/2016T20:30:00,Strada Urbana,da specificare,,VIA DI PORTONACCIO,,,a mt. 10 circa dal civico 9 dir. Prenestina,Infortunio per sola frenata improvvisa,Rettilineo,Una carreggiata a doppio senso,Bagnato (pioggia),Asfaltata,Verticale ed orizzontale,Pioggia in atto,Normale,Insufficiente,Insufficiente,2,0,0,0,"12,53742","41,90003",True
2650678,3,11/01/2016T21:15:00,Strada Urbana,da specificare,,NUOVA CIRCONVALLAZIONE INTERNA,,,dir. Salaria 100 mt. prima dell'imbocco del tunnel,Veicolo in marcia contro ostacolo fisso,Rettilineo,Due carreggiate,Asciutto,Asfaltata,Verticale ed orizzontale,Nuvoloso,Normale,Buona,Sufficiente,1,0,0,0,"12,53405","41,90708",False
2650579,17,11/01/2016T21:15:00,Strada Urbana,all'intersezione con,VIA DEL FORTE BOCCEA,VIA MARTINO V,VIA DEL FORTE BOCCEA,,,Scontro frontale/laterale DX fra veicoli in marcia,Incrocio,Una carreggiata a senso unico di marcia,Asciutto,Asfaltata,Verticale ed orizzontale,Sereno,Scarso,Sufficiente,Sufficiente,0,0,0,2,"12,42121","41,9057",False
2650471,12,11/01/2016T21:55:00,Strada Urbana,in corrispondenza,del palo luce n.,VIA DEL RISARO,,116,,Veicolo in marcia contro ostacolo accidentale,Rettilineo,Una carreggiata a doppio senso,Bagnato (umidit� in atto),Asfaltata,Verticale ed orizzontale,Nuvoloso,Scarso,Buona,Sufficiente,0,0,0,1,"12,41964","41,78145",True
2650374,8,11/01/2016T22:10:00,,da specificare,,VIA COLLATINA,,,50 MT DOPO ROTATORIA V. CIGALI DIR. ROMA,Veicolo in marcia contro ostacolo accidentale,,,,,,,,,,0,0,0,2,,,False
2650419,20,11/01/2016T23:30:00,Strada Urbana,all'intersezione con,VIA SIMONE MOSCA,VIA DI TORREVECCHIA,VIA SIMONE MOSCA,,,Scontro frontale/laterale SX fra veicoli in marcia,Intersezione stradale segnalata,Una carreggiata a doppio senso,Asciutto,Asfaltata,Verticale ed orizzontale,Nuvoloso,Scarso,Sufficiente,Sufficiente,2,0,0,2,,,False
2650300,9,11/01/2016T23:35:00,,all'intersezione con,VIA ROCCA DI PAPA,VIA GENZANO,VIA ROCCA DI PAPA,,,Scontro frontale/laterale SX fra veicoli in marcia,,,,,,,,,,1,0,0,1,,,False
2651544,13,12/01/2016T02:00:00,Strada Urbana,in prossimit�,del civico n.,VIA DI PONTE LADRONE,,22,,Veicolo in marcia contro veicoli in sosta,Rettilineo,Una carreggiata a doppio senso,Asciutto,Asfaltata,Verticale ed orizzontale,Sereno,Scarso,Sufficiente,Sufficiente,0,0,0,1,"12,37684","41,78768",True
2650392,8,12/01/2016T02:10:00,Strada Urbana,in prossimit�,del civico n.,VIALE DELLA BELLA VILLA,,78,,Veicolo in marcia contro veicoli in sosta,Rettilineo,Una carreggiata a senso unico di marcia,Bagnato (pioggia),Asfaltata,Verticale,Nuvoloso,Scarso,Sufficiente,Sufficiente,0,0,0,0,"12,5805","41,87257",True
2650545,1,12/01/2016T02:30:00,Strada Urbana,all'intersezione semaforizzata con,VIA QUATTRO NOVEMBRE,VIA NAZIONALE,VIA QUATTRO NOVEMBRE,,,Veicolo in marcia contro ostacolo fisso,Intersezione semaforizzata,Una carreggiata a doppio senso,Asciutto,In cubetti di porfido,Verticale ed orizzontale,Sereno,Scarso,Sufficiente,Sufficiente,0,0,0,1,"12,49097","41,89928",True
2650360,8,12/01/2016T05:00:00,,in prossimit�,del palo luce n.,VIA DI TOR BELLA MONACA,,77,,Veicolo in marcia contro ostacolo fisso,,,,,,,,,,0,0,0,0,,,False
2652377,3,12/01/2016T06:40:00,,da specificare,,VIA TIBURTINA,,,ALTEZZA CIVICO 261,Tamponamento Multiplo,,,,,,,,,,1,0,0,2,,,False
2651829,5,12/01/2016T06:40:00,Strada Urbana,in corrispondenza,del civico n.,VIA DI PORTONACCIO,,175,,Veicolo in marcia contro ostacolo accidentale,Rettilineo,Due carreggiate,Asciutto,Asfaltata,Verticale ed orizzontale,Sereno,Normale,Buona,Ore Diurne,0,0,0,1,"12,54004","41,89757",True
2650625,12,12/01/2016T06:45:00,Strada Urbana,in prossimit�,del civico n.,VIALE DELL'OCEANO ATLANTICO,,257,,Investimento di pedone,Rettilineo,Due carreggiate,Bagnato (pioggia),Asfaltata,Orizzontale,Nuvoloso,Intenso,Sufficiente,Sufficiente,0,0,1,1,"12,46528","41,81862",True
2660185,18,12/01/2016T07:45:00,Strada Urbana,in prossimit�,del civico n.,VIA DELLE FORNACI,,39,,Tamponamento Multiplo,Rettilineo,Una carreggiata a senso unico di marcia,Asciutto,Asfaltata,Verticale ed orizzontale,Sereno,Normale,Buona,Ore Diurne,1,0,0,3,,,False
2650811,7,12/01/2016T07:50:00,Strada Urbana,all'intersezione con,VIA ANTONIO SEBASTIANI,VIA DELLE MIMOSE,VIA ANTONIO SEBASTIANI,,,Scontro frontale/laterale DX fra veicoli in marcia,Intersezione stradale segnalata,Una carreggiata a senso unico di marcia,Asciutto,Asfaltata,Verticale ed orizzontale,Nuvoloso,Normale,Buona,Ore Diurne,5,0,0,0,"12,56962","41,87533",True
2652338,2,12/01/2016T08:00:00,Strada Urbana,in prossimit�,del civico n.,VIA PINCIANA,,75,,Veicolo in marcia contro ostacolo fisso,Rettilineo,Due carreggiate,Asciutto,Asfaltata,Verticale ed orizzontale,Sereno,Normale,Buona,Ore Diurne,0,0,0,1,"12,49158","41,9111",True
2652606,12,12/01/2016T08:10:00,Strada Urbana,all'intersezione semaforizzata con,VIA DI ACQUA ACETOSA OSTIENSE,VIA LAURENTINA,VIA DI ACQUA ACETOSA OSTIENSE,,,Scontro frontale/laterale DX fra veicoli in marcia,Incrocio,Due carreggiate,Asciutto,Asfaltata,Verticale ed orizzontale,Sereno,Intenso,Buona,Ore Diurne,0,0,0,2,"12,48162","41,80026",True
2652681,16,12/01/2016T08:25:00,Strada Urbana,all'intersezione con,VIA LAURA MANTEGAZZA,PIAZZALE ENRICO DUNANT,VIA LAURA MANTEGAZZA,,,Scontro frontale/laterale DX fra veicoli in marcia,Intersezione stradale segnalata,Una carreggiata a senso unico di marcia,Asciutto,Asfaltata,Verticale ed orizzontale,Sereno,Normale,Buona,Ore Diurne,0,0,0,2,"12,45618","41,87149",True
2652344,3,12/01/2016T08:25:00,Strada Urbana,da specificare,,CIRCONVALLAZIONE TIBURTINA,,,DIR. S. GIOVANNI PROSS.TA' USCITA SCALO S.LORENZO,Tamponamento Multiplo,Rettilineo,Pi� di due carreggiate,Asciutto,Asfaltata,Verticale ed orizzontale,Sereno,Intenso,Buona,Ore Diurne,1,0,0,3,"12,52804","41,89941",True
2651873,10,12/01/2016T08:30:00,,da specificare,,VIA APPIA NUOVA,,,"km 14,550",Tamponamento Multiplo,,,,,,,,,,0,0,0,1,"12,5516","41,83656",False
2659726,18,12/01/2016T08:30:00,Statale entro l'abitato,all'intersezione con,VIA LUDOVICO ALTIERI,VIA AURELIA,VIA LUDOVICO ALTIERI,,,Scontro laterale fra veicoli in marcia,Intersezione stradale segnalata,Una carreggiata a doppio senso,Asciutto,Asfaltata,Verticale ed orizzontale,Sereno,Normale,Buona,Ore Diurne,0,0,0,2,"12,4138","41,89218",True
2651975,19,12/01/2016T09:00:00,Strada Urbana,in prossimit�,del civico n.,VIA VITTORIO MONTIGLIO,,15,,Tamponamento,Rettilineo,Una carreggiata a senso unico di marcia,Asciutto,Asfaltata,Orizzontale,Sereno,Normale,Buona,Ore Diurne,3,0,0,0,"12,43218","41,92462",False
2651902,8,12/01/2016T09:00:00,,in prossimit�,del palo luce n.,VIALE DI TORRE MAURA,,25,,Veicolo in marcia contro ostacolo accidentale,,,,,,,,,,0,0,0,1,,,False
2651891,8,12/01/2016T09:00:00,,in prossimit�,del civico n.,VIA PRENESTINA,,1157/A,,Veicolo in marcia contro ostacolo accidentale,,,,,,,,,,0,0,0,1,,,False
2659851,18,12/01/2016T09:15:00,Strada Urbana,all'intersezione con,LARGO S. PIO V,VIA DELLA MADONNA DEL RIPOSO,LARGO S. PIO V,,,Investimento di pedone,Intersezione stradale segnalata,Una carreggiata a senso unico di marcia,Asciutto,Asfaltata,Verticale ed orizzontale,Sereno,Normale,Buona,Ore Diurne,1,0,0,1,"12,43197","41,89642",True