_ID,_Gruppo,_DataOraIncidente,_Localizzazione1,_Localizzazione2,_Strada1,_DaSpecificare,_NaturaIncidente,_ParticolaritaStrade,_TipoStrada,_FondoStradale,_Pavimentazione,_Segnaletica,_CondizioneAtmosferica,_Traffico,_Visibilita,_Illuminazione,_NUM_FERITI,_NUM_RISERVATA,_NUM_MORTI,_NUM_ILLESI,_Longitudine,_Latitudine,_CONFERMATO,__prefix,_Strada02,_Strada2,_Chilometrica
2650890,12,12/01/2016T09:20:00,Strada Urbana,all'intersezione con,VIA CHOPIN,PIAZZALE LUIGI STURZO,VIA CHOPIN,,,Scontro frontale/laterale SX fra veicoli in marcia,Incrocio,Una carreggiata a doppio senso,Asciutto,Asfaltata,Verticale ed orizzontale,Sereno,Normale,Buona,Ore Diurne,1,0,0,1,,,False
2652408,3,12/01/2016T09:40:00,Strada Urbana,all'intersezione con,VIALE VENTUNO APRILE,VIA NOMENTANA,VIALE VENTUNO APRILE,,,Scontro laterale fra veicoli in marcia,Intersezione semaforizzata,Pi� di due carreggiate,Asciutto,Asfaltata,Verticale ed orizzontale,Sereno,Normale,Buona,Ore Diurne,1,0,0,2,"12,51775","41,92116",False
2650803,6,12/01/2016T09:50:00,Strada Urbana,all'intersezione con,VIA PISINO,VIA HERBERT SPENCER,VIA PISINO,,,Scontro frontale fra veicoli in marcia,Incrocio,Una carreggiata a senso unico di marcia,Asciutto,Asfaltata,Orizzontale,Sereno,Normale,Buona,Ore Diurne,0,0,0,3,"12,56166","41,90032",True
2650894,2,12/01/2016T10:00:00,Strada Urbana,da specificare,,CIRCONVALLAZIONE SALARIA,,,altezza svincolo via delle Valli.,Tamponamento Multiplo,Rettilineo,Due carreggiate,Asciutto,Asfaltata,Verticale ed orizzontale,Sereno,Intenso,Buona,Ore Diurne,0,0,0,5,"12,52086","41,93447",True
2652050,19,12/01/2016T10:00:00,Strada Urbana,in prossimit�,del civico n.,VIA VITTORIO MONTIGLIO,,65,,Scontro laterale fra veicoli in marcia,Pendenza,Una carreggiata a senso unico di marcia,Asciutto,Asfaltata,Verticale ed orizzontale,Sereno,Normale,Buona,Ore Diurne,1,0,0,3,"12,42742","41,92406",True
2651416,9,12/01/2016T10:10:00,,in prossimit�,del civico n.,VIA APPIA NUOVA,,450,,Investimento di pedone,,,,,,,,,,0,1,0,1,"12,52325","41,87439",False
2651840,7,12/01/2016T10:30:00,Strada Urbana,in prossimit�,del civico n.,VIA COLLATINA,,437,,Scontro frontale/laterale DX fra veicoli in marcia,Rettilineo,Una carreggiata a doppio senso,Asciutto,Asfaltata,Verticale ed orizzontale,Nuvoloso,Intenso,Buona,Ore Diurne,0,0,0,2,"12,60891","41,90501",True
2652078,19,12/01/2016T11:00:00,Strada Urbana,in prossimit�,del civico n.,VIA FESTO AVIENO,,76,,Infortunio per caduta del veicolo,Rettilineo,Una carreggiata a senso unico di marcia,Asciutto,Asfaltata,Assente,Sereno,Normale,Buona,Ore Diurne,1,0,0,0,"12,44192","41,92204",True
2650886,6,12/01/2016T11:10:00,Strada Urbana,da specificare,,VIA DI CASAL BERTONE,,,altezza Via Cesare Ricotti,Veicolo in marcia contro veicolo fermo,Rettilineo,Una carreggiata a doppio senso,Asciutto,Asfaltata,Verticale ed orizzontale,Sereno,Normale,Buona,Ore Diurne,0,0,0,3,"12,53546","41,89814",True
2651908,20,12/01/2016T11:15:00,Strada Urbana,in corrispondenza,del civico n.,VIA VALCHETTA CARTONI,,74,,Scontro laterale fra veicoli in marcia,Rettilineo,Una carreggiata a senso unico di marcia,Asciutto,Asfaltata,Assente,Sereno,Scarso,Buona,Ore Diurne,0,0,0,3,"12,49105","41,98515",True
2652713,16,12/01/2016T11:30:00,Strada Urbana,da specificare,,LUNGOTEVERE DEGLI ARTIGIANI,,,in corrispondenza del fronte civico 24A,Scontro frontale/laterale DX fra veicoli in marcia,Rettilineo,Due carreggiate,Asciutto,Asfaltata,Verticale ed orizzontale,Sereno,Normale,Buona,Ore Diurne,0,0,0,2,"12,4702","41,87384",True
2651868,5,12/01/2016T11:30:00,Strada Urbana,in prossimit�,del civico n.,VIA VACUNA,,79,,Scontro laterale fra veicoli in marcia,Rettilineo,Una carreggiata a senso unico di marcia,Asciutto,Asfaltata,Assente,Sereno,Normale,Buona,Ore Diurne,0,0,0,3,"12,53595","41,91134",True
2651887,8,12/01/2016T11:40:00,Strada Urbana,in prossimit�,del civico n.,VIA ATTEONE,,111,,Veicolo in marcia contro ostacolo accidentale,Rettilineo,Una carreggiata a doppio senso,Asciutto,Asfaltata,Assente,Nuvoloso,Scarso,Sufficiente,Ore Diurne,0,0,0,3,"12,62032","41,87871",True
2651433,9,12/01/2016T11:50:00,,all'intersezione con,VIA ETTORE CICCOTTI,VIA TOMMASO INGHIRAMI,VIA ETTORE CICCOTTI,,,Scontro frontale/laterale SX fra veicoli in marcia,,,,,,,,,,1,0,0,1,"12,52773","41,86784",False
2659889,18,12/01/2016T12:00:00,Regionale entro l'abitato,all'intersezione con,VIA ANTONIO NEVIANI,VIA DI CASTEL DI GUIDO,VIA ANTONIO NEVIANI,,,Scontro frontale/laterale SX fra veicoli in marcia,Intersezione non regolata/non segnalata,Una carreggiata a doppio senso,Asciutto,Asfaltata,Verticale ed orizzontale,Sereno,Normale,Buona,Ore Diurne,0,0,0,2,"12,28322","41,90343",True
2651983,19,12/01/2016T12:25:00,Strada Urbana,da specificare,,VIA DEL FORTE TRIONFALE,,,fronte civico 99,Tamponamento,Rettilineo,Una carreggiata a doppio senso,Asciutto,Asfaltata,Orizzontale,Nuvoloso,Normale,Buona,Ore Diurne,1,0,0,1,"12,43313","41,93908",True
2651481,9,12/01/2016T12:30:00,,da specificare,,PIAZZA ZAMA,,,altezza VIA CONCORDIA,Scontro frontale/laterale DX fra veicoli in marcia,,,,,,,,,,1,0,0,2,"12,50979","41,87645",False
2659975,18,12/01/2016T12:30:00,Strada Urbana,all'intersezione con,VIA DOMENICO TARDINI,VIA FRANCESCO ALBERGOTTI,VIA DOMENICO TARDINI,,,Scontro laterale fra veicoli in marcia,Intersezione stradale segnalata,Una carreggiata a doppio senso,Asciutto,Asfaltata,Verticale ed orizzontale,Sereno,Intenso,Buona,Ore Diurne,0,0,0,2,"12,42792","41,90551",True
2651489,15,12/01/2016T12:45:00,Strada Urbana,in corrispondenza,del civico n.,VIA ANTONIO PACINOTTI,,24,,Tamponamento,Rettilineo,Una carreggiata a senso unico di marcia,Asciutto,Asfaltata,Verticale ed orizzontale,Sereno,Normale,Buona,Ore Diurne,0,0,0,2,"12,46787","41,87103",True
2651172,19,12/01/2016T12:55:00,Strada Urbana,all'intersezione con,VIA LORENZO CAMPEGGI,VIA GIOVANNI X,VIA LORENZO CAMPEGGI,,,Veicolo in marcia contro veicolo fermo,Incrocio,Una carreggiata a doppio senso,Asciutto,Asfaltata,Orizzontale,Sereno,Normale,Buona,Ore Diurne,0,0,0,2,"12,41365","41,91478",False
2651864,5,12/01/2016T13:35:00,Strada Urbana,da specificare,,VIA TIBURTINA,,,altezza S. MARIA DEL SOCCORSO,Veicolo in marcia contro ostacolo accidentale,Rettilineo,Una carreggiata a doppio senso,Asciutto,Asfaltata,Verticale ed orizzontale,Sereno,Normale,Buona,Ore Diurne,1,0,0,0,"12,56123","41,91544",False
2652110,17,12/01/2016T14:20:00,Strada Urbana,all'intersezione con,VIA VARRONE,VIA COLA DI RIENZO,VIA VARRONE,,,Tamponamento,Incrocio,Una carreggiata a doppio senso,Asciutto,In cubetti di porfido,Verticale ed orizzontale,Sereno,Normale,Sufficiente,Ore Diurne,1,0,0,3,"12,46027","41,90671",False
2651898,8,12/01/2016T14:30:00,Strada Urbana,in prossimit�,del civico n.,VIA BORGHESIANA,,25,,Veicolo in marcia contro ostacolo accidentale,Rettilineo,Una carreggiata a doppio senso,Asciutto,Asfaltata,Orizzontale,Sereno,Normale,Sufficiente,Ore Diurne,0,0,0,1,"12,66769","41,88925",True
2651895,10,12/01/2016T14:30:00,Strada Urbana,in prossimit�,del civico n.,VIA ANAGNINA,,169,,Veicolo in marcia contro ostacolo fisso,Rettilineo,Due carreggiate,Asciutto,Asfaltata,Verticale ed orizzontale,Sereno,Normale,Buona,Ore Diurne,0,0,0,1,"12,60112","41,82741",True
2651547,13,12/01/2016T14:35:00,Strada Urbana,in corrispondenza,del civico n.,VIA DI DRAGONE,,494,,Scontro frontale/laterale DX fra veicoli in marcia,Rettilineo,Una carreggiata a doppio senso,Asciutto,Asfaltata,Verticale ed orizzontale,Sereno,Normale,Buona,Ore Diurne,0,0,0,2,"12,32776","41,78961",True
2651556,2,12/01/2016T14:35:00,Strada Urbana,all'intersezione con,VIA LUIGI CANINA,VIA FLAMINIA,VIA LUIGI CANINA,,,Ribaltamento senza urto contro ostacolo fisso,Intersezione semaforizzata,Due carreggiate,Asciutto,Asfaltata,Verticale ed orizzontale,Sereno,Normale,Buona,Ore Diurne,0,0,0,2,"12,4718","41,94188",True
2652035,20,12/01/2016T14:45:00,Strada Urbana,in corrispondenza,del civico n.,VIA FLAMINIA NUOVA,,299,,Tamponamento,Rettilineo,Una carreggiata a doppio senso,Asciutto,Asfaltata,Orizzontale,Sereno,Normale,Buona,Ore Diurne,0,0,0,4,"12,47623","41,95439",True
2652847,16,12/01/2016T14:55:00,Strada Urbana,in prossimit�,del civico n.,VIA GIACOMO FOLCHI,,6,,Scontro frontale/laterale DX fra veicoli in marcia,Rettilineo,Una carreggiata a doppio senso,Asciutto,Asfaltata,Orizzontale,Sereno,Normale,Buona,Ore Diurne,0,0,0,3,"12,45415","41,86712",True
2651205,9,12/01/2016T15:00:00,Strada Urbana,in corrispondenza,del civico n.,VIA PAOLO ALBERA,,19,,Veicolo in marcia contro veicolo in sosta,Rettilineo,Una carreggiata a senso unico di marcia,Asciutto,Asfaltata,Assente,Nuvoloso,Normale,Buona,Ore Diurne,0,0,0,1,,,False
2651810,15,12/01/2016T15:15:00,Strada Urbana,da specificare,,VIA PORTUENSE,,,prox. VIA FOSSO DELLA MAGLIANA,Scontro laterale fra veicoli in marcia,Rettilineo,Una carreggiata a doppio senso,Asciutto,Asfaltata,Verticale ed orizzontale,Sereno,Normale,Buona,Ore Diurne,0,0,0,3,"12,40939","41,84342",True
2651806,15,12/01/2016T15:15:00,Strada Urbana,da specificare,,VIA DELLA MAGLIANA,,,fronte civico 313,Tamponamento Multiplo,Rettilineo,Una carreggiata a senso unico di marcia,Asciutto,Asfaltata,Orizzontale,Sereno,Intenso,Buona,Ore Diurne,1,0,0,5,"12,42401","41,83394",True
2651342,18,12/01/2016T15:20:00,Strada Urbana,in prossimit�,del civico n.,CIRCONVALLAZIONE AURELIA,,21,,Investimento di pedone,Rettilineo,Due carreggiate,Asciutto,Asfaltata,Verticale,Sereno,Normale,Buona,Ore Diurne,1,0,0,1,"12,42848","41,89741",True
2651215,10,12/01/2016T15:20:00,Strada Urbana,da specificare,,VIA ANAGNINA,,,fronte civico 169,Tamponamento Multiplo,Rettilineo,Due carreggiate,Asciutto,Asfaltata,Orizzontale,Nuvoloso,Normale,Buona,Ore Diurne,2,0,0,3,"12,59898","41,82891",False
2651912,8,12/01/2016T15:20:00,Strada Urbana,in prossimit�,del palo luce n.,VIALE DI TORRE MAURA,,20,,Veicolo in marcia contro ostacolo accidentale,Curva senza visuale libera,Due carreggiate,Asciutto,Asfaltata,Orizzontale,Sereno,Normale,Buona,Ore Diurne,0,0,0,1,"12,59217","41,86022",True
2651974,6,12/01/2016T15:25:00,Strada Urbana,all'intersezione con,VIA FRONTINO,VIA AUGUSTO DULCERI,VIA FRONTINO,,,Scontro frontale/laterale SX fra veicoli in marcia,Incrocio,Una carreggiata a doppio senso,Asciutto,Asfaltata,Verticale ed orizzontale,Sereno,Normale,Buona,Ore Diurne,0,0,0,4,"12,5388","41,884",True
2651919,8,12/01/2016T15:30:00,,in prossimit�,del palo luce n.,VIALE DI TORRE MAURA,,20,,Veicolo in marcia contro ostacolo accidentale,,,,,,,,,,0,0,0,1,,,False
2662044,18,12/01/2016T15:30:00,Strada Urbana,in prossimit�,del civico n.,CIRCONVALLAZIONE CORNELIA,,78,,Tamponamento Multiplo,Rettilineo,Due carreggiate,Asciutto,Asfaltata,Verticale ed orizzontale,Sereno,Scarso,Buona,Ore Diurne,3,0,0,0,"12,42659","41,9008",False
2652140,20,12/01/2016T15:40:00,Regionale entro l'abitato,in corrispondenza,del civico n.,VIA FLAMINIA,,653,,Scontro laterale fra veicoli in marcia,Rettilineo,Una carreggiata a doppio senso,Asciutto,Asfaltata,Orizzontale,Sereno,Normale,Buona,Ore Diurne,0,0,0,2,"12,47303","41,94589",True
2651837,7,12/01/2016T15:40:00,Strada Urbana,all'intersezione con,VIA DELLE AZALEE,VIA DEGLI ACERI,VIA DELLE AZALEE,,,Scontro frontale/laterale SX fra veicoli in marcia,Incrocio,Una carreggiata a senso unico di marcia,Asciutto,Asfaltata,Verticale ed orizzontale,Sereno,Normale,Buona,Ore Diurne,0,0,0,3,"12,56902","41,87811",True
2651253,7,12/01/2016T15:45:00,Strada Urbana,all'intersezione con,VIA EMILIO LONGONI,VIA PRENESTINA,VIA EMILIO LONGONI,,,Scontro laterale fra veicoli in marcia,Rotatoria,Una carreggiata a senso unico di marcia,Asciutto,Asfaltata,Orizzontale,Sereno,Normale,Buona,Ore Diurne,0,0,0,2,"12,60338","41,89288",True
2652085,6,12/01/2016T15:45:00,Strada Urbana,all'intersezione con,VIA FIVIZZANO,VIA CASILINA,VIA FIVIZZANO,,,Scontro laterale fra veicoli in marcia,Incrocio,Una carreggiata a senso unico di marcia,Asciutto,Asfaltata,Verticale,Sereno,Scarso,Buona,Ore Diurne,1,0,0,0,"12,5252","41,88771",True
2652195,13,12/01/2016T15:50:00,Strada Urbana,da specificare,,VIA DEL MARE,,,altezza Via delle Canarie,Tamponamento Multiplo,Rettilineo,Una carreggiata a doppio senso,Asciutto,Asfaltata,Verticale ed orizzontale,Sereno,Normale,Buona,Ore Diurne,1,0,0,5,"12,28307","41,73897",False
2653760,16,12/01/2016T16:00:00,Strada Urbana,da specificare,,VIA DEL CASALETTO,,,fronte civico 63,Investimento di pedone,Rettilineo,Una carreggiata a doppio senso,Asciutto,Asfaltata,Orizzontale,Sereno,Normale,Buona,Ore Diurne,1,0,0,1,,,False
2651865,5,12/01/2016T16:00:00,Strada Urbana,in prossimit�,del civico n.,VIA TIBURTINA,,1143,,Scontro laterale fra veicoli in marcia,Rettilineo,Due carreggiate,Asciutto,Asfaltata,Verticale ed orizzontale,Sereno,Intenso,Insufficiente,Insufficiente,1,0,0,1,"12,59495","41,93265",True
2651834,11,12/01/2016T16:00:00,Strada Urbana,all'intersezione con,VIA ALESSANDRO VARALDO,VIA TIBERIO IMPERATORE,VIA ALESSANDRO VARALDO,,,Tamponamento,Intersezione stradale segnalata,Una carreggiata a doppio senso,Asciutto,Asfaltata,Verticale,Sereno,Scarso,Buona,Ore Diurne,0,0,0,2,"12,48338","41,85099",True
2651575,2,12/01/2016T16:00:00,Strada Urbana,all'intersezione con,CORSO TRIESTE,VIA TRAU,CORSO TRIESTE,,,Scontro frontale/laterale DX fra veicoli in marcia,Incrocio,Una carreggiata a doppio senso,Asciutto,Asfaltata,Verticale ed orizzontale,Sereno,Normale,Buona,Ore Diurne,0,0,0,2,"12,50778","41,91924",True
2651875,8,12/01/2016T16:10:00,Strada Urbana,all'intersezione con,VIA DEL TORRACCIO DI TORRENOVA,VIA DI TORRENOVA,VIA DEL TORRACCIO DI TORRENOVA,,,Scontro laterale fra veicoli in marcia,Incrocio,Una carreggiata a doppio senso,Asciutto,Asfaltata,Verticale ed orizzontale,Sereno,Normale,Sufficiente,Ore Diurne,0,0,0,2,"12,6191","41,87341",True
2652430,3,12/01/2016T16:30:00,Strada Urbana,da specificare,,CIRCONVALLAZIONE TIBURTINA,,,ALTEZZA CONGIUNZIONE NUOVA C.NE INTERNA,Scontro laterale fra veicoli in marcia,Rettilineo,Una carreggiata a senso unico di marcia,Asciutto,Asfaltata,Orizzontale,Sereno,Normale,Buona,Ore Diurne,0,0,0,4,"12,53302","41,90516",True
2651871,8,12/01/2016T16:30:00,Provinciale entro l'abitato,in prossimit�,del palo luce n.,VIA COLLATINA,,586,,Veicolo in marcia contro ostacolo fisso,Rettilineo,Una carreggiata a doppio senso,Asciutto,Asfaltata,Orizzontale,Sereno,Normale,Sufficiente,Sufficiente,1,0,0,0,"12,61053","41,90604",True
2651565,13,12/01/2016T16:30:00,Strada Urbana,da specificare,,VIALE DEI ROMAGNOLI,,,in prossimit� di Via Donati,Tamponamento Multiplo,Rettilineo,Una carreggiata a doppio senso,Asciutto,Asfaltata,Verticale ed orizzontale,Sereno,Intenso,Buona,Ore Diurne,0,0,0,3,"12,34323","41,77692",True
2651366,7,12/01/2016T16:45:00,Strada Urbana,in prossimit�,del civico n.,PIAZZA DELLA STAZIONE PRENESTINA,,1043,,Veicolo in marcia contro veicolo in sosta,Rettilineo,Una carreggiata a senso unico di marcia,Asciutto,Asfaltata,Assente,Sereno,Intenso,Buona,Ore Diurne,0,0,0,1,"12,60919","41,89366",True
2651448,9,12/01/2016T16:50:00,Strada Urbana,in corrispondenza,del civico n.,CIRCONVALLAZIONE APPIA,,41,,Scontro frontale/laterale SX fra veicoli in marcia,Rettilineo,Una carreggiata a doppio senso,Asciutto,Asfaltata,Assente,Nuvoloso,Normale,Buona,Ore Diurne,0,0,0,2,"12,51576","41,87601",True
2651881,8,12/01/2016T16:55:00,,all'intersezione con,VIALE DI TORRE MAURA,VIA DEL FOSSO DI S. MAURA,VIALE DI TORRE MAURA,,,Veicolo in marcia contro ostacolo accidentale,,,,,,,,,,0,0,0,2,,,False
2652151,17,12/01/2016T17:00:00,Strada Urbana,da specificare,,VIALE VATICANO,,,in prossimit� fr. 43,Fuoriuscita dalla sede stradale,Curva senza visuale libera,Una carreggiata a doppio senso,Asciutto,Asfaltata,Verticale ed orizzontale,Sereno,Normale,Insufficiente,Sufficiente,0,0,0,1,"12,44872","41,90434",True
2651907,8,12/01/2016T17:00:00,,in prossimit�,del palo luce n.,VIA DEL FOSSO DI S. MAURA,,21,,Veicolo in marcia contro ostacolo accidentale,,,,,,,,,,0,0,0,3,,,False
2651883,8,12/01/2016T17:10:00,Strada Urbana,in prossimit�,del civico n.,VIA SELLIA,,45,,Veicolo in marcia contro ostacolo accidentale,Rettilineo,Una carreggiata a doppio senso,Asciutto,Con buche,Orizzontale,Sereno,Normale,Buona,Ore Diurne,0,0,0,1,"12,68709","41,87155",True
2652056,6,12/01/2016T17:15:00,Strada Urbana,da specificare,,VIA ANAGNI,,,fronte civico 1,Investimento di pedone,Rettilineo,Una carreggiata a senso unico di marcia,Asciutto,Asfaltata,Orizzontale,Sereno,Normale,Sufficiente,Sufficiente,1,0,0,1,"12,55388","41,89012",True
2659814,18,12/01/2016T17:20:00,Strada Urbana,da specificare,,VIA DI CASAL DEL MARMO,,,pross. Monte del Marmo rotatoria GRA,Scontro laterale fra veicoli in marcia,Rotatoria,Una carreggiata a senso unico di marcia,Asciutto,Asfaltata,Verticale ed orizzontale,Sereno,Normale,Buona,Ore Diurne,0,0,0,5,"12,38894","41,9421",True
2651923,8,12/01/2016T17:30:00,,in prossimit�,del palo luce n.,VIALE DI TORRE MAURA,,32,,Veicolo in marcia contro ostacolo accidentale,,,,,,,,,,0,0,0,1,,,False
2651932,11,12/01/2016T17:30:00,Strada Urbana,all'intersezione con,VIALE DEL TINTORETTO,VIALE ALDO BALLARIN,VIALE DEL TINTORETTO,,,Scontro laterale fra veicoli in marcia,Intersezione stradale segnalata,Una carreggiata a doppio senso,Asciutto,Asfaltata,Verticale ed orizzontale,Sereno,Normale,Buona,Sufficiente,0,0,0,3,"12,49594","41,83383",True
2651454,7,12/01/2016T17:30:00,Strada Urbana,all'intersezione con,VIA DELLE SUSINE,VIALE ALESSANDRINO,VIA DELLE SUSINE,,,Scontro frontale/laterale DX fra veicoli in marcia,Incrocio,Due carreggiate,Asciutto,Asfaltata,Orizzontale,Sereno,Intenso,Buona,Ore Diurne,1,0,0,2,"12,57775","41,87983",True
2651525,10,12/01/2016T18:00:00,Strada Urbana,in prossimit�,del civico n.,VIA DEGLI OPIMIANI,,16/18,,Infortunio per sola frenata improvvisa,Rettilineo,Una carreggiata a doppio senso,Asciutto,Asfaltata,Verticale,Nuvoloso,Normale,Sufficiente,Sufficiente,1,0,0,0,,,False
2652203,17,12/01/2016T18:25:00,Strada Urbana,all'intersezione semaforizzata con,PIAZZA COLONNA,LUNGOTEVERE DEI MELLINI,PIAZZA COLONNA,,,Veicolo in marcia contro ostacolo fisso,Intersezione semaforizzata,Una carreggiata a senso unico di marcia,Asciutto,Asfaltata,Verticale ed orizzontale,Sereno,Normale,Buona,Sufficiente,0,0,0,1,"12,47315","41,90715",True
2652012,7,12/01/2016T18:30:00,Strada Urbana,da specificare,,VIA CASILINA,,,in prossimit� di Viale della Primavera,Veicolo in marcia contro ostacolo accidentale,Rettilineo,Due carreggiate,Asciutto,Asfaltata,Orizzontale,Sereno,Normale,Buona,Sufficiente,0,0,0,2,"12,55765","41,8756",True
2651808,13,12/01/2016T18:30:00,,in corrispondenza,del civico n.,VIA GIGI CHESSA,,390,,Veicolo in marcia contro veicoli in sosta,,,,,,,,,,0,0,0,1,"12,37925","41,77443",False
2652340,2,12/01/2016T18:35:00,Strada Urbana,in prossimit�,del civico n.,VIA LIMA,,4,,Tamponamento,Rettilineo,Una carreggiata a senso unico di marcia,Asciutto,Asfaltata,Verticale ed orizzontale,Sereno,Normale,Buona,Sufficiente,0,0,0,2,"12,4938","41,92274",True
2652031,4,12/01/2016T18:45:00,Statale entro l'abitato,da specificare,,VIA SALARIA,,,100 m dopo V. Castel Giubileo dir. rieti,Tamponamento,Rettilineo,Due carreggiate,Asciutto,Asfaltata,Verticale ed orizzontale,Nuvoloso,Intenso,Sufficiente,Sufficiente,2,0,0,3,,,False
2652279,4,12/01/2016T18:45:00,Strada Urbana,all'intersezione con,VIADOTTO GIUSEPPE SARAGAT,VIA AMALIA BETTINI,VIADOTTO GIUSEPPE SARAGAT,,,Tamponamento,Intersezione stradale segnalata,Due carreggiate,Asciutto,Asfaltata,Verticale ed orizzontale,Sereno,Normale,Buona,Sufficiente,1,0,0,2,"12,52804","41,9645",True
2652207,4,12/01/2016T19:10:00,Strada Urbana,da specificare,,VIA TERESA BOETTI VALVASSURA,,,in prossimit� dell'intersezione con via Gino Cervi,Investimento di pedone,Rettilineo,Due carreggiate,Asciutto,Asfaltata,Verticale ed orizzontale,Sereno,Normale,Buona,Ore Diurne,0,1,0,1,"12,53495","41,96211",False
2652561,6,12/01/2016T19:15:00,Strada Urbana,all'intersezione con,VIA CHERSO,VIA COLLATINA,VIA CHERSO,,,Scontro laterale fra veicoli in marcia,Incrocio,Una carreggiata a doppio senso,Asciutto,Asfaltata,Verticale ed orizzontale,Sereno,Normale,Sufficiente,Sufficiente,0,0,0,3,"12,56273","41,89635",True
2653682,12,12/01/2016T19:20:00,Provinciale entro l'abitato,da specificare,,VIA PONTINA,,,"Km.11,500 dir. G.R.A",Tamponamento Multiplo,Rettilineo,Due carreggiate,Asciutto,Asfaltata,Verticale ed orizzontale,Sereno,Intenso,Buona,Ore Diurne,5,0,0,0,"12,45798","41,80971",False
2651968,20,12/01/2016T19:45:00,Regionale entro l'abitato,all'intersezione con,VIA COLLEGIOVE,VIA CASSIA,VIA COLLEGIOVE,,,Scontro frontale/laterale DX fra veicoli in marcia,Intersezione non regolata/non segnalata,Una carreggiata a doppio senso,Asciutto,Asfaltata,Verticale ed orizzontale,Sereno,Normale,Sufficiente,Sufficiente,0,0,0,2,"12,43529","41,97053",True
2652934,16,12/01/2016T19:45:00,Strada Urbana,all'intersezione con,VIA CAMILLO SERAFINI,VIA SILVESTRI,VIA CAMILLO SERAFINI,,,Scontro frontale/laterale DX fra veicoli in marcia,Incrocio,Una carreggiata a doppio senso,Asciutto,Asfaltata,Orizzontale,Sereno,Intenso,Buona,Sufficiente,0,0,0,2,"12,61592","41,84841",True
2653017,23,12/01/2016T20:00:00,Strada Urbana,in prossimit�,del civico n.,VIA CAMILLO DA ALBINO,,3b,,Scontro laterale fra veicoli in marcia,Rettilineo,Una carreggiata a doppio senso,Asciutto,Asfaltata,Verticale ed orizzontale,Sereno,Scarso,Buona,Sufficiente,2,0,0,0,"12,35156","41,78268",True
2652260,1,12/01/2016T20:00:00,Strada Urbana,in prossimit�,del civico n.,VIA EMANUELE FILIBERTO,,163,,Scontro frontale/laterale DX fra veicoli in marcia,Rettilineo,Una carreggiata a doppio senso,Asciutto,Asfaltata,Verticale ed orizzontale,Sereno,Intenso,Buona,Sufficiente,2,0,0,2,"12,50664","41,89013",True
2652342,2,12/01/2016T21:00:00,Strada Urbana,all'intersezione con,VIA STIMIGLIANO,VIA MONTEBUONO,VIA STIMIGLIANO,,,Investimento di pedone,Incrocio,Una carreggiata a senso unico di marcia,Asciutto,Asfaltata,Verticale ed orizzontale,Sereno,Scarso,Sufficiente,Sufficiente,1,0,0,1,"12,51305","41,93397",False
2652952,16,12/01/2016T21:45:00,Strada Urbana,all'intersezione con,VIA FLAVIO DOMIZIANO,VIA CRISTOFORO COLOMBO,VIA FLAVIO DOMIZIANO,,,Scontro frontale/laterale SX fra veicoli in marcia,Intersezione semaforizzata,Pi� di due carreggiate,Asciutto,Asfaltata,Verticale ed orizzontale,Sereno,Normale,Buona,Sufficiente,1,0,0,1,"12,44704","41,80373",False
2651925,11,12/01/2016T22:00:00,Strada Urbana,all'intersezione con,VIA GIULIO ARISTIDE SARTORIO,PIAZZA FEDERICO MARCELLO LANTE,VIA GIULIO ARISTIDE SARTORIO,,,Scontro frontale/laterale SX fra veicoli in marcia,Incrocio,Pi� di due carreggiate,Asciutto,Asfaltata,Verticale ed orizzontale,Sereno,Scarso,Sufficiente,Sufficiente,3,0,0,0,"12,50325","41,85242",True
2652656,17,12/01/2016T23:00:00,Strada Urbana,in corrispondenza,del civico n.,PIAZZA DEL RISORGIMENTO,,4,,Scontro laterale fra veicoli in marcia,Rotatoria,Due carreggiate,Asciutto,Asfaltata,Verticale ed orizzontale,Sereno,Scarso,Buona,Sufficiente,0,0,0,2,"12,45656","41,9065",True
2652301,6,12/01/2016T23:15:00,Strada Urbana,all'intersezione con,VIA TOR DE' SCHIAVI,VIA DEI FAGGI,VIA TOR DE' SCHIAVI,,,Scontro frontale/laterale DX fra veicoli in marcia,Intersezione stradale segnalata,Una carreggiata a doppio senso,Asciutto,Asfaltata,Verticale,Sereno,Scarso,Sufficiente,Sufficiente,0,0,0,3,"12,56291","41,88427",True
2651729,12,13/01/2016,Statale entro l'abitato,da specificare,,VIA OSTIENSE,,,dir. Roma centro pros. immissione rampa G.R.A.,Veicolo in marcia contro ostacolo fisso,Rettilineo,Una carreggiata a doppio senso,Asciutto,Asfaltata,Verticale ed orizzontale,Sereno,Scarso,Insufficiente,Inesistente,0,0,0,0,"12,41667","41,79925",True
2651867,8,13/01/2016T03:30:00,Strada Urbana,in prossimit�,del civico n.,VIA CARLO SANTARELLI,,98,,Veicolo in marcia contro veicolo in sosta,Rettilineo,Una carreggiata a doppio senso,Asciutto,Asfaltata,Verticale ed orizzontale,Sereno,Scarso,Sufficiente,Sufficiente,0,0,0,0,"12,60677","41,86107",False