_ID,_Gruppo,_DataOraIncidente,_Localizzazione1,_Localizzazione2,_Strada1,_DaSpecificare,_NaturaIncidente,_ParticolaritaStrade,_TipoStrada,_FondoStradale,_Pavimentazione,_Segnaletica,_CondizioneAtmosferica,_Traffico,_Visibilita,_Illuminazione,_NUM_FERITI,_NUM_RISERVATA,_NUM_MORTI,_NUM_ILLESI,_Longitudine,_Latitudine,_CONFERMATO,__prefix,_Strada02,_Strada2,_Chilometrica
2652405,6,13/01/2016T05:00:00,Strada Urbana,all'intersezione con,VIA DI TOR TRE TESTE,VIA CASILINA,VIA DI TOR TRE TESTE,,,Ribaltamento senza urto contro ostacolo fisso,Intersezione stradale segnalata,Una carreggiata a doppio senso,Asciutto,Asfaltata,Verticale ed orizzontale,Sereno,Scarso,Sufficiente,Sufficiente,0,0,0,1,"12,58741","41,86836",True
2653433,8,13/01/2016T06:00:00,,all'intersezione con,VIA GIOVANNI CICALI,VIA COLLATINA,VIA GIOVANNI CICALI,,,Tamponamento Multiplo,,,,,,,,,,1,0,0,3,,,False
2652223,1,13/01/2016T07:45:00,Strada Urbana,in corrispondenza,del civico n.,VIALE MANZONI,,91,,Scontro laterale fra veicoli in marcia,Rettilineo,Una carreggiata a doppio senso,Asciutto,Asfaltata,Verticale ed orizzontale,Sereno,Intenso,Buona,Ore Diurne,0,0,0,2,"12,51045","41,89388",True
2652865,8,13/01/2016T08:30:00,Provinciale entro l'abitato,da specificare,,VIA COLLATINA,,,imbocco ponte ferrovia dir. Roma centro,Scontro frontale fra veicoli in marcia,Curva a visuale libera,Una carreggiata a doppio senso,Bagnato (umidit� in atto),Asfaltata,Verticale ed orizzontale,Sereno,Normale,Buona,Ore Diurne,2,0,1,0,"12,65817","41,91979",True
2654396,12,13/01/2016T08:30:00,Provinciale,in prossimit�,della chilometrica,VIA DEL MARE,,11,,Tamponamento Multiplo,Rettilineo,Una carreggiata a doppio senso,Asciutto,Asfaltata,Verticale ed orizzontale,Sereno,Intenso,Buona,Ore Diurne,0,0,0,3,"12,43153","41,81611",True
2653432,8,13/01/2016T08:55:00,Strada Urbana,all'intersezione con,VIALE PAOLO FERDINANDO QUAGLIA,VIALE S. RITA DA CASCIA,VIALE PAOLO FERDINANDO QUAGLIA,,,Scontro frontale/laterale DX fra veicoli in marcia,Rotatoria,Una carreggiata a senso unico di marcia,Bagnato (umidit� in atto),Asfaltata,Verticale ed orizzontale,Sereno,Normale,Buona,Ore Diurne,3,0,0,0,"12,64331","41,86982",False
2652604,19,13/01/2016T09:10:00,Strada Urbana,in corrispondenza,del civico n.,PIAZZA DI NOSTRA SIGNORA DI GUADALUPE,,8,,Veicolo in marcia contro veicolo in sosta,Rettilineo,Una carreggiata a senso unico di marcia,Asciutto,Asfaltata,Orizzontale,Sereno,Scarso,Buona,Ore Diurne,0,0,0,1,"12,42346","41,94347",True
2652371,1,13/01/2016T09:10:00,Strada Urbana,in prossimit�,del civico n.,VIALE CASTRO PRETORIO,,118,,Scontro laterale fra veicoli in marcia,Rettilineo,Una carreggiata a senso unico di marcia,Asciutto,Asfaltata,Verticale ed orizzontale,Sereno,Normale,Buona,Ore Diurne,1,0,0,1,"12,50499","41,90681",False
2653479,5,13/01/2016T09:15:00,Strada Urbana,in prossimit�,del civico n.,VIALE FERNANDO SANTI,,66,,Investimento di pedone,Rettilineo,Due carreggiate,Asciutto,Asfaltata,Verticale ed orizzontale,Sereno,Scarso,Buona,Ore Diurne,2,0,0,0,,,False
2653443,4,13/01/2016T09:20:00,Strada Urbana,in prossimit�,del civico n.,VIA DELLE VALLI,,171,,Tamponamento,Rettilineo,Due carreggiate,Asciutto,Asfaltata,Orizzontale,Sereno,Normale,Buona,Ore Diurne,1,0,0,1,"12,52594","41,93795",False
2655019,12,13/01/2016T09:30:00,Strada Urbana,da specificare,,VIA DELLE TRE FONTANE,,,prox V.le dell'Industria ,Veicolo in marcia contro ostacolo fisso,Rettilineo,Una carreggiata a doppio senso,Asciutto,Asfaltata,Verticale ed orizzontale,Sereno,Normale,Buona,Ore Diurne,0,0,0,1,"12,47501","41,83894",True
2653520,20,13/01/2016T09:30:00,Statale entro l'abitato,all'intersezione con,VIA VALLE DELLA STORTA,VIA CASSIA,VIA VALLE DELLA STORTA,,,Scontro frontale/laterale DX fra veicoli in marcia,Intersezione non regolata/non segnalata,Una carreggiata a doppio senso,Asciutto,Asfaltata,Verticale ed orizzontale,Sereno,Normale,Buona,Ore Diurne,0,0,0,2,,,False
2653726,2,13/01/2016T09:30:00,Strada Urbana,all'intersezione con,VIA RUGGERO BOSCOVICH,VIA GIUSEPPE MERCALLI,VIA RUGGERO BOSCOVICH,,,Scontro frontale/laterale SX fra veicoli in marcia,Incrocio,Una carreggiata a senso unico di marcia,Asciutto,Asfaltata,Verticale ed orizzontale,Sereno,Normale,Buona,Ore Diurne,0,0,0,2,"12,48607","41,92363",True
2652554,19,13/01/2016T09:40:00,Strada Urbana,in corrispondenza,del civico n.,VIA TRIONFALE,,8741 A,,Investimento di pedone,Rettilineo,Una carreggiata a senso unico di marcia,Asciutto,Asfaltata,Orizzontale,Sereno,Scarso,Buona,Ore Diurne,1,0,0,0,"12,423","41,94065",True
2653581,17,13/01/2016T09:45:00,Strada Urbana,all'intersezione con,VIA ALESSANDRO FARNESE,VIALE GIULIO CESARE,VIA ALESSANDRO FARNESE,,,Scontro frontale/laterale DX fra veicoli in marcia,Incrocio,Due carreggiate,Asciutto,Asfaltata,Verticale ed orizzontale,Sereno,Normale,Buona,Ore Diurne,0,0,0,2,"12,46734","41,91157",True
2653636,17,13/01/2016T10:00:00,Strada Urbana,da specificare,,PIAZZA ADRIANA,,,fronte civ. 3,Scontro laterale fra veicoli in marcia,Rettilineo,Una carreggiata a doppio senso,Asciutto,Asfaltata,Verticale ed orizzontale,Sereno,Scarso,Buona,Ore Diurne,0,0,0,2,"12,46727","41,90469",True
2653438,8,13/01/2016T10:15:00,Strada Urbana,all'intersezione con,VIA ALESSANDRO BENETTI,VIA CASILINA,VIA ALESSANDRO BENETTI,,,Scontro frontale/laterale SX fra veicoli in marcia,Incrocio,Una carreggiata a doppio senso,Asciutto,Asfaltata,Verticale ed orizzontale,Sereno,Normale,Buona,Ore Diurne,1,0,0,1,,,False
2653504,5,13/01/2016T10:15:00,Strada Urbana,all'intersezione con,VIA OSTERIA DELLE CAPANNACCE,VIA PIETRAFERRAZZANA,VIA OSTERIA DELLE CAPANNACCE,,,Scontro frontale/laterale SX fra veicoli in marcia,Incrocio,Una carreggiata a doppio senso,Asciutto,Asfaltata,Assente,Sereno,Scarso,Buona,Ore Diurne,0,0,0,3,"12,6489","41,93825",True
2652983,1,13/01/2016T10:20:00,Strada Urbana,in corrispondenza,del civico n.,VIALE MARCO POLO,,127,,Scontro laterale fra veicoli in marcia,Rettilineo,Una carreggiata a doppio senso,Asciutto,Asfaltata,Verticale ed orizzontale,Nuvoloso,Normale,Buona,Ore Diurne,1,0,0,2,,,False
2652404,18,13/01/2016T10:20:00,Strada Urbana,in corrispondenza,del civico n.,VIA AURELIA,,316,,Scontro laterale fra veicoli in marcia,Rettilineo,Una carreggiata a doppio senso,Asciutto,Asfaltata,Verticale ed orizzontale,Sereno,Normale,Buona,Ore Diurne,1,0,0,1,"12,43509","41,89749",True
2653535,5,13/01/2016T10:30:00,Strada Urbana,da specificare,,VIA DI SETTECAMINI,,,ALTEZZA VIA DI CASALBIANCO,Veicolo in marcia contro ostacolo accidentale,Rettilineo,Una carreggiata a senso unico di marcia,Asciutto,Asfaltata,Verticale ed orizzontale,Sereno,Scarso,Buona,Ore Diurne,0,0,0,1,"13,10296","41,80894",True
2653695,17,13/01/2016T10:30:00,Strada Urbana,all'intersezione con,VIA BARLETTA,VIALE DELLE MILIZIE,VIA BARLETTA,,,Infortunio per sola frenata improvvisa,Incrocio,Pi� di due carreggiate,Asciutto,Asfaltata,Verticale ed orizzontale,Sereno,Normale,Buona,Ore Diurne,1,0,0,1,"12,45867","41,91126",False
2653612,2,13/01/2016T10:45:00,Strada Urbana,in prossimit�,del civico n.,VIA NOMENTANA,,387,,Scontro laterale fra veicoli in marcia,Rettilineo,Pi� di due carreggiate,Asciutto,Asfaltata,Verticale ed orizzontale,Sereno,Normale,Buona,Ore Diurne,1,0,0,1,"12,52233","41,92575",False
2653728,2,13/01/2016T10:45:00,Strada Urbana,in corrispondenza,del civico n.,PIAZZA ADDIS ABEBA,,1,,Tamponamento,Rettilineo,Due carreggiate,Asciutto,Asfaltata,Verticale ed orizzontale,Sereno,Normale,Buona,Ore Diurne,1,0,0,1,"12,52302","41,93152",False
2653564,7,13/01/2016T11:00:00,,in prossimit�,del civico n.,VIA DEL MAGGIOLINO,,52,,Scontro frontale/laterale SX fra veicoli in marcia,,,,,,,,,,1,0,0,1,,,False
2653663,4,13/01/2016T11:00:00,Strada Urbana,in corrispondenza,del civico n.,VIA EMILIO PRAGA,,14/b,,Veicolo in marcia contro ostacolo accidentale,Rettilineo,Una carreggiata a senso unico di marcia,Asciutto,Asfaltata,Orizzontale,Sereno,Scarso,Buona,Ore Diurne,1,0,0,0,"12,55882","41,94543",False
2652339,7,13/01/2016T11:00:00,Strada Urbana,all'intersezione con,VIA FELICE DE ANDREIS,VIA LUIGI APPIANI,VIA FELICE DE ANDREIS,,,Veicolo in marcia contro veicolo in sosta,Incrocio,Due carreggiate,Bagnato (umidit� in atto),Asfaltata,Verticale,Sereno,Scarso,Buona,Ore Diurne,1,0,0,2,,,False
2653440,4,13/01/2016T11:40:00,Strada Urbana,da specificare,,VIADOTTO SANDRO PERTINI,,,Dir. Bufalotta (sotto Cavalcavia  M.te Giberto),Veicolo in marcia contro ostacolo accidentale,Rettilineo,Due carreggiate,Asciutto,Asfaltata,Verticale ed orizzontale,Sereno,Normale,Buona,Ore Diurne,0,0,0,1,"12,49637","41,90278",True
2652431,10,13/01/2016T11:40:00,Provinciale entro l'abitato,in prossimit�,del civico n.,VIA TUSCOLANA,,1009,,Scontro laterale fra veicoli in marcia,Rettilineo,Due carreggiate,Asciutto,Asfaltata,Verticale ed orizzontale,Sereno,Normale,Buona,Ore Diurne,0,0,0,2,"12,56739","41,85414",True
2653430,8,13/01/2016T11:45:00,Strada Urbana,in prossimit�,del palo luce n.,VIA MONSIGNOR PIETRO ORSI,,3,,Tamponamento Multiplo,Pendenza,Una carreggiata a doppio senso,Asciutto,Asfaltata,Verticale ed orizzontale,Sereno,Scarso,Buona,Ore Diurne,0,0,0,6,"12,67028","41,90593",True
2653405,11,13/01/2016T12:00:00,Strada Urbana,da specificare,,VIALE GUGLIELMO MARCONI,,,alt.civ.509,Investimento di pedone,Rettilineo,Due carreggiate,Asciutto,Asfaltata,Verticale ed orizzontale,Sereno,Normale,Buona,Ore Diurne,1,0,0,1,"12,47298","41,85311",False
2653798,2,13/01/2016T12:00:00,Strada Urbana,in corrispondenza,del civico n.,VIA PANAMA,,77,,Scontro frontale/laterale SX fra veicoli in marcia,Rettilineo,Una carreggiata a doppio senso,Asciutto,Asfaltata,Verticale ed orizzontale,Sereno,Intenso,Buona,Ore Diurne,0,0,0,2,"12,50112","41,92361",True
2653084,13,13/01/2016T12:10:00,,da specificare,,VIALE DELLE REPUBBLICHE MARINARE,,,in prossimit� di VIA DELLE ZATTERE,Scontro laterale fra veicoli in marcia,,,,,,,,,,0,0,0,1,,,False
2653465,11,13/01/2016T12:10:00,Strada Urbana,all'intersezione con,VIA GALBA,VIALE GIUSTINIANO IMPERATORE,VIA GALBA,,,Scontro frontale/laterale SX fra veicoli in marcia,Intersezione non regolata/non segnalata,Due carreggiate,Asciutto,Asfaltata,Verticale ed orizzontale,Nuvoloso,Normale,Buona,Ore Diurne,0,0,0,2,"12,48295","41,85609",True
2653133,10,13/01/2016T12:15:00,Strada Urbana,da specificare,,VIA TUSCOLANA,,,cavalc dir rm centro rampa laterale,Scontro frontale/laterale SX fra veicoli in marcia,Rettilineo,Una carreggiata a senso unico di marcia,Asciutto,Asfaltata,Verticale ed orizzontale,Sereno,Normale,Buona,Ore Diurne,0,0,0,2,"12,58502","41,84224",True
2653098,1,13/01/2016T12:20:00,Strada Urbana,in prossimit�,del civico n.,VIALE MARCO POLO,,8,,Veicolo in marcia contro ostacolo fisso,Rettilineo,Una carreggiata a doppio senso,Asciutto,Asfaltata,Verticale ed orizzontale,Sereno,Normale,Buona,Ore Diurne,0,0,0,1,"12,48328","41,87608",False
2653634,4,13/01/2016T12:20:00,Strada Urbana,all'intersezione con,VIA VALLE SCRIVIA,VIA VAL DI LANZO,VIA VALLE SCRIVIA,,,Tamponamento Multiplo,Intersezione semaforizzata,Una carreggiata a senso unico di marcia,Asciutto,Asfaltata,Verticale ed orizzontale,Sereno,Normale,Buona,Ore Diurne,1,0,0,5,"12,52677","41,94351",False
2652976,2,13/01/2016T12:25:00,Strada Urbana,all'intersezione con,VIA LAGO TANA,VIA TRIPOLITANIA,VIA LAGO TANA,,,Scontro frontale/laterale DX fra veicoli in marcia,Incrocio,Una carreggiata a senso unico di marcia,Asciutto,Asfaltata,Verticale ed orizzontale,Sereno,Normale,Buona,Ore Diurne,1,0,0,1,"12,52028","41,93076",False
2652653,9,13/01/2016T12:40:00,Strada Urbana,all'intersezione con,VIA URBINO,VIA RIMINI,VIA URBINO,,,Scontro frontale/laterale SX fra veicoli in marcia,Incrocio,Una carreggiata a senso unico di marcia,Asciutto,Asfaltata,Verticale,Sereno,Normale,Buona,Ore Diurne,1,0,0,1,"12,51211","41,88441",False
2653024,2,13/01/2016T13:00:00,Strada Urbana,in prossimit�,del civico n.,VIA GIULIO ROMANO,,46,,Veicolo in marcia contro veicolo in sosta,Rettilineo,Una carreggiata a senso unico di marcia,Asciutto,Asfaltata,Verticale ed orizzontale,Sereno,Scarso,Buona,Ore Diurne,0,0,0,2,"12,46473","41,93301",True
2653756,7,13/01/2016T13:30:00,Strada Urbana,in corrispondenza,del civico n.,VIALE PALMIRO TOGLIATTI,,886,,Veicolo in marcia contro ostacolo accidentale,Rettilineo,Due carreggiate,Asciutto,Asfaltata,Verticale,Sereno,Normale,Buona,Ore Diurne,0,0,0,2,"12,57421","41,89002",True
2653828,18,13/01/2016T13:30:00,,in prossimit�,del civico n.,VIA CORNELIA,,51,,Tamponamento,,,,,,,,,,1,0,0,1,,,False
2655023,19,13/01/2016T13:30:00,Strada Urbana,all'intersezione con,VIA PIETRO BEMBO,VIA PIETRO GASPARRI,VIA PIETRO BEMBO,,,Veicolo in marcia contro veicolo in sosta,Incrocio,Una carreggiata a doppio senso,Asciutto,Asfaltata,Verticale ed orizzontale,Nuvoloso,Normale,Buona,Ore Diurne,0,0,0,1,"12,41443","41,9224",True
2652753,6,13/01/2016T13:30:00,Strada Urbana,all'intersezione con,VIA GABRINO FONDULO,VIA RICCARDO RICCARDI,VIA GABRINO FONDULO,,,Investimento di pedone,Incrocio,Due carreggiate,Asciutto,Asfaltata,Assente,Sereno,Scarso,Buona,Ore Diurne,1,0,0,1,"12,53905","41,88657",True
2652977,10,13/01/2016T13:55:00,,in prossimit�,del civico n.,VIA TUSCOLANA,,2118,,Tamponamento,,,,,,,,,,1,0,0,2,,,False
2653746,3,13/01/2016T14:00:00,Strada Urbana,da specificare,,CIRCONVALLAZIONE TIBURTINA,,,altezza immissione da A24,Tamponamento Multiplo,Rettilineo,Una carreggiata a doppio senso,Asciutto,Asfaltata,Orizzontale,Sereno,Intenso,Buona,Ore Diurne,1,0,0,2,,,False
2653466,15,13/01/2016T14:00:00,Strada Urbana,all'intersezione con,VIA MONDOLFO,VIA DELLA MAGLIANA,VIA MONDOLFO,,,Scontro frontale/laterale DX fra veicoli in marcia,Intersezione stradale segnalata,Una carreggiata a doppio senso,Asciutto,Asfaltata,Verticale ed orizzontale,Sereno,Normale,Buona,Ore Diurne,0,0,0,3,"12,42401","41,83394",True
2654981,18,13/01/2016T14:24:00,Strada Urbana,in prossimit�,del civico n.,VIA ENRICO BONDI,,73,,Scontro laterale fra veicoli in marcia,Rettilineo,Una carreggiata a doppio senso,Asciutto,Asfaltata,Assente,Sereno,Scarso,Buona,Ore Diurne,1,0,0,1,"12,3888","41,90302",False
2653461,11,13/01/2016T14:40:00,Strada Urbana,da specificare,,VIALE DI S. PAOLO,,,prossimit� civ.16,Veicolo in marcia contro ostacolo accidentale,Rettilineo,Due carreggiate,Asciutto,Asfaltata,Verticale,Sereno,Normale,Buona,Ore Diurne,1,0,0,0,"12,4738","41,8582",False
2653608,4,13/01/2016T14:45:00,Statale,in prossimit�,della chilometrica,VIA SALARIA,,20.4,,Tamponamento,Rettilineo,Una carreggiata a doppio senso,Asciutto,Asfaltata,Verticale ed orizzontale,Sereno,Normale,Buona,Ore Diurne,1,0,0,1,"12,50445","41,9554",False
2653803,16,13/01/2016T14:50:00,Strada Urbana,da specificare,,VIA QUIRINO MAJORANA,,,altezza fermata ATAC Majorana/Gianicolense,Tamponamento,Rettilineo,Due carreggiate,Asciutto,Asfaltata,Verticale ed orizzontale,Sereno,Normale,Buona,Ore Diurne,0,0,0,2,"12,46208","41,86846",True
2653457,10,13/01/2016T15:00:00,Strada Urbana,da specificare,,PIAZZA DI CINECITTA',,,alt. cne Tuscolana,Tamponamento Multiplo,Rettilineo,Due carreggiate,Asciutto,Asfaltata,Verticale ed orizzontale,Sereno,Intenso,Buona,Ore Diurne,1,0,0,4,"12,56803","41,8532",True
2653446,13,13/01/2016T15:00:00,Strada Urbana,da specificare,,VIALE DEI ROMAGNOLI,,,circa mt.50 dopo via Monti San Paolo,Veicolo in marcia contro ostacolo accidentale,Rettilineo,Una carreggiata a senso unico di marcia,Asciutto,Asfaltata,Verticale ed orizzontale,Sereno,Normale,Buona,Ore Diurne,0,0,0,2,"12,32203","41,76901",True
2653617,13,13/01/2016T15:00:00,Strada Urbana,all'intersezione con,VIALE DEL SOMMERGIBILE,VIA DELL'IDROSCALO,VIALE DEL SOMMERGIBILE,,,Scontro frontale/laterale DX fra veicoli in marcia,Incrocio,Una carreggiata a doppio senso,Asciutto,Asfaltata,Orizzontale,Sereno,Normale,Buona,Ore Diurne,2,0,0,1,"12,26225","41,73768",False
2653701,7,13/01/2016T15:00:00,Strada Urbana,all'intersezione con,VIA VITTORIO GRASSI,VIA ACHILLE VERTUNNI,VIA VITTORIO GRASSI,,,Scontro frontale/laterale DX fra veicoli in marcia,Incrocio,Una carreggiata a doppio senso,Asciutto,Asfaltata,Verticale,Sereno,Scarso,Buona,Ore Diurne,1,0,0,1,"12,61299","41,90958",True
2652994,19,13/01/2016T15:00:00,Strada Urbana,all'intersezione con,VIA FRANCESCO CRUCITTI,VIA DELLA PINETA SACCHETTI,VIA FRANCESCO CRUCITTI,,,Scontro frontale/laterale SX fra veicoli in marcia,Intersezione stradale segnalata,Una carreggiata a senso unico alternato,Asciutto,Asfaltata,Orizzontale,Sereno,Normale,Buona,Ore Diurne,3,0,0,1,"12,42428","41,9229",True
2653827,16,13/01/2016T15:00:00,Strada Urbana,all'intersezione con,VIA FRANCESCO BENAGLIA,VIA IPPOLITO NIEVO,VIA FRANCESCO BENAGLIA,,,Scontro frontale/laterale DX fra veicoli in marcia,Intersezione non regolata/non segnalata,Due carreggiate,Asciutto,Asfaltata,Assente,Sereno,Normale,Buona,Ore Diurne,1,0,0,1,"12,46738","41,87849",False
2654088,12,13/01/2016T15:00:00,Strada Urbana,all'intersezione con,VIALE DELLA CIVILTA' DEL LAVORO,VIA CIRO IL GRANDE,VIALE DELLA CIVILTA' DEL LAVORO,,,Scontro laterale fra veicoli in marcia,Incrocio,Due carreggiate,Asciutto,Asfaltata,Verticale ed orizzontale,Sereno,Normale,Buona,Ore Diurne,0,0,0,3,"12,46883","41,83583",True
2653712,1,13/01/2016T15:10:00,Strada Urbana,all'intersezione semaforizzata con,PIAZZA DI PORTA PORTESE,PORTO DI RIPA GRANDE,PIAZZA DI PORTA PORTESE,,,Scontro frontale/laterale SX fra veicoli in marcia,Intersezione semaforizzata,Una carreggiata a senso unico di marcia,Asciutto,Asfaltata,Verticale ed orizzontale,Sereno,Normale,Buona,Ore Diurne,0,0,0,5,"12,47476","41,88367",False
2653759,7,13/01/2016T15:18:00,Strada Urbana,all'intersezione con,VIA DEI GELSI,VIA DEI CASTANI,VIA DEI GELSI,,,Investimento di pedone,Incrocio,Due carreggiate,Asciutto,Asfaltata,Verticale ed orizzontale,Sereno,Normale,Buona,Ore Diurne,1,0,0,1,"12,56532","41,88852",False
2653678,2,13/01/2016T15:20:00,Strada Urbana,in prossimit�,del civico n.,VIA LUISA DI SAVOIA,,12,,Veicolo in marcia contro veicolo fermo,Rettilineo,Due carreggiate,Asciutto,Asfaltata,Verticale ed orizzontale,Sereno,Normale,Buona,Ore Diurne,0,0,0,4,"12,47393","41,91128",True
2653111,2,13/01/2016T15:30:00,Strada Urbana,in prossimit�,del civico n.,PIAZZA VESCOVIO,,18b,,Investimento di pedone,Rettilineo,Una carreggiata a senso unico di marcia,Asciutto,Asfaltata,Verticale ed orizzontale,Sereno,Normale,Buona,Ore Diurne,1,0,0,1,"12,51223","41,93305",False
2652872,20,13/01/2016T15:40:00,Strada Urbana,in prossimit�,del civico n.,VIA GIOVANNI FABBRONI,,20,,Scontro frontale/laterale SX fra veicoli in marcia,Rettilineo,Una carreggiata a doppio senso,Asciutto,Asfaltata,Verticale ed orizzontale,Sereno,Normale,Buona,Ore Diurne,2,0,0,0,,,False
2653426,4,13/01/2016T15:45:00,Strada Urbana,all'intersezione con,VIA UMBERTO FRACCHIA,VIA RENATO FUCINI,VIA UMBERTO FRACCHIA,,,Scontro frontale/laterale SX fra veicoli in marcia,Intersezione stradale segnalata,Una carreggiata a doppio senso,Asciutto,Asfaltata,Verticale ed orizzontale,Sereno,Normale,Buona,Ore Diurne,0,0,0,2,"12,54952","41,94986",True
2653590,1,13/01/2016T16:00:00,Strada Urbana,all'intersezione semaforizzata con,PIAZZA SIDNEY SONNINO,VIALE DI TRASTEVERE,PIAZZA SIDNEY SONNINO,,,Scontro frontale/laterale SX fra veicoli in marcia,Intersezione semaforizzata,Pi� di due carreggiate,Asciutto,Asfaltata,Verticale,Sereno,Scarso,Buona,Ore Diurne,1,0,0,2,"12,46776","41,88147",True
2653631,4,13/01/2016T16:10:00,Strada Urbana,da specificare,,VIA VAL D'ALA,,,fronte via Val Grana,Tamponamento,Rettilineo,Una carreggiata a doppio senso,Asciutto,Asfaltata,Verticale ed orizzontale,Sereno,Normale,Buona,Ore Diurne,0,0,0,3,"12,51962","41,94169",True
2653434,8,13/01/2016T16:20:00,Strada Urbana,in prossimit�,del palo luce n.,VIA PRENESTINA,,646,,Veicolo in marcia contro ostacolo accidentale,Rettilineo,Una carreggiata a doppio senso,Asciutto,Asfaltata,Orizzontale,Sereno,Normale,Buona,Ore Diurne,0,0,0,1,"12,6069","41,89378",True
2653458,15,13/01/2016T16:39:00,Strada Urbana,all'intersezione con,VIA FAUGLIA,VIA CUTIGLIANO,VIA FAUGLIA,,,Veicolo in marcia contro veicolo in sosta,Intersezione non regolata/non segnalata,Una carreggiata a doppio senso,Asciutto,Asfaltata,Assente,Sereno,Scarso,Buona,Ore Diurne,0,0,0,1,"12,45994","41,84896",True
2653473,7,13/01/2016T17:00:00,Strada Urbana,all'intersezione con,VIA GIOVANNI CAPRANESI,VIA COLLATINA,VIA GIOVANNI CAPRANESI,,,Scontro laterale fra veicoli in marcia,Incrocio,Una carreggiata a doppio senso,Asciutto,Asfaltata,Verticale ed orizzontale,Sereno,Intenso,Buona,Sufficiente,0,0,0,5,"12,61092","41,90441",True
2653450,11,13/01/2016T17:00:00,Strada Urbana,da specificare,,PIAZZALE 12 OTTOBRE 1492,,,fronte palo Acea 15,Veicolo in marcia contro ostacolo accidentale,Curva senza visuale libera,Una carreggiata a senso unico di marcia,Asciutto,Asfaltata,Verticale ed orizzontale,Sereno,Scarso,Sufficiente,Ore Diurne,0,0,0,1,"12,48614","41,87055",True
2653076,9,13/01/2016T17:00:00,Strada Urbana,da specificare,,PIAZZA DELL'ALBERONE,,,PROSSIMITA' VIA APPIA NUOVA CIV. 390,Scontro laterale fra veicoli in marcia,Rettilineo,Due carreggiate,Asciutto,Asfaltata,Verticale ed orizzontale,Sereno,Intenso,Buona,Sufficiente,0,0,0,3,"12,52113","41,87637",True
2656908,12,13/01/2016T17:05:00,Provinciale,in prossimit�,della chilometrica,VIA ARDEATINA,,15.918,,Veicolo in marcia contro ostacolo accidentale,Rettilineo,Una carreggiata a doppio senso,Asciutto,Asfaltata,Verticale ed orizzontale,Sereno,Intenso,Insufficiente,Inesistente,0,0,0,1,"12,53354","41,79272",True
2653429,5,13/01/2016T17:15:00,Strada Urbana,da specificare,,NUOVA CIRCONVALLAZIONE INTERNA,,,direzione VIA SALARIA uscita PORTONACCIO,Tamponamento Multiplo,Galleria illuminata,Una carreggiata a senso unico di marcia,Asciutto,Asfaltata,Verticale ed orizzontale,Sereno,Intenso,Buona,Sufficiente,2,0,0,1,,,False
2653088,6,13/01/2016T17:15:00,Strada Urbana,all'intersezione semaforizzata con,VIA ANAGNI,VIA TOR DE' SCHIAVI,VIA ANAGNI,,,Scontro laterale fra veicoli in marcia,Incrocio,Pi� di due carreggiate,Asciutto,Asfaltata,Verticale ed orizzontale,Sereno,Normale,Buona,Sufficiente,0,0,0,2,"12,56044","41,89065",True
2653713,17,13/01/2016T17:20:00,Strada Urbana,in corrispondenza,del civico n.,PIAZZA ADRIANA,,3,,Investimento di pedone,Rettilineo,Una carreggiata a senso unico di marcia,Asciutto,Asfaltata,Verticale ed orizzontale,Sereno,Normale,Buona,Sufficiente,1,0,0,1,"12,46727","41,90469",False
2654091,12,13/01/2016T17:25:00,Strada Urbana,all'intersezione con,PIAZZALE DINO VIOLA,VIA DI TRIGORIA,PIAZZALE DINO VIOLA,,,Scontro frontale fra veicoli in marcia,Incrocio,Una carreggiata a doppio senso,Asciutto,Asfaltata,Verticale ed orizzontale,Sereno,Normale,Buona,Ore Diurne,1,0,0,2,"12,46662","41,74883",False
2653431,5,13/01/2016T17:30:00,Strada Urbana,in prossimit�,del civico n.,VIALE BATTISTA BARDANZELLU,,101,,Veicolo in marcia contro veicolo in sosta,Rettilineo,Una carreggiata a senso unico di marcia,Asciutto,Asfaltata,Assente,Sereno,Scarso,Buona,Sufficiente,0,0,0,1,"12,57637","41,91503",True
2653483,10,13/01/2016T17:30:00,Statale entro l'abitato,in prossimit�,del civico n.,VIA ANAGNINA,,582,,Scontro frontale fra veicoli in marcia,Rettilineo,Una carreggiata a senso unico di marcia,Asciutto,Asfaltata,Assente,Sereno,Normale,Buona,Sufficiente,0,0,0,3,"12,63709","41,80353",True
2654986,18,13/01/2016T17:40:00,Strada Urbana,in prossimit�,del civico n.,VIA MONTE DEL MARMO,,296,,Veicolo in marcia contro veicolo in sosta,Rettilineo,Una carreggiata a doppio senso,Asciutto,Asfaltata,Assente,Sereno,Normale,Buona,Sufficiente,2,0,0,0,"12,38993","41,91995",True
2654979,18,13/01/2016T17:45:00,Strada Urbana,in corrispondenza,della chilometrica,VIA AURELIA,,9.1,,Tamponamento Multiplo,Curva a visuale libera,Due carreggiate,Asciutto,Asfaltata,Verticale ed orizzontale,Sereno,Intenso,Insufficiente,Inesistente,1,0,0,3,"12,39474","41,88387",False
2653673,3,13/01/2016T18:00:00,,da specificare,,VIA TIBURTINA,,,direzione Portonaccio altezza P.le Crociate,Investimento di pedone,,,,,,,,,,0,1,0,1,,,False