_ID,_Gruppo,_DataOraIncidente,_Localizzazione1,_Localizzazione2,_Strada1,_DaSpecificare,_NaturaIncidente,_ParticolaritaStrade,_TipoStrada,_FondoStradale,_Pavimentazione,_Segnaletica,_CondizioneAtmosferica,_Traffico,_Visibilita,_Illuminazione,_NUM_FERITI,_NUM_RISERVATA,_NUM_MORTI,_NUM_ILLESI,_Longitudine,_Latitudine,_CONFERMATO,__prefix,_Strada02,_Strada2,_Chilometrica
2653618,13,13/01/2016T18:30:00,Strada Urbana,in corrispondenza,del civico n.,VIA ERMANNO WOLF FERRARI,,242,,Scontro frontale/laterale DX fra veicoli in marcia,Rettilineo,Una carreggiata a doppio senso,Asciutto,Asfaltata,Verticale ed orizzontale,Sereno,Normale,Buona,Sufficiente,1,0,0,1,"12,37435","41,75159",True
2653439,5,13/01/2016T18:30:00,Strada Urbana,da specificare,,VIA TIBURTINA,,,corrispondenza Ponte FF.SS. dir. Centro,Scontro laterale fra veicoli in marcia,Rettilineo,Una carreggiata a doppio senso,Asciutto,Asfaltata,Orizzontale,Sereno,Normale,Buona,Ore Diurne,2,0,0,1,"12,53393","41,90822",True
2653476,20,13/01/2016T19:00:00,,in corrispondenza,del civico n.,VIA DEI GIUOCHI ISTMICI,,49,,Veicolo in marcia contro veicolo in sosta,,,,,,,,,,0,0,0,1,,,False
2656881,12,13/01/2016T19:05:00,Strada Urbana,all'intersezione con,VIA CAMILLO MASTROCINQUE,VIA CLAUDIO VILLA,VIA CAMILLO MASTROCINQUE,,,Scontro frontale/laterale SX fra veicoli in marcia,Intersezione non regolata/non segnalata,Una carreggiata a doppio senso,Asciutto,Asfaltata,Assente,Sereno,Scarso,Insufficiente,Insufficiente,1,0,0,1,"12,43387","41,78026",False
2653452,8,13/01/2016T19:20:00,Statale entro l'abitato,da specificare,,VIA CASILINA,,,ALT.TOR BELLA MONACA DIR. FUORI RM,Veicolo in marcia contro ostacolo accidentale,Rettilineo,Due carreggiate,Asciutto,Asfaltata,Verticale ed orizzontale,Sereno,Normale,Buona,Sufficiente,0,0,0,2,"12,61551","41,89025",True
2653542,20,13/01/2016T19:30:00,Strada Urbana,da specificare,,VIA FLAMINIA,,,ALTEZZA VIADOTTO FRASSINETO,Scontro frontale fra veicoli in marcia,Rettilineo,Una carreggiata a senso unico di marcia,Asciutto,Asfaltata,Verticale ed orizzontale,Sereno,Scarso,Sufficiente,Insufficiente,1,0,0,0,,,False
2653478,8,13/01/2016T19:45:00,Strada Urbana,in prossimit�,del palo luce n.,VIA DEL PONTE DI NONA,,39,,Veicolo in marcia contro ostacolo accidentale,Rettilineo,Una carreggiata a doppio senso,Asciutto,Asfaltata,Verticale ed orizzontale,Sereno,Normale,Buona,Sufficiente,0,0,0,1,"12,65966","41,90273",True
2653486,8,13/01/2016T20:00:00,Provinciale entro l'abitato,da specificare,,VIA PRENESTINA,,,prossim.semaforo con Via Borghesiana dir.RM centro,Veicolo in marcia contro ostacolo accidentale,Rettilineo,Una carreggiata a doppio senso,Asciutto,Asfaltata,Assente,Sereno,Normale,Sufficiente,Sufficiente,0,0,0,4,"12,66931","41,89086",True
2653417,11,13/01/2016T20:20:00,Strada Urbana,in prossimit�,del civico n.,VIA LAURENTINA,,825,,Scontro laterale fra veicoli in marcia,Rettilineo,Pi� di due carreggiate,Asciutto,Asfaltata,Verticale ed orizzontale,Sereno,Normale,Sufficiente,Sufficiente,0,0,0,6,"12,48378","41,8069",True
2653660,1,13/01/2016T20:45:00,Strada Urbana,in prossimit�,del civico n.,VIA MILANO,,32 B,,Tamponamento,Rettilineo,Una carreggiata a doppio senso,Asciutto,In cubetti di porfido,Verticale ed orizzontale,Sereno,Scarso,Sufficiente,Sufficiente,1,0,0,1,,,False
2653463,8,13/01/2016T21:45:00,Strada Urbana,in prossimit�,del civico n.,VIALE DI TORRE MAURA,,70,,Veicolo in marcia contro ostacolo accidentale,Rettilineo,Due carreggiate,Asciutto,Strada pavimentata dissestata,Verticale ed orizzontale,Sereno,Normale,Buona,Sufficiente,0,0,0,1,"12,59267","41,8608",True
2653613,4,13/01/2016T22:40:00,Strada Urbana,in corrispondenza,del civico n.,VIA MONTE SUBASIO,,5,,Scontro laterale fra veicoli in marcia,Rettilineo,Una carreggiata a senso unico di marcia,Asciutto,Asfaltata,Orizzontale,Sereno,Scarso,Sufficiente,Sufficiente,1,0,0,2,"12,53574","41,93537",False
2653675,7,13/01/2016T22:50:00,Strada Urbana,all'intersezione con,VIA EMILIO LONGONI,VIA PRENESTINA,VIA EMILIO LONGONI,,,Veicolo in marcia contro ostacolo accidentale,Incrocio,Pi� di due carreggiate,Viscido da liquidi oleosi,Asfaltata,Verticale ed orizzontale,Sereno,Scarso,Buona,Sufficiente,0,0,0,1,"12,60405","41,89375",True
2653501,10,13/01/2016T23:00:00,Strada Urbana,in prossimit�,del civico n.,VIA TUSCOLANA,,423,,Veicolo in marcia contro veicolo in sosta,Rettilineo,Pi� di due carreggiate,Asciutto,Asfaltata,Verticale ed orizzontale,Sereno,Scarso,Buona,Sufficiente,0,0,0,1,"12,55584","41,86053",True
2653835,1,13/01/2016T23:15:00,Strada Urbana,all'intersezione con,VIA AGONALE,PIAZZA DI TOR SANGUIGNA,VIA AGONALE,,,Scontro frontale/laterale SX fra veicoli in marcia,Incrocio,Una carreggiata a doppio senso,Asciutto,In cubetti di porfido,Verticale ed orizzontale,Sereno,Scarso,Buona,Sufficiente,0,0,0,3,"9,644","45,397",True
2653441,13,14/01/2016T00:20:00,Strada Urbana,in prossimit�,del civico n.,VIALE DEI ROMAGNOLI,,2161E,,Veicolo in marcia contro ostacolo fisso,Rettilineo,Una carreggiata a senso unico di marcia,Asciutto,Asfaltata,Verticale ed orizzontale,Nuvoloso,Scarso,Sufficiente,Sufficiente,0,0,0,2,"12,36423","41,78566",True
2655222,23,14/01/2016T00:30:00,Strada Urbana,in prossimit�,del civico n.,VIALE AMERICA,,351,,Scontro laterale fra veicoli in marcia,Rettilineo,Una carreggiata a doppio senso,Asciutto,Asfaltata,Verticale ed orizzontale,Sereno,Scarso,Buona,Sufficiente,2,0,0,0,"12,47213","41,8285",True
2653494,1,14/01/2016T00:30:00,Strada Urbana,da specificare,,PIAZZA DI PORTA CAPENA,,,ALTEZZA IMPIANTO SEMAFORICO FAO,Scontro laterale fra veicoli in marcia,Rettilineo,Una carreggiata a senso unico di marcia,Asciutto,Asfaltata,Verticale ed orizzontale,Sereno,Scarso,Buona,Sufficiente,1,0,0,1,"12,48904","41,88414",True
2653509,11,14/01/2016T01:45:00,Strada Urbana,in corrispondenza,del palo luce n.,VIA DI GROTTA PERFETTA,,87,,Veicolo in marcia contro ostacolo fisso,Rettilineo,Una carreggiata a doppio senso,Asciutto,Asfaltata,Verticale ed orizzontale,Sereno,Scarso,Sufficiente,Sufficiente,0,0,0,1,"12,50158","41,84057",True
2655892,1,14/01/2016T02:30:00,Strada Urbana,in prossimit�,del civico n.,VIA DANDOLO,,48,,Veicolo in marcia contro veicolo in sosta,Rettilineo,Una carreggiata a doppio senso,Asciutto,Asfaltata,Verticale ed orizzontale,Sereno,Scarso,Sufficiente,Sufficiente,0,0,0,1,"12,46792","41,88428",True
2653596,7,14/01/2016T03:20:00,Strada Urbana,in prossimit�,del civico n.,LARGO FEDERICO DELPINO,,8,,Scontro frontale/laterale SX fra veicoli in marcia,Rettilineo,Una carreggiata a doppio senso,Asciutto,Asfaltata,Verticale ed orizzontale,Sereno,Scarso,Buona,Sufficiente,0,0,0,1,"12,56066","41,89063",True
2655279,8,14/01/2016T05:20:00,Strada Urbana,in prossimit�,del civico n.,VIA COLLATINA,,661,,Veicolo in marcia contro ostacolo accidentale,Curva a visuale libera,Una carreggiata a doppio senso,Asciutto,Asfaltata,Verticale ed orizzontale,Nuvoloso,Normale,Buona,Sufficiente,0,0,0,1,"12,64084","41,91157",True
2654328,9,14/01/2016T06:30:00,Strada Urbana,all'intersezione semaforizzata con,VIA LATINA,VIA MACEDONIA,VIA LATINA,,,Scontro frontale/laterale SX fra veicoli in marcia,Intersezione semaforizzata,Una carreggiata a doppio senso,Asciutto,Asfaltata,Verticale ed orizzontale,Sereno,Normale,Buona,Ore Diurne,1,0,0,2,"12,5118","41,87372",True
2660690,18,14/01/2016T07:40:00,Strada Urbana,all'intersezione con,VIA DI BOCCEA,VIA PASQUALE II,VIA DI BOCCEA,,,Scontro laterale fra veicoli in marcia,Intersezione semaforizzata,Due carreggiate,Asciutto,Asfaltata,Verticale ed orizzontale,Sereno,Normale,Buona,Ore Diurne,0,0,0,2,"12,40821","41,90694",True
2654850,5,14/01/2016T07:40:00,Strada Urbana,in corrispondenza,del civico n.,VIA GALLA PLACIDIA,,30,,Veicolo in marcia contro veicolo fermo,Rettilineo,Una carreggiata a senso unico di marcia,Asciutto,Asfaltata,Assente,Sereno,Scarso,Buona,Ore Diurne,0,0,0,2,"12,54301","41,90725",True
2654849,13,14/01/2016T08:00:00,Strada Urbana,in corrispondenza,del civico n.,VIA LEONARDO MELLANO,,150,,Veicolo in marcia contro ostacolo accidentale,Pendenza,Una carreggiata a doppio senso,Asciutto,Con buche,Assente,Nuvoloso,Normale,Buona,Ore Diurne,0,0,0,1,"12,37574","41,77844",True
2653814,19,14/01/2016T08:00:00,Strada Urbana,da specificare,,VIA IPOGEO DEGLI OTTAVI,,,altezza via Gallicano nel Lazio,Tamponamento,Curva a visuale libera,Una carreggiata a doppio senso,Asciutto,Asfaltata,Verticale ed orizzontale,Nuvoloso,Scarso,Buona,Ore Diurne,2,0,0,1,"12,40279","41,9659",True
2653954,13,14/01/2016T08:00:00,Statale,in corrispondenza,della chilometrica,VIA DEL MARE,,16.55,,Tamponamento Multiplo,Pendenza,Una carreggiata a doppio senso,Asciutto,Asfaltata,Verticale ed orizzontale,Nuvoloso,Normale,Buona,Ore Diurne,1,0,0,2,"12,48786","41,66404",False
2655282,8,14/01/2016T08:00:00,Strada Urbana,all'intersezione con,VIA DEI CORIBANTI,VIA ATLANTE,VIA DEI CORIBANTI,,,Scontro frontale/laterale DX fra veicoli in marcia,Incrocio,Una carreggiata a senso unico di marcia,Asciutto,Asfaltata,Verticale,Nuvoloso,Normale,Sufficiente,Ore Diurne,1,0,0,3,"12,61649","41,87922",True
2655292,8,14/01/2016T08:10:00,Strada Urbana,in corrispondenza,del palo luce n.,VIA PIETRO BELON,,47,,Scontro laterale fra veicoli in marcia,Rettilineo,Una carreggiata a doppio senso,Asciutto,Asfaltata,Orizzontale,Sereno,Normale,Buona,Ore Diurne,0,0,0,3,"12,591","41,87021",True
2655881,1,14/01/2016T08:15:00,Strada Urbana,all'intersezione con,VIA BIXIO,VIA CONTE VERDE,VIA BIXIO,,,Investimento di pedone,Incrocio,Una carreggiata a doppio senso,Asciutto,Asfaltata,Verticale ed orizzontale,Nuvoloso,Normale,Buona,Ore Diurne,1,0,0,1,"12,50769","41,89275",False
2654858,5,14/01/2016T08:20:00,Strada Urbana,all'intersezione semaforizzata con,VIA PIETRO OTTOBONI,VIA TIBURTINA,VIA PIETRO OTTOBONI,,,Scontro frontale/laterale DX fra veicoli in marcia,Incrocio,Due carreggiate,Asciutto,Asfaltata,Verticale ed orizzontale,Sereno,Normale,Buona,Ore Diurne,2,0,0,4,"12,53975","41,90842",False
2654094,12,14/01/2016T08:20:00,Strada Urbana,in prossimit�,del civico n.,VIA OSTIENSE,,254,,Tamponamento Multiplo,Rettilineo,Una carreggiata a doppio senso,Asciutto,Asfaltata,Verticale ed orizzontale,Nuvoloso,Normale,Buona,Ore Diurne,1,0,0,3,"12,46702","41,84213",False
2655297,8,14/01/2016T08:30:00,Strada Urbana,da specificare,,VIA OSVALDO LICINI,,,altezza via A. Soldati,Veicolo in marcia contro ostacolo accidentale,Rettilineo,Una carreggiata a senso unico di marcia,Asciutto,Asfaltata,Verticale ed orizzontale,Nuvoloso,Normale,Buona,Ore Diurne,0,0,0,1,,,False
2654913,8,14/01/2016T08:40:00,Provinciale entro l'abitato,all'intersezione con,VIA DI LUNGHEZZINA,VIA POLENSE,VIA DI LUNGHEZZINA,,,Scontro laterale fra veicoli in marcia,Incrocio,Una carreggiata a doppio senso,Asciutto,Asfaltata,Verticale ed orizzontale,Nuvoloso,Normale,Buona,Ore Diurne,1,0,0,2,"12,67819","41,92641",True
2655309,8,14/01/2016T08:40:00,Strada Urbana,all'intersezione con,VIA BERNARDO MINOZZI,VIA ORAZIO BORGIANNI,VIA BERNARDO MINOZZI,,,Scontro frontale/laterale DX fra veicoli in marcia,Intersezione stradale segnalata,Una carreggiata a senso unico di marcia,Asciutto,Asfaltata,Verticale,Nuvoloso,Scarso,Buona,Ore Diurne,2,0,0,2,,,False
2653860,2,14/01/2016T08:50:00,Strada Urbana,in prossimit�,del civico n.,VIALE BRUNO BUOZZI,,fr 112,,Veicolo in marcia contro ostacolo fisso,Pendenza,Una carreggiata a doppio senso,Asciutto,Asfaltata,Verticale ed orizzontale,Nuvoloso,Normale,Buona,Ore Diurne,0,0,0,1,"12,47561","41,91937",True
2655489,16,14/01/2016T09:00:00,,in corrispondenza,del civico n.,VIA DI MONTE VERDE,,148,,Scontro frontale fra veicoli in marcia,,,,,,,,,,1,0,0,0,,,False
2656898,12,14/01/2016T09:30:00,Strada Urbana,da specificare,,VIALE DELL'UMANESIMO,,,prox C. Colombo alt Palalottomatica lato Pakistan,Investimento di pedone,Rettilineo,Una carreggiata a doppio senso,Asciutto,Asfaltata,Verticale ed orizzontale,Sereno,Normale,Buona,Ore Diurne,1,0,0,1,,,False
2655115,17,14/01/2016T09:40:00,Strada Urbana,all'intersezione con,VIA TERENZIO,VIA CRESCENZIO,VIA TERENZIO,,,Scontro frontale fra veicoli in marcia,Intersezione semaforizzata,Due carreggiate,Asciutto,Asfaltata,Verticale ed orizzontale,Nuvoloso,Normale,Buona,Ore Diurne,0,0,0,3,"12,46339","41,90574",True
2654096,12,14/01/2016T10:00:00,Strada Urbana,da specificare,,VIA DEI LANCIERI,,,fronte civico 20,Tamponamento,Rettilineo,Una carreggiata a doppio senso,Asciutto,Asfaltata,Verticale ed orizzontale,Nuvoloso,Scarso,Buona,Ore Diurne,0,0,0,2,"12,487","41,81478",True
2655314,8,14/01/2016T10:40:00,,in corrispondenza,del civico n.,VIA PRENESTINA,,1188,,Investimento di pedone,,,,,,,,,,1,0,0,2,,,False
2655997,1,14/01/2016T10:50:00,Strada Urbana,da specificare,,VIA CRISTOFORO COLOMBO,,,ALTEZZA VIA CILICIA,Tamponamento,Rettilineo,Pi� di due carreggiate,Asciutto,Asfaltata,Verticale ed orizzontale,Nuvoloso,Normale,Buona,Ore Diurne,0,0,0,2,"12,49649","41,87132",True
2660496,18,14/01/2016T10:50:00,Strada Urbana,all'intersezione con,VIA DI CASAL SELCE,VIA DI PANTAN MONASTERO,VIA DI CASAL SELCE,,,Scontro frontale/laterale DX fra veicoli in marcia,Intersezione stradale segnalata,Una carreggiata a doppio senso,Asciutto,Asfaltata,Verticale,Nuvoloso,Normale,Buona,Ore Diurne,1,0,0,1,"12,35412","41,91963",True
2654887,5,14/01/2016T11:00:00,Strada Urbana,all'intersezione con,VIA TIVOLI,VIA TIBURTINA,VIA TIVOLI,,,Scontro frontale/laterale SX fra veicoli in marcia,Intersezione non regolata/non segnalata,Una carreggiata a doppio senso,Asciutto,Asfaltata,Orizzontale,Sereno,Normale,Buona,Ore Diurne,0,0,0,2,"12,59014","41,933",True
2654011,2,14/01/2016T11:20:00,Strada Urbana,in prossimit�,del civico n.,VIA SALARIA,,229,,Veicolo in marcia contro veicolo in sosta,Rettilineo,Una carreggiata a doppio senso,Asciutto,Asfaltata,Verticale ed orizzontale,Nuvoloso,Normale,Buona,Ore Diurne,0,0,0,2,"12,49964","41,92059",True
2655379,3,14/01/2016T11:35:00,Strada Urbana,da specificare,,CIRCONVALLAZIONE TIBURTINA,,,direz. S.Giovanni altezza uscita Scalo S.Lorenzo,Tamponamento Multiplo,Rettilineo,Due carreggiate,Asciutto,Asfaltata,Verticale ed orizzontale,Nuvoloso,Intenso,Buona,Ore Diurne,0,0,0,6,"12,52203","41,89725",True
2654907,7,14/01/2016T11:35:00,Strada Urbana,in corrispondenza,del civico n.,VIALE PALMIRO TOGLIATTI,,1005,,Veicolo in marcia contro ostacolo accidentale,Rettilineo,Pi� di due carreggiate,Bagnato (pioggia),Asfaltata,Orizzontale,Pioggia in atto,Normale,Buona,Ore Diurne,0,0,0,2,"12,57419","41,89567",True
2654097,12,14/01/2016T11:45:00,Strada Urbana,all'intersezione con,VIA CESARE FRUGONI,PIAZZALE DI VAL FIORITA,VIA CESARE FRUGONI,,,Scontro frontale/laterale DX fra veicoli in marcia,Incrocio,Una carreggiata a doppio senso,Bagnato (pioggia),Asfaltata,Verticale ed orizzontale,Nuvoloso,Normale,Buona,Ore Diurne,0,0,0,2,"12,46571","41,84072",True
2655249,17,14/01/2016T11:55:00,Strada Urbana,all'intersezione con,VIA TACITO,PIAZZA COLA DI RIENZO,VIA TACITO,,,Scontro frontale/laterale DX fra veicoli in marcia,Intersezione stradale segnalata,Due carreggiate,Asciutto,Asfaltata,Verticale ed orizzontale,Nuvoloso,Normale,Buona,Ore Diurne,0,0,0,3,"12,46668","41,90833",False
2655319,8,14/01/2016T12:00:00,Strada Urbana,da specificare,,VIA ATANASIO SOLDATI,,,in prossimit� di Via P. De Tomasi,Veicolo in marcia contro ostacolo accidentale,Rettilineo,Una carreggiata a senso unico di marcia,Asciutto,Con buche,Verticale ed orizzontale,Nuvoloso,Normale,Buona,Ore Diurne,0,0,0,1,"12,61679","41,91009",True
2654894,5,14/01/2016T12:35:00,Strada Urbana,all'intersezione con,VIA GIOIA DEI MARSI,VIA DELLE CASE ROSSE,VIA GIOIA DEI MARSI,,,Scontro frontale/laterale DX fra veicoli in marcia,Intersezione stradale segnalata,Una carreggiata a doppio senso,Bagnato (pioggia),Asfaltata,Verticale ed orizzontale,Pioggia in atto,Normale,Buona,Ore Diurne,0,0,0,2,"12,63799","41,92851",True
2654932,7,14/01/2016T12:40:00,Strada Urbana,all'intersezione con,VIA DI TOR CERVARA,VIA SALVIATI,VIA DI TOR CERVARA,,,Infortunio per caduta del veicolo,Intersezione stradale segnalata,Una carreggiata a doppio senso,Viscido da liquidi oleosi,Asfaltata,Verticale,Pioggia in atto,Intenso,Buona,Ore Diurne,0,0,0,1,"12,58879","41,90772",True
2654901,15,14/01/2016T12:40:00,Strada Urbana,all'intersezione con,VIA LUIGI ANGELONI,VIA PIETRO MARONCELLI,VIA LUIGI ANGELONI,,,Scontro frontale/laterale SX fra veicoli in marcia,Incrocio,Una carreggiata a senso unico di marcia,Bagnato (pioggia),Asfaltata,Verticale ed orizzontale,Pioggia in atto,Normale,Sufficiente,Ore Diurne,1,0,0,1,"12,44932","41,85413",True
2654392,9,14/01/2016T12:50:00,Strada Urbana,all'intersezione con,VIA TUSCOLANA,VIA AOSTA,VIA TUSCOLANA,,,Investimento di pedone,Intersezione non regolata/non segnalata,Una carreggiata a senso unico di marcia,Bagnato (pioggia),Asfaltata,Orizzontale,Pioggia in atto,Normale,Sufficiente,Ore Diurne,0,0,0,2,"12,51447","41,88293",True
2655050,12,14/01/2016T12:50:00,Strada Urbana,da specificare,,VIA CRISTOFORO COLOMBO,,,carr. laterale svincolo sottovia Marconi,Scontro laterale fra veicoli in marcia,Curva a visuale libera,Una carreggiata a senso unico di marcia,Asciutto,Asfaltata,Verticale ed orizzontale,Nuvoloso,Normale,Buona,Ore Diurne,0,0,0,3,"12,44704","41,80373",True
2661582,18,14/01/2016T13:00:00,,in prossimit�,del civico n.,VIA LEONE XIII,,95,,Scontro laterale fra veicoli in marcia,,,,,,,,,,1,0,0,0,,,False
2655321,8,14/01/2016T13:15:00,Strada Urbana,in corrispondenza,del civico n.,VIA DEL TORRACCIO DI TORRENOVA,,172,,Veicolo in marcia contro veicolo arresto,Rettilineo,Una carreggiata a doppio senso,Bagnato (pioggia),Asfaltata,Verticale,Nuvoloso,Normale,Buona,Ore Diurne,0,0,0,1,"12,6215","41,87175",False
2654277,2,14/01/2016T13:30:00,Strada Urbana,in prossimit�,del civico n.,VIA SALARIA,,403,,Tamponamento,Rettilineo,Una carreggiata a doppio senso,Bagnato (pioggia),Asfaltata,Verticale ed orizzontale,Pioggia in atto,Normale,Buona,Ore Diurne,1,0,0,4,"12,50743","41,9286",False
2654155,7,14/01/2016T13:30:00,Strada Urbana,all'intersezione con,VIALE MARCO FULVIO NOBILIORE,VIA PAPIRIA,VIALE MARCO FULVIO NOBILIORE,,,Scontro frontale fra veicoli in marcia,Incrocio,Due carreggiate,Bagnato (pioggia),Asfaltata,Verticale ed orizzontale,Pioggia in atto,Intenso,Buona,Ore Diurne,1,0,0,1,"12,56705","41,8625",True
2655171,4,14/01/2016T14:00:00,Statale,da specificare,,VIA SALARIA,,,prossimit� fronte via Grottazzolina,Tamponamento,Rettilineo,Due carreggiate,Bagnato (pioggia),Asfaltata,Orizzontale,Pioggia in atto,Normale,Buona,Ore Diurne,0,0,0,2,"12,51046","41,98654",True
2655384,19,14/01/2016T14:10:00,Strada Urbana,all'intersezione con,VIA VENANZIO FORTUNATO,VIALE DELLE MEDAGLIE D'ORO,VIA VENANZIO FORTUNATO,,,Scontro frontale/laterale DX fra veicoli in marcia,Incrocio,Una carreggiata a doppio senso,Bagnato (pioggia),Asfaltata,Verticale,Nuvoloso,Normale,Buona,Ore Diurne,0,0,0,2,"12,44284","41,91696",True
2655527,17,14/01/2016T14:15:00,Strada Urbana,in prossimit�,del civico n.,VIA ALESSANDRO FARNESE,,30,,Investimento di pedone,Rettilineo,Una carreggiata a senso unico di marcia,Bagnato (umidit� in atto),Asfaltata,Verticale ed orizzontale,Nuvoloso,Scarso,Buona,Ore Diurne,1,0,0,1,"12,46755","41,91142",False
2654840,11,14/01/2016T14:15:00,Strada Urbana,da specificare,,VIA OSTIENSE,,,alt.lungotevere di S.Paolo,Tamponamento,Rettilineo,Pi� di due carreggiate,Asciutto,Asfaltata,Verticale ed orizzontale,Nuvoloso,Normale,Buona,Ore Diurne,0,0,0,2,"12,47845","41,86286",True
2655416,19,14/01/2016T14:20:00,Strada Urbana,all'intersezione con,VIA CARMINE CAL�,VIA DI SELVA CANDIDA,VIA CARMINE CAL�,,,Scontro frontale/laterale SX fra veicoli in marcia,Incrocio,Una carreggiata a doppio senso,Bagnato (pioggia),Asfaltata,Orizzontale,Pioggia in atto,Normale,Buona,Ore Diurne,1,0,0,1,"12,37724","41,93431",True
2654909,5,14/01/2016T14:30:00,Strada Urbana,in prossimit�,del civico n.,VIA DEL CASALE DI S. BASILIO,,11,,Scontro frontale/laterale SX fra veicoli in marcia,Rettilineo,Una carreggiata a doppio senso,Bagnato (pioggia),Asfaltata,Orizzontale,Pioggia in atto,Normale,Buona,Ore Diurne,1,0,0,3,,,False
2654903,5,14/01/2016T14:30:00,Strada Urbana,da specificare,,tangenziale / est dir. salaria,,,curva prima della galleria,Veicolo in marcia contro ostacolo fisso,Curva a visuale libera,Due carreggiate,Bagnato (pioggia),Asfaltata,Verticale ed orizzontale,Pioggia in atto,Normale,Buona,Ore Diurne,1,0,0,0,"12,52823","41,91792",True
2655947,1,14/01/2016T14:30:00,Strada Urbana,in prossimit�,del civico n.,VIA VITTORIO VENETO,,18,,Veicolo in marcia contro ostacolo fisso,Rettilineo,Una carreggiata a doppio senso,Bagnato (pioggia),Asfaltata,Verticale ed orizzontale,Pioggia in atto,Normale,Buona,Ore Diurne,2,0,0,0,,,False
2654942,5,14/01/2016T14:35:00,Strada Urbana,da specificare,,tangenziale / est dir. salaria,,,curva prima della galleria,Ribaltamento senza urto contro ostacolo fisso,Curva a visuale libera,Due carreggiate,Bagnato (pioggia),Asfaltata,Verticale ed orizzontale,Pioggia in atto,Normale,Buona,Ore Diurne,0,0,0,1,"12,53407","41,90613",True
2655331,8,14/01/2016T14:40:00,Statale entro l'abitato,in corrispondenza,del civico n.,VIA CASILINA,,1070,,Scontro laterale fra veicoli in marcia,Rettilineo,Una carreggiata a doppio senso,Bagnato (pioggia),Asfaltata,Orizzontale,Pioggia in atto,Scarso,Buona,Ore Diurne,0,0,0,3,"12,59204","41,86704",True
2655324,3,14/01/2016T15:00:00,,da specificare,,PIAZZA BOLOGNA,,,FRONTE CIVICO 39,Infortunio per sola frenata improvvisa,,,,,,,,,,0,0,0,2,,,False
2655223,4,14/01/2016T15:05:00,Statale entro l'abitato,in corrispondenza,della chilometrica,VIA SALARIA,,16.7,,Veicolo in marcia contro ostacolo fisso,Rettilineo,Una carreggiata a doppio senso,Bagnato (umidit� in atto),Asfaltata,Orizzontale,Nuvoloso,Intenso,Buona,Ore Diurne,1,0,0,0,"12,50797","41,98048",False
2655907,1,14/01/2016T15:10:00,Strada Urbana,all'intersezione semaforizzata con,PONTE SUBLICIO,PIAZZA DELL'EMPORIO,PONTE SUBLICIO,,,Scontro laterale fra veicoli in marcia,Intersezione semaforizzata,Una carreggiata a doppio senso,Bagnato (pioggia),Asfaltata,Verticale ed orizzontale,Pioggia in atto,Normale,Buona,Ore Diurne,1,0,0,1,"12,47652","41,88279",True
2654593,9,14/01/2016T15:30:00,Strada Urbana,da specificare,,PIAZZA DI PONTE LUNGO,,,fronte prossimit� civico 4,Scontro laterale fra veicoli in marcia,Rettilineo,Pi� di due carreggiate,Bagnato (pioggia),Asfaltata,Verticale ed orizzontale,Pioggia in atto,Normale,Buona,Ore Diurne,0,0,0,2,"12,51895","41,87741",True
2654592,9,14/01/2016T15:30:00,Strada Urbana,da specificare,,PIAZZA ZAMA,,,fronte VIA CONCORDIA,Scontro frontale/laterale DX fra veicoli in marcia,Rotatoria,Una carreggiata a senso unico di marcia,Bagnato (pioggia),Asfaltata,Orizzontale,Nuvoloso,Normale,Buona,Ore Diurne,0,0,0,2,"12,50979","41,87645",True
2655339,8,14/01/2016T15:30:00,Strada Urbana,in corrispondenza,del palo luce n.,VIALE DI TORRE MAURA,,12,,Veicolo in marcia contro ostacolo accidentale,Rettilineo,Una carreggiata a doppio senso,Bagnato (pioggia),Asfaltata,Verticale ed orizzontale,Pioggia in atto,Normale,Sufficiente,Ore Diurne,0,0,0,1,"12,59217","41,86022",True
2654918,15,14/01/2016T16:10:00,Strada Urbana,da specificare,,VIA FRANCESCO GRIMALDI,,,prox. Via dei Prati dei Papa,Veicolo in marcia contro ostacolo accidentale,Rettilineo,Due carreggiate,Bagnato (pioggia),Asfaltata,Verticale ed orizzontale,Pioggia in atto,Intenso,Buona,Sufficiente,0,0,0,1,"12,46726","41,8648",False
2654321,10,14/01/2016T16:10:00,Strada Urbana,all'intersezione con,VIA SESTIO CALVINO,VIA CAIO CANULEIO,VIA SESTIO CALVINO,,,Investimento di pedone,Intersezione stradale segnalata,Una carreggiata a senso unico di marcia,Bagnato (pioggia),Asfaltata,Verticale ed orizzontale,Pioggia in atto,Normale,Buona,Ore Diurne,1,0,0,1,"12,5626","41,85162",False
2654837,10,14/01/2016T16:20:00,Strada Urbana,all'intersezione con,VIA GIRIFALCO,VIA DEL CASALE FERRANTI,VIA GIRIFALCO,,,Scontro laterale fra veicoli in marcia,Intersezione stradale segnalata,Una carreggiata a doppio senso,Bagnato (pioggia),Asfaltata,Verticale,Pioggia in atto,Scarso,Buona,Ore Diurne,0,0,0,2,"12,58534","41,83192",True