_ID,_Gruppo,_DataOraIncidente,_Localizzazione1,_Localizzazione2,_Strada1,_DaSpecificare,_NaturaIncidente,_ParticolaritaStrade,_TipoStrada,_FondoStradale,_Pavimentazione,_Segnaletica,_CondizioneAtmosferica,_Traffico,_Visibilita,_Illuminazione,_NUM_FERITI,_NUM_RISERVATA,_NUM_MORTI,_NUM_ILLESI,_Longitudine,_Latitudine,_CONFERMATO,__prefix,_Strada02,_Strada2,_Chilometrica
2654561,2,14/01/2016T16:25:00,Strada Urbana,da specificare,,VIALE DELLA MOSCHEA,,,alt. Fermata Treno Campi Sportivi,Veicolo in marcia contro ostacolo fisso,Rettilineo,Una carreggiata a doppio senso,Bagnato (pioggia),Asfaltata,Verticale ed orizzontale,Pioggia in atto,Normale,Buona,Ore Diurne,2,0,0,0,"12,4931","41,93385",False
2663086,18,14/01/2016T16:30:00,Strada Urbana,in corrispondenza,del civico n.,CIRCONVALLAZIONE CORNELIA,,23,,Scontro laterale fra veicoli in marcia,Rettilineo,Due carreggiate,Bagnato (pioggia),Asfaltata,Verticale ed orizzontale,Pioggia in atto,Normale,Sufficiente,Sufficiente,0,0,0,2,"12,42671","41,89985",True
2654953,13,14/01/2016T16:45:00,Strada Urbana,in prossimit�,del civico n.,VIA GIOVANNI BOLDINI,,14,,Scontro frontale/laterale DX fra veicoli in marcia,Rettilineo,Una carreggiata a doppio senso,Asciutto,Asfaltata,Verticale ed orizzontale,Sereno,Normale,Buona,Sufficiente,1,0,0,2,"12,3643","41,78281",False
2655716,17,14/01/2016T16:45:00,Strada Urbana,in prossimit�,del civico n.,VIALE DELLO STADIO OLIMPICO,,16,,Scontro laterale fra veicoli in marcia,Curva a visuale libera,Una carreggiata a senso unico di marcia,Bagnato (pioggia),Asfaltata,Orizzontale,Sereno,Normale,Buona,Sufficiente,0,0,0,2,"12,45417","41,9299",True
2654538,6,14/01/2016T16:50:00,Strada Urbana,all'intersezione con,VIA CHECCO DURANTE,VIA DEI GORDIANI,VIA CHECCO DURANTE,,,Scontro frontale/laterale DX fra veicoli in marcia,Incrocio,Una carreggiata a doppio senso,Bagnato (pioggia),Asfaltata,Verticale ed orizzontale,Nuvoloso,Normale,Sufficiente,Sufficiente,0,0,0,2,"12,55327","41,88143",True
2655353,4,14/01/2016T17:15:00,Strada Urbana,all'intersezione con,VIA LUIGI BERTELLI,VIA JACOPO SANNAZZARO,VIA LUIGI BERTELLI,,,Scontro laterale fra veicoli in marcia,Incrocio,Due carreggiate,Bagnato (umidit� in atto),Asfaltata,Verticale ed orizzontale,Pioggia in atto,Normale,Buona,Sufficiente,0,0,0,4,"12,54104","41,93966",True
2655969,1,14/01/2016T17:40:00,Strada Urbana,in corrispondenza,del civico n.,PIAZZA DI S. GIOVANNI IN LATERANO,,18,,Veicolo in marcia contro ostacolo fisso,Rettilineo,Una carreggiata a senso unico di marcia,Bagnato (pioggia),Asfaltata,Verticale ed orizzontale,Pioggia in atto,Normale,Buona,Sufficiente,1,0,0,0,,,False
2654948,5,14/01/2016T17:45:00,Strada Urbana,in prossimit�,del civico n.,VIA TIBURTINA,,1020,,Investimento di pedone,Rettilineo,Una carreggiata a senso unico di marcia,Bagnato (umidit� in atto),Asfaltata,Verticale ed orizzontale,Pioggia in atto,Intenso,Insufficiente,Ore Diurne,1,0,0,1,"12,57869","41,93129",True
2654595,9,14/01/2016T17:50:00,,da specificare,,VIA ACAIA,,,altezza VIA SINUESSA,Scontro laterale fra veicoli in marcia,,,,,,,,,,1,0,0,1,"12,50826","41,8776",False
2655307,4,14/01/2016T18:00:00,Strada Urbana,in corrispondenza,del civico n.,VIA GARGANO,,38,,Investimento di pedone,Rettilineo,Una carreggiata a doppio senso,Bagnato (pioggia),Asfaltata,Verticale ed orizzontale,Pioggia in atto,Intenso,Buona,Sufficiente,1,0,0,1,,,False
2655981,1,14/01/2016T18:00:00,Strada Urbana,all'intersezione con,VIA PASTRENGO,VIA CERNAIA,VIA PASTRENGO,,,Investimento di pedone,Incrocio,Una carreggiata a senso unico di marcia,Bagnato (pioggia),Asfaltata,Verticale ed orizzontale,Pioggia in atto,Normale,Sufficiente,Sufficiente,1,0,0,1,"12,4987","41,90551",False
2655368,3,14/01/2016T18:05:00,,all'intersezione con,VIA DEI PICENI,VIA DEL VERANO,VIA DEI PICENI,,,Scontro frontale/laterale DX fra veicoli in marcia,,,,,,,,,,1,0,0,1,,,False
2655224,12,14/01/2016T18:15:00,Strada Urbana,all'intersezione con,VIA DEI SOMMOZZATORI,VIA LAURENTINA,VIA DEI SOMMOZZATORI,,,Investimento di pedone,Incrocio,Due carreggiate,Bagnato (pioggia),Asfaltata,Verticale ed orizzontale,Pioggia in atto,Normale,Sufficiente,Sufficiente,1,0,0,1,"12,48031","41,82179",True
2655400,4,14/01/2016T18:15:00,Strada Urbana,in prossimit�,del civico n.,VIA DEI PRATI FISCALI,,351,,Scontro laterale fra veicoli in marcia,Curva a visuale libera,Due carreggiate,Bagnato (pioggia),Asfaltata,Assente,Pioggia in atto,Intenso,Buona,Sufficiente,0,0,0,2,"12,51327","41,94458",False
2655296,4,14/01/2016T18:30:00,Strada Urbana,da specificare,,RAMPA USCITA G.R.A. CARREGGIATA INTERNA,,,immissione Nomentana / Fonte Nuova,Tamponamento,Curva a visuale libera,Una carreggiata a senso unico di marcia,Bagnato (pioggia),Asfaltata,Verticale ed orizzontale,Pioggia in atto,Intenso,Sufficiente,Sufficiente,0,0,0,2,"12,63192","42,00075",True
2656312,11,14/01/2016T18:30:00,Strada Urbana,all'intersezione con,VIA GIACINTO GIGANTE,VIA MEROPIA,VIA GIACINTO GIGANTE,,,Scontro frontale/laterale DX fra veicoli in marcia,Incrocio,Una carreggiata a doppio senso,Bagnato (pioggia),Asfaltata,Verticale ed orizzontale,Pioggia in atto,Normale,Sufficiente,Sufficiente,1,0,0,1,"12,50895","41,85544",False
2656431,1,14/01/2016T18:45:00,Strada Urbana,all'intersezione semaforizzata con,VIA EMANUELE FILIBERTO,VIALE MANZONI,VIA EMANUELE FILIBERTO,,,Investimento di pedone,Incrocio,Una carreggiata a doppio senso,Bagnato (pioggia),Asfaltata,Verticale ed orizzontale,Pioggia in atto,Intenso,Sufficiente,Sufficiente,1,0,0,1,"12,50772","41,89117",False
2655345,8,14/01/2016T18:50:00,Strada Urbana,in prossimit�,del civico n.,VIA CASTELVETRANO,,36,,Veicolo in marcia contro ostacolo accidentale,Rettilineo,Una carreggiata a senso unico di marcia,Bagnato (pioggia),Asfaltata,Verticale ed orizzontale,Pioggia in atto,Normale,Buona,Sufficiente,0,0,0,1,"12,66949","41,85905",True
2655355,8,14/01/2016T18:50:00,Strada Urbana,da specificare,,VIA COLLATINA,,,poco dopo rotatoria via Cicali dir. GRA,Veicolo in marcia contro ostacolo accidentale,Rettilineo,Una carreggiata a doppio senso,Bagnato (umidit� in atto),Con buche,Verticale ed orizzontale,Pioggia in atto,Normale,Insufficiente,Insufficiente,0,0,0,2,"12,61053","41,90604",True
2655928,17,14/01/2016T18:55:00,Strada Urbana,in prossimit�,del civico n.,VIALE VATICANO,,100,,Scontro laterale fra veicoli in marcia,Rettilineo,Una carreggiata a doppio senso,Asciutto,Asfaltata,Verticale ed orizzontale,Nuvoloso,Normale,Buona,Ore Diurne,0,0,0,3,"12,45333","41,90706",False
2654841,10,14/01/2016T19:24:00,Strada Urbana,all'intersezione semaforizzata con,VIA VALERIO PUBLICOLA,VIALE SPARTACO,VIA VALERIO PUBLICOLA,,,Scontro frontale/laterale SX fra veicoli in marcia,Intersezione semaforizzata,Due carreggiate,Bagnato (umidit� in atto),Asfaltata,Verticale ed orizzontale,Nebbia,Normale,Sufficiente,Sufficiente,2,0,0,2,"12,55633","41,85734",False
2662728,18,14/01/2016T19:30:00,Strada Urbana,da specificare,,VIA ANASTASIO II,,,ALTEZZA PONTE FERROVIA DIR. P.ZA PIO XI,Scontro laterale fra veicoli in marcia,Rettilineo,Due carreggiate,Bagnato (pioggia),Asfaltata,Verticale ed orizzontale,Pioggia in atto,Intenso,Sufficiente,Sufficiente,1,0,0,1,"12,44247","41,89998",True
2668088,23,14/01/2016T19:40:00,Strada Urbana,all'intersezione con,VIA MARCO AURELIO,VIA CLAUDIA,VIA MARCO AURELIO,,,Infortunio per sola frenata improvvisa,Incrocio,Una carreggiata a doppio senso,Bagnato (pioggia),Asfaltata,Assente,Pioggia in atto,Normale,Insufficiente,Insufficiente,1,0,0,1,"12,49402","41,88843",False
2655104,2,14/01/2016T20:00:00,Strada Urbana,in prossimit�,del civico n.,PIAZZA DELLA MARINA,,24,,Veicolo in marcia contro ostacolo fisso,Rettilineo,Due carreggiate,Bagnato (pioggia),Asfaltata,Orizzontale,Pioggia in atto,Scarso,Buona,Sufficiente,1,0,0,0,"12,47404","41,91595",False
2655357,8,14/01/2016T20:10:00,Strada Urbana,in prossimit�,del civico n.,VIALE DI TORRE MAURA,,72,,Veicolo in marcia contro ostacolo accidentale,Rettilineo,Due carreggiate,Bagnato (pioggia),Asfaltata,Verticale ed orizzontale,Pioggia in atto,Normale,Buona,Sufficiente,0,0,0,1,"12,59278","41,86087",True
2655988,1,14/01/2016T20:15:00,Strada Urbana,in corrispondenza,del civico n.,VIA DELLA VITE,,74,,Veicolo in marcia contro ostacolo accidentale,Rettilineo,Una carreggiata a senso unico di marcia,Viscido da liquidi oleosi,In cubetti di porfido,Verticale ed orizzontale,Pioggia in atto,Normale,Sufficiente,Sufficiente,0,0,0,1,,,False
2654931,20,14/01/2016T20:45:00,Strada Urbana,in corrispondenza,del civico n.,PIAZZA DELLA VISIONE,,19,,Investimento di pedone,Rettilineo,Una carreggiata a doppio senso,Bagnato (pioggia),Asfaltata,Verticale ed orizzontale,Nuvoloso,Normale,Sufficiente,Sufficiente,1,0,0,2,"12,38265","42,00307",False
2655370,3,14/01/2016T20:45:00,Strada Urbana,all'intersezione con,PIAZZA DEI VESPRI SICILIANI,PIAZZA DEI VESPRI SICILIANI,PIAZZA DEI VESPRI SICILIANI,,,Scontro frontale/laterale SX fra veicoli in marcia,Intersezione stradale segnalata,Una carreggiata a senso unico di marcia,Bagnato (pioggia),Asfaltata,Verticale ed orizzontale,Pioggia in atto,Normale,Buona,Sufficiente,0,0,0,2,"12,52502","41,91432",True
2656475,23,14/01/2016T20:50:00,,da specificare,,VIALE DELL'OCEANO INDIANO,,,50 m prima dell'int. semafor. con Via di Decima,Veicolo in marcia contro veicolo in sosta,,,,,,,,,,0,0,0,3,,,False
2655931,1,14/01/2016T20:55:00,Strada Urbana,in corrispondenza,del civico n.,VIA VITTORIO EMANUELE ORLANDO,,79,,Infortunio per caduta del veicolo,Rettilineo,Una carreggiata a senso unico di marcia,Bagnato (pioggia),In cubetti di porfido,Verticale ed orizzontale,Pioggia in atto,Normale,Sufficiente,Sufficiente,1,0,0,1,"12,49515","41,90352",True
2654955,5,14/01/2016T21:00:00,Strada Urbana,in corrispondenza,del civico n.,VIA DEI CASTANI,,209,,Investimento di pedone,Rettilineo,Una carreggiata a doppio senso,Bagnato (pioggia),Asfaltata,Verticale,Pioggia in atto,Scarso,Buona,Sufficiente,1,0,0,1,,,False
2658402,1,14/01/2016T21:05:00,Strada Urbana,in prossimit�,del civico n.,VIA FARINI,,64,,Veicolo in marcia contro veicolo in sosta,Rettilineo,Una carreggiata a doppio senso,Bagnato (pioggia),Asfaltata,Verticale ed orizzontale,Pioggia in atto,Scarso,Sufficiente,Sufficiente,0,0,0,2,"12,49988","41,89817",False
2655607,17,14/01/2016T21:15:00,Strada Urbana,all'intersezione con,PIAZZALE CARDINAL CONSALVI,LUNGOTEVERE SALVO D'ACQUISTO,PIAZZALE CARDINAL CONSALVI,,,Scontro frontale/laterale DX fra veicoli in marcia,Incrocio,Una carreggiata a doppio senso,Bagnato (pioggia),Asfaltata,Verticale ed orizzontale,Pioggia in atto,Scarso,Buona,Sufficiente,1,0,0,1,"12,46968","41,93506",False
2666128,23,14/01/2016T22:00:00,Strada Urbana,in corrispondenza,del civico n.,VIALE DELL'OCEANO INDIANO,,73,,Veicolo in marcia contro ostacolo fisso,Rettilineo,Una carreggiata a doppio senso,Bagnato (pioggia),Asfaltata,Verticale ed orizzontale,Pioggia in atto,Scarso,Sufficiente,Sufficiente,2,0,0,0,"12,44417","41,8212",False
2655367,8,14/01/2016T22:30:00,Strada Urbana,da specificare,,VIA GIOVANNI CASONI,,,10 mt prina VIA ACQUAVIVA D'ISERNIA,Veicolo in marcia contro ostacolo accidentale,Rettilineo,Una carreggiata a doppio senso,Bagnato (pioggia),Asfaltata,Assente,Pioggia in atto,Scarso,Sufficiente,Sufficiente,0,0,0,1,"12,6688","41,91866",True
2655371,8,14/01/2016T22:35:00,Strada Urbana,in prossimit�,del civico n.,VIA DI TOR VERGATA,,55,,Veicolo in marcia contro ostacolo accidentale,Rettilineo,Una carreggiata a doppio senso,Bagnato (pioggia),Con buche,Verticale ed orizzontale,Pioggia in atto,Normale,Buona,Sufficiente,0,0,0,2,"12,62201","41,86",True
2655374,8,14/01/2016T22:36:00,Strada Urbana,in prossimit�,del civico n.,VIA DI TOR VERGATA,,55,,Veicolo in marcia contro ostacolo accidentale,Rettilineo,Una carreggiata a doppio senso,Bagnato (pioggia),Con buche,Orizzontale,Pioggia in atto,Scarso,Sufficiente,Sufficiente,0,0,0,2,"12,62201","41,86",True
2654951,20,14/01/2016T23:00:00,Strada Urbana,in prossimit�,del civico n.,VIA DELLA CAMILLUCCIA,,fr.375,,Fuoriuscita dalla sede stradale,Rettilineo,Una carreggiata a doppio senso,Bagnato (pioggia),Asfaltata,Orizzontale,Pioggia in atto,Normale,Buona,Sufficiente,0,0,0,1,,,False
2655393,3,14/01/2016T23:40:00,Strada Urbana,da specificare,,VIA VITTORIO MONTIGLIO,,,S.N.C.,Veicolo in marcia contro ostacolo fisso,Rettilineo,Una carreggiata a doppio senso,Bagnato (pioggia),Asfaltata,Orizzontale,Pioggia in atto,Normale,Sufficiente,Sufficiente,0,0,0,1,"12,42872","41,92407",True
2655510,16,14/01/2016T23:50:00,Strada Urbana,da specificare,,VIADOTTO DELLA MAGLIANA,,,direzione Fiumicino altezza V.lo del CAPPELLACCIO,Scontro frontale/laterale SX fra veicoli in marcia,Curva senza visuale libera,Due carreggiate,Bagnato (pioggia),Asfaltata,Verticale ed orizzontale,Pioggia in atto,Scarso,Sufficiente,Sufficiente,0,0,0,2,"12,45974","41,83855",True
2654854,10,15/01/2016T00:15:00,Strada Urbana,all'intersezione con,VIA QUINTILIO VARO,VIALE GIULIO AGRICOLA,VIA QUINTILIO VARO,,,Scontro frontale/laterale SX fra veicoli in marcia,Incrocio,Due carreggiate,Bagnato (pioggia),Asfaltata,Verticale,Pioggia in atto,Scarso,Sufficiente,Sufficiente,0,0,0,2,"12,56099","41,85535",True
2656532,1,15/01/2016T00:30:00,Strada Urbana,in prossimit�,del civico n.,VIA DI S. MARIA MAGGIORE,,FC 12/B,,Veicolo in marcia contro ostacolo fisso,Curva a visuale libera,Una carreggiata a senso unico di marcia,Bagnato (pioggia),Asfaltata,Verticale ed orizzontale,Pioggia in atto,Normale,Sufficiente,Sufficiente,0,0,0,1,"12,49944","41,89752",False
2655338,3,15/01/2016T03:00:00,,da specificare,,PIAZZA OTTAVIANO VIMERCATI,,, pross.t� Via Ateneo Salesiano,Veicolo in marcia contro ostacolo fisso,,,,,,,,,,0,0,0,0,,,False
2655609,1,15/01/2016T03:50:00,Strada Urbana,in corrispondenza,del civico n.,VIALE REGINA MARGHERITA,,176,,Veicolo in marcia contro veicolo in sosta,Rettilineo,Una carreggiata a doppio senso,Bagnato (pioggia),Asfaltata,Verticale ed orizzontale,Nuvoloso,Scarso,Sufficiente,Sufficiente,0,0,0,2,"12,50648","41,91299",True
2655585,17,15/01/2016T04:15:00,Strada Urbana,in prossimit�,del civico n.,VIALE DELLO STADIO OLIMPICO,,16,,Veicolo in marcia contro ostacolo fisso,Curva a visuale libera,Una carreggiata a senso unico di marcia,Bagnato (pioggia),Asfaltata,Verticale ed orizzontale,Nuvoloso,Scarso,Buona,Sufficiente,1,0,0,0,"12,45417","41,9299",False
2655153,12,15/01/2016T05:40:00,Strada Urbana,da specificare,,VIA CRISTOFORO COLOMBO,,,(dir. Roma) prossimit� sottovia Pontina,Veicolo in marcia contro ostacolo fisso,Curva senza visuale libera,Una carreggiata a senso unico di marcia,Bagnato (pioggia),Asfaltata,Verticale ed orizzontale,Pioggia in atto,Scarso,Sufficiente,Sufficiente,1,0,0,0,"12,46018","41,81299",False
2656915,12,15/01/2016T06:45:00,Provinciale entro l'abitato,in prossimit�,del civico n.,VIA ARDEATINA,,1432/b,,Investimento di pedone,Rettilineo,Una carreggiata a doppio senso,Bagnato (pioggia),Asfaltata,Verticale ed orizzontale,Pioggia in atto,Normale,Sufficiente,Insufficiente,1,0,0,1,,,False
2656479,20,15/01/2016T06:55:00,Strada Urbana,in corrispondenza,del palo luce n.,VIA DEI DUE PONTI,,99,,Veicolo in marcia contro ostacolo accidentale,Curva a visuale libera,Una carreggiata a doppio senso,Bagnato (pioggia),Asfaltata,Orizzontale,Nuvoloso,Normale,Buona,Sufficiente,3,0,0,0,,,False
2658291,10,15/01/2016T07:00:00,Strada Urbana,da specificare,,VIA VITTORIO RAGUSA,,,fronte civico 100,Ribaltamento senza urto contro ostacolo fisso,Curva a visuale libera,Una carreggiata a senso unico di marcia,Asciutto,Asfaltata,Verticale ed orizzontale,Nuvoloso,Normale,Insufficiente,Insufficiente,1,0,0,0,"12,60632","41,84979",False
2656371,1,15/01/2016T07:05:00,Strada Urbana,all'intersezione semaforizzata con,PIAZZA DEL PORTO DI RIPETTA,PONTE CAVOUR,PIAZZA DEL PORTO DI RIPETTA,,,Scontro laterale fra veicoli in marcia,Intersezione semaforizzata,Una carreggiata a doppio senso,Bagnato (umidit� in atto),In cubetti di porfido,Verticale ed orizzontale,Nuvoloso,Normale,Buona,Ore Diurne,1,0,0,6,"12,4752","41,90489",True
2656445,2,15/01/2016T07:20:00,Strada Urbana,da specificare,,CIRCONVALLAZIONE SALARIA,,,ALTEZZA  SVINCOLO  PER VIA SALARIA,Tamponamento,Rettilineo,Due carreggiate,Bagnato (pioggia),Asfaltata,Orizzontale,Pioggia in atto,Intenso,Buona,Ore Diurne,0,0,0,2,"12,51061","41,93839",True
2656375,8,15/01/2016T07:30:00,Statale entro l'abitato,in prossimit�,del civico n.,VIA CASILINA,,1966,,Veicolo in marcia contro ostacolo accidentale,Rettilineo,Una carreggiata a doppio senso,Bagnato (pioggia),Asfaltata,Orizzontale,Nuvoloso,Normale,Buona,Ore Diurne,0,0,0,1,"12,70374","41,86546",True
2658096,5,15/01/2016T07:35:00,Strada Urbana,da specificare,,NUOVA CIRCONVALLAZIONE INTERNA,,,direzione VIA SALARIA curva prima del tunnel,Veicolo in marcia contro ostacolo fisso,Curva a visuale libera,Due carreggiate,Bagnato (pioggia),Asfaltata,Orizzontale,Nuvoloso,Normale,Buona,Ore Diurne,1,0,0,1,,,False
2658529,17,15/01/2016T08:15:00,Strada Urbana,da specificare,,VIA CRESCENZIO,,,fronte civico 8,Scontro laterale fra veicoli in marcia,Rettilineo,Una carreggiata a doppio senso,Bagnato (umidit� in atto),Acciotolata,Verticale ed orizzontale,Nuvoloso,Normale,Buona,Ore Diurne,0,0,0,2,"12,46662","41,90563",True
2655333,18,15/01/2016T08:20:00,Strada Urbana,in prossimit�,del civico n.,VIA PEVERAGNO,,103,,Ribaltamento senza urto contro ostacolo fisso,Pendenza,Una carreggiata a doppio senso,Viscido da liquidi oleosi,Asfaltata,Assente,Nuvoloso,Scarso,Buona,Ore Diurne,2,0,0,0,"12,40981","41,9026",True
2655028,7,15/01/2016T08:20:00,Strada Urbana,da specificare,,VIALE PALMIRO TOGLIATTI,,,in prossimit� di Via Perlasca,Veicolo in marcia contro ostacolo accidentale,Rettilineo,Due carreggiate,Bagnato (umidit� in atto),Asfaltata,Orizzontale,Nuvoloso,Normale,Buona,Ore Diurne,0,0,0,1,"12,57339","41,88769",True
2658099,5,15/01/2016T08:30:00,Strada Urbana,da specificare,,VIA GIUSEPPE ANTONIO ANDRIULLI,,,alt. svin. inv. marcia via FILIPPO FIORENTINI ,Tamponamento,Rettilineo,Due carreggiate,Asciutto,Asfaltata,Verticale ed orizzontale,Sereno,Normale,Buona,Ore Diurne,0,0,0,3,"12,55694","41,90315",True
2656304,11,15/01/2016T08:30:00,Strada Urbana,da specificare,,VIA CRISTOFORO COLOMBO,,,100 mt dopo via grotta perfetta,Tamponamento,Rettilineo,Pi� di due carreggiate,Bagnato (pioggia),Asfaltata,Verticale ed orizzontale,Nuvoloso,Normale,Buona,Ore Diurne,0,0,0,2,"12,48443","41,85009",True
2656377,8,15/01/2016T08:30:00,Strada Urbana,in prossimit�,del civico n.,VIA DI TORRE SPACCATA,,238a,,Investimento di pedone,Rettilineo,Una carreggiata a doppio senso,Bagnato (pioggia),Asfaltata,Verticale ed orizzontale,Nuvoloso,Normale,Buona,Ore Diurne,1,0,0,1,"12,58687","41,8673",False
2659830,23,15/01/2016T08:30:00,Strada Urbana,all'intersezione con,VIA DEI FRENTANI,VIALE PRETORIANO,VIA DEI FRENTANI,,,Scontro frontale/laterale SX fra veicoli in marcia,Incrocio,Una carreggiata a doppio senso,Bagnato (pioggia),Asfaltata,Verticale ed orizzontale,Pioggia in atto,Intenso,Buona,Ore Diurne,1,0,0,4,"12,50825","41,90048",True
2655454,19,15/01/2016T08:35:00,Strada Urbana,all'intersezione con,VIA FLAUBERT,VIA ANDERSEN,VIA FLAUBERT,,,Scontro frontale fra veicoli in marcia,Incrocio,Una carreggiata a doppio senso,Asciutto,Asfaltata,Verticale ed orizzontale,Nuvoloso,Normale,Buona,Ore Diurne,1,0,0,1,"12,39937","41,92267",True
2656398,2,15/01/2016T08:45:00,Strada Urbana,all'intersezione con,VIA ARNO,VIA TAGLIAMENTO,VIA ARNO,,,Ribaltamento senza urto contro ostacolo fisso,Intersezione stradale segnalata,Una carreggiata a doppio senso,Bagnato (pioggia),Asfaltata,Orizzontale,Nuvoloso,Intenso,Buona,Ore Diurne,1,0,0,1,"12,50098","41,91865",False
2663213,18,15/01/2016T08:45:00,Strada Urbana,in prossimit�,del civico n.,VIA GREGORIO XI,,102,,Veicolo in marcia contro ostacolo accidentale,Curva a visuale libera,Una carreggiata a doppio senso,Viscido da liquidi oleosi,Asfaltata,Verticale ed orizzontale,Nuvoloso,Intenso,Buona,Ore Diurne,0,0,0,2,"12,42034","41,90083",True
2656005,9,15/01/2016T08:50:00,,da specificare,,LARGO VOLUMNIA,,,fronteVIA ALBANO,Scontro laterale fra veicoli in marcia,,,,,,,,,,1,0,0,1,"12,53362","41,87188",False
2659820,23,15/01/2016T08:54:00,Comunale extraurbana,in prossimit�,della chilometrica,VIA CRISTOFORO COLOMBO,,16.6,,Infortunio per caduta del veicolo,Curva a visuale libera,Due carreggiate,Bagnato (umidit� in atto),Asfaltata,Verticale ed orizzontale,Nuvoloso,Intenso,Buona,Ore Diurne,0,0,0,1,"12,44704","41,80373",True
2655620,15,15/01/2016T08:55:00,Strada Urbana,in corrispondenza,del civico n.,VIA ANTONIO PACINOTTI,,6/B,,Scontro laterale fra veicoli in marcia,Rettilineo,Una carreggiata a doppio senso,Bagnato (umidit� in atto),Asfaltata,Verticale ed orizzontale,Nuvoloso,Intenso,Buona,Ore Diurne,1,0,0,2,"12,46774","41,8708",True
2657569,16,15/01/2016T09:00:00,Strada Urbana,in prossimit�,del civico n.,VIA VITELLIA,,97,,Scontro laterale fra veicoli in marcia,Rettilineo,Una carreggiata a doppio senso,Bagnato (umidit� in atto),Asfaltata,Verticale ed orizzontale,Nuvoloso,Normale,Sufficiente,Ore Diurne,0,0,0,2,"12,44183","41,8798",True
2656305,11,15/01/2016T09:30:00,Strada Urbana,all'intersezione con,VIALE LEONARDO DA VINCI,VIA SILVIO D'AMICO,VIALE LEONARDO DA VINCI,,,Scontro frontale/laterale DX fra veicoli in marcia,Incrocio,Due carreggiate,Bagnato (pioggia),Asfaltata,Verticale ed orizzontale,Nuvoloso,Normale,Buona,Ore Diurne,1,0,0,1,"12,47997","41,85101",False
2658302,19,15/01/2016T09:30:00,Strada Urbana,all'intersezione con,VIA STEFANO BORGIA,VIA PIETRO MAFFI,VIA STEFANO BORGIA,,,Scontro laterale fra veicoli in marcia,Incrocio,Una carreggiata a doppio senso,Asciutto,Asfaltata,Assente,Sereno,Normale,Buona,Ore Diurne,0,0,0,2,"12,41864","41,92438",True
2655264,7,15/01/2016T09:50:00,Strada Urbana,da specificare,,VIALE FILIPPO DE PISIS,,,all'altezza intersezione con via Rosati,Veicolo in marcia contro veicoli in sosta,Rettilineo,Una carreggiata a doppio senso,Bagnato (umidit� in atto),Asfaltata,Orizzontale,Nuvoloso,Normale,Buona,Ore Diurne,1,0,0,2,"12,58955","41,89969",True
2656594,7,15/01/2016T10:00:00,Strada Urbana,in corrispondenza,del civico n.,VIALE ALESSANDRINO,,758,,Scontro frontale/laterale SX fra veicoli in marcia,Rettilineo,Una carreggiata a doppio senso,Bagnato (pioggia),Asfaltata,Verticale ed orizzontale,Nuvoloso,Normale,Buona,Ore Diurne,2,0,0,1,"12,57682","41,88661",False
2655456,19,15/01/2016T10:00:00,Strada Urbana,in prossimit�,del civico n.,VIA SEBASTIANO VINCI,,campo nomadi,,Scontro laterale fra veicoli in marcia,Curva a visuale libera,Una carreggiata a senso unico di marcia,Bagnato (pioggia),Asfaltata,Orizzontale,Nuvoloso,Normale,Buona,Ore Diurne,2,0,0,1,"12,41756","41,93556",True
2656354,13,15/01/2016T10:30:00,Strada Urbana,in corrispondenza,del civico n.,VIA MAIERATO,,68,,Veicolo in marcia contro veicoli in sosta,Rettilineo,Una carreggiata a doppio senso,Asciutto,Asfaltata,Verticale,Nuvoloso,Scarso,Buona,Ore Diurne,0,0,0,1,"12,37721","41,79354",True
2658966,17,15/01/2016T10:30:00,Strada Urbana,all'intersezione con,VIA CIRO MENOTTI,LUNGOTEVERE DELLE ARMI,VIA CIRO MENOTTI,,,Scontro laterale fra veicoli in marcia,Incrocio,Una carreggiata a senso unico di marcia,Asciutto,Asfaltata,Verticale ed orizzontale,Nuvoloso,Normale,Buona,Ore Diurne,0,0,0,2,"12,46951","41,91577",True
2659006,17,15/01/2016T10:35:00,Strada Urbana,in corrispondenza,del civico n.,VIALE GIULIO CESARE,,44,,Scontro laterale fra veicoli in marcia,Rettilineo,Pi� di due carreggiate,Asciutto,Asfaltata,Verticale ed orizzontale,Nuvoloso,Normale,Buona,Ore Diurne,0,0,0,3,"12,46805","41,91198",False
2655679,15,15/01/2016T10:45:00,Strada Urbana,all'intersezione con,VIA DEL FOSSO DELLA MAGLIANA,VIA DELLA MAGLIANA,VIA DEL FOSSO DELLA MAGLIANA,,,Scontro frontale fra veicoli in marcia,Incrocio,Una carreggiata a doppio senso,Asciutto,Asfaltata,Verticale ed orizzontale,Nuvoloso,Normale,Buona,Ore Diurne,2,0,0,0,"12,42401","41,83394",True