_ID,_Gruppo,_DataOraIncidente,_Localizzazione1,_Localizzazione2,_Strada1,_DaSpecificare,_NaturaIncidente,_ParticolaritaStrade,_TipoStrada,_FondoStradale,_Pavimentazione,_Segnaletica,_CondizioneAtmosferica,_Traffico,_Visibilita,_Illuminazione,_NUM_FERITI,_NUM_RISERVATA,_NUM_MORTI,_NUM_ILLESI,_Longitudine,_Latitudine,_CONFERMATO,__prefix,_Strada02,_Strada2,_Chilometrica
2656379,8,15/01/2016T11:00:00,Strada Urbana,in prossimit�,del palo luce n.,VIA DEL FOSSO DELL'OSA,,153,,Scontro laterale fra veicoli in marcia,Curva a visuale libera,Una carreggiata a doppio senso,Bagnato (pioggia),Asfaltata,Verticale ed orizzontale,Nuvoloso,Normale,Buona,Ore Diurne,0,0,0,2,"12,68431","41,90552",False
2656499,20,15/01/2016T11:15:00,Strada Urbana,in prossimit�,del civico n.,VIALE DI TOR DI QUINTO,,35,,Scontro frontale/laterale SX fra veicoli in marcia,Rettilineo,Una carreggiata a doppio senso,Asciutto,Asfaltata,Verticale ed orizzontale,Nuvoloso,Normale,Buona,Ore Diurne,0,0,0,2,"12,46954","41,93737",True
2667873,13,15/01/2016T11:30:00,Strada Urbana,da specificare,,VIA DI CASAL PALOCCO,,,di fronte alla posta,Veicolo in marcia contro veicolo fermo,Rettilineo,Una carreggiata a doppio senso,Asciutto,Asfaltata,Verticale ed orizzontale,Sereno,Normale,Buona,Ore Diurne,0,0,0,2,"12,35142","41,75136",True
2656308,11,15/01/2016T12:00:00,Strada Urbana,in prossimit�,del palo luce n.,VIA CRISTOFORO COLOMBO,,67,,Scontro laterale fra veicoli in marcia,Rettilineo,Pi� di due carreggiate,Asciutto,Asfaltata,Verticale ed orizzontale,Nuvoloso,Normale,Buona,Ore Diurne,0,0,0,4,"12,48959","41,85371",True
2656287,11,15/01/2016T12:00:00,Strada Urbana,all'intersezione con,VIALE DI TOR MARANCIA,VIA VALERIA RUFINA,VIALE DI TOR MARANCIA,,,Scontro frontale/laterale SX fra veicoli in marcia,Incrocio,Una carreggiata a doppio senso,Asciutto,Asfaltata,Verticale ed orizzontale,Nuvoloso,Normale,Buona,Ore Diurne,0,0,0,5,"12,49878","41,85519",True
2663006,18,15/01/2016T12:10:00,,in corrispondenza,del civico n.,VIA DELLE FORNACI,,175,,Scontro frontale fra veicoli in marcia,,,,,,,,,,1,0,0,1,"12,45732","41,89542",False
2658564,18,15/01/2016T12:15:00,,in prossimit�,della chilometrica,VIA AURELIA,,14.8,,Scontro frontale fra veicoli in marcia,,,,,,,,,,1,0,0,0,,,False
2658999,12,15/01/2016T12:30:00,Strada Urbana,in corrispondenza,del civico n.,VIALE EGEO,,158,,Infortunio per sola frenata improvvisa,Rettilineo,Una carreggiata a doppio senso,Asciutto,Asfaltata,Verticale ed orizzontale,Nuvoloso,Normale,Buona,Ore Diurne,0,0,0,2,"12,45414","41,82864",True
2658190,4,15/01/2016T12:50:00,Strada Urbana,in prossimit�,del civico n.,VIA ANTONIO SILVANI,,82,,Veicolo in marcia contro veicolo in sosta,Rettilineo,Una carreggiata a doppio senso,Asciutto,Asfaltata,Assente,Nuvoloso,Scarso,Buona,Ore Diurne,0,0,0,3,"12,51944","41,94886",True
2657584,16,15/01/2016T12:55:00,Strada Urbana,all'intersezione con,VIA FILIPPO GRISPIGNI,VIA DI BRAVA,VIA FILIPPO GRISPIGNI,,,Scontro frontale/laterale SX fra veicoli in marcia,Intersezione non regolata/non segnalata,Due carreggiate,Asciutto,Asfaltata,Orizzontale,Nuvoloso,Normale,Sufficiente,Ore Diurne,1,0,0,1,,,False
2656203,15,15/01/2016T13:00:00,Strada Urbana,in corrispondenza,del civico n.,VIA ANTONIO PACINOTTI,,15,,Scontro laterale fra veicoli in marcia,Rettilineo,Una carreggiata a doppio senso,Asciutto,Asfaltata,Orizzontale,Sereno,Normale,Buona,Ore Diurne,0,0,0,2,"12,46785","41,87117",True
2656295,13,15/01/2016T14:00:00,Strada Urbana,da specificare,,PIAZZA GREGORIO RONCA,,,corrispondenza entrata Parco del Fusco,Veicolo in marcia contro veicolo in sosta,Rettilineo,Due carreggiate,Asciutto,Asfaltata,Orizzontale,Nuvoloso,Scarso,Buona,Ore Diurne,0,0,0,1,"12,2863","41,73342",True
2658317,4,15/01/2016T14:00:00,Strada Urbana,in prossimit�,del civico n.,VIA DI SETTEBAGNI,,300,,Veicolo in marcia contro veicolo in sosta,Rettilineo,Una carreggiata a doppio senso,Asciutto,Asfaltata,Assente,Sereno,Normale,Buona,Ore Diurne,0,0,0,2,"12,54745","41,96661",True
2656382,8,15/01/2016T14:00:00,,all'intersezione con,VIA ENRICO GIGLIOLI,VIA GIUSEPPE GINANNI,VIA ENRICO GIGLIOLI,,,Scontro frontale/laterale SX fra veicoli in marcia,,,,,,,,,,2,0,0,0,,,False
2655782,7,15/01/2016T14:05:00,Strada Urbana,in prossimit�,del palo luce n.,VIALE PALMIRO TOGLIATTI,,375,,Veicolo in marcia contro ostacolo accidentale,Rettilineo,Due carreggiate,Asciutto,Asfaltata,Verticale ed orizzontale,Nuvoloso,Intenso,Buona,Ore Diurne,0,0,0,1,"12,57339","41,88769",True
2655694,20,15/01/2016T14:10:00,Regionale entro l'abitato,in corrispondenza,del palo luce n.,VIA FLAMINIA,,46,,Tamponamento Multiplo,Rettilineo,Due carreggiate,Asciutto,Asfaltata,Verticale ed orizzontale,Nuvoloso,Intenso,Buona,Ore Diurne,4,0,0,2,,,False
2664434,18,15/01/2016T14:15:00,Strada Urbana,in corrispondenza,del civico n.,VIA DI BOCCEA,,530,,Tamponamento,Rotatoria,Una carreggiata a senso unico di marcia,Asciutto,Asfaltata,Verticale ed orizzontale,Nuvoloso,Normale,Buona,Ore Diurne,0,0,0,3,"12,3797","41,91586",True
2656832,3,15/01/2016T14:40:00,Strada Urbana,da specificare,,VIA PAVIA,,,altezza civico 24,Scontro laterale fra veicoli in marcia,Rettilineo,Una carreggiata a doppio senso,Asciutto,Asfaltata,Verticale ed orizzontale,Nuvoloso,Scarso,Buona,Ore Diurne,0,0,0,4,"12,51725","41,90823",True
2655819,2,15/01/2016T14:40:00,Strada Urbana,da specificare,,VIA NOMENTANA,,,altezzavia della Batteria Nomentana.,Ribaltamento senza urto contro ostacolo fisso,Rettilineo,Due carreggiate,Asciutto,Asfaltata,Verticale ed orizzontale,Nuvoloso,Normale,Buona,Ore Diurne,0,0,0,2,"12,52454","41,92758",True
2655885,6,15/01/2016T14:40:00,Strada Urbana,all'intersezione con,VIALE DELLE GARDENIE,VIALE DELLA PRIMAVERA,VIALE DELLE GARDENIE,,,Scontro laterale fra veicoli in marcia,Intersezione stradale segnalata,Due carreggiate,Asciutto,Asfaltata,Verticale ed orizzontale,Nuvoloso,Normale,Buona,Ore Diurne,1,0,0,1,"12,5612","41,88594",True
2655876,9,15/01/2016T15:30:00,Strada Urbana,in prossimit�,del civico n.,VIA SATRICO,,33,,Scontro frontale/laterale DX fra veicoli in marcia,Rettilineo,Una carreggiata a doppio senso,Asciutto,Asfaltata,Verticale ed orizzontale,Sereno,Normale,Buona,Ore Diurne,1,0,0,1,,,False
2656460,1,15/01/2016T15:40:00,Strada Urbana,all'intersezione semaforizzata con,VIA SAN MARTINO DELLA BATTAGLIA,PIAZZA DELL'INDIPENDENZA,VIA SAN MARTINO DELLA BATTAGLIA,,,Scontro frontale/laterale DX fra veicoli in marcia,Intersezione semaforizzata,Una carreggiata a senso unico di marcia,Asciutto,Asfaltata,Verticale ed orizzontale,Sereno,Normale,Buona,Ore Diurne,1,0,0,1,"12,50248","41,90438",True
2655964,2,15/01/2016T16:15:00,Strada Urbana,all'intersezione con,CORSO D'ITALIA,PIAZZA FIUME,CORSO D'ITALIA,,,Veicolo in marcia contro veicolo fermo,Incrocio,Una carreggiata a senso unico di marcia,Asciutto,Asfaltata,Verticale ed orizzontale,Nuvoloso,Normale,Buona,Sufficiente,0,0,0,2,"12,49858","41,9111",True
2655880,10,15/01/2016T16:40:00,Strada Urbana,in corrispondenza,del civico n.,VIALE ANTONIO CIAMARRA,,183,,Investimento di pedone,Rettilineo,Due carreggiate,Asciutto,Asfaltata,Verticale ed orizzontale,Sereno,Normale,Buona,Ore Diurne,2,0,0,0,,,False
2658449,4,15/01/2016T16:40:00,Strada Urbana,in prossimit�,del civico n.,VIALE TIRRENO,,180,,Investimento di pedone,Rettilineo,Due carreggiate,Asciutto,Asfaltata,Verticale ed orizzontale,Nuvoloso,Normale,Buona,Ore Diurne,1,0,0,1,"12,52924","41,94141",False
2656045,12,15/01/2016T17:00:00,Regionale,da specificare,,VIA PONTINA,,,altezza Km. 25.500 (Dir. Pomezia),Veicolo in marcia contro ostacolo fisso,Rettilineo,Due carreggiate,Asciutto,Asfaltata,Verticale ed orizzontale,Sereno,Normale,Buona,Sufficiente,0,0,0,2,"12,46984","41,6982",True
2656318,13,15/01/2016T17:00:00,Strada Urbana,all'intersezione con,VIA ISOLE SALOMONE,VIA DELLE CAROLINE,VIA ISOLE SALOMONE,,,Scontro frontale/laterale DX fra veicoli in marcia,Incrocio,Una carreggiata a doppio senso,Asciutto,Asfaltata,Verticale ed orizzontale,Nuvoloso,Normale,Sufficiente,Sufficiente,0,0,0,2,"12,27554","41,73995",True
2658103,5,15/01/2016T17:50:00,Strada Urbana,all'intersezione semaforizzata con,VIA DI CASAL DEI PAZZI,VIA TIBURTINA,VIA DI CASAL DEI PAZZI,,,Scontro frontale/laterale SX fra veicoli in marcia,Intersezione semaforizzata,Due carreggiate,Asciutto,Asfaltata,Verticale ed orizzontale,Sereno,Intenso,Buona,Ore Diurne,0,0,0,2,"12,57128","41,9245",True
2658957,12,15/01/2016T17:55:00,Strada Urbana,all'intersezione con,PIAZZALE MARCELLINO CHAMPAGNAT,VIA DELLA SIERRA NEVADA,PIAZZALE MARCELLINO CHAMPAGNAT,,,Scontro frontale/laterale SX fra veicoli in marcia,Incrocio,Una carreggiata a senso unico di marcia,Asciutto,Asfaltata,Verticale ed orizzontale,Nuvoloso,Scarso,Buona,Sufficiente,0,0,0,2,"12,47579","41,82397",True
2656384,8,15/01/2016T18:20:00,Strada Urbana,in prossimit�,del civico n.,VIA GIONATA,,20,,Veicolo in marcia contro ostacolo accidentale,Dosso,Una carreggiata a doppio senso,Asciutto,Con buche,Assente,Sereno,Normale,Insufficiente,Inesistente,0,0,0,1,"12,68243","41,85511",True
2656461,13,15/01/2016T18:25:00,Strada Urbana,da specificare,,VIA DEL CANALE DELLA LINGUA,,,altezza Via Pelopida,Tamponamento,Rettilineo,Una carreggiata a doppio senso,Asciutto,Asfaltata,Assente,Sereno,Normale,Buona,Sufficiente,0,0,0,3,"12,34033","41,74122",True
2658368,4,15/01/2016T18:30:00,Strada Urbana,da specificare,,VIA DEI PRATI FISCALI,,,pross. 1� cavalcavia,Investimento di pedone,Rettilineo,Due carreggiate,Asciutto,Asfaltata,Verticale ed orizzontale,Sereno,Normale,Sufficiente,Sufficiente,1,0,0,2,"12,5161","41,94608",False
2656009,6,15/01/2016T18:30:00,Statale entro l'abitato,all'intersezione con,VIA ORESTE SALOMONE,VIA CASILINA,VIA ORESTE SALOMONE,,,Scontro laterale fra veicoli in marcia,Incrocio,Due carreggiate,Asciutto,Asfaltata,Orizzontale,Nuvoloso,Normale,Sufficiente,Sufficiente,0,0,0,3,"12,545","41,87882",True
2656473,1,15/01/2016T19:00:00,Strada Urbana,in prossimit�,del civico n.,VIA DEL CIRCO MASSIMO,,9,,Investimento di pedone,Rettilineo,Una carreggiata a doppio senso,Asciutto,Asfaltata,Verticale ed orizzontale,Nuvoloso,Normale,Buona,Ore Diurne,0,0,0,2,,,False
2658107,5,15/01/2016T19:10:00,Strada Urbana,all'intersezione semaforizzata con,VIA DI CASAL DEI PAZZI,VIA TIBURTINA,VIA DI CASAL DEI PAZZI,,,Scontro laterale fra veicoli in marcia,Intersezione semaforizzata,Pi� di due carreggiate,Asciutto,Asfaltata,Verticale ed orizzontale,Sereno,Normale,Sufficiente,Sufficiente,0,0,0,2,"12,57127","41,92449",True
2658110,5,15/01/2016T19:15:00,Strada Urbana,in prossimit�,del civico n.,VIA DOMENICO CUCCHIARI,,31,,Scontro laterale fra veicoli in marcia,Rettilineo,Una carreggiata a doppio senso,Asciutto,Asfaltata,Assente,Sereno,Normale,Sufficiente,Sufficiente,0,0,0,2,"12,53584","41,89951",True
2658353,17,15/01/2016T19:30:00,Strada Urbana,all'intersezione con,VIA GIOVANNI PIERLUIGI DA PALESTRINA,VIA MARIANNA DIONIGI,VIA GIOVANNI PIERLUIGI DA PALESTRINA,,,Scontro frontale/laterale SX fra veicoli in marcia,Intersezione stradale segnalata,Una carreggiata a senso unico di marcia,Asciutto,Asfaltata,Verticale ed orizzontale,Sereno,Normale,Buona,Sufficiente,0,0,0,3,"12,47132","41,90593",True
2656387,8,15/01/2016T19:50:00,Strada Urbana,in prossimit�,del palo luce n.,VIA DEI TUCANI,,5,,Scontro frontale/laterale DX fra veicoli in marcia,Rettilineo,Una carreggiata a senso unico di marcia,Asciutto,Asfaltata,Verticale ed orizzontale,Sereno,Scarso,Sufficiente,Sufficiente,1,0,0,1,"12,59062","41,86978",False
2656394,8,15/01/2016T20:00:00,Strada Urbana,in prossimit�,del civico n.,VIA CASILINA,,1732,,Scontro laterale fra veicoli in marcia,Rettilineo,Una carreggiata a doppio senso,Asciutto,Asfaltata,Verticale ed orizzontale,Sereno,Normale,Sufficiente,Sufficiente,0,0,0,4,"12,66222","41,8644",True
2658112,5,15/01/2016T20:05:00,Strada Urbana,in prossimit�,del civico n.,VIA CERCHIARA,,10,,Veicolo in marcia contro ostacolo fisso,Rettilineo,Una carreggiata a doppio senso,Asciutto,Asfaltata,Verticale,Sereno,Scarso,Insufficiente,Inesistente,0,0,0,1,"12,62323","41,93471",True
2658382,17,15/01/2016T20:15:00,Strada Urbana,in prossimit�,del civico n.,LARGO CERVINIA,,19,,Scontro laterale fra veicoli in marcia,Rettilineo,Una carreggiata a senso unico alternato,Bagnato (pioggia),Asfaltata,Verticale ed orizzontale,Sereno,Normale,Sufficiente,,0,0,0,2,,,False
2658456,1,15/01/2016T20:15:00,Strada Urbana,all'intersezione semaforizzata con,VIA DELLE QUATTRO FONTANE,VIA VENTI SETTEMBRE,VIA DELLE QUATTRO FONTANE,,,Scontro frontale/laterale SX fra veicoli in marcia,Incrocio,Una carreggiata a doppio senso,Asciutto,Asfaltata,Verticale ed orizzontale,Nuvoloso,Normale,Sufficiente,Sufficiente,1,0,0,1,,,False
2656414,8,15/01/2016T20:25:00,Strada Urbana,in prossimit�,del palo luce n.,VIALE DI TORRE MAURA,,32,,Veicolo in marcia contro ostacolo accidentale,Curva a visuale libera,Due carreggiate,Asciutto,Asfaltata,Verticale ed orizzontale,Sereno,Scarso,Sufficiente,Sufficiente,0,0,0,3,"12,59217","41,86022",True
2656397,8,15/01/2016T20:30:00,Strada Urbana,in prossimit�,del palo luce n.,VIALE DI TORRE MAURA,,32,,Veicolo in marcia contro ostacolo accidentale,Curva a visuale libera,Due carreggiate,Asciutto,Asfaltata,Verticale ed orizzontale,Sereno,Scarso,Sufficiente,Sufficiente,0,0,0,1,"12,59217","41,86022",True
2658266,10,15/01/2016T21:00:00,Strada Urbana,all'intersezione con,VIA SERMONETA,VIA MONDRAGONE,VIA SERMONETA,,,Scontro frontale/laterale SX fra veicoli in marcia,Incrocio,Due carreggiate,Asciutto,Asfaltata,Verticale ed orizzontale,Sereno,Scarso,Buona,Sufficiente,0,0,0,3,"12,5317","41,86672",True
2662880,18,15/01/2016T21:10:00,Strada Urbana,da specificare,,VIA MATTIA BATTISTINI,,,in corrispondenza di via s. Melchiade Papa,Scontro frontale/laterale SX fra veicoli in marcia,Rettilineo,Una carreggiata a doppio senso,Asciutto,Asfaltata,Orizzontale,Sereno,Scarso,Buona,Sufficiente,1,0,0,2,"12,4462","41,86464",True
2658980,12,15/01/2016T21:50:00,Regionale,in prossimit�,della chilometrica,VIA PONTINA,,18.9,,Veicolo in marcia contro ostacolo fisso,Curva a visuale libera,Due carreggiate,Asciutto,Asfaltata,Verticale ed orizzontale,Sereno,Normale,Insufficiente,Insufficiente,0,0,0,2,"12,45106","41,79235",True
2656482,1,15/01/2016T22:15:00,Strada Urbana,da specificare,,LUNGOTEVERE VATICANO,,,RAMPA DI SINISTRA,Scontro laterale fra veicoli in marcia,Curva a visuale libera,Una carreggiata a senso unico di marcia,Asciutto,Acciotolata,Verticale ed orizzontale,Sereno,Normale,Buona,Sufficiente,0,0,0,2,"12,46428","41,90202",False
2658554,4,16/01/2016T00:30:00,Strada Urbana,da specificare,,CIRCONVALLAZIONE NOMENTANA,,,in prossimit� di via Guido Mazzoni,Scontro laterale fra veicoli in marcia,Rettilineo,Una carreggiata a senso unico di marcia,Asciutto,Asfaltata,Verticale ed orizzontale,Sereno,Scarso,Sufficiente,Sufficiente,2,0,0,2,"12,5272","41,91849",False
2656557,20,16/01/2016T01:30:00,Strada Urbana,da specificare,,GALLERIA GIOVANNI XXIII,,,dir. gemelli altezza immissione Via Trionfale,Veicolo in marcia contro ostacolo accidentale,Curva senza visuale libera,Due carreggiate,Asciutto,Asfaltata,Verticale ed orizzontale,Nuvoloso,Scarso,Sufficiente,Sufficiente,0,0,0,1,"12,44177","41,94068",True
2658387,10,16/01/2016T02:40:00,Strada Urbana,all'intersezione con,VIA ERCOLANO,VIA BRITANNIA,VIA ERCOLANO,,,Veicolo in marcia contro ostacolo accidentale,Incrocio,Due carreggiate,Asciutto,Asfaltata,Verticale ed orizzontale,Sereno,Scarso,Buona,Sufficiente,1,0,0,0,"12,50823","41,87839",True
2657634,16,16/01/2016T03:00:00,Strada Urbana,da specificare,,VIA DEL TRULLO,,,altezza palo luce 74 (prossimit� civico 560),Veicolo in marcia contro ostacolo fisso,Rettilineo,Una carreggiata a doppio senso,Asciutto,Asfaltata,Verticale ed orizzontale,Sereno,Scarso,Sufficiente,Sufficiente,0,0,0,1,"12,43658","41,83554",False
2658305,10,16/01/2016T05:00:00,,in prossimit�,del civico n.,VIA DELLE CAVE,,114,,Veicolo in marcia contro veicoli in sosta,,,,,,,,,,4,0,0,3,,,False
2658124,11,16/01/2016T06:10:00,Strada Urbana,all'intersezione semaforizzata con,VIA DEL PORTO FLUVIALE,VIA OSTIENSE,VIA DEL PORTO FLUVIALE,,,Investimento di pedone,Intersezione semaforizzata,Due carreggiate,Asciutto,Asfaltata,Verticale ed orizzontale,Nuvoloso,Scarso,Buona,Ore Diurne,1,0,0,1,"12,48004","41,87242",False
2658428,19,16/01/2016T06:30:00,Strada Urbana,in prossimit�,del civico n.,VIA ALFREDO SERRANTI,,16,,Veicolo in marcia contro veicolo in sosta,Rettilineo,Una carreggiata a senso unico di marcia,Asciutto,Asfaltata,Assente,Sereno,Scarso,Buona,Sufficiente,0,0,0,2,"12,43839","41,92508",True
2658351,19,16/01/2016T07:50:00,Strada Urbana,all'intersezione con,VIA FRANCESCO CRUCITTI,VIA DELLA PINETA SACCHETTI,VIA FRANCESCO CRUCITTI,,,Scontro frontale/laterale SX fra veicoli in marcia,Intersezione stradale segnalata,Una carreggiata a senso unico di marcia,Asciutto,Asfaltata,Verticale ed orizzontale,Sereno,Normale,Buona,Ore Diurne,0,0,0,5,"12,42428","41,9229",True
2656839,3,16/01/2016T08:10:00,,in prossimit�,del civico n.,VIALE DELL'UNIVERSITA',,30,,Scontro frontale/laterale DX fra veicoli in marcia,,,,,,,,,,1,0,0,1,,,False
2658208,8,16/01/2016T09:00:00,Strada Urbana,in corrispondenza,del civico n.,VIA SUOR MARIA CHIARA DAMATO,,131,,Scontro laterale fra veicoli in marcia,Rettilineo,Una carreggiata a doppio senso,Asciutto,Asfaltata,Verticale ed orizzontale,Sereno,Scarso,Buona,Ore Diurne,0,0,0,2,"12,67418","41,90679",True
2658217,8,16/01/2016T09:30:00,Strada Urbana,all'intersezione semaforizzata con,VIA SASSONEGRO,VIA CASILINA,VIA SASSONEGRO,,,Scontro laterale fra veicoli in marcia,Intersezione stradale segnalata,Una carreggiata a doppio senso,Asciutto,Asfaltata,Verticale ed orizzontale,Nebbia,Intenso,Buona,Ore Diurne,0,0,0,2,"12,5975","41,8662",True
2656625,7,16/01/2016T10:00:00,Strada Urbana,all'intersezione con,PIAZZA TEOFRASTO,VIA FEDERICO DELPINO,PIAZZA TEOFRASTO,,,Scontro frontale/laterale SX fra veicoli in marcia,Incrocio,Una carreggiata a doppio senso,Asciutto,Asfaltata,Verticale ed orizzontale,Nuvoloso,Normale,Buona,Ore Diurne,0,0,0,2,"12,56412","41,89144",True
2658180,8,16/01/2016T10:20:00,Strada Urbana,all'intersezione con,VIA PEDICA DI TOR ANGELA,VIA PRENESTINA,VIA PEDICA DI TOR ANGELA,,,Veicolo in marcia contro ostacolo accidentale,Incrocio,Una carreggiata a doppio senso,Asciutto,Con buche,Assente,Nuvoloso,Normale,Buona,Ore Diurne,0,0,0,1,"12,62889","41,8925",True
2657782,6,16/01/2016T10:40:00,Strada Urbana,da specificare,,VIA PISINO,,,intersezione VIALE VENEZIA GIULIA corsia laterale,Investimento di pedone,Rettilineo,Una carreggiata a doppio senso,Asciutto,Asfaltata,Verticale ed orizzontale,Sereno,Normale,Buona,Ore Diurne,1,0,0,1,"12,55775","41,89788",False
2658127,5,16/01/2016T11:00:00,Strada Urbana,all'intersezione con,VIA LUIGI GIGLIOTTI,PIAZZA ALDO BOZZI,VIA LUIGI GIGLIOTTI,,,Veicolo in marcia contro ostacolo fisso,Incrocio,Una carreggiata a doppio senso,Asciutto,Asfaltata,Assente,Sereno,Scarso,Buona,Ore Diurne,0,0,0,2,"12,59197","41,93971",True
2658637,1,16/01/2016T11:25:00,Strada Urbana,all'intersezione semaforizzata con,VIA DELLA GRECA,VIA DI S. MARIA IN COSMEDIN,VIA DELLA GRECA,,,Scontro laterale fra veicoli in marcia,Intersezione semaforizzata,Una carreggiata a doppio senso,Asciutto,Asfaltata,Verticale ed orizzontale,Nuvoloso,Normale,Buona,Ore Diurne,0,0,0,3,"12,48063","41,88714",True
2658187,8,16/01/2016T11:45:00,Strada Urbana,in corrispondenza,del civico n.,VIA ENDIMIONE,,21,,Scontro laterale fra veicoli in marcia,Rettilineo,Una carreggiata a doppio senso,Asciutto,Asfaltata,Verticale,Nuvoloso,Intenso,Buona,Ore Diurne,0,0,0,3,"12,62003","41,87372",True
2659689,13,16/01/2016T11:45:00,,in prossimit�,del civico n.,VIA ARMANDO ARMUZZI,,6,,Investimento di pedone,,,,,,,,,,1,0,0,0,"12,27854","41,73158",False
2656803,2,16/01/2016T12:30:00,Strada Urbana,da specificare,,VIA DELLE VALLI,,,all'altezza di Piazza Gondar,Tamponamento Multiplo,Rettilineo,Una carreggiata a senso unico di marcia,Asciutto,Asfaltata,Verticale ed orizzontale,Nuvoloso,Scarso,Buona,Ore Diurne,0,0,0,3,"12,52104","41,93347",True
2658489,1,16/01/2016T12:30:00,Strada Urbana,all'intersezione con,VIA DI S. SEBASTIANELLO,VIALE DELLA TRINITA' DEI MONTI,VIA DI S. SEBASTIANELLO,,,Tamponamento,Incrocio,Una carreggiata a senso unico di marcia,Asciutto,Asfaltata,Verticale ed orizzontale,Nuvoloso,Scarso,Buona,Ore Diurne,1,0,0,2,"12,4819","41,9084",True
2658185,8,16/01/2016T13:35:00,Strada Urbana,in prossimit�,del palo luce n.,VIALE DI TORRE MAURA,,10,,Veicolo in marcia contro ostacolo accidentale,Rettilineo,Due carreggiate,Asciutto,Con buche,Verticale ed orizzontale,Nuvoloso,Scarso,Buona,Ore Diurne,0,0,0,1,"12,59217","41,86022",False
2658360,18,16/01/2016T14:00:00,,in corrispondenza,del civico n.,VIA MATTIA BATTISTINI,,90,,Scontro frontale/laterale SX fra veicoli in marcia,,,,,,,,,,2,0,0,1,,,False
2658273,7,16/01/2016T14:00:00,Statale entro l'abitato,in corrispondenza,del palo luce n.,VIA CASILINA,,264,,Veicolo in marcia contro ostacolo accidentale,Rettilineo,Una carreggiata a doppio senso,Asciutto,Asfaltata,Verticale ed orizzontale,Sereno,Intenso,Sufficiente,Sufficiente,0,0,0,1,"12,55926","41,87488",True
2658261,7,16/01/2016T14:10:00,Statale entro l'abitato,in prossimit�,del civico n.,VIA CASILINA,,730,,Veicolo in marcia contro ostacolo accidentale,Rettilineo,Una carreggiata a doppio senso,Asciutto,Strada pavimentata dissestata,Verticale ed orizzontale,Sereno,Normale,Sufficiente,Ore Diurne,0,0,0,1,"12,55926","41,87488",True
2658332,19,16/01/2016T14:10:00,Strada Urbana,all'intersezione con,VIA DELLA VALLE DEI FONTANILI,VIA ANDERSEN,VIA DELLA VALLE DEI FONTANILI,,,Tamponamento,Incrocio,Una carreggiata a doppio senso,Asciutto,Asfaltata,Verticale ed orizzontale,Sereno,Scarso,Buona,Ore Diurne,1,0,0,2,"12,39937","41,92267",True
2656889,12,16/01/2016T14:15:00,Strada Urbana,in prossimit�,del civico n.,VIALE BARTOLOMEO CAVACEPPI,,18,,Veicolo in marcia contro veicolo fermo,Rettilineo,Due carreggiate,Asciutto,Asfaltata,Orizzontale,Sereno,Scarso,Buona,Ore Diurne,0,0,0,3,"12,43114","41,79677",True
2658267,7,16/01/2016T15:30:00,Strada Urbana,da specificare,,VIA DI TOR TRE TESTE,,,all'interno del parcheggio Penny,Scontro frontale/laterale SX fra veicoli in marcia,Rettilineo,Una carreggiata a doppio senso,Asciutto,Asfaltata,Verticale,Sereno,Normale,Sufficiente,Ore Diurne,0,0,0,2,"12,59147","41,89347",True
2664543,18,16/01/2016T16:30:00,Strada Urbana,all'intersezione semaforizzata con,PIAZZA DI VILLA CARPEGNA,CIRCONVALLAZIONE AURELIA,PIAZZA DI VILLA CARPEGNA,,,Scontro laterale fra veicoli in marcia,Intersezione semaforizzata,Due carreggiate,Asciutto,Asfaltata,Verticale ed orizzontale,Nuvoloso,Normale,Buona,Ore Diurne,0,0,0,3,"12,42923","41,89517",True
2662317,13,16/01/2016T16:30:00,,all'intersezione con,VIA CHILONE,VIALE PRASSILLA,VIA CHILONE,,,Scontro laterale fra veicoli in marcia,,,,,,,,,,0,0,0,2,"12,35714","41,75186",False
2658193,8,16/01/2016T17:15:00,Strada Urbana,da specificare,,VIA GIORGIO GRAPPELLI,,,fr. centro commerciale ROMA EST,Scontro frontale/laterale DX fra veicoli in marcia,Rettilineo,Una carreggiata a senso unico alternato,Asciutto,Asfaltata,Verticale ed orizzontale,Sereno,Normale,Buona,Ore Diurne,0,0,0,3,"12,66026","41,9121",True
2658587,1,16/01/2016T17:20:00,Strada Urbana,in corrispondenza,del palo luce n.,CLIVO DEI PUBLICII,,1,,Tamponamento,Rettilineo,Una carreggiata a senso unico di marcia,Asciutto,Asfaltata,Verticale ed orizzontale,Sereno,Normale,Sufficiente,Sufficiente,0,0,0,3,"12,48293","41,8858",True
2658201,5,16/01/2016T17:30:00,Strada Urbana,in prossimit�,del civico n.,VIA TIBURTINA,,1144,,Tamponamento Multiplo,Rettilineo,Due carreggiate,Asciutto,Asfaltata,Verticale ed orizzontale,Sereno,Normale,Buona,Sufficiente,0,0,0,3,"12,59461","41,93267",True