_ID,_Gruppo,_DataOraIncidente,_Localizzazione1,_Localizzazione2,_Strada1,_DaSpecificare,_NaturaIncidente,_ParticolaritaStrade,_TipoStrada,_FondoStradale,_Pavimentazione,_Segnaletica,_CondizioneAtmosferica,_Traffico,_Visibilita,_Illuminazione,_NUM_FERITI,_NUM_RISERVATA,_NUM_MORTI,_NUM_ILLESI,_Longitudine,_Latitudine,_CONFERMATO,__prefix,_Strada02,_Strada2,_Chilometrica
2658207,5,16/01/2016T17:40:00,Strada Urbana,all'intersezione semaforizzata con,VIA FRATELLI MARISTI,VIA NOMENTANA,VIA FRATELLI MARISTI,,,Scontro frontale/laterale SX fra veicoli in marcia,Intersezione semaforizzata,Una carreggiata a doppio senso,Asciutto,Asfaltata,Verticale ed orizzontale,Nuvoloso,Normale,Buona,Sufficiente,0,0,0,2,"12,60614","41,96909",True
2658279,10,16/01/2016T18:00:00,Strada Urbana,all'intersezione con,VIA DEL FOSSO DI S. ANDREA,VIA DI ACQUA ACETOSA ANAGNINA,VIA DEL FOSSO DI S. ANDREA,,,Scontro frontale/laterale DX fra veicoli in marcia,Intersezione stradale segnalata,Una carreggiata a doppio senso,Asciutto,Asfaltata,Verticale ed orizzontale,Nuvoloso,Scarso,Sufficiente,Inesistente,1,0,0,1,"12,62493","41,81789",True
2658268,10,16/01/2016T18:00:00,Strada Urbana,da specificare,,VIA UMBERTO QUINTAVALLE,,,area parcheggio,Veicolo in marcia contro veicolo in sosta,Rettilineo,Una carreggiata a doppio senso,Asciutto,Lastricata,Assente,Sereno,Scarso,Sufficiente,Sufficiente,0,0,0,1,"12,5726","41,85425",True
2658184,8,16/01/2016T18:20:00,Strada Urbana,in prossimit�,del palo luce n.,VIALE DI TORRE MAURA,,32,,Veicolo in marcia contro ostacolo accidentale,Curva a visuale libera,Due carreggiate,Asciutto,Asfaltata,Verticale ed orizzontale,Sereno,Normale,Sufficiente,Sufficiente,0,0,0,1,,,False
2657291,13,16/01/2016T18:45:00,Strada Urbana,in corrispondenza,del civico n.,VIA DELLE BALENIERE,,91,,Scontro frontale/laterale DX fra veicoli in marcia,Rettilineo,Una carreggiata a doppio senso,Asciutto,Asfaltata,Verticale ed orizzontale,Nuvoloso,Normale,Buona,Sufficiente,0,0,0,3,"12,27847","41,73673",True
2657642,20,16/01/2016T18:50:00,Statale,in prossimit�,della chilometrica,VIA FLAMINIA,,15.5,,Veicolo in marcia contro ostacolo fisso,Rettilineo,Una carreggiata a senso unico di marcia,Asciutto,Asfaltata,Verticale ed orizzontale,Sereno,Normale,Buona,Inesistente,0,0,0,1,,,False
2658258,2,16/01/2016T19:00:00,,in corrispondenza,del civico n.,VIA DI VILLA S. FILIPPO,,34,,Veicolo in marcia contro veicoli in sosta,,,,,,,,,,0,0,0,2,,,False
2658549,1,16/01/2016T19:00:00,Strada Urbana,all'intersezione semaforizzata con,PIAZZA DI S. GIOVANNI IN LATERANO,VIA MERULANA,PIAZZA DI S. GIOVANNI IN LATERANO,,,Scontro laterale fra veicoli in marcia,Incrocio,Una carreggiata a doppio senso,Asciutto,Asfaltata,Verticale ed orizzontale,Sereno,Normale,Sufficiente,Sufficiente,0,0,0,2,"12,50187","41,89213",True
2658203,8,16/01/2016T19:15:00,,in prossimit�,del civico n.,VIA CASTELVETRANO,,36,,Veicolo in marcia contro ostacolo accidentale,,,,,,,,,,1,0,0,0,,,False
2659270,3,16/01/2016T19:20:00,,da specificare,,CIRCONVALLAZIONE TIBURTINA,,,DIR. S.GIOVANNI FRONTE LOCALI EASY BOX,Tamponamento,,,,,,,,,,1,0,0,2,,,False
2658699,12,16/01/2016T20:00:00,Strada Urbana,in corrispondenza,del civico n.,VIA ERSILIA MAINO BRONZINI,,51,,Veicolo in marcia contro ostacolo accidentale,Rettilineo,Una carreggiata a senso unico di marcia,Asciutto,Asfaltata,Verticale ed orizzontale,Sereno,Scarso,Sufficiente,Sufficiente,0,0,0,1,"12,50758","41,81547",True
2657062,19,16/01/2016T20:30:00,Strada Urbana,in corrispondenza,del civico n.,VIA DELLA PINETA SACCHETTI,,229 Y,,Tamponamento,Rettilineo,Una carreggiata a senso unico di marcia,Asciutto,Asfaltata,Verticale ed orizzontale,Sereno,Scarso,Buona,Sufficiente,0,0,0,2,"12,42598","41,93036",True
2658660,4,16/01/2016T20:30:00,Strada Urbana,da specificare,,VIA GIOVANNI CONTI,,,altezza Via delle Vigne Nuove,Scontro laterale fra veicoli in marcia,Curva a visuale libera,Due carreggiate,Asciutto,Asfaltata,Orizzontale,Sereno,Scarso,Buona,Sufficiente,0,0,0,2,"12,53109","41,95456",True
2659020,12,16/01/2016T20:40:00,Strada Urbana,all'intersezione con,VIALE DELL'UMANESIMO,VIA CRISTOFORO COLOMBO,VIALE DELL'UMANESIMO,,,Scontro laterale fra veicoli in marcia,Incrocio,Una carreggiata a senso unico di marcia,Asciutto,Asfaltata,Verticale ed orizzontale,Sereno,Normale,Buona,Sufficiente,0,0,0,4,"12,46464","41,82427",True
2659036,17,16/01/2016T20:44:00,Strada Urbana,all'intersezione con,VIA DEGLI SCIPIONI,VIA SILLA,VIA DEGLI SCIPIONI,,,Scontro frontale/laterale SX fra veicoli in marcia,Incrocio,Una carreggiata a senso unico di marcia,Asciutto,Asfaltata,Verticale ed orizzontale,Sereno,Scarso,Sufficiente,Sufficiente,0,0,0,3,"12,4594","41,90891",False
2657651,16,16/01/2016T20:45:00,Strada Urbana,in corrispondenza,del civico n.,VIA S. CALEPODIO,,9,,Veicolo in marcia contro veicolo in sosta,Rettilineo,Una carreggiata a senso unico di marcia,Asciutto,In cubetti di porfido,Assente,Sereno,Scarso,Sufficiente,Sufficiente,0,0,0,1,"12,45765","41,87905",True
2658673,1,16/01/2016T21:10:00,Strada Urbana,all'intersezione semaforizzata con,VIA ALVISE CADAMOSTO,VIALE MARCO POLO,VIA ALVISE CADAMOSTO,,,Scontro frontale/laterale SX fra veicoli in marcia,Incrocio,Una carreggiata a doppio senso,Asciutto,Asfaltata,Verticale ed orizzontale,Sereno,Normale,Sufficiente,Sufficiente,0,0,0,4,,,False
2658142,9,16/01/2016T21:40:00,,da specificare,,PIAZZA CESARE CANTU',,,fronte VIA BOTERO,Veicolo in marcia contro veicoli in sosta,,,,,,,,,,0,0,0,0,"12,52721","41,87128",False
2658284,10,16/01/2016T21:55:00,Strada Urbana,all'intersezione con,VIA APPIA NUOVA,PIAZZA DEI RE DI ROMA,VIA APPIA NUOVA,,,Tamponamento,Rotatoria,Una carreggiata a senso unico di marcia,Asciutto,Asfaltata,Verticale ed orizzontale,Sereno,Normale,Buona,Sufficiente,0,0,0,5,"12,51485","41,88137",True
2658133,11,16/01/2016T22:30:00,Strada Urbana,da specificare,,VIA SALVATORE QUASIMODO,,,in prossimit� del fronte civico 145,Veicolo in marcia contro ostacolo fisso,,Una carreggiata a doppio senso,Asciutto,Asfaltata,Orizzontale,Sereno,Scarso,Buona,Sufficiente,1,0,0,0,"12,4667","41,81479",False
2657152,2,17/01/2016T00:40:00,Strada Urbana,in corrispondenza,del civico n.,VIA BRUXELLES,,51,,Veicolo in marcia contro veicoli in sosta,Rettilineo,Una carreggiata a senso unico di marcia,Asciutto,Asfaltata,Verticale ed orizzontale,Nuvoloso,Scarso,Buona,Sufficiente,0,0,0,1,"12,49921","41,92369",True
2657656,20,17/01/2016T01:05:00,Strada Urbana,all'intersezione con,VIA CORCHIANO,VIA VIBIO MARIANO,VIA CORCHIANO,,,Scontro laterale fra veicoli in marcia,Incrocio,Una carreggiata a doppio senso,Asciutto,Asfaltata,Verticale,Nuvoloso,Scarso,Sufficiente,Sufficiente,1,0,0,1,,,False
2659282,3,17/01/2016T01:15:00,Strada Urbana,all'intersezione con,VIA VAL DI SANGRO,VIA VAL DI LANZO,VIA VAL DI SANGRO,,,Scontro frontale/laterale DX fra veicoli in marcia,Incrocio,Una carreggiata a doppio senso,Asciutto,Asfaltata,Orizzontale,Sereno,Scarso,Buona,Sufficiente,1,0,0,4,"12,52222","41,94489",False
2657791,6,17/01/2016T01:30:00,Strada Urbana,all'intersezione con,VIA FEDERICO DELPINO,VIA DEI CICLAMINI,VIA FEDERICO DELPINO,,,Scontro frontale/laterale SX fra veicoli in marcia,Incrocio,Una carreggiata a doppio senso,Asciutto,Asfaltata,Verticale ed orizzontale,Sereno,Scarso,Sufficiente,Sufficiente,0,0,0,3,"12,56617","41,89184",True
2657638,16,17/01/2016T02:00:00,Strada Urbana,all'intersezione con,VICOLO DEGLI ORTI PORTUENSI,VIA PORTUENSE,VICOLO DEGLI ORTI PORTUENSI,,,Scontro frontale/laterale SX fra veicoli in marcia,Intersezione stradale segnalata,Una carreggiata a doppio senso,Asciutto,Asfaltata,Verticale ed orizzontale,Sereno,Scarso,Buona,Sufficiente,0,0,0,4,"12,40939","41,84342",True
2659905,23,17/01/2016T02:00:00,Strada Urbana,in prossimit�,della chilometrica,VIA CRISTOFORO COLOMBO,,14.75,,Veicolo in marcia contro ostacolo accidentale,Rettilineo,Pi� di due carreggiate,Asciutto,Asfaltata,Verticale ed orizzontale,Sereno,Scarso,Buona,Inesistente,1,0,0,2,"12,40619","41,783",False
2658429,10,17/01/2016T02:45:00,Statale entro l'abitato,in prossimit�,del civico n.,VIA PRENESTINA,,1188,,Veicolo in marcia contro ostacolo accidentale,Rettilineo,Una carreggiata a doppio senso,Asciutto,Con buche,Assente,Sereno,Normale,Buona,Sufficiente,0,0,0,1,"12,62729","41,89267",True
2659687,1,17/01/2016T03:00:00,Strada Urbana,all'intersezione semaforizzata con,PIAZZA GIUSEPPE GIOACHINO BELLI,PONTE GARIBALDI,PIAZZA GIUSEPPE GIOACHINO BELLI,,,Investimento di pedone,Intersezione semaforizzata,Una carreggiata a doppio senso,Asciutto,Asfaltata,Verticale ed orizzontale,Sereno,Normale,Sufficiente,Sufficiente,0,0,0,4,,,False
2658227,5,17/01/2016T03:30:00,Strada Urbana,da specificare,,NUOVA CIRCONVALLAZIONE INTERNA,,,DIREZIONE SAN GIOVANNI,Veicolo in marcia contro ostacolo fisso,Rettilineo,Due carreggiate,Asciutto,Asfaltata,Verticale ed orizzontale,Sereno,Scarso,Sufficiente,Sufficiente,1,0,0,0,"12,53006","41,91545",True
2659670,1,17/01/2016T03:45:00,Strada Urbana,in prossimit�,del civico n.,VIA LUDOVICO MURATORI,,7,,Veicolo in marcia contro veicolo in sosta,Rettilineo,Una carreggiata a senso unico di marcia,Asciutto,Asfaltata,Verticale ed orizzontale,Sereno,Scarso,Buona,Sufficiente,0,0,0,0,,,False
2658260,2,17/01/2016T04:05:00,Strada Urbana,in corrispondenza,del civico n.,VIA SALARIA,,334,,Veicolo in marcia contro ostacolo fisso,Rettilineo,Una carreggiata a doppio senso,Asciutto,Asfaltata,Verticale ed orizzontale,Sereno,Scarso,Buona,Sufficiente,2,0,0,0,"12,50325","41,924",True
2659945,23,17/01/2016T04:40:00,Comunale extraurbana,in prossimit�,della chilometrica,VIA CRISTOFORO COLOMBO,,15.5,,Veicolo in marcia contro ostacolo fisso,Curva senza visuale libera,Una carreggiata a senso unico di marcia,Asciutto,Asfaltata,Verticale ed orizzontale,Sereno,Scarso,Sufficiente,Inesistente,0,0,0,1,"12,44704","41,80373",True
2658140,11,17/01/2016T04:45:00,Strada Urbana,all'intersezione con,VIA GINORI,VIA ALDO MANUZIO,VIA GINORI,,,Scontro frontale/laterale SX fra veicoli in marcia,Incrocio,Due carreggiate,Asciutto,Asfaltata,Verticale ed orizzontale,Sereno,Scarso,Sufficiente,Sufficiente,0,0,0,4,"12,47601","41,87881",True
2657812,6,17/01/2016T05:00:00,Strada Urbana,in corrispondenza,del civico n.,VIA VINCENZO MONAMI',,20,,Veicolo in marcia contro veicolo in sosta,Rettilineo,Una carreggiata a senso unico di marcia,Asciutto,Asfaltata,Assente,Sereno,Scarso,Sufficiente,Sufficiente,0,0,0,1,"12,6461","41,86541",True
2665011,18,17/01/2016T05:00:00,Statale,in prossimit�,della chilometrica,VIA AURELIA,,19.6,,Veicolo in marcia contro ostacolo fisso,Curva a visuale libera,Due carreggiate,Asciutto,Asfaltata,Verticale ed orizzontale,Nuvoloso,Scarso,Insufficiente,Inesistente,0,0,0,1,"12,26737","41,90598",True
2658815,1,17/01/2016T05:45:00,Strada Urbana,in prossimit�,del palo luce n.,LUNGOTEVERE GIANICOLENSE,,9,,Veicolo in marcia contro veicolo in sosta,Rettilineo,Una carreggiata a senso unico di marcia,Asciutto,Asfaltata,Verticale ed orizzontale,Sereno,Scarso,Sufficiente,Sufficiente,0,0,0,5,"12,46411","41,89718",True
2658370,19,17/01/2016T06:00:00,Strada Urbana,in prossimit�,del civico n.,VIA DELLA PINETA SACCHETTI,,225,,Veicolo in marcia contro ostacolo fisso,Rettilineo,Una carreggiata a senso unico di marcia,Asciutto,Asfaltata,Orizzontale,Sereno,Scarso,Buona,Sufficiente,1,0,0,0,"12,42737","41,92971",True
2658454,10,17/01/2016T06:51:00,Strada Urbana,in prossimit�,del civico n.,VIA TUSCOLANA,,1866,,Veicolo in marcia contro ostacolo fisso,Rettilineo,Una carreggiata a senso unico di marcia,Asciutto,Asfaltata,Orizzontale,Sereno,Scarso,Insufficiente,Inesistente,1,0,0,0,"12,58709","41,84032",False
2658188,15,17/01/2016T08:00:00,Strada Urbana,in corrispondenza,del civico n.,VIA PORTUENSE,,473,,Veicolo in marcia contro veicolo in sosta,Rettilineo,Una carreggiata a doppio senso,Asciutto,Asfaltata,Verticale ed orizzontale,Sereno,Normale,Buona,Ore Diurne,0,0,0,1,"12,45235","41,86145",True
2664828,18,17/01/2016T09:20:00,Strada Urbana,all'intersezione con,VIA DI TORRE ROSSA,VIA AURELIA ANTICA,VIA DI TORRE ROSSA,,,Scontro frontale/laterale DX fra veicoli in marcia,Intersezione stradale segnalata,Una carreggiata a doppio senso,Asciutto,Asfaltata,Verticale ed orizzontale,Sereno,Normale,Buona,Ore Diurne,0,0,0,2,"12,42019","41,8884",True
2658801,2,17/01/2016T10:30:00,Strada Urbana,all'intersezione con,VIA SCIRE',PIAZZA AMBA ALAGI,VIA SCIRE',,,Veicolo in marcia contro veicolo in sosta,Incrocio,Una carreggiata a senso unico di marcia,Asciutto,Asfaltata,Orizzontale,Sereno,Scarso,Buona,Ore Diurne,0,0,0,0,"12,52418","41,92995",True
2658195,15,17/01/2016T10:30:00,Strada Urbana,in prossimit�,del civico n.,VIALE GUGLIELMO MARCONI,,54,,Investimento di pedone,Rettilineo,Due carreggiate,Asciutto,Asfaltata,Orizzontale,Sereno,Normale,Buona,Ore Diurne,1,0,0,1,"12,46781","41,86842",False
2658181,11,17/01/2016T10:40:00,Strada Urbana,in corrispondenza,del civico n.,VIA ARISTIDE LEONORI,,27,,Veicolo in marcia contro veicolo in sosta,Rettilineo,Una carreggiata a senso unico di marcia,Asciutto,Asfaltata,Verticale ed orizzontale,Sereno,Normale,Buona,Ore Diurne,0,0,0,1,"12,48781","41,84949",True
2658251,8,17/01/2016T10:45:00,,da specificare,,VIA SELLIA,,,pross. Via Gadurso,Veicolo in marcia contro ostacolo accidentale,,,,,,,,,,0,0,0,1,,,False
2658432,7,17/01/2016T11:00:00,Strada Urbana,da specificare,,VIALE PALMIRO TOGLIATTI,,,altezza via perlasca,Veicolo in marcia contro ostacolo accidentale,Rettilineo,Una carreggiata a senso unico di marcia,Asciutto,Asfaltata,Assente,Sereno,Normale,Buona,Ore Diurne,0,0,0,2,"12,57399","41,90069",True
2658347,19,17/01/2016T11:00:00,Strada Urbana,da specificare,,VIA DOMENICO MONTAGNANA,,,pross. Via della Storta,Scontro frontale/laterale DX fra veicoli in marcia,Curva a visuale libera,Una carreggiata a doppio senso,Asciutto,Asfaltata,Assente,Sereno,Scarso,Buona,Ore Diurne,0,0,0,2,"12,36579","41,94589",True
2657891,6,17/01/2016T11:45:00,Strada Urbana,all'intersezione con,VIA ROBERTO MALATESTA,VIA DI ACQUA BULLICANTE,VIA ROBERTO MALATESTA,,,Investimento di pedone,Incrocio,Una carreggiata a doppio senso,Asciutto,Asfaltata,Verticale ed orizzontale,Sereno,Normale,Buona,Ore Diurne,1,0,0,1,"12,54332","41,88103",False
2658711,1,17/01/2016T12:00:00,Strada Urbana,all'intersezione semaforizzata con,VIA DI S. PRISCA,VIALE AVENTINO,VIA DI S. PRISCA,,,Scontro laterale fra veicoli in marcia,Incrocio,Pi� di due carreggiate,Asciutto,In cubetti di porfido,Verticale ed orizzontale,Sereno,Normale,Buona,Ore Diurne,0,0,0,4,"12,48441","41,88082",True
2658205,15,17/01/2016T12:00:00,Strada Urbana,in prossimit�,del civico n.,VICOLO DEL CONTE,,2,,Investimento di pedone,Rettilineo,Una carreggiata a doppio senso,Asciutto,Asfaltata,Verticale,Sereno,Scarso,Buona,Ore Diurne,0,0,0,2,"12,42351","41,86553",True
2658388,19,17/01/2016T12:15:00,Strada Urbana,in prossimit�,del civico n.,VIA IGEA,,7,,Veicolo in marcia contro veicolo in sosta,Rettilineo,Una carreggiata a doppio senso,Asciutto,Asfaltata,Orizzontale,Sereno,Normale,Buona,Ore Diurne,0,0,0,2,"12,44019","41,93417",True
2658410,10,17/01/2016T12:30:00,Strada Urbana,all'intersezione con,VIA CROPANI,VIA GASPERINA,VIA CROPANI,,,Scontro frontale/laterale DX fra veicoli in marcia,Incrocio,Una carreggiata a doppio senso,Asciutto,Asfaltata,Verticale ed orizzontale,Sereno,Scarso,Buona,Ore Diurne,0,0,0,5,"12,59946","41,8326",True
2658679,4,17/01/2016T13:30:00,Strada Urbana,all'intersezione con,VIA MONTE CROCE,VIA MONTE ROCCHETTA,VIA MONTE CROCE,,,Veicolo in marcia contro ostacolo accidentale,Incrocio,Una carreggiata a doppio senso,Asciutto,Asfaltata,Verticale ed orizzontale,Sereno,Scarso,Buona,Ore Diurne,0,0,0,1,"12,53174","41,94734",True
2658221,8,17/01/2016T13:30:00,,in prossimit�,del civico n.,VIA DEL PONTE DI NONA,,51,,Veicolo in marcia contro ostacolo accidentale,,,,,,,,,,0,0,0,1,,,False
2659299,3,17/01/2016T13:35:00,Strada Urbana,da specificare,,Tang Est dir San Giovanni,,,ALTEZZA SACRARIO MILITARE,Scontro laterale fra veicoli in marcia,Rettilineo,Una carreggiata a senso unico di marcia,Asciutto,Asfaltata,Verticale ed orizzontale,Sereno,Normale,Buona,Ore Diurne,0,0,0,3,"12,53074","41,90804",True
2659135,17,17/01/2016T13:45:00,Strada Urbana,in corrispondenza,del civico n.,VIA CRESCENZIO,,14a,,Scontro frontale/laterale DX fra veicoli in marcia,Rettilineo,Una carreggiata a doppio senso,Asciutto,Acciotolata,Verticale ed orizzontale,Sereno,Scarso,Buona,Ore Diurne,1,0,0,2,"12,4657","41,90574",False
2659310,3,17/01/2016T13:50:00,Strada Urbana,da specificare,,VIA RODOLFO LANCIANI,,,FRONTE CIVICO 7,Ribaltamento senza urto contro ostacolo fisso,Rettilineo,Una carreggiata a senso unico di marcia,Asciutto,Asfaltata,Verticale ed orizzontale,Sereno,Scarso,Buona,Ore Diurne,0,0,0,2,"12,52127","41,92113",True
2657903,6,17/01/2016T14:30:00,Strada Urbana,da specificare,,VIA CASILINA,,,ALTEZZA CIVICO 109/A,Scontro laterale fra veicoli in marcia,Rettilineo,Una carreggiata a doppio senso,Asciutto,Asfaltata,Orizzontale,Sereno,Scarso,Buona,Ore Diurne,1,0,0,1,"12,52232","41,8887",False
2658411,7,17/01/2016T14:55:00,Strada Urbana,da specificare,,VIALE PALMIRO TOGLIATTI,,,altezza via Perlasca,Veicolo in marcia contro ostacolo accidentale,Rettilineo,Una carreggiata a senso unico di marcia,Asciutto,Asfaltata,Assente,Sereno,Normale,Buona,Ore Diurne,0,0,0,2,"12,57412","41,90057",True
2658237,8,17/01/2016T15:20:00,Strada Urbana,in corrispondenza,del civico n.,VIA SAN BIAGIO PLATANI,,74,,Veicolo in marcia contro ostacolo accidentale,Rettilineo,Una carreggiata a doppio senso,Asciutto,Strada pavimentata dissestata,Orizzontale,Sereno,Scarso,Buona,Ore Diurne,0,0,0,1,"12,65126","41,86974",True
2659965,23,17/01/2016T15:30:00,Strada Urbana,in prossimit�,del civico n.,VIA CRISTOFORO COLOMBO,,2224,,Veicolo in marcia contro ostacolo accidentale,Rettilineo,Pi� di due carreggiate,Asciutto,Asfaltata,Orizzontale,Nuvoloso,Scarso,Buona,Ore Diurne,0,0,0,2,"12,36503","41,75159",False
2658155,20,17/01/2016T16:15:00,Strada Urbana,in prossimit�,del civico n.,VIALE DI TOR DI QUINTO,,33,,Veicolo in marcia contro veicoli in sosta,Rettilineo,Una carreggiata a doppio senso,Asciutto,Asfaltata,Verticale ed orizzontale,Sereno,Normale,Buona,Ore Diurne,0,0,0,1,"12,46846","41,93731",True
2658471,19,17/01/2016T17:00:00,Strada Urbana,in corrispondenza,del civico n.,VIA DELLA BALDUINA,,227,,Scontro frontale/laterale DX fra veicoli in marcia,Rettilineo,Una carreggiata a doppio senso,Asciutto,Asfaltata,Orizzontale,Sereno,Scarso,Buona,Ore Diurne,1,0,0,1,"12,43874","41,92322",True
2658202,13,17/01/2016T17:10:00,Strada Urbana,da specificare,,VIALE CHARLES LENORMANT,,,altezza McDonald,Tamponamento,Rotatoria,Due carreggiate,Asciutto,Asfaltata,Verticale ed orizzontale,Nuvoloso,Normale,Buona,Sufficiente,0,0,0,4,"12,32929","41,77281",True
2659742,1,17/01/2016T17:10:00,Strada Urbana,all'intersezione con,VIA SARDEGNA,VIA PIEMONTE,VIA SARDEGNA,,,Scontro frontale/laterale DX fra veicoli in marcia,Incrocio,Una carreggiata a senso unico di marcia,Asciutto,Asfaltata,Verticale ed orizzontale,Nuvoloso,Normale,Sufficiente,Sufficiente,0,0,0,3,,,False
2659080,17,17/01/2016T17:15:00,Strada Urbana,da specificare,,LUNGOTEVERE DEI MELLINI,,,fronte civ. 7b,Scontro laterale fra veicoli in marcia,Rettilineo,Pi� di due carreggiate,Asciutto,Asfaltata,Verticale ed orizzontale,Sereno,Normale,Buona,Ore Diurne,0,0,0,3,"12,47315","41,90715",True
2658244,5,17/01/2016T17:35:00,Strada Urbana,all'intersezione con,VIA GIOVANNI PITTALUGA,VIA DOMENICO CUCCHIARI,VIA GIOVANNI PITTALUGA,,,Scontro frontale/laterale DX fra veicoli in marcia,Incrocio,Una carreggiata a doppio senso,Asciutto,Asfaltata,Verticale ed orizzontale,Sereno,Scarso,Buona,Sufficiente,0,0,0,3,"12,5369","41,89981",True
2658246,8,17/01/2016T17:50:00,,da specificare,,VIA DI LUNGHEZZINA,,,400 m prima inters. Via Polense,Veicolo in marcia contro ostacolo accidentale,,,,,,,,,,0,0,0,2,,,False
2658192,20,17/01/2016T18:00:00,Strada Urbana,da specificare,,VIA FLAMINIA,,,prossimit� Via Achille Loria,Scontro laterale fra veicoli in marcia,Rettilineo,Una carreggiata a doppio senso,Asciutto,Asfaltata,Verticale ed orizzontale,Sereno,Normale,Sufficiente,Sufficiente,1,0,0,0,,,False
2658153,9,17/01/2016T18:00:00,,in prossimit�,del civico n.,VIA POMEZIA,,44,,Veicolo in marcia contro veicolo in sosta,,,,,,,,,,0,0,0,1,,,False
2658242,8,17/01/2016T18:40:00,,da specificare,,VIA DI LUNGHEZZINA,,,400 m prima inters. Via Polense,Veicolo in marcia contro ostacolo accidentale,,,,,,,,,,0,0,0,3,,,False
2658695,4,17/01/2016T19:30:00,Statale entro l'abitato,in prossimit�,del civico n.,VIA SALARIA,,1223,,Scontro laterale fra veicoli in marcia,Rettilineo,Due carreggiate,Asciutto,Asfaltata,Verticale ed orizzontale,Sereno,Normale,Buona,Insufficiente,0,0,0,3,"12,51111","41,9877",True
2657974,12,17/01/2016T20:25:00,Strada Urbana,in prossimit�,del palo luce n.,VIA CESARE FRUGONI,,7,,Scontro frontale/laterale SX fra veicoli in marcia,Curva senza visuale libera,Una carreggiata a doppio senso,Asciutto,Asfaltata,Orizzontale,Sereno,Scarso,Buona,Sufficiente,1,0,0,1,"12,46695","41,84107",False
2658249,5,17/01/2016T21:05:00,Strada Urbana,all'intersezione con,VIA AOSTA,VIA TARANTO,VIA AOSTA,,,Scontro frontale/laterale DX fra veicoli in marcia,Intersezione semaforizzata,Una carreggiata a doppio senso,Asciutto,Asfaltata,Verticale ed orizzontale,Sereno,Normale,Sufficiente,Sufficiente,1,0,0,1,"12,51498","41,88456",True
2659639,13,17/01/2016T22:00:00,Strada Urbana,in corrispondenza,del civico n.,VIA DELL'APPAGLIATORE,,5,,Veicolo in marcia contro veicoli in sosta,Rettilineo,Una carreggiata a doppio senso,Asciutto,Asfaltata,Orizzontale,Sereno,Normale,Buona,Sufficiente,0,0,0,1,"12,26475","41,7372",True
2658167,13,17/01/2016T22:05:00,Strada Urbana,da specificare,,VIA DEL FOSSO DI DRAGONCELLO,,,altezza ponte idrovore,Veicolo in marcia contro ostacolo fisso,Rettilineo,Una carreggiata a doppio senso,Asciutto,Asfaltata,Verticale,Sereno,Scarso,Buona,Sufficiente,0,0,0,1,"12,32881","41,7545",True
2659369,20,17/01/2016T22:15:00,Regionale,da specificare,,VIA CASSIA,,,alt.zza Cappelleta della Giustiniana - Palo Acea  ,Veicolo in marcia contro ostacolo fisso,Rettilineo,Una carreggiata a doppio senso,Asciutto,Asfaltata,Verticale ed orizzontale,Sereno,Normale,Sufficiente,Sufficiente,0,0,0,1,,,False
2662755,20,17/01/2016T22:16:00,Regionale,da specificare,,VIA CASSIA,,,in prossimit� di Cassia Giustiniana palo ACEA 246,Veicolo in marcia contro ostacolo fisso,Rettilineo,Una carreggiata a doppio senso,Asciutto,Asfaltata,Verticale ed orizzontale,Sereno,Normale,Sufficiente,Sufficiente,0,0,0,1,,,False
2662630,20,17/01/2016T22:18:00,Regionale,da specificare,,VIA CASSIA,,,Cappelletta della Giustiniana pross palo Acea 246,Veicolo in marcia contro ostacolo fisso,Rettilineo,Una carreggiata a doppio senso,Asciutto,Asfaltata,Verticale ed orizzontale,Sereno,Normale,Sufficiente,Sufficiente,0,0,0,1,,,False
2658289,7,17/01/2016T23:00:00,Strada Urbana,all'intersezione con,VIA APPIA NUOVA,PIAZZA CESARE CANTU',VIA APPIA NUOVA,,,Scontro laterale fra veicoli in marcia,Intersezione stradale segnalata,Due carreggiate,Asciutto,Asfaltata,Verticale ed orizzontale,Sereno,Scarso,Buona,Sufficiente,0,0,0,5,"12,52728","41,87136",True
2659662,16,17/01/2016T23:00:00,Strada Urbana,all'intersezione con,VIA DI DONNA OLIMPIA,VIA VITELLIA,VIA DI DONNA OLIMPIA,,,Scontro frontale/laterale DX fra veicoli in marcia,Intersezione semaforizzata,Una carreggiata a doppio senso,Asciutto,Asfaltata,Verticale ed orizzontale,Sereno,Scarso,Sufficiente,Sufficiente,0,0,0,3,"12,45014","41,88041",True
2659057,12,18/01/2016T01:00:00,,da specificare,,VIA DELLE TRE FONTANE,,,prossimit� rampa Via del Tintoretto Palo luce 46,Scontro frontale fra veicoli in marcia,,,,,,,,,,3,0,0,0,"12,47913","41,83777",False