_ID,_Gruppo,_DataOraIncidente,_Localizzazione1,_Localizzazione2,_Strada1,_DaSpecificare,_NaturaIncidente,_ParticolaritaStrade,_TipoStrada,_FondoStradale,_Pavimentazione,_Segnaletica,_CondizioneAtmosferica,_Traffico,_Visibilita,_Illuminazione,_NUM_FERITI,_NUM_RISERVATA,_NUM_MORTI,_NUM_ILLESI,_Longitudine,_Latitudine,_CONFERMATO,__prefix,_Strada02,_Strada2,_Chilometrica
2659322,3,18/01/2016T01:50:00,Strada Urbana,da specificare,,PIAZZALE LABICANO,,,PROSSIMITA' VIA CASILINA,Tamponamento Multiplo,Rettilineo,Una carreggiata a senso unico di marcia,Asciutto,Asfaltata,Verticale ed orizzontale,Sereno,Normale,Buona,Sufficiente,0,0,0,4,"12,51559","41,89125",True
2658933,10,18/01/2016T04:30:00,Strada Urbana,in prossimit�,del civico n.,VIA ACAIA,,50,,Veicolo in marcia contro veicoli in sosta,Rettilineo,Una carreggiata a doppio senso,Asciutto,Asfaltata,Verticale ed orizzontale,Sereno,Scarso,Buona,Sufficiente,1,0,0,1,"12,50779","41,87635",True
2658269,5,18/01/2016T04:35:00,Strada Urbana,da specificare,,VIA DELLE CASE ROSSE,,,rotatoria via di Salone,Veicolo in marcia contro ostacolo accidentale,Rettilineo,Una carreggiata a senso unico di marcia,Ghiacciato,Asfaltata,Verticale,Sereno,Scarso,Buona,Sufficiente,0,0,0,1,"12,63009","41,92583",True
2659236,15,18/01/2016T06:35:00,Strada Urbana,da specificare,,VIA DELLA MAGLIANA,,,RAMPA IMMISSIONE ROMA/FIUMICINO DIR. FIUMICINO,Scontro laterale fra veicoli in marcia,Rettilineo,Una carreggiata a senso unico di marcia,Asciutto,Asfaltata,Assente,Sereno,Normale,Buona,Ore Diurne,0,0,0,2,"12,42401","41,83394",True
2658241,20,18/01/2016T07:25:00,Strada Urbana,all'intersezione semaforizzata con,LUNGOTEVERE MARESCIALLO DIAZ,LARGO MARESCIALLO DIAZ,LUNGOTEVERE MARESCIALLO DIAZ,,,Scontro laterale fra veicoli in marcia,Intersezione semaforizzata,Due carreggiate,Asciutto,Asfaltata,Verticale ed orizzontale,Sereno,Normale,Buona,Ore Diurne,0,0,0,3,"12,46557","41,93644",True
2659601,5,18/01/2016T07:50:00,Strada Urbana,in prossimit�,del civico n.,VIA IGINO GIORDANI,,96,,Scontro frontale/laterale DX fra veicoli in marcia,Rettilineo,Una carreggiata a doppio senso,Asciutto,Asfaltata,Orizzontale,Sereno,Intenso,Buona,Ore Diurne,0,0,0,3,"12,56376","41,90691",True
2659772,4,18/01/2016T08:00:00,Strada Urbana,in prossimit�,del civico n.,VIA SAMBUCA PISTOIESE,,2,,Veicolo in marcia contro ostacolo accidentale,Rettilineo,Una carreggiata a doppio senso,Ghiacciato,Asfaltata,Assente,Sereno,Scarso,Buona,Ore Diurne,1,0,0,0,"12,50477","41,97102",False
2659281,19,18/01/2016T08:00:00,Strada Urbana,in prossimit�,del civico n.,VIA UGO DE CAROLIS,,195,,Veicolo in marcia contro veicolo in sosta,Rettilineo,Una carreggiata a doppio senso,Asciutto,Asfaltata,Orizzontale,Sereno,Normale,Buona,Ore Diurne,0,0,0,0,"12,43805","41,92124",True
2658494,12,18/01/2016T08:00:00,Strada Urbana,all'intersezione con,VIALE CESARE PAVESE,VIALE DELL'UMANESIMO,VIALE CESARE PAVESE,,,Scontro laterale fra veicoli in marcia,Incrocio,Una carreggiata a doppio senso,Asciutto,Asfaltata,Verticale ed orizzontale,Sereno,Normale,Buona,Ore Diurne,1,0,0,2,"12,48019","41,8203",False
2658475,20,18/01/2016T08:05:00,Strada Urbana,all'intersezione semaforizzata con,VIA BRUNICO,VIALE CORTINA D'AMPEZZO,VIA BRUNICO,,,Scontro frontale/laterale SX fra veicoli in marcia,Intersezione semaforizzata,Una carreggiata a doppio senso,Asciutto,Asfaltata,Verticale ed orizzontale,Sereno,Normale,Buona,Ore Diurne,0,0,0,2,,,False
2659757,16,18/01/2016T08:05:00,Strada Urbana,in corrispondenza,del civico n.,VIA AURELIA ANTICA,,415,,Scontro frontale/laterale SX fra veicoli in marcia,Rettilineo,Una carreggiata a doppio senso,Asciutto,Asfaltata,Orizzontale,Sereno,Normale,Buona,Ore Diurne,1,0,0,5,,,False
2659738,4,18/01/2016T08:10:00,Strada Urbana,in prossimit�,del palo luce n.,VIADOTTO ANTONIO SEGNI,,126,,Tamponamento,Rettilineo,Due carreggiate,Asciutto,Asfaltata,Orizzontale,Sereno,Normale,Buona,Ore Diurne,0,0,0,4,"12,54116","41,95543",True
2659613,5,18/01/2016T08:20:00,Strada Urbana,da specificare,,Tangenziale Est direzione S. Giovanni,,,TRATTO SOPRAELEVATO FERROVIA,Veicolo in marcia contro ostacolo accidentale,Rettilineo,Due carreggiate,Ghiacciato,Asfaltata,Verticale ed orizzontale,Nebbia,Intenso,Buona,Ore Diurne,1,0,0,0,,,False
2659622,5,18/01/2016T08:25:00,,da specificare,,Tangenziale Est direzione S. Giovanni,,,tratto sopraelevato ferrovia ,Veicolo in marcia contro ostacolo accidentale,,,,,,,,,,1,0,0,0,,,False
2659307,19,18/01/2016T08:25:00,Strada Urbana,in prossimit�,del civico n.,VIA FRANCO MICHELINI TOCCI,,3,,Veicolo in marcia contro ostacolo accidentale,Curva a visuale libera,Una carreggiata a doppio senso,Ghiacciato,Asfaltata,Orizzontale,Sereno,Scarso,Buona,Ore Diurne,0,0,0,1,"12,44625","41,92245",True
2659294,19,18/01/2016T08:25:00,Strada Urbana,all'intersezione con,VIA GUIDO ALESSI,VIA FRANCO MICHELINI TOCCI,VIA GUIDO ALESSI,,,Veicolo in marcia contro ostacolo fisso,Incrocio,Una carreggiata a senso unico di marcia,Ghiacciato,Asfaltata,Verticale,Sereno,Scarso,Buona,Ore Diurne,1,0,0,0,"12,44665","41,9226",True
2659657,13,18/01/2016T08:30:00,Strada Urbana,all'intersezione con,VIA GUIDO MARIA CONFORTI,VIA DEI MONTI DI S. PAOLO,VIA GUIDO MARIA CONFORTI,,,Scontro frontale/laterale SX fra veicoli in marcia,Incrocio,Una carreggiata a doppio senso,Asciutto,Asfaltata,Verticale,Sereno,Scarso,Buona,Ore Diurne,1,0,0,1,"12,3577","41,78881",False
2660326,17,18/01/2016T08:30:00,Strada Urbana,all'intersezione con,VIA ANTONIO CHINOTTO,VIA MONTE ZEBIO,VIA ANTONIO CHINOTTO,,,Veicolo in marcia contro veicolo in sosta,Incrocio,Due carreggiate,Asciutto,Asfaltata,Verticale ed orizzontale,Sereno,Normale,Buona,Ore Diurne,0,0,0,2,"12,46522","41,91876",True
2658487,2,18/01/2016T08:30:00,Strada Urbana,all'intersezione con,VIA MONTEROTONDO,VIA DI VILLA CHIGI,VIA MONTEROTONDO,,,Scontro frontale/laterale DX fra veicoli in marcia,Incrocio,Una carreggiata a doppio senso,Asciutto,Asfaltata,Verticale ed orizzontale,Sereno,Normale,Buona,Ore Diurne,0,0,0,2,"12,51421","41,93352",True
2659039,9,18/01/2016T08:30:00,Strada Urbana,da specificare,,LARGO BASTIA,,,fronte civico 40,Veicolo in marcia contro veicolo in sosta,Rettilineo,Una carreggiata a doppio senso,Asciutto,Asfaltata,Verticale,Nuvoloso,Scarso,Buona,Ore Diurne,0,0,0,0,"12,53469","41,87472",True
2659621,8,18/01/2016T08:40:00,Strada Urbana,all'intersezione con,LARGO ROTELLO,VIA MASSA DI SAN GIULIANO,LARGO ROTELLO,,,Scontro laterale fra veicoli in marcia,Intersezione stradale segnalata,Una carreggiata a doppio senso,Asciutto,Asfaltata,Verticale ed orizzontale,Sereno,Scarso,Buona,Ore Diurne,0,0,0,3,"12,68369","41,91753",True
2659617,13,18/01/2016T08:45:00,Strada Urbana,all'intersezione con,VIA VALFLORIANA,VIA DOBBIACO,VIA VALFLORIANA,,,Scontro frontale/laterale DX fra veicoli in marcia,Incrocio,Una carreggiata a doppio senso,Asciutto,Asfaltata,Assente,Sereno,Normale,Sufficiente,Ore Diurne,2,0,0,2,"12,37953","41,73009",False
2659289,19,18/01/2016T08:45:00,Strada Urbana,da specificare,,VIA MONTIGLIO,,,(altezza ingresso pineto),Tamponamento,Rettilineo,Una carreggiata a doppio senso,Asciutto,Asfaltata,Verticale ed orizzontale,Sereno,Normale,Buona,Ore Diurne,0,0,0,2,"12,42872","41,92407",True
2658751,17,18/01/2016T08:45:00,Strada Urbana,in corrispondenza,del civico n.,VIA S. TOMMASO D'AQUINO,,14,,Investimento di pedone,Rettilineo,Una carreggiata a senso unico di marcia,Asciutto,Asfaltata,Verticale ed orizzontale,Sereno,Scarso,Buona,Ore Diurne,1,0,0,1,"12,44824","41,91131",False
2659301,11,18/01/2016T08:50:00,Strada Urbana,da specificare,,VIA CRISTOFORO COLOMBO,,,laterale altezza via Capitan Bavastro dir Eur,Tamponamento Multiplo,Rettilineo,Una carreggiata a senso unico di marcia,Asciutto,Asfaltata,Verticale ed orizzontale,Sereno,Normale,Buona,Ore Diurne,0,0,0,3,"12,49602","41,86942",True
2659954,17,18/01/2016T09:10:00,Strada Urbana,in prossimit�,del civico n.,VIA LEONE IV,,64,,Ribaltamento senza urto contro ostacolo fisso,Rettilineo,Una carreggiata a doppio senso,Asciutto,Asfaltata,Verticale ed orizzontale,Sereno,Normale,Buona,Ore Diurne,0,0,0,1,"12,45504","41,91003",True
2658418,10,18/01/2016T09:15:00,Strada Urbana,all'intersezione con,VIALE MARCO FULVIO NOBILIORE,PIAZZA S. GIOVANNI BOSCO,VIALE MARCO FULVIO NOBILIORE,,,Scontro frontale/laterale SX fra veicoli in marcia,Incrocio,Due carreggiate,Asciutto,Asfaltata,Verticale ed orizzontale,Sereno,Normale,Buona,Ore Diurne,0,0,0,2,"12,5646","41,8587",True
2659813,18,18/01/2016T09:35:00,Strada Urbana,all'intersezione semaforizzata con,CIRCONVALLAZIONE AURELIA,PIAZZA S. GIOVANNI BATTISTA DE LA SALLE,CIRCONVALLAZIONE AURELIA,,,Tamponamento,Intersezione semaforizzata,Pi� di due carreggiate,Asciutto,Asfaltata,Verticale ed orizzontale,Sereno,Normale,Buona,Ore Diurne,0,0,0,2,"12,42753","41,89842",True
2659700,20,18/01/2016T09:40:00,Strada Urbana,in corrispondenza,del civico n.,VIA S. GIOVANNA ELISABETTA,,13,,Veicolo in marcia contro ostacolo accidentale,Rettilineo,Una carreggiata a senso unico di marcia,Ghiacciato,Asfaltata,Verticale,Sereno,Normale,Buona,Ore Diurne,1,0,0,0,,,False
2658826,12,18/01/2016T09:40:00,Strada Urbana,da specificare,,VIA CRISTOFORO COLOMBO,,,altezza uscita viadotto della Magliana,Tamponamento,Rettilineo,Pi� di due carreggiate,Asciutto,Asfaltata,Verticale ed orizzontale,Sereno,Normale,Buona,Ore Diurne,0,0,0,2,"12,4752","41,84186",True
2658752,6,18/01/2016T10:10:00,Strada Urbana,in prossimit�,del civico n.,VIA DI ACQUA BULLICANTE,,72,,Investimento di pedone,Rettilineo,Una carreggiata a doppio senso,Asciutto,Asfaltata,Orizzontale,Sereno,Normale,Buona,Ore Diurne,1,0,0,1,"12,54342","41,88383",True
2658545,10,18/01/2016T10:15:00,Strada Urbana,in prossimit�,del civico n.,VIA ANAGNINA,,281,,Tamponamento Multiplo,Rettilineo,Una carreggiata a senso unico di marcia,Asciutto,Asfaltata,Orizzontale,Sereno,Normale,Buona,Ore Diurne,0,0,0,3,"12,60917","41,82138",True
2659910,1,18/01/2016T10:20:00,Strada Urbana,in corrispondenza,del civico n.,VIA DELLA NAVICELLA,,10,,Investimento di pedone,Pendenza,Una carreggiata a doppio senso,Asciutto,Asfaltata,Verticale ed orizzontale,Sereno,Normale,Buona,Ore Diurne,1,0,0,2,"12,49724","41,88292",False
2659749,13,18/01/2016T10:30:00,Strada Urbana,in corrispondenza,del civico n.,VIA ACHILLE PELLIZZARI,,5,,Veicolo in marcia contro ostacolo fisso,Rettilineo,Una carreggiata a doppio senso,Asciutto,Asfaltata,Assente,Sereno,Scarso,Buona,Ore Diurne,0,0,0,1,"12,35305","41,73383",True
2658650,7,18/01/2016T10:40:00,Strada Urbana,in prossimit�,del civico n.,VIA DEI CASTANI,,225,,Investimento di pedone,Rettilineo,Una carreggiata a doppio senso,Asciutto,Asfaltata,Verticale ed orizzontale,Sereno,Normale,Buona,Ore Diurne,1,0,0,1,"12,56594","41,88675",True
2660018,17,18/01/2016T10:50:00,Strada Urbana,all'intersezione con,VIA POMPEO MAGNO,VIA DEGLI ORSINI,VIA POMPEO MAGNO,,,Investimento di pedone,Intersezione stradale segnalata,Una carreggiata a senso unico di marcia,Asciutto,Asfaltata,Verticale ed orizzontale,Sereno,Normale,Buona,Ore Diurne,1,0,0,1,"12,46938","41,91063",False
2659759,13,18/01/2016T11:05:00,,da specificare,,VIALE DEI ROMAGNOLI,,,in prossimit� di Via della Macchiarella,Infortunio per sola frenata improvvisa,,,,,,,,,,0,0,0,1,"12,32203","41,76901",False
2660135,16,18/01/2016T11:10:00,Strada Urbana,in corrispondenza,del civico n.,PIAZZA CARLO FORLANINI,,25,,Investimento di pedone,Rettilineo,Due carreggiate,Asciutto,Asfaltata,Verticale ed orizzontale,Sereno,Normale,Buona,Ore Diurne,1,0,0,2,,,False
2662843,16,18/01/2016T11:10:00,Strada Urbana,in prossimit�,del civico n.,VIALE ISACCO NEWTON,,51,,Tamponamento,Rettilineo,Due carreggiate,Asciutto,Asfaltata,Verticale ed orizzontale,Sereno,Normale,Buona,Ore Diurne,0,0,0,3,"12,44273","41,84809",True
2658714,20,18/01/2016T11:20:00,Regionale entro l'abitato,in corrispondenza,del civico n.,VIA CASSIA,,876,,Tamponamento Multiplo,Rettilineo,Una carreggiata a doppio senso,Asciutto,Asfaltata,Verticale ed orizzontale,Sereno,Intenso,Buona,Ore Diurne,0,0,0,5,,,False
2659267,15,18/01/2016T11:40:00,Strada Urbana,all'intersezione con,VIA SANTA CROCE SULL'ARNO,VICOLO DEGLI ORTI DELLA MAGLIANA,VIA SANTA CROCE SULL'ARNO,,,Scontro frontale/laterale DX fra veicoli in marcia,Incrocio,Una carreggiata a senso unico di marcia,Asciutto,Asfaltata,Verticale,Sereno,Scarso,Buona,Ore Diurne,0,0,0,4,"12,42781","41,84602",True
2659807,13,18/01/2016T11:45:00,Strada Urbana,in corrispondenza,del civico n.,VIA ARISTIDE CARABELLI,,87,,Scontro laterale fra veicoli in marcia,Rettilineo,Due carreggiate,Asciutto,Asfaltata,Verticale ed orizzontale,Sereno,Scarso,Buona,Ore Diurne,0,0,0,2,"12,26826","41,73881",True
2659062,9,18/01/2016T11:45:00,,da specificare,,PIAZZALE APPIO,,,in prossimit� di VIALE CASTRENSE,Scontro laterale fra veicoli in marcia,,,,,,,,,,0,0,0,2,"12,50973","41,88572",False
2658814,2,18/01/2016T11:45:00,Strada Urbana,in prossimit�,del civico n.,VIA GIOVANNI ANTONELLI,,28,,Scontro frontale/laterale SX fra veicoli in marcia,Pendenza,Una carreggiata a doppio senso,Asciutto,Asfaltata,Verticale ed orizzontale,Sereno,Normale,Buona,Ore Diurne,0,0,0,2,"12,48467","41,92407",True
2659298,11,18/01/2016T12:15:00,Strada Urbana,all'intersezione semaforizzata con,PIAZZALE TOMMASO EDISON,VIALE GUGLIELMO MARCONI,PIAZZALE TOMMASO EDISON,,,Tamponamento,Intersezione semaforizzata,Due carreggiate,Asciutto,Asfaltata,Verticale ed orizzontale,Sereno,Normale,Buona,Ore Diurne,1,0,0,0,,,False
2659909,13,18/01/2016T13:00:00,Strada Urbana,da specificare,,PIAZZA GREGORIO RONCA,,,in prossimit� di Via Capo Soprano,Scontro frontale/laterale DX fra veicoli in marcia,Rotatoria,Una carreggiata a senso unico di marcia,Asciutto,Asfaltata,Orizzontale,Sereno,Scarso,Buona,Ore Diurne,0,0,0,4,"12,2863","41,73342",True
2659783,18,18/01/2016T13:35:00,Strada Urbana,in corrispondenza,del civico n.,VIA GREGORIO VII,,90/A,,Scontro frontale/laterale DX fra veicoli in marcia,Rettilineo,Pi� di due carreggiate,Asciutto,Asfaltata,Verticale ed orizzontale,Sereno,Normale,Buona,Ore Diurne,0,0,0,3,"12,44932","41,89615",True
2659110,19,18/01/2016T14:00:00,Strada Urbana,in corrispondenza,del civico n.,VIA DI CASAL DEL MARMO,,397,,Scontro laterale fra veicoli in marcia,Rettilineo,Una carreggiata a doppio senso,Asciutto,Asfaltata,Orizzontale,Sereno,Normale,Buona,Ore Diurne,1,0,0,1,"12,39068","41,94416",True
2659597,1,18/01/2016T14:30:00,Strada Urbana,all'intersezione semaforizzata con,VIA VENTI SETTEMBRE,VIA DELLE QUATTRO FONTANE,VIA VENTI SETTEMBRE,,,Investimento di pedone,Intersezione semaforizzata,Una carreggiata a doppio senso,Asciutto,Asfaltata,Verticale ed orizzontale,Sereno,Normale,Buona,Ore Diurne,2,0,0,0,"9,644","45,397",True
2659218,2,18/01/2016T14:30:00,Strada Urbana,all'intersezione con,VIA BENACO,VIA CHIANA,VIA BENACO,,,Scontro frontale/laterale SX fra veicoli in marcia,Incrocio,Due carreggiate,Asciutto,Asfaltata,Assente,Sereno,Normale,Buona,Ore Diurne,0,0,0,2,"12,50431","41,92208",True
2659123,9,18/01/2016T14:35:00,,da specificare,,VIA APPIA NUOVA,,,fronte civico 108,Scontro frontale/laterale SX fra veicoli in marcia,,,,,,,,,,1,0,0,1,"12,51188","41,88359",False
2661233,23,18/01/2016T14:50:00,Strada Urbana,in prossimit�,del civico n.,VIALE MANLIO GELSOMINI,,24,,Investimento di pedone,Rettilineo,Una carreggiata a doppio senso,Asciutto,Asfaltata,Verticale ed orizzontale,Sereno,Normale,Buona,Ore Diurne,1,0,0,2,"12,48041","41,8792",False
2659070,7,18/01/2016T15:00:00,Strada Urbana,in prossimit�,del civico n.,VIA RINA MONTI,,38,,Veicolo in marcia contro ostacolo accidentale,Rettilineo,Una carreggiata a doppio senso,Asciutto,Strada pavimentata dissestata,Verticale,Sereno,Scarso,Buona,Ore Diurne,0,0,0,1,"12,60507","41,89676",True
2660292,17,18/01/2016T15:20:00,Strada Urbana,all'intersezione con,BORGO ANGELICO,VIA DEL FALCO,BORGO ANGELICO,,,Veicolo in marcia contro veicolo in sosta,Intersezione stradale segnalata,Una carreggiata a senso unico di marcia,Asciutto,Acciotolata,Verticale ed orizzontale,Sereno,Normale,Sufficiente,Ore Diurne,0,0,0,1,"12,45961","41,90516",True
2659264,12,18/01/2016T15:25:00,Provinciale,in prossimit�,del civico n.,VIA LAURENTINA,,1559,,Fuoriuscita dalla sede stradale,Rettilineo,Una carreggiata a doppio senso,Asciutto,Asfaltata,Temporanea di cantiere,Sereno,Normale,Buona,Ore Diurne,1,0,0,0,"12,48125","41,78949",False
2659728,20,18/01/2016T15:30:00,Strada Urbana,da specificare,,VIA STEFANO JACINI,,,prossimit� Via C.F. di Cambiano,Veicolo in marcia contro veicolo fermo,Rettilineo,Una carreggiata a doppio senso,Asciutto,Asfaltata,Verticale ed orizzontale,Sereno,Normale,Buona,Ore Diurne,0,0,0,1,,,False
2659577,8,18/01/2016T15:30:00,Strada Urbana,all'intersezione con,VIA FERNANDO CONTI,VIA NATALE BALBIANI,VIA FERNANDO CONTI,,,Scontro frontale/laterale SX fra veicoli in marcia,Intersezione non regolata/non segnalata,Una carreggiata a senso unico di marcia,Asciutto,Asfaltata,Verticale ed orizzontale,Sereno,Normale,Buona,Ore Diurne,0,0,0,2,"12,63337","41,8689",True
2659072,20,18/01/2016T15:35:00,Strada Urbana,all'intersezione con,VIA DI VILLA LAUCHLI,VIA CASSIA,VIA DI VILLA LAUCHLI,,,Scontro frontale/laterale SX fra veicoli in marcia,Incrocio,Una carreggiata a doppio senso,Bagnato (umidit� in atto),Asfaltata,Verticale ed orizzontale,Sereno,Intenso,Buona,Ore Diurne,0,0,0,3,"12,45892","41,95639",True
2659872,3,18/01/2016T15:35:00,,in prossimit�,del civico n.,VIA CATANZARO,,49,,Investimento di pedone,,,,,,,,,,2,0,0,0,,,False
2659191,10,18/01/2016T15:40:00,Strada Urbana,da specificare,,PIAZZA DEI CONSOLI,,,strada di accesso alla torretta,Scontro laterale fra veicoli in marcia,Rettilineo,Una carreggiata a doppio senso,Asciutto,Asfaltata,Assente,Sereno,Scarso,Buona,Ore Diurne,0,0,0,3,"12,55707","41,86264",True
2659628,5,18/01/2016T15:45:00,Strada Urbana,in prossimit�,del civico n.,VIA DEL CASALE DI S. BASILIO,,323,,Scontro frontale/laterale DX fra veicoli in marcia,Curva senza visuale libera,Una carreggiata a doppio senso,Asciutto,Asfaltata,Orizzontale,Sereno,Normale,Buona,Ore Diurne,0,0,0,2,"12,58477","41,93261",True
2659627,8,18/01/2016T16:15:00,Strada Urbana,all'intersezione semaforizzata con,VIA MARCELLO ALESSIO,VIA DI TOR VERGATA,VIA MARCELLO ALESSIO,,,Scontro frontale/laterale SX fra veicoli in marcia,Intersezione semaforizzata,Pi� di due carreggiate,Asciutto,Asfaltata,Verticale ed orizzontale,Sereno,Normale,Buona,Ore Diurne,1,0,0,1,"12,62261","41,84739",False
2660651,1,18/01/2016T16:20:00,Strada Urbana,all'intersezione semaforizzata con,PIAZZA DI S. ANDREA DELLA VALLE,CORSO VITTORIO EMANUELE II,PIAZZA DI S. ANDREA DELLA VALLE,,,Infortunio per sola frenata improvvisa,Incrocio,Una carreggiata a doppio senso,Asciutto,Asfaltata,Verticale ed orizzontale,Sereno,Normale,Buona,Sufficiente,1,0,0,1,"12,47144","41,89721",False
2660063,17,18/01/2016T16:30:00,Strada Urbana,da specificare,,PIAZZA DEL RISORGIMENTO,,,fr. via ottaviano,Scontro laterale fra veicoli in marcia,Rettilineo,Una carreggiata a senso unico di marcia,Asciutto,Asfaltata,Verticale ed orizzontale,Sereno,Normale,Buona,Ore Diurne,0,0,0,3,"12,45782","41,90647",False
2659869,1,18/01/2016T16:41:00,Strada Urbana,all'intersezione con,VIA ARIOSTO,VIA GALILEI,VIA ARIOSTO,,,Scontro frontale/laterale DX fra veicoli in marcia,Incrocio,Una carreggiata a senso unico di marcia,Asciutto,Asfaltata,Verticale ed orizzontale,Sereno,Normale,Sufficiente,Sufficiente,1,0,0,1,"12,50408","41,89053",True
2659638,8,18/01/2016T18:00:00,Strada Urbana,in corrispondenza,del palo luce n.,VIA SELLIA,,13,,Veicolo in marcia contro ostacolo accidentale,Rettilineo,Una carreggiata a doppio senso,Asciutto,Asfaltata,Assente,Sereno,Normale,Buona,Sufficiente,0,0,0,1,"12,68327","41,87235",True
2659357,9,18/01/2016T18:00:00,Strada Urbana,in corrispondenza,del civico n.,VIA MONTEFALCO,,15,,Veicolo in marcia contro veicolo in sosta,Rettilineo,Una carreggiata a senso unico di marcia,Asciutto,Asfaltata,Verticale,Sereno,Scarso,Buona,Sufficiente,0,0,0,1,"12,52831","41,88054",True
2659311,7,18/01/2016T18:10:00,Strada Urbana,all'intersezione semaforizzata con,VIA DEI PLATANI,VIALE PALMIRO TOGLIATTI,VIA DEI PLATANI,,,Infortunio per caduta del veicolo,Intersezione semaforizzata,Due carreggiate,Asciutto,Asfaltata,Verticale ed orizzontale,Sereno,Intenso,Buona,Sufficiente,1,0,0,1,"12,57288","41,88079",True
2659949,13,18/01/2016T18:15:00,Strada Urbana,in prossimit�,del civico n.,VIALE CAPITAN CONSALVO,,8,,Tamponamento Multiplo,Rettilineo,Una carreggiata a doppio senso,Asciutto,Asfaltata,Orizzontale,Sereno,Normale,Buona,Sufficiente,1,0,0,2,"12,2784","41,73251",False
2659984,13,18/01/2016T18:20:00,Strada Urbana,in prossimit�,del civico n.,VIA DONATO BARTOLOMEO,,50,,Scontro frontale/laterale SX fra veicoli in marcia,Rettilineo,Una carreggiata a senso unico di marcia,Asciutto,Asfaltata,Verticale ed orizzontale,Sereno,Scarso,Sufficiente,Sufficiente,0,0,0,2,"12,33851","41,77995",False
2659587,8,18/01/2016T18:20:00,Strada Urbana,in prossimit�,del palo luce n.,VIA COLLATINA,,588,,Scontro laterale fra veicoli in marcia,Rettilineo,Una carreggiata a doppio senso,Asciutto,Asfaltata,Verticale ed orizzontale,Sereno,Normale,Sufficiente,Sufficiente,0,0,0,2,"12,61053","41,90604",True
2659326,18,18/01/2016T18:20:00,Strada Urbana,in prossimit�,del civico n.,VIA DI BOCCEA,,262,,Investimento di pedone,Rettilineo,Una carreggiata a doppio senso,Asciutto,Asfaltata,Verticale ed orizzontale,Sereno,Intenso,Sufficiente,Sufficiente,1,0,0,1,"12,41905","41,90368",True
2659833,1,18/01/2016T18:25:00,Strada Urbana,in prossimit�,del civico n.,VIALE CARLO FELICE,,87,,Tamponamento Multiplo,Rettilineo,Due carreggiate,Asciutto,Asfaltata,Verticale ed orizzontale,Sereno,Normale,Buona,Sufficiente,0,0,0,3,"12,51165","41,8875",True
2659655,2,18/01/2016T18:30:00,Strada Urbana,in corrispondenza,del civico n.,PIAZZA ANNIBALIANO,,18,,Scontro laterale fra veicoli in marcia,Rettilineo,Due carreggiate,Asciutto,Asfaltata,Verticale ed orizzontale,Sereno,Normale,Buona,Sufficiente,1,0,0,3,"12,5159","41,92463",False
2659853,4,18/01/2016T18:30:00,Strada Urbana,all'intersezione con,VIA CAPO SOTTILE,VIA DELLE VIGNE NUOVE,VIA CAPO SOTTILE,,,Scontro frontale/laterale SX fra veicoli in marcia,Incrocio,Una carreggiata a doppio senso,Asciutto,Asfaltata,Verticale ed orizzontale,Sereno,Normale,Buona,Sufficiente,1,0,0,1,"12,53588","41,95503",False
2659642,8,18/01/2016T19:00:00,Strada Urbana,in prossimit�,del palo luce n.,VIALE DI TORRE MAURA,,20,,Veicolo in marcia contro ostacolo accidentale,Curva a visuale libera,Due carreggiate,Asciutto,Asfaltata,Verticale ed orizzontale,Sereno,Normale,Buona,Sufficiente,0,0,0,2,"12,59217","41,86022",True
2659953,1,18/01/2016T19:30:00,Strada Urbana,in prossimit�,del palo luce n.,VIA DELL'AMBA ARADAM,,3,,Tamponamento,Rettilineo,Una carreggiata a senso unico di marcia,Asciutto,Asfaltata,Verticale ed orizzontale,Sereno,Scarso,Buona,Sufficiente,0,0,0,1,,,False
2659593,7,18/01/2016T20:00:00,Strada Urbana,in prossimit�,del civico n.,VIA AMEDEO CRIVELLUCCI,,8,,Investimento di pedone,Rettilineo,Una carreggiata a senso unico di marcia,Asciutto,Asfaltata,Verticale ed orizzontale,Sereno,Normale,Buona,Sufficiente,2,0,0,1,"12,52635","41,86798",False
2659570,11,18/01/2016T20:10:00,Strada Urbana,in corrispondenza,del civico n.,VIA DELLA MAGLIANA,,313,,Tamponamento Multiplo,Rettilineo,Una carreggiata a senso unico di marcia,Asciutto,Asfaltata,Verticale ed orizzontale,Sereno,Normale,Sufficiente,Sufficiente,2,0,0,2,"12,45504","41,84211",True
2660178,17,18/01/2016T20:30:00,Strada Urbana,all'intersezione con,VIA VARRONE,VIA CRESCENZIO,VIA VARRONE,,,Scontro frontale/laterale SX fra veicoli in marcia,Incrocio,Due carreggiate,Asciutto,Acciotolata,Verticale ed orizzontale,Sereno,Normale,Sufficiente,Sufficiente,0,0,0,3,"12,46022","41,90594",True
2659917,12,18/01/2016T21:00:00,Provinciale entro l'abitato,da specificare,,VIA DEL MARE,,,altezza VIA COCCHIERI,Veicolo in marcia contro ostacolo accidentale,Rettilineo,Una carreggiata a doppio senso,Asciutto,Asfaltata,Verticale ed orizzontale,Sereno,Scarso,Sufficiente,Sufficiente,1,0,0,0,,,False