_ID,_Gruppo,_DataOraIncidente,_Localizzazione1,_Localizzazione2,_Strada1,_DaSpecificare,_NaturaIncidente,_ParticolaritaStrade,_TipoStrada,_FondoStradale,_Pavimentazione,_Segnaletica,_CondizioneAtmosferica,_Traffico,_Visibilita,_Illuminazione,_NUM_FERITI,_NUM_RISERVATA,_NUM_MORTI,_NUM_ILLESI,_Longitudine,_Latitudine,_CONFERMATO,__prefix,_Strada02,_Strada2,_Chilometrica
2659632,8,18/01/2016T21:30:00,Strada Urbana,in prossimit�,del civico n.,VIA DEL PONTE DI NONA,,81,,Veicolo in marcia contro ostacolo accidentale,Rettilineo,Una carreggiata a doppio senso,Asciutto,Asfaltata,Verticale ed orizzontale,Nuvoloso,Scarso,Sufficiente,Sufficiente,0,0,0,3,"12,66684","41,89119",True
2659934,2,18/01/2016T21:50:00,Strada Urbana,all'intersezione con,VIA COLLALTO SABINO,PIAZZA DI S. EMERENZIANA,VIA COLLALTO SABINO,,,Scontro frontale/laterale SX fra veicoli in marcia,Incrocio,Due carreggiate,Asciutto,Asfaltata,Orizzontale,Sereno,Scarso,Buona,Sufficiente,0,0,0,2,"12,51616","41,92921",True
2659887,3,18/01/2016T22:15:00,Strada Urbana,da specificare,,VIALE DEL MURO TORTO,,,dir. Lungotevere 300 mt. prima di P.le Flaminio,Tamponamento,Rettilineo,Due carreggiate,Asciutto,Asfaltata,Verticale ed orizzontale,Sereno,Normale,Buona,Sufficiente,1,0,0,2,"12,48216","41,91007",True
2659635,8,18/01/2016T22:20:00,Statale entro l'abitato,all'intersezione con,VIA CASILINA,VIA DI TOR BELLA MONACA,VIA CASILINA,,,Veicolo in marcia contro ostacolo accidentale,Incrocio,Due carreggiate,Asciutto,Asfaltata,Verticale ed orizzontale,Nuvoloso,Scarso,Sufficiente,Sufficiente,0,0,0,1,"12,64015","41,86345",True
2659637,8,18/01/2016T22:40:00,Statale entro l'abitato,all'intersezione con,VIA CASILINA,VIA DI TOR BELLA MONACA,VIA CASILINA,,,Veicolo in marcia contro ostacolo accidentale,Incrocio,Due carreggiate,Asciutto,Asfaltata,Verticale ed orizzontale,Nuvoloso,Scarso,Sufficiente,Sufficiente,0,0,0,1,"12,64023","41,86338",True
2659764,18,18/01/2016T22:40:00,Strada Urbana,da specificare,,VIA ANASTASIO II,,,prossimit� fronte Via G. De Vecchi Pieralice,Veicolo in marcia contro ostacolo accidentale,Rettilineo,Due carreggiate,Asciutto,Asfaltata,Verticale ed orizzontale,Sereno,Scarso,Sufficiente,Sufficiente,1,0,0,0,"12,44247","41,89998",False
2659650,8,19/01/2016,Provinciale entro l'abitato,da specificare,,VIA COLLATINA,,,20 mt dopo rotatoria V. Cicali dir RM centro,Veicolo in marcia contro ostacolo accidentale,Curva a visuale libera,Una carreggiata a doppio senso,Asciutto,Asfaltata,Assente,Sereno,Normale,Sufficiente,Sufficiente,0,0,0,1,"12,64727","41,91166",True
2659633,5,19/01/2016T01:40:00,Strada Urbana,in prossimit�,del civico n.,VIA MICHELANGELO TILLI,,49,,Tamponamento,Rettilineo,Una carreggiata a doppio senso,Asciutto,Asfaltata,Assente,Sereno,Scarso,Buona,Sufficiente,0,0,0,3,"12,55151","41,93381",True
2661193,8,19/01/2016T06:45:00,Strada Urbana,in prossimit�,della chilometrica,VIA PRENESTINA,,0.15,,Scontro laterale fra veicoli in marcia,Rettilineo,Una carreggiata a doppio senso,Asciutto,Asfaltata,Verticale ed orizzontale,Sereno,Normale,Buona,Ore Diurne,0,0,0,2,"12,6069","41,89378",True
2659585,10,19/01/2016T06:45:00,Strada Urbana,all'intersezione con,VIA CALPURNIO FIAMMA,VIA FLAVIO STILICONE,VIA CALPURNIO FIAMMA,,,Scontro frontale/laterale SX fra veicoli in marcia,Incrocio,Una carreggiata a senso unico di marcia,Asciutto,Asfaltata,Verticale ed orizzontale,Sereno,Scarso,Buona,Ore Diurne,0,0,0,2,"12,55993","41,85968",True
2661034,17,19/01/2016T07:20:00,Strada Urbana,all'intersezione semaforizzata con,VIA BARLETTA,VIALE DELLE MILIZIE,VIA BARLETTA,,,Scontro laterale fra veicoli in marcia,Intersezione semaforizzata,Pi� di due carreggiate,Asciutto,Asfaltata,Verticale ed orizzontale,Sereno,Normale,Buona,Ore Diurne,0,0,0,2,"12,45812","41,91109",True
2661365,20,19/01/2016T07:25:00,,da specificare,,VIALE DI TOR DI QUINTO,,,Pross. Via Caprilli,Tamponamento,,,Asciutto,,,Nuvoloso,Normale,Buona,,1,0,0,3,,,False
2663046,4,19/01/2016T07:45:00,Statale,in prossimit�,della chilometrica,VIA SALARIA,,15.65,,Scontro frontale/laterale DX fra veicoli in marcia,Rettilineo,Due carreggiate,Asciutto,Asfaltata,Verticale ed orizzontale,Sereno,Normale,Buona,Ore Diurne,0,0,0,2,"12,53243","42,01665",True
2660058,6,19/01/2016T07:50:00,Strada Urbana,all'intersezione con,VIA ARGENTINA ALTOBELLI,VIA PRENESTINA,VIA ARGENTINA ALTOBELLI,,,Scontro frontale/laterale DX fra veicoli in marcia,Incrocio,Pi� di due carreggiate,Asciutto,Asfaltata,Orizzontale,Sereno,Normale,Buona,Ore Diurne,0,0,0,3,"12,56407","41,8951",True
2661491,4,19/01/2016T08:15:00,Strada Urbana,da specificare,,VIA VIRGILIO TALLI,,,prossimit� via A. Bettini,Tamponamento,Rettilineo,Due carreggiate,Asciutto,Asfaltata,Verticale ed orizzontale,Sereno,Normale,Buona,Ore Diurne,0,0,0,2,"12,52311","41,96455",True
2660129,19,19/01/2016T08:20:00,Strada Urbana,all'intersezione con,VIA ANDREA VERGA,VIA CARLO LIVI,VIA ANDREA VERGA,,,Scontro frontale/laterale DX fra veicoli in marcia,Incrocio,Una carreggiata a senso unico di marcia,Asciutto,Asfaltata,Verticale ed orizzontale,Sereno,Scarso,Buona,Ore Diurne,0,0,0,3,"12,41853","41,93587",True
2661335,5,19/01/2016T08:30:00,Strada Urbana,in corrispondenza,del civico n.,VIA PIETRO CAMPILLI,,28,,Infortunio per sola frenata improvvisa,Rettilineo,Una carreggiata a doppio senso,Asciutto,Asfaltata,Assente,Sereno,Scarso,Buona,Ore Diurne,1,0,0,1,"12,57746","41,91546",True
2661387,4,19/01/2016T08:40:00,Strada Urbana,in prossimit�,del civico n.,VIA UBALDINO PERUZZI,,30,,Veicolo in marcia contro veicolo in sosta,Rettilineo,Una carreggiata a doppio senso,Asciutto,Asfaltata,Assente,Nuvoloso,Scarso,Buona,Ore Diurne,0,0,0,3,"12,52452","41,96239",True
2660636,1,19/01/2016T09:25:00,Strada Urbana,da specificare,,PIAZZA DELLA REPUBBLICA,,,FRONTE BASILICA,Veicolo in marcia contro ostacolo accidentale,Rotatoria,Una carreggiata a senso unico di marcia,Sdrucciolevole (pietrisco),In cubetti di porfido,Temporanea di cantiere,Nuvoloso,Intenso,Buona,Ore Diurne,1,0,0,0,,,False
2662941,18,19/01/2016T10:00:00,Strada Urbana,in corrispondenza,del civico n.,VIA AURELIA,,396,,Tamponamento,Rettilineo,Una carreggiata a doppio senso,Asciutto,Asfaltata,Verticale ed orizzontale,Nuvoloso,Intenso,Buona,Ore Diurne,0,0,0,2,"12,4309","41,89794",True
2660627,1,19/01/2016T10:10:00,Strada Urbana,all'intersezione con,VIALE AURELIO SAFFI,VIALE DI TRASTEVERE,VIALE AURELIO SAFFI,,,Scontro laterale fra veicoli in marcia,Intersezione semaforizzata,Una carreggiata a doppio senso,Asciutto,Asfaltata,Verticale ed orizzontale,Nuvoloso,Normale,Buona,Ore Diurne,0,0,0,1,,,False
2660556,18,19/01/2016T10:15:00,Strada Urbana,in corrispondenza,del civico n.,VIA BALDO DEGLI UBALDI,,104,,Scontro frontale/laterale SX fra veicoli in marcia,Pendenza,Due carreggiate,Asciutto,Asfaltata,Verticale ed orizzontale,Nuvoloso,Intenso,Buona,Ore Diurne,0,0,0,3,"12,43379","41,89911",True
2661154,20,19/01/2016T10:25:00,Strada Urbana,in prossimit�,del civico n.,VIA FLAMINIA,,796,,Scontro frontale/laterale DX fra veicoli in marcia,Rettilineo,Una carreggiata a doppio senso,Asciutto,Asfaltata,Verticale ed orizzontale,Sereno,Normale,Buona,Ore Diurne,1,0,0,1,,,False
2660154,19,19/01/2016T10:30:00,Strada Urbana,all'intersezione con,VIA RUDIANO,VIA CAIRATE,VIA RUDIANO,,,Scontro frontale/laterale SX fra veicoli in marcia,Incrocio,Una carreggiata a doppio senso,Asciutto,Asfaltata,Assente,Sereno,Scarso,Buona,Ore Diurne,0,0,0,2,"12,38358","41,95282",True
2660147,2,19/01/2016T10:45:00,Strada Urbana,in corrispondenza,del civico n.,VIALE REGINA MARGHERITA,,109/b,,Veicolo in marcia contro ostacolo accidentale,Rettilineo,Una carreggiata a doppio senso,Asciutto,Asfaltata,Verticale ed orizzontale,Sereno,Normale,Buona,Ore Diurne,0,0,0,3,"12,50151","41,91714",True
2661487,19,19/01/2016T10:45:00,Strada Urbana,in prossimit�,del civico n.,VIA ROMEO RODRIGUEZ PEREIRA,,215/C,,Veicolo in marcia contro veicolo in sosta,Rettilineo,Una carreggiata a doppio senso,Asciutto,Asfaltata,Verticale ed orizzontale,Sereno,Normale,Buona,Ore Diurne,0,0,0,2,"12,43704","41,91962",True
2663044,16,19/01/2016T11:20:00,Strada Urbana,all'intersezione con,PIAZZA IPPOLITO NIEVO,VIALE DI TRASTEVERE,PIAZZA IPPOLITO NIEVO,,,Infortunio per sola frenata improvvisa,Intersezione stradale segnalata,Pi� di due carreggiate,Asciutto,Asfaltata,Verticale ed orizzontale,Sereno,Normale,Buona,Ore Diurne,1,0,0,1,,,False
2663087,16,19/01/2016T11:30:00,Strada Urbana,all'intersezione con,VIALE AURELIO SAFFI,VIALE DELLE MURA GIANICOLENSI,VIALE AURELIO SAFFI,,,Scontro frontale/laterale SX fra veicoli in marcia,Intersezione non regolata/non segnalata,Una carreggiata a senso unico di marcia,Asciutto,Asfaltata,Assente,Sereno,Normale,Sufficiente,Ore Diurne,0,0,0,2,"12,4659","41,8822",True
2662921,1,19/01/2016T11:40:00,Strada Urbana,all'intersezione semaforizzata con,VIA ACCIAIOLI,LUNGOTEVERE DEI SANGALLO,VIA ACCIAIOLI,,,Scontro laterale fra veicoli in marcia,Intersezione semaforizzata,Una carreggiata a senso unico di marcia,Asciutto,Asfaltata,Assente,Grandine in atto,Intenso,Sufficiente,Ore Diurne,1,0,0,2,"12,46514","41,89809",False
2660194,6,19/01/2016T11:45:00,Strada Urbana,in corrispondenza,del civico n.,VIA ERASMO GATTAMELATA,,89,,Tamponamento,Rettilineo,Una carreggiata a senso unico di marcia,Asciutto,Asfaltata,Verticale ed orizzontale,Sereno,Normale,Buona,Ore Diurne,1,0,0,2,,,False
2660261,2,19/01/2016T11:45:00,Strada Urbana,da specificare,,PIAZZALE DON GIOVANNI MINZONI,,,alt. civ. 15,Scontro frontale/laterale DX fra veicoli in marcia,Rettilineo,Due carreggiate,Asciutto,Asfaltata,Verticale ed orizzontale,Sereno,Normale,Buona,Ore Diurne,0,0,0,1,"12,48008","41,92084",True
2661263,11,19/01/2016T12:00:00,Strada Urbana,in corrispondenza,del civico n.,VIA DI TOR CARBONE,,203,,Veicolo in marcia contro ostacolo fisso,Rettilineo,Una carreggiata a doppio senso,Asciutto,Asfaltata,Verticale ed orizzontale,Sereno,Normale,Buona,Ore Diurne,0,0,0,2,"12,52032","41,82698",True
2660744,15,19/01/2016T12:30:00,Strada Urbana,in prossimit�,del civico n.,VIA DELLA MAGLIANA,,63/A,,Scontro frontale/laterale DX fra veicoli in marcia,Rettilineo,Una carreggiata a doppio senso,Asciutto,Asfaltata,Orizzontale,Nuvoloso,Scarso,Buona,Ore Diurne,0,0,0,2,"12,45954","41,85782",False
2660848,15,19/01/2016T12:30:00,Comunale extraurbana,da specificare,,VIA DELLA MAGLIANA,,,altezza GRA corsia esterna,Scontro laterale fra veicoli in marcia,Curva a visuale libera,Una carreggiata a doppio senso,Asciutto,Asfaltata,Verticale ed orizzontale,Nuvoloso,Normale,Buona,Ore Diurne,2,0,0,0,"12,42401","41,83394",False
2691523,2,19/01/2016T12:45:00,Strada Urbana,da specificare,,VIA ANTONIO BERTOLONI,,,prossimit� Via Boscovich,Scontro frontale/laterale SX fra veicoli in marcia,Rettilineo,Una carreggiata a doppio senso,Asciutto,Asfaltata,Verticale ed orizzontale,Sereno,Normale,Buona,Ore Diurne,0,0,0,2,"12,48883","41,92295",True
2661527,7,19/01/2016T12:45:00,Strada Urbana,all'intersezione semaforizzata con,VIALE DEI ROMANISTI,VIALE PALMIRO TOGLIATTI,VIALE DEI ROMANISTI,,,Scontro laterale fra veicoli in marcia,Incrocio,Due carreggiate,Asciutto,Asfaltata,Verticale ed orizzontale,Sereno,Normale,Buona,Ore Diurne,0,0,0,2,"12,56806","41,86987",True
2660593,1,19/01/2016T12:50:00,Strada Urbana,in prossimit�,del civico n.,VIA GALVANI,,69,,Veicolo in marcia contro veicoli in sosta,Rettilineo,Una carreggiata a doppio senso,Asciutto,Asfaltata,Verticale ed orizzontale,Sereno,Normale,Buona,Ore Diurne,0,0,0,2,"12,47462","41,87697",True
2661194,8,19/01/2016T13:00:00,,in corrispondenza,del palo luce n.,VIALE DELLA SORBONA,,68,,Tamponamento,,,,,,,,,,3,0,0,1,"12,61206","41,85464",False
2661421,13,19/01/2016T13:00:00,Strada Urbana,all'intersezione con,VIA GIANFILIPPO USELLINI,VIA DI ACILIA,VIA GIANFILIPPO USELLINI,,,Veicolo in marcia contro ostacolo accidentale,Incrocio,Una carreggiata a doppio senso,Asciutto,Asfaltata,Verticale ed orizzontale,Sereno,Normale,Buona,Ore Diurne,0,0,0,2,"12,37142","41,7737",True
2660726,15,19/01/2016T13:00:00,Strada Urbana,all'intersezione semaforizzata con,VIA GAETANO ASTOLFI,VIA PORTUENSE,VIA GAETANO ASTOLFI,,,Scontro frontale/laterale DX fra veicoli in marcia,Intersezione semaforizzata,Una carreggiata a doppio senso,Asciutto,Asfaltata,Verticale ed orizzontale,Sereno,Normale,Buona,Ore Diurne,0,0,0,2,"12,40939","41,84342",True
2660668,2,19/01/2016T13:05:00,Strada Urbana,in prossimit�,del civico n.,LUNGOTEVERE DELL'ACQUA ACETOSA,,fr. 119,,Veicolo in marcia contro veicoli in sosta,Rettilineo,Due carreggiate,Asciutto,Asfaltata,Verticale ed orizzontale,Sereno,Normale,Buona,Ore Diurne,1,0,0,0,"12,49637","41,90278",False
2660310,10,19/01/2016T13:45:00,Strada Urbana,in prossimit�,del civico n.,VIA MARCO VALERIO CORVO,,111,,Scontro frontale/laterale DX fra veicoli in marcia,Rettilineo,Una carreggiata a senso unico di marcia,Asciutto,Asfaltata,Assente,Nuvoloso,Normale,Buona,Ore Diurne,1,0,0,1,"12,56001","41,8566",True
2661205,20,19/01/2016T14:00:00,Strada Urbana,da specificare,,VIA ISCHIA DI CASTRO,,,pross. Palestra Juvenia,Scontro laterale fra veicoli in marcia,Rettilineo,Una carreggiata a doppio senso,Asciutto,Asfaltata,Verticale ed orizzontale,Sereno,Normale,Buona,Ore Diurne,0,0,0,2,"12,45076","41,96849",True
2660547,9,19/01/2016T14:00:00,Strada Urbana,all'intersezione con,VIALE CASTRENSE,VIA ACIREALE,VIALE CASTRENSE,,,Scontro laterale fra veicoli in marcia,Incrocio,Una carreggiata a senso unico di marcia,Asciutto,Asfaltata,Verticale ed orizzontale,Sereno,Normale,Buona,Ore Diurne,0,0,0,3,,,False
2661791,1,19/01/2016T14:40:00,Strada Urbana,all'intersezione con,PIAZZALE UGO LA MALFA,VIA DEL CIRCO MASSIMO,PIAZZALE UGO LA MALFA,,,Scontro laterale fra veicoli in marcia,Incrocio,Una carreggiata a doppio senso,Asciutto,Asfaltata,Verticale ed orizzontale,Sereno,Normale,Buona,Ore Diurne,1,0,0,1,"12,48492","41,8853",False
2661010,7,19/01/2016T14:55:00,Statale entro l'abitato,all'intersezione con,VIA CARLO DE' MARCHESETTI,VIA CASILINA,VIA CARLO DE' MARCHESETTI,,,Scontro laterale fra veicoli in marcia,Intersezione semaforizzata,Una carreggiata a doppio senso,Asciutto,Asfaltata,Verticale ed orizzontale,Nuvoloso,Intenso,Buona,Ore Diurne,2,0,0,0,"12,58444","41,86935",True
2662980,18,19/01/2016T15:00:00,Strada Urbana,da specificare,,VIA AURELIA,,,prossimit� fronte civico 493,Tamponamento,Rettilineo,Una carreggiata a doppio senso,Asciutto,Asfaltata,Verticale ed orizzontale,Sereno,Normale,Buona,Ore Diurne,0,0,0,3,"12,4138","41,89218",True
2660455,10,19/01/2016T15:05:00,Strada Urbana,all'intersezione con,VIA CAIO CANULEIO,VIALE TITO LABIENO,VIA CAIO CANULEIO,,,Scontro laterale fra veicoli in marcia,Incrocio,Una carreggiata a senso unico di marcia,Asciutto,Asfaltata,Verticale ed orizzontale,Sereno,Normale,Buona,Ore Diurne,0,0,0,3,"12,56389","41,85063",True
2660697,2,19/01/2016T15:15:00,Strada Urbana,all'intersezione con,PIAZZA TRENTO,CORSO TRIESTE,PIAZZA TRENTO,,,Scontro laterale fra veicoli in marcia,Incrocio,Due carreggiate,Asciutto,Asfaltata,Verticale ed orizzontale,Sereno,Normale,Buona,Ore Diurne,1,0,0,1,"12,50939","41,92047",False
2660568,12,19/01/2016T15:15:00,Provinciale,da specificare,,VIA LAURENTINA,,,altezza Km. 11.200 (Direzione Trigoria),Tamponamento,Rettilineo,Due carreggiate,Asciutto,Asfaltata,Verticale ed orizzontale,Sereno,Scarso,Buona,Ore Diurne,3,0,0,0,"12,48053","41,77935",False
2661064,17,19/01/2016T15:19:00,Strada Urbana,in corrispondenza,del civico n.,VIA LUIGI SETTEMBRINI,,31,,Veicolo in marcia contro veicolo in sosta,Rettilineo,Due carreggiate,Asciutto,Asfaltata,Verticale ed orizzontale,Sereno,Normale,Buona,Ore Diurne,0,0,0,0,"12,46567","41,9152",False
2660527,9,19/01/2016T15:20:00,Strada Urbana,da specificare,,VIALE CASTRENSE,,,fronte civico 5/b,Tamponamento,Rettilineo,Pi� di due carreggiate,Asciutto,Asfaltata,Verticale ed orizzontale,Sereno,Normale,Buona,Ore Diurne,0,0,0,2,,,False
2661114,17,19/01/2016T15:20:00,Strada Urbana,all'intersezione semaforizzata con,PIAZZA DEI MARTIRI DI BELFIORE,VIA LUIGI SETTEMBRINI,PIAZZA DEI MARTIRI DI BELFIORE,,,Tamponamento,Incrocio,Due carreggiate,Asciutto,Asfaltata,Verticale ed orizzontale,Sereno,Intenso,Buona,Ore Diurne,0,0,0,1,"12,46689","41,91487",False
2661283,20,19/01/2016T15:40:00,Strada Urbana,in prossimit�,del civico n.,VIA CASSIA,,1110,,Investimento di pedone,Rettilineo,Una carreggiata a doppio senso,Asciutto,Asfaltata,Orizzontale,Sereno,Normale,Sufficiente,Ore Diurne,1,0,0,1,,,False
2661985,1,19/01/2016T15:45:00,Strada Urbana,in prossimit�,del civico n.,PIAZZA ALBANIA,,10,,Veicolo in marcia contro veicolo in sosta,Rettilineo,Pi� di due carreggiate,Asciutto,In cubetti di porfido,Verticale ed orizzontale,Sereno,Normale,Buona,Ore Diurne,0,0,0,2,"12,48361","41,87992",True
2662088,2,19/01/2016T15:55:00,Strada Urbana,in prossimit�,del civico n.,VIA PO,,39/f,,Investimento di pedone,Rettilineo,Una carreggiata a doppio senso,Asciutto,Asfaltata,Verticale ed orizzontale,Sereno,Normale,Buona,Ore Diurne,1,0,0,2,"12,49817","41,91693",False
2661225,20,19/01/2016T16:00:00,Strada Urbana,all'intersezione con,VIA VALLE DELLA STORTA,VIA CASSIA,VIA VALLE DELLA STORTA,,,Scontro frontale/laterale DX fra veicoli in marcia,Intersezione stradale segnalata,Due carreggiate,Asciutto,Asfaltata,Verticale ed orizzontale,Sereno,Normale,Buona,Ore Diurne,0,0,0,3,"12,37857","42,0099",True
2662954,4,19/01/2016T16:10:00,Provinciale entro l'abitato,da specificare,,VIA NOMENTANA,,,fronte civico 1125,Tamponamento,Rettilineo,Una carreggiata a doppio senso,Asciutto,Asfaltata,Orizzontale,Sereno,Intenso,Buona,Ore Diurne,0,0,0,4,"12,57041","41,94916",True
2661198,8,19/01/2016T16:20:00,Strada Urbana,all'intersezione con,VIA CERRO AL VOLTURNO,VIA CARPINONE,VIA CERRO AL VOLTURNO,,,Scontro frontale/laterale SX fra veicoli in marcia,Incrocio,Una carreggiata a doppio senso,Asciutto,Asfaltata,Verticale,Sereno,Normale,Buona,Ore Diurne,0,0,0,2,"12,6729","41,91769",False
2661871,23,19/01/2016T16:30:00,Comunale extraurbana,in corrispondenza,della chilometrica,VIA CRISTOFORO COLOMBO,,18.3,,Tamponamento Multiplo,Rettilineo,Due carreggiate,Asciutto,Asfaltata,Verticale ed orizzontale,Sereno,Normale,Sufficiente,Ore Diurne,0,0,0,3,"12,44704","41,80373",True
2661521,16,19/01/2016T16:35:00,Strada Urbana,in corrispondenza,del civico n.,CIRCONVALLAZIONE GIANICOLENSE,,323,,Scontro laterale fra veicoli in marcia,Rettilineo,Pi� di due carreggiate,Asciutto,Asfaltata,Verticale ed orizzontale,Sereno,Normale,Buona,Ore Diurne,0,0,0,2,"12,44535","41,87582",True
2660721,2,19/01/2016T16:40:00,Strada Urbana,in prossimit�,del civico n.,VIA DOMENICO CHELINI,,30,,Infortunio per sola frenata improvvisa,Rettilineo,Una carreggiata a doppio senso,Asciutto,Asfaltata,Verticale ed orizzontale,Sereno,Normale,Buona,Ore Diurne,1,0,0,0,"12,48197","41,92669",False
2661218,8,19/01/2016T16:55:00,Statale entro l'abitato,all'intersezione semaforizzata con,VIA DELLE RONDINI,VIA CASILINA,VIA DELLE RONDINI,,,Scontro laterale fra veicoli in marcia,Intersezione semaforizzata,Una carreggiata a doppio senso,Asciutto,Asfaltata,Verticale ed orizzontale,Sereno,Normale,Sufficiente,Sufficiente,0,0,0,2,"12,59265","41,86714",True
2660679,7,19/01/2016T17:00:00,Statale entro l'abitato,all'intersezione con,VIA GIOVANNI CAMILLO PERESIO,VIA CASILINA,VIA GIOVANNI CAMILLO PERESIO,,,Scontro laterale fra veicoli in marcia,Incrocio,Una carreggiata a doppio senso,Asciutto,Asfaltata,Verticale ed orizzontale,Nuvoloso,Intenso,Buona,Ore Diurne,1,0,0,2,"12,59388","41,86686",False
2661518,7,19/01/2016T17:20:00,Strada Urbana,all'intersezione con,VIA PIO JORIS,VIA LUIGI ALAMANNI,VIA PIO JORIS,,,Scontro frontale/laterale SX fra veicoli in marcia,Incrocio,Una carreggiata a doppio senso,Asciutto,Asfaltata,Verticale,Sereno,Scarso,Sufficiente,Sufficiente,0,0,0,3,"12,59315","41,89894",True
2661516,19,19/01/2016T17:35:00,Strada Urbana,da specificare,,VIA ROBBIO,,,prossimit� via Casal del Marmo,Veicolo in marcia contro veicolo fermo,Rettilineo,Una carreggiata a doppio senso,Asciutto,Asfaltata,Assente,Sereno,Normale,Buona,Sufficiente,0,0,0,2,"12,39011","41,94398",True
2661585,19,19/01/2016T17:37:00,Strada Urbana,da specificare,,VIA ROBBIO,,,a met�,Scontro laterale fra veicoli in marcia,Rettilineo,Una carreggiata a doppio senso,Asciutto,Asfaltata,Assente,Sereno,Normale,Buona,Sufficiente,0,0,0,2,"12,38867","41,94462",True
2661629,19,19/01/2016T17:40:00,Strada Urbana,da specificare,,VIA VARZI,,,pross. civ. 94,Veicolo in marcia contro veicolo in sosta,Curva senza visuale libera,Una carreggiata a doppio senso,Asciutto,Asfaltata,Assente,Sereno,Normale,Buona,Sufficiente,0,0,0,1,"12,38717","41,9451",True
2661758,1,19/01/2016T17:50:00,Strada Urbana,in corrispondenza,del civico n.,CORSO VITTORIO EMANUELE II,,283,,Investimento di pedone,Rettilineo,Una carreggiata a doppio senso,Asciutto,Asfaltata,Verticale ed orizzontale,Sereno,Scarso,Sufficiente,Sufficiente,1,0,0,1,"12,46749","41,89876",False
2661465,3,19/01/2016T17:50:00,,all'intersezione semaforizzata con,VIALE REGINA MARGHERITA,VIA NOMENTANA,VIALE REGINA MARGHERITA,,,Scontro laterale fra veicoli in marcia,,,,,,,,,,1,0,0,1,,,False
2661122,17,19/01/2016T17:50:00,Strada Urbana,all'intersezione con,VIA CIRO MENOTTI,VIA GIOVANNI NICOTERA,VIA CIRO MENOTTI,,,Scontro laterale fra veicoli in marcia,Incrocio,Una carreggiata a senso unico di marcia,Asciutto,Asfaltata,Verticale ed orizzontale,Nuvoloso,Scarso,Buona,Sufficiente,0,0,0,3,"12,46845","41,91546",True
2661392,7,19/01/2016T18:00:00,Strada Urbana,in corrispondenza,del civico n.,VIALE PALMIRO TOGLIATTI,,858,,Tamponamento Multiplo,Rettilineo,Due carreggiate,Asciutto,Asfaltata,Verticale ed orizzontale,Sereno,Intenso,Buona,Sufficiente,1,0,0,4,"12,57381","41,88779",False
2661498,19,19/01/2016T18:10:00,Strada Urbana,da specificare,,VIA DELLA VALLE DEI FONTANILI,,,altezza V. Dumas,Tamponamento Multiplo,Rettilineo,Una carreggiata a doppio senso,Asciutto,Asfaltata,Orizzontale,Sereno,Intenso,Buona,Sufficiente,3,0,0,1,"12,40821","41,92742",True
2663040,4,19/01/2016T18:15:00,Strada Urbana,da specificare,,VIA PIAN DI SCO,,,via S.M. della Speranza,Veicolo in marcia contro ostacolo fisso,Rettilineo,Una carreggiata a doppio senso,Asciutto,Asfaltata,Orizzontale,Sereno,Normale,Sufficiente,Sufficiente,0,0,0,1,"12,51853","41,96104",True
2661214,9,19/01/2016T18:40:00,Strada Urbana,all'intersezione con,VIA CARLO CIPOLLA,VIA LATINA,VIA CARLO CIPOLLA,,,Scontro frontale fra veicoli in marcia,Incrocio,Una carreggiata a doppio senso,Asciutto,Asfaltata,Verticale ed orizzontale,Sereno,Normale,Buona,Sufficiente,1,0,0,1,"12,52963","41,86614",False
2661448,16,19/01/2016T18:50:00,Strada Urbana,all'intersezione con,VIA DI BRAVETTA,VIA DEI MARCELLINI,VIA DI BRAVETTA,,,Scontro laterale fra veicoli in marcia,Intersezione semaforizzata,Una carreggiata a doppio senso,Asciutto,Asfaltata,Verticale ed orizzontale,Sereno,Normale,Buona,Sufficiente,0,0,0,2,"12,42249","41,87005",True
2661342,5,19/01/2016T19:00:00,Strada Urbana,all'intersezione semaforizzata con,VIA MONDRAGONE,VIA APPIA NUOVA,VIA MONDRAGONE,,,Scontro laterale fra veicoli in marcia,Incrocio,Due carreggiate,Asciutto,Asfaltata,Verticale ed orizzontale,Sereno,Intenso,Buona,Sufficiente,0,0,0,2,"12,53077","41,86644",True
2662850,4,19/01/2016T19:20:00,Strada Urbana,all'intersezione con,VIA AMALIA BETTINI,VIADOTTO GIOVANNI GRONCHI,VIA AMALIA BETTINI,,,Tamponamento Multiplo,Intersezione stradale segnalata,Una carreggiata a senso unico di marcia,Asciutto,Asfaltata,Verticale ed orizzontale,Sereno,Normale,Buona,Sufficiente,1,0,0,3,"12,53498","41,95858",False
2661583,2,19/01/2016T19:40:00,Strada Urbana,all'intersezione con,VIALE DELLA MOSCHEA,VIA DEL FORO ITALICO,VIALE DELLA MOSCHEA,,,Scontro frontale/laterale DX fra veicoli in marcia,Intersezione stradale segnalata,Due carreggiate,Asciutto,Asfaltata,Verticale ed orizzontale,Sereno,Intenso,Buona,Sufficiente,0,0,0,3,"12,48104","41,94025",True