_ID,_Gruppo,_DataOraIncidente,_Localizzazione1,_Localizzazione2,_Strada1,_DaSpecificare,_NaturaIncidente,_ParticolaritaStrade,_TipoStrada,_FondoStradale,_Pavimentazione,_Segnaletica,_CondizioneAtmosferica,_Traffico,_Visibilita,_Illuminazione,_NUM_FERITI,_NUM_RISERVATA,_NUM_MORTI,_NUM_ILLESI,_Longitudine,_Latitudine,_CONFERMATO,__prefix,_Strada02,_Strada2,_Chilometrica
2661425,11,19/01/2016T19:50:00,Strada Urbana,in corrispondenza,del civico n.,VIALE GUGLIELMO MASSAIA,,10,,Investimento di pedone,Rettilineo,Una carreggiata a doppio senso,Asciutto,Asfaltata,Verticale ed orizzontale,Sereno,Scarso,Buona,Sufficiente,0,1,0,2,"12,49108","41,86575",False
2661220,8,19/01/2016T20:00:00,Statale entro l'abitato,in prossimit�,del civico n.,VIA CASILINA,,1750,,Tamponamento Multiplo,Rettilineo,Una carreggiata a doppio senso,Asciutto,Asfaltata,Verticale ed orizzontale,Sereno,Normale,Sufficiente,Sufficiente,1,0,0,3,"12,67898","41,86317",True
2663021,1,19/01/2016T20:10:00,Strada Urbana,in prossimit�,del civico n.,VIA DOMENICO FONTANA,,44,,Tamponamento,Rettilineo,Una carreggiata a senso unico di marcia,Asciutto,Asfaltata,Verticale ed orizzontale,Sereno,Intenso,Sufficiente,Sufficiente,0,0,0,2,,,False
2662986,1,19/01/2016T20:30:00,Strada Urbana,in prossimit�,del civico n.,VIA LEONIDA BISSOLATI,,2,,Scontro laterale fra veicoli in marcia,Rettilineo,Una carreggiata a doppio senso,Asciutto,Asfaltata,Verticale ed orizzontale,Sereno,Normale,Sufficiente,Sufficiente,1,0,0,1,"12,49062","41,90603",True
2662024,1,19/01/2016T22:02:00,Strada Urbana,in corrispondenza,del civico n.,PIAZZALE OSTIENSE,,10A,,Veicolo in marcia contro veicolo fermo,Rettilineo,Una carreggiata a doppio senso,Asciutto,Asfaltata,Orizzontale,Sereno,Scarso,Buona,Sufficiente,0,0,0,2,"12,48123","41,87567",False
2661144,17,19/01/2016T22:50:00,Strada Urbana,da specificare,,LUNGOTEVERE MARESCIALLO CADORNA,,,all'altezza di Via Morra di Lavriano,Scontro laterale fra veicoli in marcia,Rettilineo,Una carreggiata a senso unico di marcia,Asciutto,Asfaltata,Verticale ed orizzontale,Sereno,Scarso,Buona,Sufficiente,0,0,0,5,"12,45811","41,92785",False
2661074,7,19/01/2016T23:50:00,Strada Urbana,da specificare,,VIALE PALMIRO TOGLIATTI,,,all'altezza di via delle Robinie,Scontro laterale fra veicoli in marcia,Rettilineo,Due carreggiate,Asciutto,Asfaltata,Verticale ed orizzontale,Nuvoloso,Normale,Sufficiente,Sufficiente,0,0,0,2,"12,57325","41,8819",False
2661510,19,20/01/2016T00:10:00,Strada Urbana,all'intersezione con,VIA BELLAGIO,VIA FLAMINIA,VIA BELLAGIO,,,Scontro frontale/laterale DX fra veicoli in marcia,Incrocio,Una carreggiata a doppio senso,Asciutto,Asfaltata,Verticale ed orizzontale,Sereno,Scarso,Sufficiente,Sufficiente,1,0,0,1,"12,4718","41,94188",False
2662866,18,20/01/2016T01:00:00,Strada Urbana,da specificare,,GALLERIA GIOVANNI XXIII,,,direzione   Via Tor di Quinto,Fuoriuscita dalla sede stradale,Galleria illuminata,Una carreggiata a senso unico di marcia,Asciutto,Asfaltata,Verticale ed orizzontale,Sereno,Scarso,Buona,Sufficiente,0,0,0,1,"12,44177","41,94068",False
2661221,8,20/01/2016T01:50:00,Strada Urbana,all'intersezione semaforizzata con,VIA ANNIA REGILLA,CIRCONVALLAZIONE APPIA,VIA ANNIA REGILLA,,,Tamponamento,Intersezione semaforizzata,Due carreggiate,Asciutto,Asfaltata,Verticale ed orizzontale,Sereno,Normale,Buona,Ore Diurne,0,0,0,2,"12,55139","41,844",True
2663114,16,20/01/2016T07:00:00,Strada Urbana,in corrispondenza,del civico n.,VIA DI BRAVA,,99,,Scontro frontale/laterale SX fra veicoli in marcia,Rettilineo,Una carreggiata a doppio senso,Asciutto,Asfaltata,Assente,Sereno,Normale,Buona,Ore Diurne,0,0,0,2,"12,37953","41,87656",True
2663288,18,20/01/2016T07:20:00,Strada Urbana,all'intersezione semaforizzata con,PIAZZA DI VILLA CARPEGNA,CIRCONVALLAZIONE AURELIA,PIAZZA DI VILLA CARPEGNA,,,Veicolo in marcia contro veicolo arresto,Intersezione semaforizzata,Pi� di due carreggiate,Asciutto,Asfaltata,Verticale ed orizzontale,Sereno,Intenso,Buona,Ore Diurne,1,0,0,0,"12,42886","41,89591",True
2661559,7,20/01/2016T07:30:00,Strada Urbana,all'intersezione con,VIA DELLE PALME,VIA DELLE BETULLE,VIA DELLE PALME,,,Scontro frontale/laterale SX fra veicoli in marcia,Incrocio,Una carreggiata a senso unico di marcia,Asciutto,Asfaltata,Verticale ed orizzontale,Sereno,Normale,Buona,Ore Diurne,1,0,0,1,"12,56327","41,88896",True
2661944,1,20/01/2016T07:55:00,Strada Urbana,in corrispondenza,del civico n.,VIA SOLFERINO,,20,,Tamponamento,Rettilineo,Una carreggiata a doppio senso,Asciutto,Asfaltata,Verticale ed orizzontale,Sereno,Intenso,Buona,Ore Diurne,0,0,0,2,,,False
2662872,12,20/01/2016T08:15:00,Strada Urbana,da specificare,,VIALE DEI CADUTI NELLA GUERRA DI LIBERAZIONE,,,prox civ 12 alt Eroi della Difesa di Roma,Scontro laterale fra veicoli in marcia,Rettilineo,Una carreggiata a senso unico di marcia,Asciutto,Asfaltata,Verticale ed orizzontale,Sereno,Intenso,Buona,Ore Diurne,0,0,0,2,"12,44526","41,78748",True
2662737,17,20/01/2016T08:15:00,Strada Urbana,all'intersezione con,VIALE GIULIO CESARE,VIA LEPANTO,VIALE GIULIO CESARE,,,Investimento di pedone,Incrocio,Due carreggiate,Asciutto,Asfaltata,Verticale ed orizzontale,Sereno,Normale,Buona,Ore Diurne,1,0,0,1,"12,46604","41,91152",False
2664806,23,20/01/2016T08:30:00,,da specificare,,VIA DI MEZZOCAMMINO,,,altezza rampa di immissione,Tamponamento,,,,,,,,,,0,0,0,2,"12,41732","41,79924",False
2662828,17,20/01/2016T08:45:00,Strada Urbana,in corrispondenza,del civico n.,VIA CANDIA,,135b,,Scontro laterale fra veicoli in marcia,Rettilineo,Una carreggiata a senso unico di marcia,Asciutto,Asfaltata,Verticale ed orizzontale,Sereno,Normale,Buona,Ore Diurne,0,0,0,2,"12,44996","41,90739",False
2662940,12,20/01/2016T08:50:00,Strada Urbana,in corrispondenza,del palo luce n.,VIA DI MEZZOCAMMINO,,9,,Veicolo in marcia contro ostacolo fisso,Rettilineo,Una carreggiata a doppio senso,Asciutto,Asfaltata,Verticale ed orizzontale,Sereno,Scarso,Buona,Ore Diurne,1,0,0,0,"12,43536","41,78812",False
2662604,8,20/01/2016T08:50:00,Strada Urbana,in prossimit�,del palo luce n.,VIA DEL PONTE DI NONA,,39,,Veicolo in marcia contro ostacolo accidentale,Rettilineo,Una carreggiata a doppio senso,Asciutto,Con buche,Verticale ed orizzontale,Sereno,Normale,Buona,Ore Diurne,0,0,0,1,"12,65966","41,90273",True
2662567,11,20/01/2016T08:55:00,Strada Urbana,da specificare,,VIALE ERMINIO SPALLA,,,prossimit� VIA POZZO,Tamponamento,Rettilineo,Due carreggiate,Asciutto,Asfaltata,Assente,Sereno,Intenso,Buona,Ore Diurne,0,0,0,2,"12,50351","41,83222",True
2661900,13,20/01/2016T09:00:00,Strada Urbana,da specificare,,VIA DELLE ANTILLE,,,altezza Via delle Baleari,Scontro laterale fra veicoli in marcia,Rettilineo,Una carreggiata a senso unico di marcia,Asciutto,Asfaltata,Assente,Sereno,Normale,Buona,Ore Diurne,0,0,0,2,"12,28054","41,73774",False
2662619,11,20/01/2016T09:00:00,Strada Urbana,all'intersezione semaforizzata con,VIA OSTIENSE,CIRCONVALLAZIONE OSTIENSE,VIA OSTIENSE,,,Investimento di pedone,Intersezione semaforizzata,Due carreggiate,Asciutto,Asfaltata,Verticale ed orizzontale,Sereno,Normale,Buona,Ore Diurne,0,0,0,2,"12,47969","41,86773",True
2661343,10,20/01/2016T09:10:00,Statale entro l'abitato,all'intersezione con,VIA AL QUARTO MIGLIO,VIA APPIA NUOVA,VIA AL QUARTO MIGLIO,,,Infortunio per caduta del veicolo,Incrocio,Una carreggiata a senso unico di marcia,Asciutto,Asfaltata,Verticale ed orizzontale,Sereno,Normale,Buona,Ore Diurne,1,0,0,0,"12,55154","41,84475",False
2662852,17,20/01/2016T09:30:00,Strada Urbana,all'intersezione con,VIA PREVESA,PIAZZA DEI PRATI DEGLI STROZZI,VIA PREVESA,,,Scontro laterale fra veicoli in marcia,Incrocio,Una carreggiata a senso unico di marcia,Asciutto,Asfaltata,Verticale ed orizzontale,Nuvoloso,Normale,Buona,Ore Diurne,0,0,0,2,"12,45633","41,91469",True
2661248,6,20/01/2016T09:30:00,Strada Urbana,in corrispondenza,del civico n.,VIA GABRIO SERBELLONI,,2,,Veicolo in marcia contro veicoli in sosta,Rettilineo,Una carreggiata a senso unico di marcia,Asciutto,Asfaltata,Orizzontale,Sereno,Normale,Buona,Ore Diurne,0,0,0,1,"12,54128","41,88042",True
2662038,9,20/01/2016T10:00:00,Strada Urbana,all'intersezione con,VIA CARLO DENINA,VIA APPIA NUOVA,VIA CARLO DENINA,,,Scontro laterale fra veicoli in marcia,Incrocio,Due carreggiate,Asciutto,Asfaltata,Verticale ed orizzontale,Sereno,Normale,Buona,Ore Diurne,0,0,0,3,"12,52601","41,8721",False
2662612,8,20/01/2016T10:30:00,Strada Urbana,all'intersezione con,VIA DI ROCCA CENCIA,VIA MANDANICI,VIA DI ROCCA CENCIA,,,Veicolo in marcia contro ostacolo accidentale,Intersezione stradale segnalata,Una carreggiata a doppio senso,Asciutto,Asfaltata,Verticale ed orizzontale,Sereno,Normale,Buona,Ore Diurne,0,0,0,1,"12,68286","41,86856",True
2661580,7,20/01/2016T10:45:00,Strada Urbana,in prossimit�,del civico n.,VIA DEI PLATANI,,163,,Infortunio per sola frenata improvvisa,Rettilineo,Una carreggiata a doppio senso,Asciutto,Asfaltata,Orizzontale,Sereno,Normale,Buona,Ore Diurne,1,0,0,1,"12,57034","41,88096",True
2662607,8,20/01/2016T11:00:00,Provinciale entro l'abitato,in prossimit�,del palo luce n.,VIA PRENESTINA,,471,,Veicolo in marcia contro ostacolo accidentale,Rettilineo,Una carreggiata a doppio senso,Asciutto,Asfaltata,Verticale ed orizzontale,Sereno,Normale,Buona,Ore Diurne,0,0,0,2,"12,6069","41,89378",True
2661545,10,20/01/2016T11:00:00,Strada Urbana,in corrispondenza,del civico n.,VIA DI TORRE MORENA,,67/c,,Veicolo in marcia contro veicolo in sosta,Rettilineo,Una carreggiata a doppio senso,Asciutto,Asfaltata,Assente,Sereno,Normale,Buona,Ore Diurne,0,0,0,1,"12,60828","41,81468",True
2662738,18,20/01/2016T11:30:00,Strada Urbana,in corrispondenza,del civico n.,VIA DI BOCCEA,,735,,Tamponamento,Rettilineo,Una carreggiata a doppio senso,Asciutto,Asfaltata,Verticale ed orizzontale,Sereno,Normale,Buona,Ore Diurne,0,0,0,2,"12,36845","41,92294",True
2661875,13,20/01/2016T11:45:00,Strada Urbana,da specificare,,VIADOTTO ATTICO TABACCHI,,,altezza immissione rotatoria,Scontro laterale fra veicoli in marcia,Rotatoria,Una carreggiata a senso unico di marcia,Asciutto,Asfaltata,Verticale ed orizzontale,Sereno,Normale,Buona,Ore Diurne,0,0,0,2,"12,28236","41,73735",True
2661644,20,20/01/2016T12:05:00,Strada Urbana,in prossimit�,del civico n.,VIA BRACCIANENSE,,54,,Veicolo in marcia contro ostacolo accidentale,Rettilineo,Una carreggiata a doppio senso,Asciutto,Con buche,Orizzontale,Nuvoloso,Normale,Buona,Ore Diurne,0,0,0,1,"12,36954","42,01136",True
2662571,8,20/01/2016T12:10:00,Strada Urbana,all'intersezione con,VIALE DELLA SORBONA,VIA COLUMBIA,VIALE DELLA SORBONA,,,Scontro laterale fra veicoli in marcia,Intersezione non regolata/non segnalata,Una carreggiata a doppio senso,Asciutto,Asfaltata,Verticale ed orizzontale,Nuvoloso,Normale,Buona,Ore Diurne,0,0,0,3,"12,61876","41,85263",True
2662973,3,20/01/2016T12:20:00,Strada Urbana,all'intersezione con,LARGO ETTORE MARCHIAFAVA,VIALE IPPOCRATE,LARGO ETTORE MARCHIAFAVA,,,Scontro frontale/laterale DX fra veicoli in marcia,Intersezione stradale segnalata,Due carreggiate,Asciutto,Asfaltata,Verticale ed orizzontale,Nuvoloso,Normale,Buona,Ore Diurne,0,0,0,4,"12,51748","41,907",False
2663016,12,20/01/2016T12:20:00,Strada Urbana,all'intersezione con,VIALE DEGLI EROI DI RODI,VIA PONTINA,VIALE DEGLI EROI DI RODI,,,Tamponamento,Incrocio,Una carreggiata a senso unico di marcia,Asciutto,Asfaltata,Verticale ed orizzontale,Sereno,Scarso,Buona,Ore Diurne,2,0,0,1,,,False
2662155,15,20/01/2016T12:35:00,Strada Urbana,in prossimit�,del civico n.,VIA DEL TRULLO,,245,,Scontro laterale fra veicoli in marcia,Rettilineo,Due carreggiate,Asciutto,Asfaltata,Orizzontale,Sereno,Normale,Buona,Ore Diurne,0,0,0,3,"12,43638","41,84483",True
2662663,20,20/01/2016T12:40:00,Strada Urbana,in prossimit�,del civico n.,LARGO MARESCIALLO DIAZ,,10,,Veicolo in marcia contro veicoli in sosta,Rettilineo,Una carreggiata a senso unico di marcia,Asciutto,Asfaltata,Verticale,Sereno,Normale,Buona,Ore Diurne,0,0,0,1,"12,46466","41,93645",True
2662693,20,20/01/2016T13:25:00,Strada Urbana,in corrispondenza,del civico n.,CORSO DI FRANCIA,,155,,Tamponamento,Rettilineo,Due carreggiate,Asciutto,Asfaltata,Orizzontale,Sereno,Normale,Buona,Ore Diurne,0,0,0,2,,,False
2661926,13,20/01/2016T13:30:00,Strada Urbana,all'intersezione con,VIA MONGIANA,VIA SARACENA,VIA MONGIANA,,,Scontro frontale/laterale SX fra veicoli in marcia,Incrocio,Una carreggiata a doppio senso,Asciutto,Asfaltata,Verticale ed orizzontale,Nuvoloso,Scarso,Sufficiente,Ore Diurne,0,0,0,2,"12,37626","41,79495",True
2662584,8,20/01/2016T13:40:00,Strada Urbana,in prossimit�,del civico n.,VIA ENRICO DELL'ACQUA,,12,,Scontro laterale fra veicoli in marcia,Rettilineo,Una carreggiata a senso unico di marcia,Asciutto,Asfaltata,Assente,Sereno,Scarso,Buona,Ore Diurne,0,0,0,4,"12,64889","41,86671",True
2662685,5,20/01/2016T13:50:00,Strada Urbana,in prossimit�,del civico n.,VIA DI TOR CERVARA,,134,,Scontro frontale fra veicoli in marcia,Rettilineo,Una carreggiata a doppio senso,Asciutto,Asfaltata,Verticale ed orizzontale,Sereno,Normale,Buona,Ore Diurne,3,0,0,2,"12,58841","41,92215",False
2661913,2,20/01/2016T13:50:00,Strada Urbana,in corrispondenza,del civico n.,VIALE PARIOLI,,77,,Veicolo in marcia contro veicolo fermo,Rettilineo,Una carreggiata a doppio senso,Asciutto,Asfaltata,Verticale ed orizzontale,Nuvoloso,Normale,Buona,Ore Diurne,1,0,0,1,"12,48595","41,92679",False
2663185,1,20/01/2016T14:10:00,Strada Urbana,in prossimit�,del palo luce n.,LUNGOTEVERE DEI PIERLEONI,,5,,Tamponamento,Rettilineo,Una carreggiata a senso unico di marcia,Asciutto,Asfaltata,Verticale ed orizzontale,Sereno,Normale,Buona,Ore Diurne,1,0,0,2,,,False
2663047,16,20/01/2016T14:30:00,Strada Urbana,da specificare,,VIALE DEI COLLI PORTUENSI,,,FRONTE VIA CRIVELLI,Scontro laterale fra veicoli in marcia,Rettilineo,Due carreggiate,Asciutto,Asfaltata,Verticale ed orizzontale,Nuvoloso,Normale,Buona,Ore Diurne,0,0,0,5,"12,44365","41,8682",True
2676191,15,20/01/2016T14:30:00,Strada Urbana,all'intersezione con,VIA SILVESTRO GHERARDI,LUNGOTEVERE DI PIETRA PAPA,VIA SILVESTRO GHERARDI,,,Scontro laterale fra veicoli in marcia,Incrocio,Due carreggiate,Asciutto,Asfaltata,Orizzontale,Nuvoloso,Scarso,Buona,Ore Diurne,0,0,0,2,"12,47394","41,86264",True
2662580,8,20/01/2016T14:55:00,Strada Urbana,in prossimit�,del civico n.,VIA MODOLO,,90,,Veicolo in marcia contro veicolo fermo,Rettilineo,Una carreggiata a senso unico di marcia,Asciutto,Asfaltata,Verticale ed orizzontale,Sereno,Scarso,Buona,Ore Diurne,0,0,0,3,"12,68586","41,88941",False
2663708,2,20/01/2016T15:00:00,Strada Urbana,da specificare,,VIA VIRGINIO VESPIGNANI,,,altezza P.ZZA MELOZZO DA FORLI',Veicolo in marcia contro ostacolo fisso,Rettilineo,Una carreggiata a doppio senso,Asciutto,Asfaltata,Verticale ed orizzontale,Sereno,Normale,Buona,Ore Diurne,0,0,0,1,"12,46355","41,92459",True
2662117,7,20/01/2016T15:00:00,Strada Urbana,all'intersezione semaforizzata con,VIA DEGLI ARMENTI,VIA COLLATINA,VIA DEGLI ARMENTI,,,Tamponamento Multiplo,Intersezione semaforizzata,Una carreggiata a doppio senso,Asciutto,Asfaltata,Orizzontale,Nuvoloso,Normale,Buona,Ore Diurne,0,0,0,2,"12,58551","41,90346",True
2662761,19,20/01/2016T15:10:00,Strada Urbana,all'intersezione con,VIA FEDERICO BORROMEO,PIAZZA CLEMENTE XI,VIA FEDERICO BORROMEO,,,Scontro laterale fra veicoli in marcia,Rotatoria,Una carreggiata a senso unico di marcia,Asciutto,Asfaltata,Assente,Sereno,Normale,Buona,Ore Diurne,0,0,0,3,"12,41467","41,91417",True
2662802,19,20/01/2016T15:10:00,Strada Urbana,all'intersezione con,VIA CELLARENGO,VIA CASALNOCETO,VIA CELLARENGO,,,Scontro frontale/laterale SX fra veicoli in marcia,Incrocio,Una carreggiata a doppio senso,Asciutto,Asfaltata,Assente,Nuvoloso,Scarso,Buona,Ore Diurne,0,0,0,2,"12,3181","41,949",True
2662814,19,20/01/2016T15:30:00,Strada Urbana,all'intersezione con,VIA MEZZENILE,VIA DELLA STORTA,VIA MEZZENILE,,,Scontro frontale/laterale DX fra veicoli in marcia,Incrocio,Una carreggiata a doppio senso,Asciutto,Asfaltata,Verticale,Sereno,Normale,Buona,Ore Diurne,1,0,0,2,"12,3515","41,931",True
2662913,17,20/01/2016T15:30:00,Strada Urbana,in prossimit�,del civico n.,VIA GERMANICO,,158,,Veicolo in marcia contro veicolo fermo,Rettilineo,Una carreggiata a senso unico di marcia,Asciutto,Asfaltata,Verticale ed orizzontale,Nuvoloso,Scarso,Buona,Ore Diurne,0,0,0,2,"12,46006","41,90842",True
2662947,17,20/01/2016T15:45:00,Strada Urbana,all'intersezione con,VIA ACHILLE PAPA,VIA MONTE ZEBIO,VIA ACHILLE PAPA,,,Veicolo in marcia contro veicolo in sosta,Incrocio,Due carreggiate,Asciutto,Asfaltata,Verticale ed orizzontale,Sereno,Normale,Buona,Ore Diurne,0,0,0,2,"12,46581","41,91936",True
2662822,19,20/01/2016T15:50:00,Strada Urbana,in corrispondenza,della chilometrica,GALLERIA GIOVANNI XXIII,,2.1,,Veicolo in marcia contro ostacolo fisso,Galleria illuminata,Una carreggiata a senso unico di marcia,Asciutto,Asfaltata,Verticale ed orizzontale,Sereno,Normale,Buona,Sufficiente,0,0,0,1,"12,44462","41,94111",True
2663123,1,20/01/2016T16:10:00,Strada Urbana,in prossimit�,del civico n.,VIA PRINCIPE EUGENIO,,106,,Infortunio per sola frenata improvvisa,Rettilineo,Una carreggiata a doppio senso,Bagnato (umidit� in atto),Asfaltata,Verticale ed orizzontale,Nuvoloso,Normale,Buona,Ore Diurne,1,0,0,0,,,False
2662004,6,20/01/2016T16:25:00,Strada Urbana,all'intersezione semaforizzata con,VIA PRENESTINA,LARGO PRENESTE,VIA PRENESTINA,,,Scontro frontale/laterale DX fra veicoli in marcia,Incrocio,Una carreggiata a doppio senso,Bagnato (pioggia),Asfaltata,Verticale ed orizzontale,Pioggia in atto,Normale,Buona,Ore Diurne,0,0,0,2,"12,54198","41,8926",True
2662796,18,20/01/2016T16:45:00,Strada Urbana,in corrispondenza,del civico n.,VIA BALDO DEGLI UBALDI,,294,,Veicolo in marcia contro ostacolo accidentale,Rettilineo,Due carreggiate,Asciutto,Asfaltata,Verticale ed orizzontale,Sereno,Normale,Buona,Ore Diurne,0,0,0,1,"12,43891","41,90128",True
2662649,11,20/01/2016T16:50:00,Strada Urbana,all'intersezione con,VIA DEL COMMERCIO,VIA DEL PORTO FLUVIALE,VIA DEL COMMERCIO,,,Scontro frontale/laterale DX fra veicoli in marcia,Incrocio,Due carreggiate,Asciutto,Asfaltata,Verticale ed orizzontale,Nuvoloso,Normale,Buona,Ore Diurne,1,0,0,2,"12,47513","41,87232",True
2662928,2,20/01/2016T17:00:00,Strada Urbana,all'intersezione con,PIAZZA REGINA MARGHERITA,VIA ALESSANDRIA,PIAZZA REGINA MARGHERITA,,,Scontro frontale/laterale DX fra veicoli in marcia,Intersezione stradale segnalata,Una carreggiata a senso unico di marcia,Asciutto,Asfaltata,Verticale ed orizzontale,Nuvoloso,Intenso,Buona,Ore Diurne,1,0,0,1,"12,50407","41,91289",False
2663273,16,20/01/2016T17:20:00,Strada Urbana,in prossimit�,del civico n.,VIA GIACINTO CARINI,,10,,Scontro laterale fra veicoli in marcia,Rettilineo,Una carreggiata a senso unico di marcia,Asciutto,Asfaltata,Verticale ed orizzontale,Nuvoloso,Normale,Buona,Sufficiente,0,0,0,3,"12,46061","41,88741",True
2663159,1,20/01/2016T17:40:00,Strada Urbana,in corrispondenza,del civico n.,LARGO DI S. SUSANNA,,94,,Scontro laterale fra veicoli in marcia,Rettilineo,Una carreggiata a senso unico di marcia,Asciutto,Asfaltata,Verticale ed orizzontale,Nuvoloso,Normale,Buona,Sufficiente,0,0,0,2,"12,49358","41,90473",True
2662681,5,20/01/2016T18:00:00,Strada Urbana,da specificare,,VIA TIBURTINA,,,in prossimit� del G.R.A. direzione Roma centro,Scontro laterale fra veicoli in marcia,Rettilineo,Due carreggiate,Asciutto,Asfaltata,Verticale ed orizzontale,Nuvoloso,Normale,Sufficiente,Sufficiente,0,0,0,2,"12,60121","41,93339",True
2662903,13,20/01/2016T18:00:00,Strada Urbana,all'intersezione con,VIA ADOLFO COZZA,VIA DELLE SIRENE,VIA ADOLFO COZZA,,,Scontro frontale/laterale SX fra veicoli in marcia,Incrocio,Pi� di due carreggiate,Asciutto,Asfaltata,Verticale ed orizzontale,Nuvoloso,Normale,Buona,Sufficiente,0,0,0,7,"12,27083","41,73295",True
2662602,8,20/01/2016T18:15:00,Strada Urbana,all'intersezione con,VIALE OXFORD,VIALE DUILIO CAMBELLOTTI,VIALE OXFORD,,,Veicolo in marcia contro ostacolo accidentale,Incrocio,Una carreggiata a senso unico di marcia,Asciutto,Asfaltata,Verticale ed orizzontale,Sereno,Normale,Buona,Sufficiente,0,0,0,2,"12,62691","41,86582",True
2663215,16,20/01/2016T18:30:00,Strada Urbana,all'intersezione con,VIA DEI BEVILACQUA,VIA DEGLI ALDOBRANDESCHI,VIA DEI BEVILACQUA,,,Veicolo in marcia contro ostacolo fisso,Incrocio,Una carreggiata a doppio senso,Asciutto,Asfaltata,Orizzontale,Sereno,Normale,Sufficiente,Insufficiente,0,0,0,2,"12,39919","41,87942",True
2662982,3,20/01/2016T18:40:00,Strada Urbana,in prossimit�,del civico n.,VIA RODOLFO LANCIANI,,78,,Scontro laterale fra veicoli in marcia,Rettilineo,Una carreggiata a senso unico di marcia,Asciutto,Asfaltata,Assente,Nuvoloso,Normale,Buona,Sufficiente,0,0,0,2,"12,52495","41,92103",True
2662538,10,20/01/2016T19:10:00,Strada Urbana,all'intersezione semaforizzata con,VIA QUINTO PUBLICIO,VIALE PALMIRO TOGLIATTI,VIA QUINTO PUBLICIO,,,Scontro laterale fra veicoli in marcia,Intersezione semaforizzata,Due carreggiate,Asciutto,Asfaltata,Verticale ed orizzontale,Nuvoloso,Normale,Buona,Sufficiente,0,0,0,4,"12,57108","41,85612",True
2663102,4,20/01/2016T19:20:00,Strada Urbana,all'intersezione semaforizzata con,VIA VAL BREMBANA,VIA NOMENTANA,VIA VAL BREMBANA,,,Scontro frontale/laterale DX fra veicoli in marcia,Incrocio,Pi� di due carreggiate,Asciutto,Asfaltata,Verticale ed orizzontale,Nuvoloso,Intenso,Sufficiente,Sufficiente,1,0,0,1,"12,52714","41,9306",False
2662773,19,20/01/2016T19:20:00,Strada Urbana,all'intersezione con,VIA LA NEBBIA,VIA DELLA PINETA SACCHETTI,VIA LA NEBBIA,,,Scontro laterale fra veicoli in marcia,Incrocio,Una carreggiata a senso unico di marcia,Bagnato (pioggia),Asfaltata,Verticale ed orizzontale,Pioggia in atto,Intenso,Buona,Sufficiente,0,0,0,2,"12,42428","41,9229",True
2663889,1,20/01/2016T19:40:00,Strada Urbana,all'intersezione semaforizzata con,PIAZZA MASTAI,VIALE DI TRASTEVERE,PIAZZA MASTAI,,,Investimento di pedone,Intersezione semaforizzata,Una carreggiata a doppio senso,Bagnato (pioggia),Asfaltata,Verticale ed orizzontale,Pioggia in atto,Normale,Sufficiente,Sufficiente,1,0,0,3,"12,47284","41,88732",True
2662569,7,20/01/2016T20:00:00,Strada Urbana,all'intersezione con,VIA ARISTIDE STADERINI,VIA PRENESTINA,VIA ARISTIDE STADERINI,,,Scontro frontale/laterale SX fra veicoli in marcia,Intersezione stradale segnalata,Una carreggiata a doppio senso,Bagnato (pioggia),Asfaltata,Verticale ed orizzontale,Pioggia in atto,Normale,Buona,Sufficiente,0,0,0,2,"12,58711","41,89397",True
2662589,8,20/01/2016T20:00:00,,all'intersezione con,VIA AMBROGIO NECCHI,VIA ERNESTO BREDA,VIA AMBROGIO NECCHI,,,Scontro laterale fra veicoli in marcia,,,,,,,,,,1,0,0,1,,,False
2663227,16,20/01/2016T20:00:00,Strada Urbana,in corrispondenza,del civico n.,VIA GIUSEPPE BALZARETTO,,20,,Veicolo in marcia contro veicolo in sosta,Rettilineo,Una carreggiata a doppio senso,Bagnato (pioggia),Asfaltata,Verticale,Pioggia in atto,Scarso,Sufficiente,Sufficiente,1,0,0,0,"12,40614","41,87394",False
2662676,11,20/01/2016T20:00:00,Strada Urbana,in corrispondenza,del civico n.,VIA DELL'IMBRECCIATO,,134,,Veicolo in marcia contro veicolo in sosta,Rettilineo,Una carreggiata a doppio senso,Bagnato (pioggia),Asfaltata,Assente,Nuvoloso,Scarso,Sufficiente,Sufficiente,0,0,0,1,"12,44599","41,8486",True
2662877,2,20/01/2016T20:00:00,Strada Urbana,in prossimit�,del civico n.,PIAZZA DI NOVELLA,,3,,Scontro laterale fra veicoli in marcia,Rotatoria,Una carreggiata a senso unico di marcia,Bagnato (pioggia),Asfaltata,Verticale ed orizzontale,Pioggia in atto,Normale,Sufficiente,Sufficiente,1,0,0,1,"12,51119","41,93113",False
2662806,6,20/01/2016T20:15:00,,all'intersezione con,LARGO PRENESTE,VIA PRENESTINA,LARGO PRENESTE,,,Investimento di pedone,,,,,,,,,,1,0,0,1,,,False