_ID,_Gruppo,_DataOraIncidente,_Localizzazione1,_Localizzazione2,_Strada1,_DaSpecificare,_NaturaIncidente,_ParticolaritaStrade,_TipoStrada,_FondoStradale,_Pavimentazione,_Segnaletica,_CondizioneAtmosferica,_Traffico,_Visibilita,_Illuminazione,_NUM_FERITI,_NUM_RISERVATA,_NUM_MORTI,_NUM_ILLESI,_Longitudine,_Latitudine,_CONFERMATO,__prefix,_Strada02,_Strada2,_Chilometrica
2662988,17,20/01/2016T20:30:00,Strada Urbana,in corrispondenza,del civico n.,VIALE VATICANO,,68,,Veicolo in marcia contro ostacolo accidentale,Rettilineo,Una carreggiata a senso unico alternato,Bagnato (pioggia),Asfaltata,Verticale ed orizzontale,Pioggia in atto,Normale,Sufficiente,Sufficiente,1,0,0,0,"12,44909","41,90537",False
2662916,13,20/01/2016T20:50:00,Strada Urbana,all'intersezione con,VIA DI ACILIA,PIAZZA S. LEONARDO DA PORTO MAURIZIO,VIA DI ACILIA,,,Scontro frontale/laterale DX fra veicoli in marcia,Incrocio,Una carreggiata a senso unico di marcia,Bagnato (pioggia),Asfaltata,Verticale ed orizzontale,Pioggia in atto,Scarso,Buona,Sufficiente,2,0,0,2,"12,3653","41,78316",False
2662632,7,20/01/2016T21:00:00,,in prossimit�,del civico n.,VIALE PALMIRO TOGLIATTI,,824,,Investimento di pedone,,,,,,,,,,1,0,0,1,,,False
2662823,12,20/01/2016T21:10:00,Strada Urbana,all'intersezione con,VIALE CITTA' D'EUROPA,VIALE DELL'OCEANO PACIFICO,VIALE CITTA' D'EUROPA,,,Scontro frontale/laterale SX fra veicoli in marcia,Incrocio,Una carreggiata a doppio senso,Bagnato (pioggia),Asfaltata,Verticale ed orizzontale,Pioggia in atto,Scarso,Buona,Sufficiente,0,0,0,2,"12,45582","41,82555",True
2662771,19,20/01/2016T21:50:00,Strada Urbana,all'intersezione con,VIA LARDARIA,VIA DELLA PINETA SACCHETTI,VIA LARDARIA,,,Scontro laterale fra veicoli in marcia,Incrocio,Due carreggiate,Bagnato (pioggia),Asfaltata,Verticale ed orizzontale,Pioggia in atto,Normale,Buona,Sufficiente,0,0,0,2,"12,42428","41,9229",True
2663276,16,20/01/2016T22:15:00,,in corrispondenza,del civico n.,VIALE DEI COLLI PORTUENSI,,391,,Veicolo in marcia contro veicoli fermi,,,,,,,,,,0,0,0,1,,,False
2663033,17,20/01/2016T22:30:00,Strada Urbana,in corrispondenza,del civico n.,VIA COLA DI RIENZO,,295,,Infortunio per sola frenata improvvisa,Rettilineo,Una carreggiata a doppio senso,Bagnato (umidit� in atto),In cubetti di porfido,Verticale ed orizzontale,Pioggia in atto,Scarso,Sufficiente,Sufficiente,0,0,0,1,"12,45976","41,90664",True
2662836,18,20/01/2016T22:45:00,Strada Urbana,all'intersezione con,VIA MARTINO V,VIA DEL FORTE BOCCEA,VIA MARTINO V,,,Scontro laterale fra veicoli in marcia,Incrocio,Una carreggiata a senso unico di marcia,Bagnato (pioggia),Asfaltata,Verticale ed orizzontale,Pioggia in atto,Scarso,Sufficiente,Sufficiente,4,0,0,1,"12,42117","41,90572",False
2662467,9,20/01/2016T23:40:00,Strada Urbana,in prossimit�,del civico n.,VIA ALBENGA,,54,,Tamponamento,Rettilineo,Una carreggiata a senso unico di marcia,Bagnato (pioggia),Asfaltata,Verticale ed orizzontale,Pioggia in atto,Scarso,Sufficiente,Sufficiente,0,0,0,2,"12,51852","41,87769",False
2663495,1,20/01/2016T23:45:00,Strada Urbana,in prossimit�,del civico n.,VIA DEL TEATRO DI MARCELLO,,42,,Tamponamento,Curva a visuale libera,Una carreggiata a doppio senso,Bagnato (pioggia),Asfaltata,Verticale ed orizzontale,Pioggia in atto,Scarso,Sufficiente,Sufficiente,0,0,0,4,"12,48112","41,89304",True
2662746,5,20/01/2016T23:45:00,Strada Urbana,da specificare,,NUOVA CIRCONVALLAZIONE INTERNA,,,direz. S. Giovanni pross. uscita Monti Tiburtini,Infortunio per sola frenata improvvisa,Rettilineo,Una carreggiata a senso unico di marcia,Asciutto,Asfaltata,Verticale ed orizzontale,Sereno,Normale,Buona,Sufficiente,1,0,0,1,"12,53006","41,91545",False
2662930,2,21/01/2016T00:05:00,,all'intersezione con,VIA MONTE ROCCHETTA,VIALE JONIO,VIA MONTE ROCCHETTA,,,Scontro frontale/laterale DX fra veicoli in marcia,,,,,,,,,,2,0,0,1,,,False
2662682,11,21/01/2016T02:00:00,Strada Urbana,da specificare,,VIA CRISTOFORO COLOMBO,,,fronte civi. 181,Veicolo in marcia contro ostacolo fisso,Rettilineo,Pi� di due carreggiate,Bagnato (pioggia),Asfaltata,Verticale ed orizzontale,Pioggia in atto,Scarso,Buona,Sufficiente,3,0,0,0,,,False
2664362,17,21/01/2016T02:35:00,Strada Urbana,all'intersezione semaforizzata con,LUNGOTEVERE PRATI,PIAZZA DEI TRIBUNALI,LUNGOTEVERE PRATI,,,Veicolo in marcia contro ostacolo fisso,Incrocio,Una carreggiata a senso unico di marcia,Bagnato (pioggia),Asfaltata,Verticale ed orizzontale,Nuvoloso,Scarso,Buona,Sufficiente,0,0,0,2,"12,47223","41,90378",True
2662736,7,21/01/2016T03:25:00,Strada Urbana,in prossimit�,del civico n.,VIA CASILINA,,1062,,Scontro laterale fra veicoli in marcia,Rettilineo,Una carreggiata a doppio senso,Bagnato (pioggia),Asfaltata,Verticale ed orizzontale,Pioggia in atto,Scarso,Buona,Sufficiente,0,0,0,5,"12,59172","41,86731",True
2662797,19,21/01/2016T03:30:00,Strada Urbana,in corrispondenza,del civico n.,VIA DELLA PINETA SACCHETTI,,175,,Veicolo in marcia contro ostacolo fisso,Rettilineo,Pi� di due carreggiate,Bagnato (pioggia),Asfaltata,Verticale ed orizzontale,Nuvoloso,Scarso,Buona,Sufficiente,1,0,0,0,"12,42416","41,92298",True
2662754,5,21/01/2016T05:10:00,Strada Urbana,da specificare,,PIAZZA MENENIO AGRIPPA,,,altezza VIA CIMONE,Tamponamento,Rettilineo,Due carreggiate,Bagnato (pioggia),Asfaltata,Verticale ed orizzontale,Nuvoloso,Scarso,Buona,Sufficiente,0,0,0,2,"12,53567","41,9348",True
2662968,13,21/01/2016T05:45:00,Strada Urbana,in prossimit�,del civico n.,VIA OSTIENSE,,2193,,Fuoriuscita dalla sede stradale,Rettilineo,Una carreggiata a doppio senso,Bagnato (pioggia),Asfaltata,Orizzontale,Sereno,Scarso,Sufficiente,Inesistente,1,0,0,1,"12,32199","41,76875",False
2668708,20,21/01/2016T06:20:00,,in prossimit�,del civico n.,VIA DELLA STAZIONE DI CESANO,,4,,Fuoriuscita dalla sede stradale,,,,,,,,,,0,0,0,1,,,False
2662614,7,21/01/2016T06:40:00,Strada Urbana,all'intersezione con,VIA ROLANDO LANARI,VIA WALTER TOBAGI,VIA ROLANDO LANARI,,,Scontro frontale fra veicoli in marcia,Intersezione stradale segnalata,Una carreggiata a doppio senso,Bagnato (umidit� in atto),Asfaltata,Orizzontale,Sereno,Normale,Buona,Sufficiente,1,0,0,4,,,False
2664293,4,21/01/2016T07:20:00,Statale,da specificare,,VIA SALARIA,,,in prossimit� del Km 15.650 direzione Roma centro,Scontro frontale/laterale DX fra veicoli in marcia,Rettilineo,Due carreggiate,Asciutto,Asfaltata,Verticale ed orizzontale,Nebbia,Normale,Buona,Ore Diurne,0,0,0,4,"12,50445","41,9554",True
2664059,8,21/01/2016T07:30:00,Statale entro l'abitato,da specificare,,VIA CASILINA,,,SVINCOLO GRA CARREGGIATA ESTERNA,Scontro laterale fra veicoli in marcia,Curva a visuale libera,Una carreggiata a senso unico di marcia,Bagnato (umidit� in atto),Asfaltata,Verticale ed orizzontale,Sereno,Normale,Buona,Ore Diurne,0,0,0,2,"12,60933","41,86405",True
2663893,16,21/01/2016T07:30:00,Strada Urbana,in corrispondenza,del civico n.,VIALE AURELIO SAFFI,,23,,Tamponamento,Rettilineo,Una carreggiata a doppio senso,Bagnato (umidit� in atto),Asfaltata,Assente,Sereno,Normale,Buona,Ore Diurne,0,0,0,6,"12,46721","41,88296",True
2662869,18,21/01/2016T07:30:00,Strada Urbana,in prossimit�,del civico n.,VIA FEDERICO PATETTA,,69,,Scontro frontale/laterale DX fra veicoli in marcia,Pendenza,Una carreggiata a doppio senso,Bagnato (pioggia),Asfaltata,Verticale ed orizzontale,Nuvoloso,Normale,Buona,Ore Diurne,1,0,0,1,"12,43026","41,9041",True
2663258,6,21/01/2016T07:50:00,,in corrispondenza,del civico n.,VIALE DELLA SERENISSIMA,,131,,Tamponamento,,,,,,,,,,1,0,0,3,,,False
2664056,8,21/01/2016T07:55:00,Strada Urbana,all'intersezione con,VIA DELLA TENUTA DEL CAVALIERE,VIA COLLATINA,VIA DELLA TENUTA DEL CAVALIERE,,,Scontro frontale/laterale SX fra veicoli in marcia,Incrocio,Una carreggiata a doppio senso,Bagnato (pioggia),Asfaltata,Verticale ed orizzontale,Sereno,Intenso,Buona,Ore Diurne,0,0,0,2,"12,66795","41,92454",True
2664115,13,21/01/2016T08:00:00,,all'intersezione con,VIA CONTE DI PITIGLIANO,VIA PERICLE DUCATI,VIA CONTE DI PITIGLIANO,,,Scontro frontale/laterale DX fra veicoli in marcia,,,,,,,,,,1,0,0,1,"12,30271","41,76144",False
2662821,10,21/01/2016T08:00:00,Strada Urbana,in corrispondenza,del civico n.,VIA DELL'AEROPORTO,,43,,Investimento di pedone,Rettilineo,Una carreggiata a senso unico di marcia,Bagnato (pioggia),Asfaltata,Orizzontale,Sereno,Normale,Buona,Ore Diurne,1,0,0,2,,,False
2664295,10,21/01/2016T08:00:00,Strada Urbana,in prossimit�,del civico n.,VIA TUSCOLANA,,1209,,Scontro laterale fra veicoli in marcia,Rettilineo,Due carreggiate,Asciutto,Asfaltata,Verticale ed orizzontale,Sereno,Intenso,Buona,Ore Diurne,0,0,0,2,"12,59829","41,83766",True
2664172,11,21/01/2016T08:00:00,Strada Urbana,da specificare,,VIA GIULIO ARISTIDE SARTORIO,,,prossimit� PIAZZA LANTE direzione ARDEATINA,Scontro laterale fra veicoli in marcia,Rettilineo,Due carreggiate,Bagnato (umidit� in atto),Asfaltata,Verticale ed orizzontale,Sereno,Normale,Buona,Ore Diurne,0,0,0,2,"12,50238","41,85225",False
2664232,19,21/01/2016T08:10:00,Strada Urbana,all'intersezione con,VIA FLAMINIA,CORSO DI FRANCIA,VIA FLAMINIA,,,Tamponamento,Intersezione stradale segnalata,Una carreggiata a senso unico di marcia,Asciutto,Asfaltata,Orizzontale,Sereno,Normale,Buona,Ore Diurne,0,0,0,2,"12,47154","41,93683",True
2664327,17,21/01/2016T08:15:00,Strada Urbana,da specificare,,LUNGOTEVERE DELLE ARMI,,,altezza VIA CIRO MENOTTI,Scontro laterale fra veicoli in marcia,Rettilineo,Una carreggiata a senso unico di marcia,Bagnato (umidit� in atto),Asfaltata,Verticale ed orizzontale,Sereno,Normale,Buona,Ore Diurne,1,0,0,1,"12,46947","41,91581",False
2664311,10,21/01/2016T08:15:00,Strada Urbana,in prossimit�,del civico n.,VIA EMILIO BRUSA,,22,,Tamponamento Multiplo,Rettilineo,Una carreggiata a senso unico di marcia,Bagnato (umidit� in atto),Asfaltata,Assente,Sereno,Normale,Buona,Ore Diurne,0,0,0,6,"12,59395","41,84489",True
2664254,10,21/01/2016T08:20:00,Strada Urbana,in prossimit�,del civico n.,VIA TUSCOLANA,,1109,,Tamponamento Multiplo,Rettilineo,Due carreggiate,Bagnato (umidit� in atto),Asfaltata,Verticale ed orizzontale,Sereno,Intenso,Buona,Ore Diurne,4,0,0,1,"12,57951","41,84595",True
2663703,9,21/01/2016T08:20:00,Strada Urbana,da specificare,,VIA CILICIA,,,prox 'HOTEL CILICIA',Veicolo in marcia contro ostacolo accidentale,Rettilineo,Due carreggiate,Asciutto,Asfaltata,Orizzontale,Sereno,Normale,Buona,Ore Diurne,0,0,0,1,"12,50576","41,87345",True
2663625,1,21/01/2016T08:20:00,Strada Urbana,in prossimit�,del civico n.,LUNGOTEVERE DEI SANGALLO,,13,,Scontro laterale fra veicoli in marcia,Rettilineo,Una carreggiata a senso unico di marcia,Asciutto,Asfaltata,Verticale ed orizzontale,Sereno,Normale,Buona,Ore Diurne,0,0,0,2,,,False
2664169,5,21/01/2016T08:30:00,,da specificare,,VIA TIBURTINA,,,fronte civico 1095/a,Investimento di pedone,,,,,,,,,,1,0,0,0,,,False
2664067,13,21/01/2016T08:30:00,Strada Urbana,da specificare,,VIA DELLA SALVIA,,,in corrispondenza di Via della Canapa,Investimento di pedone,Rettilineo,Una carreggiata a senso unico di marcia,Bagnato (pioggia),Asfaltata,Verticale,Nuvoloso,Scarso,Buona,Ore Diurne,1,0,0,1,"12,36454","41,78636",False
2663522,15,21/01/2016T08:30:00,Strada Urbana,in corrispondenza,del civico n.,VIA DELLA MAGLIANA,,1009,,Veicolo in marcia contro veicolo arresto,Rettilineo,Una carreggiata a doppio senso,Bagnato (pioggia),Asfaltata,Assente,Sereno,Scarso,Buona,Ore Diurne,0,0,0,4,"12,39275","41,82231",True
2664298,10,21/01/2016T08:30:00,Strada Urbana,all'intersezione con,VIA LUCIO PAPIRIO,VIALE ANICIO GALLO,VIA LUCIO PAPIRIO,,,Veicolo in marcia contro ostacolo accidentale,Incrocio,Una carreggiata a senso unico di marcia,Viscido da liquidi oleosi,Asfaltata,Verticale ed orizzontale,Sereno,Normale,Buona,Ore Diurne,1,0,0,0,"12,56145","41,85428",True
2667648,18,21/01/2016T08:40:00,Strada Urbana,all'intersezione con,VIA DELLA MADONNA DEL RIPOSO,LARGO S. PIO V,VIA DELLA MADONNA DEL RIPOSO,,,Investimento di pedone,Incrocio,Una carreggiata a senso unico di marcia,Asciutto,Asfaltata,Verticale ed orizzontale,Sereno,Normale,Buona,Ore Diurne,1,0,0,1,"12,4319","41,89662",True
2664283,17,21/01/2016T08:45:00,Strada Urbana,all'intersezione con,VIA DEI BASTIONI,VIA GIOVANNI VITELLESCHI,VIA DEI BASTIONI,,,Scontro laterale fra veicoli in marcia,Incrocio,Una carreggiata a senso unico di marcia,Asciutto,Asfaltata,Verticale ed orizzontale,Sereno,Normale,Buona,Ore Diurne,0,0,0,2,"12,46203","41,90458",True
2667790,18,21/01/2016T08:55:00,Strada Urbana,in prossimit�,del civico n.,VIA GREGORIO VII,,309,,Veicoli in marcia contro veicolo fermo,Curva a visuale libera,Pi� di due carreggiate,Bagnato (umidit� in atto),Asfaltata,Verticale ed orizzontale,Sereno,Normale,Buona,Ore Diurne,1,0,0,2,"12,44191","41,89624",True
2665940,23,21/01/2016T09:00:00,,in prossimit�,della chilometrica,VIA CRISTOFORO COLOMBO,,19.9,,Ribaltamento senza urto contro ostacolo fisso,,,,,,,,,,0,0,0,1,,,False
2664142,11,21/01/2016T09:10:00,Strada Urbana,da specificare,,VIA CRISTOFORO COLOMBO,,,pross.via A. Leonori carr.centrale dir.centro ,Scontro frontale fra veicoli in marcia,Rettilineo,Pi� di due carreggiate,Asciutto,Asfaltata,Verticale ed orizzontale,Sereno,Normale,Buona,Ore Diurne,2,0,0,2,"12,44704","41,80373",True
2664078,11,21/01/2016T09:10:00,Strada Urbana,da specificare,,VIA DI TORRICOLA,,,all'intersezione con VIA DI TORRICOLA NUOVA,Tamponamento Multiplo,Rettilineo,Una carreggiata a doppio senso,Bagnato (umidit� in atto),Asfaltata,Assente,Sereno,Intenso,Buona,Ore Diurne,1,0,0,3,"12,54232","41,8114",False
2664147,11,21/01/2016T09:15:00,Strada Urbana,all'intersezione con,PIAZZALE ANTONIO TOSTI,VIALE CARLO TOMMASO ODESCALCHI,PIAZZALE ANTONIO TOSTI,,,Scontro frontale/laterale SX fra veicoli in marcia,Intersezione stradale segnalata,Due carreggiate,Asciutto,Asfaltata,Verticale ed orizzontale,Sereno,Normale,Buona,Ore Diurne,1,0,0,2,"12,50132","41,85738",False
2664273,10,21/01/2016T09:25:00,Strada Urbana,all'intersezione con,VIA GABRIELE NAPODANO,VIA MASO FINIGUERRA,VIA GABRIELE NAPODANO,,,Scontro laterale fra veicoli in marcia,Incrocio,Una carreggiata a doppio senso,Bagnato (umidit� in atto),Asfaltata,Verticale ed orizzontale,Sereno,Normale,Buona,Ore Diurne,0,0,0,2,"12,60522","41,83923",True
2663719,9,21/01/2016T09:30:00,,all'intersezione con,VIA AOSTA,VIA TUSCOLANA,VIA AOSTA,,,Infortunio per sola frenata improvvisa,,,,,,,,,,1,0,0,1,"12,52291","41,87987",False
2663783,16,21/01/2016T09:30:00,Strada Urbana,all'intersezione con,VIA FRANCESCO CATEL,VIA FEDERICO OZANAM,VIA FRANCESCO CATEL,,,Scontro frontale/laterale DX fra veicoli in marcia,Incrocio,Una carreggiata a doppio senso,Bagnato (brina),Asfaltata,Verticale,Sereno,Normale,Buona,Ore Diurne,0,0,0,4,"12,44992","41,87712",True
2664201,20,21/01/2016T09:30:00,Strada Urbana,in prossimit�,del civico n.,CORSO DI FRANCIA,,117,,Tamponamento Multiplo,Rettilineo,Due carreggiate,Asciutto,Asfaltata,Orizzontale,Sereno,Intenso,Buona,Ore Diurne,0,0,0,4,"12,4706","41,94183",True
2664250,20,21/01/2016T09:35:00,Strada Urbana,da specificare,,VIALE GIUSEPPE STEFANINI,,,prossimit� SS. Cosmo e Damiano,Ribaltamento senza urto contro ostacolo fisso,Rettilineo,Una carreggiata a doppio senso,Bagnato (umidit� in atto),Asfaltata,Verticale ed orizzontale,Sereno,Scarso,Buona,Ore Diurne,1,0,0,0,,,False
2664286,20,21/01/2016T09:35:00,,da specificare,,VIA PARIDE STEFANINI,,,prossimit� via Santi Cosma e Damianio,Tamponamento,,,,,,,,,,0,0,0,2,,,False
2663773,9,21/01/2016T09:50:00,,da specificare,,VIA TOMMASO FORTIFIOCCA,,,FRONTE VIA A. OMODEO,Tamponamento,,,,,,,,,,1,0,0,1,"12,52198","41,87145",False
2663023,10,21/01/2016T10:00:00,Strada Urbana,all'intersezione semaforizzata con,VIA DEI FULVI,VIA TUSCOLANA,VIA DEI FULVI,,,Scontro laterale fra veicoli in marcia,Intersezione semaforizzata,Due carreggiate,Bagnato (umidit� in atto),Asfaltata,Verticale ed orizzontale,Sereno,Normale,Buona,Ore Diurne,0,0,0,3,"12,54802","41,86379",True
2663901,16,21/01/2016T10:10:00,Strada Urbana,all'intersezione semaforizzata con,VIA MARIA LORENZA LONGO,VIA BERNARDINO RAMAZZINI,VIA MARIA LORENZA LONGO,,,Scontro laterale fra veicoli in marcia,Intersezione semaforizzata,Una carreggiata a doppio senso,Bagnato (umidit� in atto),Asfaltata,Verticale,Sereno,Normale,Buona,Ore Diurne,0,0,0,2,"12,45149","41,86777",True
2667535,18,21/01/2016T10:10:00,,in prossimit�,del civico n.,VIA FRANCESCO PACELLI,,13,,Veicolo in marcia contro ostacolo accidentale,,,,,,,,,,1,0,0,1,"12,44132","41,89596",False
2663427,1,21/01/2016T10:10:00,Strada Urbana,in corrispondenza,del civico n.,VIA MECENATE,,https://gestincweb.polmunicipale.roma/Verbatel/Common/Img/geo.gif18,,Scontro laterale fra veicoli in marcia,Rettilineo,Una carreggiata a senso unico di marcia,Asciutto,Asfaltata,Verticale ed orizzontale,Sereno,Normale,Buona,Ore Diurne,0,0,0,2,"12,49935","41,89186",True
2664051,8,21/01/2016T10:15:00,Strada Urbana,in prossimit�,del civico n.,VIA DI TORRE SPACCATA,,103/A,,Tamponamento Multiplo,Rettilineo,Una carreggiata a doppio senso,Asciutto,Asfaltata,Verticale ed orizzontale,Sereno,Normale,Buona,Ore Diurne,1,0,0,5,,,False
2664256,17,21/01/2016T10:15:00,Strada Urbana,all'intersezione con,VIA CARLO GRABAU,VIALE GIUSEPPE MAZZINI,VIA CARLO GRABAU,,,Scontro laterale fra veicoli in marcia,Incrocio,Due carreggiate,Asciutto,Asfaltata,Verticale ed orizzontale,Sereno,Normale,Buona,Ore Diurne,1,0,0,1,"12,45619","41,91567",False
2664617,1,21/01/2016T10:30:00,Strada Urbana,da specificare,,VIA MERULANA,,,altezza VIA ALFIERI,Scontro laterale fra veicoli in marcia,Rettilineo,Una carreggiata a doppio senso,Asciutto,Asfaltata,Orizzontale,Sereno,Intenso,Buona,Ore Diurne,0,0,0,1,,,False
2664347,4,21/01/2016T10:30:00,Strada Urbana,da specificare,,VIALE GINO CERVI,,,100 metri prima della rotatoria di Via A. Bettini,Veicolo in marcia contro ostacolo accidentale,Rettilineo,Una carreggiata a doppio senso,Asciutto,Asfaltata,Orizzontale,Sereno,Scarso,Buona,Ore Diurne,1,0,0,0,"12,5308","41,96488",False
2663589,1,21/01/2016T10:30:00,Strada Urbana,in corrispondenza,del civico n.,PONTE SUBLICIO,,6,,Tamponamento,Rettilineo,Una carreggiata a doppio senso,Asciutto,Asfaltata,Verticale ed orizzontale,Sereno,Intenso,Buona,Ore Diurne,1,0,0,2,,,False
2663222,6,21/01/2016T10:50:00,Strada Urbana,all'intersezione con,VIA PRENESTINA,VIA TOR DE' SCHIAVI,VIA PRENESTINA,,,Tamponamento,Intersezione semaforizzata,Due carreggiate,Asciutto,Asfaltata,Verticale ed orizzontale,Sereno,Normale,Buona,Ore Diurne,1,0,0,1,,,False
2664246,19,21/01/2016T11:00:00,Strada Urbana,in corrispondenza,del civico n.,VIA INZAGO,,41,,Scontro laterale fra veicoli in marcia,Rettilineo,Una carreggiata a senso unico di marcia,Asciutto,Asfaltata,Assente,Sereno,Normale,Buona,Ore Diurne,1,0,0,1,"12,3903","41,9473",True
2671878,12,21/01/2016T11:10:00,Strada Urbana,all'intersezione con,VIA SALVATORE QUASIMODO,VIALE CESARE PAVESE,VIA SALVATORE QUASIMODO,,,Scontro frontale/laterale SX fra veicoli in marcia,Incrocio,Due carreggiate,Asciutto,Asfaltata,Verticale ed orizzontale,Sereno,Normale,Buona,Ore Diurne,0,0,0,3,"12,4745","41,81752",True
2663588,9,21/01/2016T11:15:00,,in prossimit�,del civico n.,VIA BIELLA,,11,,Scontro laterale fra veicoli in marcia,,,,,,,,,,1,0,0,1,,,False
2664166,8,21/01/2016T11:25:00,,da specificare,,VIALE DI TORRE MAURA,,,lato opposto civ. 30,Veicolo in marcia contro ostacolo accidentale,,,,,,,,,,0,0,0,1,,,False
2663682,1,21/01/2016T11:45:00,Strada Urbana,in corrispondenza,del civico n.,VIA MERULANA,,225,,Tamponamento,Rettilineo,Una carreggiata a doppio senso,Asciutto,Asfaltata,Verticale ed orizzontale,Sereno,Normale,Buona,Ore Diurne,1,0,0,2,,,False
2663355,6,21/01/2016T11:52:00,Strada Urbana,in corrispondenza,del civico n.,VIALE GIOVANNI BATTISTA VALENTE,,33,,Scontro frontale/laterale DX fra veicoli in marcia,Rettilineo,Una carreggiata a doppio senso,Asciutto,Asfaltata,Verticale ed orizzontale,Sereno,Normale,Buona,Ore Diurne,1,0,0,1,,,False
2667370,12,21/01/2016T12:00:00,,da specificare,,VIALE IGNAZIO SILONE,,,pros. via lipparini,Investimento di pedone,,,,,,,,,,1,0,0,1,,,False
2663223,18,21/01/2016T12:00:00,Strada Urbana,da specificare,,VIA DI BOCCEA,,,in prossimit� via Pasquale II,Tamponamento,Rettilineo,Una carreggiata a senso unico di marcia,Asciutto,Asfaltata,Verticale ed orizzontale,Sereno,Normale,Buona,Ore Diurne,0,0,0,3,"12,39188","41,91186",True
2663535,15,21/01/2016T12:15:00,Strada Urbana,all'intersezione semaforizzata con,LARGO GAETANO LA LOGGIA,VIA PORTUENSE,LARGO GAETANO LA LOGGIA,,,Tamponamento,Intersezione semaforizzata,Una carreggiata a doppio senso,Asciutto,Asfaltata,Orizzontale,Sereno,Normale,Buona,Ore Diurne,0,0,0,2,"12,40939","41,84342",True
2670319,18,21/01/2016T12:20:00,Strada Urbana,all'intersezione con,VIA DEL COTTOLENGO,VIA DEL GELSOMINO,VIA DEL COTTOLENGO,,,Veicolo in marcia contro ostacolo accidentale,Incrocio,Una carreggiata a senso unico di marcia,Asciutto,Asfaltata,Verticale ed orizzontale,Sereno,Scarso,Sufficiente,Ore Diurne,1,0,0,0,"12,45033","41,89777",True
2665196,3,21/01/2016T12:20:00,Altra strada,da specificare,,PIAZZALE DEL VERANO,,,INTERNO CIMITERO VERANO,Scontro frontale/laterale SX fra veicoli in marcia,Rettilineo,Una carreggiata a doppio senso,Asciutto,Asfaltata,Assente,Sereno,Scarso,Buona,Ore Diurne,0,0,0,2,"12,51862","41,90119",True
2667448,18,21/01/2016T12:25:00,Strada Urbana,all'intersezione con,VIA DELLE FORNACI,VIA ALCIDE DE GASPERI,VIA DELLE FORNACI,,,Veicolo in marcia contro veicolo in sosta,Incrocio,Una carreggiata a senso unico di marcia,Asciutto,Acciotolata,Orizzontale,Sereno,Scarso,Buona,Ore Diurne,0,0,0,1,"12,45543","41,89884",True
2663744,13,21/01/2016T12:45:00,,all'intersezione con,VIA DELLA PARANZELLA,VIA DEI BRAGOZZI,VIA DELLA PARANZELLA,,,Scontro laterale fra veicoli in marcia,,,,,,,,,,0,0,0,1,,,False
2664703,18,21/01/2016T12:50:00,,in prossimit�,del civico n.,VIA AURELIA,,417,,Veicolo in marcia contro veicolo in sosta,,,,,,,,,,0,0,0,1,,,False
2664289,16,21/01/2016T12:50:00,Strada Urbana,in corrispondenza,del civico n.,VIA VITELLIA,,57,,Infortunio per caduta del veicolo,Rettilineo,Una carreggiata a senso unico di marcia,Asciutto,Asfaltata,Assente,Sereno,Normale,Buona,Ore Diurne,1,0,0,1,"12,44698","41,87969",False
2663807,12,21/01/2016T12:55:00,Strada Urbana,da specificare,,VIALE GIORGIO RIBOTTA,,,altezza rotatoria Delogu/Stefanini,Veicolo in marcia contro ostacolo fisso,Curva a visuale libera,Una carreggiata a senso unico di marcia,Asciutto,Asfaltata,Verticale ed orizzontale,Sereno,Scarso,Buona,Ore Diurne,1,0,0,0,"12,45446","41,81716",False
2664200,5,21/01/2016T13:00:00,Strada Urbana,da specificare,,NUOVA CIRCONVALLAZIONE INTERNA,,,dir. S. Giovanni prox. uscita Monti Tiburtini,Veicolo in marcia contro ostacolo fisso,Rettilineo,Una carreggiata a senso unico di marcia,Asciutto,Asfaltata,Orizzontale,Sereno,Normale,Buona,Ore Diurne,1,0,0,0,,,False
2664171,18,21/01/2016T13:10:00,Strada Urbana,all'intersezione semaforizzata con,PIAZZA DI VILLA CARPEGNA,CIRCONVALLAZIONE AURELIA,PIAZZA DI VILLA CARPEGNA,,,Tamponamento,Intersezione semaforizzata,Due carreggiate,Asciutto,Asfaltata,Verticale ed orizzontale,Sereno,Normale,Buona,Ore Diurne,1,0,0,1,"12,4289","41,89575",False
2664352,4,21/01/2016T13:10:00,Strada Urbana,all'intersezione con,VIA ETTORE ROMAGNOLI,VIA CLELIA BERTINI ATTILJ,VIA ETTORE ROMAGNOLI,,,Investimento di pedone,Incrocio,Una carreggiata a senso unico di marcia,Bagnato (umidit� in atto),Asfaltata,Verticale ed orizzontale,Sereno,Normale,Buona,Ore Diurne,1,0,0,1,"12,54471","41,94047",False
2667398,12,21/01/2016T13:20:00,Strada Urbana,all'intersezione con,VIA MATTEO BARTOLI,VIA DELLA DIVISIONE TORINO,VIA MATTEO BARTOLI,,,Scontro frontale/laterale DX fra veicoli in marcia,Intersezione stradale segnalata,Due carreggiate,Asciutto,Asfaltata,Verticale ed orizzontale,Sereno,Normale,Buona,Ore Diurne,0,0,0,2,"12,48639","41,82147",True
2664349,2,21/01/2016T13:32:00,Strada Urbana,in corrispondenza,del civico n.,VIA GIAMBATTISTA VICO,,44/e,,Veicolo in marcia contro veicolo fermo,Rettilineo,Una carreggiata a doppio senso,Asciutto,Asfaltata,Verticale ed orizzontale,Sereno,Intenso,Buona,Ore Diurne,0,0,0,2,"12,47431","41,91333",True