_ID,_Gruppo,_DataOraIncidente,_Localizzazione1,_Localizzazione2,_Strada1,_DaSpecificare,_NaturaIncidente,_ParticolaritaStrade,_TipoStrada,_FondoStradale,_Pavimentazione,_Segnaletica,_CondizioneAtmosferica,_Traffico,_Visibilita,_Illuminazione,_NUM_FERITI,_NUM_RISERVATA,_NUM_MORTI,_NUM_ILLESI,_Longitudine,_Latitudine,_CONFERMATO,__prefix,_Strada02,_Strada2,_Chilometrica
2663581,9,21/01/2016T14:00:00,Strada Urbana,da specificare,,VIA TOMMASO FORTIFIOCCA,,,PROSSIMITA' VIA DI VIGNA FABBRI (DIR. C. BARONIO),Scontro laterale fra veicoli in marcia,Rettilineo,Una carreggiata a doppio senso,Asciutto,Asfaltata,Verticale ed orizzontale,Sereno,Normale,Buona,Ore Diurne,0,0,0,2,"12,52233","41,8711",True
2663702,15,21/01/2016T14:05:00,Strada Urbana,in prossimit�,del palo luce n.,VIA DELLA PISANA,,168,,Veicolo in marcia contro ostacolo accidentale,Curva senza visuale libera,Una carreggiata a doppio senso,Asciutto,Asfaltata,Orizzontale,Sereno,Normale,Buona,Ore Diurne,0,0,0,1,"12,39764","41,85757",True
2663919,12,21/01/2016T14:10:00,Strada Urbana,all'intersezione semaforizzata con,VIA DEI CORAZZIERI,VIA LAURENTINA,VIA DEI CORAZZIERI,,,Investimento di pedone,Intersezione semaforizzata,Due carreggiate,Asciutto,Asfaltata,Verticale ed orizzontale,Sereno,Normale,Buona,Ore Diurne,1,0,0,3,"12,47982","41,82221",False
2663488,10,21/01/2016T14:25:00,Statale entro l'abitato,da specificare,,VIA TUSCOLANA,,,direzione Roma prossimit� via Delitala,Scontro laterale fra veicoli in marcia,Rettilineo,Una carreggiata a senso unico di marcia,Asciutto,Asfaltata,Verticale,Sereno,Normale,Buona,Ore Diurne,0,0,0,3,"12,5887","41,84034",True
2667657,18,21/01/2016T14:30:00,Statale,da specificare,,VIA AURELIA,,,"in prossimit� del civ. 12,500 direzione centro",Tamponamento,Curva a visuale libera,Una carreggiata a senso unico di marcia,Asciutto,Asfaltata,Verticale ed orizzontale,Sereno,Normale,Buona,Ore Diurne,1,0,0,2,"12,36281","41,88605",True
2664072,11,21/01/2016T14:30:00,Strada Urbana,in prossimit�,del civico n.,VIA DEL COMMERCIO,,27,,Scontro frontale fra veicoli in marcia,Rettilineo,Una carreggiata a doppio senso,Asciutto,Asfaltata,Verticale ed orizzontale,Sereno,Normale,Buona,Ore Diurne,0,0,0,3,"12,47527","41,87196",True
2664087,15,21/01/2016T14:40:00,Strada Urbana,da specificare,,VIA PORTUENSE,,,fronte Via di Pietrasanta,Veicolo in marcia contro ostacolo accidentale,Rettilineo,Una carreggiata a doppio senso,Asciutto,Asfaltata,Verticale ed orizzontale,Sereno,Normale,Insufficiente,Ore Diurne,0,0,0,1,"12,40939","41,84342",True
2664345,16,21/01/2016T14:50:00,Strada Urbana,in prossimit�,del civico n.,VIALE DEI QUATTRO VENTI,,186,,Scontro frontale/laterale SX fra veicoli in marcia,Rettilineo,Una carreggiata a doppio senso,Asciutto,Asfaltata,Orizzontale,Sereno,Normale,Buona,Ore Diurne,2,0,0,1,"12,45821","41,8772",False
2663709,2,21/01/2016T15:00:00,Strada Urbana,in prossimit�,del civico n.,PIAZZA EUCLIDE,,fr. 46,,Veicolo in marcia contro ostacolo accidentale,Curva a visuale libera,Una carreggiata a senso unico di marcia,Asciutto,Asfaltata,Verticale ed orizzontale,Sereno,Normale,Buona,Ore Diurne,1,0,0,1,"12,4817","41,92691",False
2664287,20,21/01/2016T15:00:00,Strada Urbana,all'intersezione con,VIA VALLE CORAZZA,VIA DI PONTE TRAVE,VIA VALLE CORAZZA,,,Scontro frontale fra veicoli in marcia,Incrocio,Una carreggiata a doppio senso,Bagnato (umidit� in atto),Asfaltata,Orizzontale,Sereno,Scarso,Buona,Ore Diurne,1,0,0,2,,,False
2667389,12,21/01/2016T15:25:00,Strada Urbana,all'intersezione con,VIALE IGNAZIO SILONE,PIAZZALE ELSA MORANTE,VIALE IGNAZIO SILONE,,,Tamponamento,Incrocio,Una carreggiata a doppio senso,Asciutto,Asfaltata,Verticale ed orizzontale,Sereno,Normale,Buona,Ore Diurne,1,0,0,1,"12,4673","41,81338",False
2663923,12,21/01/2016T15:30:00,Statale entro l'abitato,da specificare,,VIA PONTINA NUOVA,,,"altezza Km. 12,000 (Direzione Pomezia)",Tamponamento,Rettilineo,Due carreggiate,Asciutto,Asfaltata,Verticale ed orizzontale,Sereno,Intenso,Buona,Ore Diurne,1,0,0,1,"12,45311","41,79512",False
2663569,6,21/01/2016T15:40:00,Strada Urbana,in corrispondenza,del civico n.,VIA PIETRO ROVETTI,,61,,Scontro laterale fra veicoli in marcia,Rettilineo,Una carreggiata a senso unico di marcia,Asciutto,Asfaltata,Orizzontale,Sereno,Normale,Buona,Ore Diurne,0,0,0,3,"12,54424","41,87785",True
2664468,16,21/01/2016T15:45:00,Strada Urbana,all'intersezione con,LARGO ALBERTO MISSIROLI,VIALE DEI COLLI PORTUENSI,LARGO ALBERTO MISSIROLI,,,Scontro laterale fra veicoli in marcia,Intersezione semaforizzata,Due carreggiate,Asciutto,Asfaltata,Verticale ed orizzontale,Sereno,Normale,Buona,Ore Diurne,0,0,0,3,"12,44402","41,86649",True
2664388,1,21/01/2016T15:55:00,Strada Urbana,da specificare,,VIA MARSALA,,,altezza SOTTOVIA CAPPELLINI,Tamponamento,Rettilineo,Una carreggiata a senso unico di marcia,Asciutto,In cubetti di porfido,Orizzontale,Sereno,Intenso,Buona,Ore Diurne,0,0,0,8,"12,50704","41,89936",True
2663609,10,21/01/2016T16:00:00,Strada Urbana,in prossimit�,del civico n.,VIA ANAGNINA,,3,,Tamponamento,Pendenza,Una carreggiata a senso unico di marcia,Asciutto,Asfaltata,Orizzontale,Sereno,Normale,Buona,Ore Diurne,1,0,0,1,"12,58832","41,83961",False
2664191,20,21/01/2016T16:10:00,Strada Urbana,da specificare,,CORSO DI FRANCIA,,,civico 247 carr.ta dir. Parioli,Scontro laterale fra veicoli in marcia,Rettilineo,Pi� di due carreggiate,Asciutto,Asfaltata,Verticale ed orizzontale,Sereno,Intenso,Buona,Ore Diurne,1,0,0,2,,,False
2664292,4,21/01/2016T16:20:00,Strada Urbana,in corrispondenza,del civico n.,VIA DELLO SCALO DI SETTEBAGNI,,51,,Veicolo in marcia contro ostacolo accidentale,Rettilineo,Una carreggiata a doppio senso,Asciutto,Con buche,Assente,Nebbia,Intenso,Buona,Ore Diurne,0,0,0,1,"12,52034","42,006",True
2664133,20,21/01/2016T16:25:00,Provinciale entro l'abitato,da specificare,,VIA CASSIA,,,altezza via Tomba di Nerone,Tamponamento,Rettilineo,Una carreggiata a doppio senso,Asciutto,Asfaltata,Verticale ed orizzontale,Nuvoloso,Normale,Buona,Ore Diurne,1,0,0,0,,,False
2664062,1,21/01/2016T16:25:00,Strada Urbana,in prossimit�,del civico n.,VIA NICOLA ZABAGLIA,,27/c,,Scontro frontale/laterale SX fra veicoli in marcia,Rettilineo,Una carreggiata a doppio senso,Asciutto,Asfaltata,Orizzontale,Sereno,Normale,Buona,Ore Diurne,1,0,0,1,"12,47646","41,8769",True
2664185,5,21/01/2016T16:30:00,,in prossimit�,del civico n.,VIA DI PORTONACCIO,,21 F,,Scontro laterale fra veicoli in marcia,,,,,,,,,,1,0,0,0,,,False
2664179,5,21/01/2016T16:30:00,Strada Urbana,da specificare,,VIA TIBURTINA,,,PONTE F.S.,Scontro laterale fra veicoli in marcia,Rettilineo,Una carreggiata a doppio senso,Asciutto,Asfaltata,Verticale ed orizzontale,Sereno,Normale,Buona,Ore Diurne,0,0,0,4,"12,53344","41,9082",True
2663884,13,21/01/2016T16:30:00,Strada Urbana,all'intersezione con,VIA ALBERICO CRESCITELLI,VIA PADRE MASSARUTI,VIA ALBERICO CRESCITELLI,,,Scontro frontale/laterale SX fra veicoli in marcia,Rotatoria,Una carreggiata a senso unico di marcia,Asciutto,Asfaltata,Assente,Nebbia,Intenso,Buona,Ore Diurne,1,0,0,4,"12,35381","41,76281",False
2663729,6,21/01/2016T16:40:00,Strada Urbana,all'intersezione con,VIA ROBERTO MALATESTA,PIAZZA DEI CONDOTTIERI,VIA ROBERTO MALATESTA,,,Scontro laterale fra veicoli in marcia,Intersezione stradale segnalata,Una carreggiata a doppio senso,Asciutto,Asfaltata,Orizzontale,Sereno,Normale,Buona,Ore Diurne,0,0,0,2,"12,53487","41,88765",True
2664073,8,21/01/2016T16:50:00,Provinciale,all'intersezione con,VIA DELL'ACQUA VERGINE,VIA COLLATINA,VIA DELL'ACQUA VERGINE,,,Scontro frontale/laterale SX fra veicoli in marcia,Intersezione stradale segnalata,Una carreggiata a doppio senso,Asciutto,Asfaltata,Verticale ed orizzontale,Sereno,Intenso,Buona,Ore Diurne,1,0,0,3,"12,62703","41,90795",True
2664042,9,21/01/2016T17:00:00,Strada Urbana,all'intersezione semaforizzata con,CIRCONVALLAZIONE APPIA,VIA SIRIA,CIRCONVALLAZIONE APPIA,,,Scontro frontale fra veicoli in marcia,Intersezione semaforizzata,Una carreggiata a doppio senso,Asciutto,Asfaltata,Verticale ed orizzontale,Sereno,Normale,Buona,Ore Diurne,1,0,0,1,"12,51156","41,87439",True
2664306,4,21/01/2016T17:00:00,Strada Urbana,all'intersezione con,VIA SCARPANTO,PIAZZALE JONIO,VIA SCARPANTO,,,Scontro frontale/laterale DX fra veicoli in marcia,Incrocio,Due carreggiate,Asciutto,Asfaltata,Verticale ed orizzontale,Sereno,Normale,Buona,Ore Diurne,0,0,0,4,"12,52694","41,94627",True
2665189,3,21/01/2016T17:10:00,Strada Urbana,da specificare,,PIAZZA BOLOGNA,,,FRONTE CIVICO 39,Scontro laterale fra veicoli in marcia,Rettilineo,Una carreggiata a senso unico di marcia,Asciutto,Asfaltata,Verticale ed orizzontale,Sereno,Normale,Sufficiente,Sufficiente,0,0,0,3,"12,52113","41,91336",True
2664176,8,21/01/2016T17:15:00,Strada Urbana,in corrispondenza,del civico n.,VIA ATANASIO SOLDATI,,80,,Veicolo in marcia contro ostacolo accidentale,Rettilineo,Una carreggiata a senso unico di marcia,Asciutto,Asfaltata,Verticale ed orizzontale,Sereno,Normale,Buona,Inesistente,0,0,0,2,"12,61679","41,91009",True
2663764,10,21/01/2016T17:25:00,Strada Urbana,in prossimit�,del civico n.,VIA TUSCOLANA,,1820,,Veicolo in marcia contro veicolo in sosta,Rettilineo,Una carreggiata a senso unico di marcia,Asciutto,Asfaltata,Assente,Sereno,Scarso,Buona,Sufficiente,0,0,0,1,"12,58543","41,84152",True
2664112,13,21/01/2016T17:25:00,,all'intersezione con,VIA ISOLE DEL CAPO VERDE,VIA DELLE BALENIERE,VIA ISOLE DEL CAPO VERDE,,,Scontro frontale/laterale SX fra veicoli in marcia,,,,,,,,,,0,0,0,2,"12,27948","41,73814",False
2664138,20,21/01/2016T17:30:00,Strada Urbana,da specificare,,CORSO DI FRANCIA,,,civico 235 (laterale),Veicolo in marcia contro veicolo fermo,Rettilineo,Pi� di due carreggiate,Asciutto,Asfaltata,Verticale ed orizzontale,Sereno,Intenso,Buona,Ore Diurne,1,0,0,4,,,False
2664068,8,21/01/2016T17:30:00,Statale entro l'abitato,in prossimit�,del civico n.,VIA CASILINA,,1789/B,,Tamponamento,Rettilineo,Una carreggiata a doppio senso,Asciutto,Asfaltata,Verticale ed orizzontale,Sereno,Intenso,Buona,Sufficiente,0,0,0,2,"12,68029","41,86298",True
2664239,1,21/01/2016T17:55:00,Strada Urbana,in prossimit�,del palo luce n.,VIALE DELLE TERME DI CARACALLA,,85,,Scontro laterale fra veicoli in marcia,Rettilineo,Una carreggiata a doppio senso,Asciutto,Asfaltata,Verticale ed orizzontale,Sereno,Intenso,Buona,Sufficiente,1,0,0,1,,,False
2664221,5,21/01/2016T18:00:00,Strada Urbana,in corrispondenza,del civico n.,VIA TIBURTINA,,584,,Tamponamento,Rettilineo,Due carreggiate,Asciutto,Asfaltata,Verticale ed orizzontale,Sereno,Normale,Buona,Sufficiente,0,0,0,1,,,False
2664074,9,21/01/2016T18:15:00,Strada Urbana,da specificare,,VIA TUSCOLANA,,,fr.555,Scontro laterale fra veicoli in marcia,Rettilineo,Due carreggiate,Asciutto,Asfaltata,Orizzontale,Sereno,Intenso,Buona,Ore Diurne,1,0,0,1,,,False
2664106,7,21/01/2016T18:20:00,Strada Urbana,in corrispondenza,del civico n.,VIA DEI PIOPPI,,6,,Veicolo in marcia contro veicolo in sosta,Rettilineo,Una carreggiata a senso unico di marcia,Asciutto,Asfaltata,Assente,Sereno,Normale,Buona,Sufficiente,0,0,0,1,"12,56739","41,8773",True
2664238,19,21/01/2016T18:30:00,Strada Urbana,all'intersezione con,VIA MATTIA BATTISTINI,VIA DEL FORTE BRASCHI,VIA MATTIA BATTISTINI,,,Scontro frontale/laterale DX fra veicoli in marcia,Incrocio,Una carreggiata a doppio senso,Asciutto,Asfaltata,Verticale ed orizzontale,Sereno,Intenso,Buona,Sufficiente,0,0,0,4,"12,42092","41,91438",True
2665949,23,21/01/2016T18:40:00,Strada Urbana,all'intersezione semaforizzata con,VIA AOSTA,VIA TARANTO,VIA AOSTA,,,Scontro frontale/laterale SX fra veicoli in marcia,Intersezione semaforizzata,Una carreggiata a doppio senso,Asciutto,Asfaltata,Verticale ed orizzontale,Sereno,Normale,Buona,Sufficiente,0,0,0,2,"12,51721","41,884",True
2664139,8,21/01/2016T18:40:00,Strada Urbana,da specificare,,VIA COLLATINA,,,50 m prima Via Rosatelli dir. Via Cerquete,Veicolo in marcia contro ostacolo accidentale,Rettilineo,Una carreggiata a doppio senso,Asciutto,Con buche,Verticale ed orizzontale,Sereno,Normale,Insufficiente,Insufficiente,0,0,0,1,"12,65225","41,91856",True
2664032,11,21/01/2016T18:40:00,Strada Urbana,da specificare,,VIA CRISTOFORO COLOMBO,,,prossimit� Via Genocchi,Tamponamento,Rettilineo,Pi� di due carreggiate,Asciutto,Asfaltata,Verticale ed orizzontale,Sereno,Intenso,Buona,Sufficiente,1,0,0,1,"12,49609","41,85892",True
2664243,19,21/01/2016T18:45:00,Strada Urbana,in corrispondenza,del civico n.,VIA DI TORREVECCHIA,,497,,Scontro frontale/laterale SX fra veicoli in marcia,Rettilineo,Una carreggiata a doppio senso,Asciutto,Asfaltata,Verticale ed orizzontale,Sereno,Intenso,Buona,Sufficiente,1,0,0,1,"12,41327","41,92431",True
2663932,12,21/01/2016T18:50:00,Statale entro l'abitato,da specificare,,VIA PONTINA NUOVA,,,altezza uscita Tor d� Cenci (Direzione Centro),Scontro laterale fra veicoli in marcia,Pendenza,Due carreggiate,Asciutto,Asfaltata,Verticale ed orizzontale,Sereno,Normale,Insufficiente,Insufficiente,0,0,0,3,"12,44433","41,77316",True
2664340,20,21/01/2016T19:15:00,Strada Urbana,in prossimit�,del civico n.,VIALE JONIO,,330,,Investimento di pedone,Rettilineo,Due carreggiate,Asciutto,Asfaltata,Verticale ed orizzontale,Nuvoloso,Scarso,Buona,Sufficiente,1,0,0,0,,,False
2665179,3,21/01/2016T19:15:00,Strada Urbana,all'intersezione con,VIA GIOVANNI SEVERANO,VIALE VENTUNO APRILE,VIA GIOVANNI SEVERANO,,,Scontro frontale/laterale DX fra veicoli in marcia,Intersezione non regolata/non segnalata,Una carreggiata a doppio senso,Asciutto,Asfaltata,Verticale ed orizzontale,Sereno,Normale,Buona,Sufficiente,1,0,0,2,"12,52048","41,91441",True
2664080,8,21/01/2016T19:30:00,,da specificare,,VIA TORRE DI MEZZAVIA,,,INTERSEZIONE VIA CESARE PALOCCO,Scontro laterale fra veicoli in marcia,,,,,,,,,,2,0,0,1,"12,59528","41,83753",False
2664192,5,21/01/2016T20:00:00,Strada Urbana,da specificare,,VIA TIBURTINA,,,direzione Centro altezza uscita N.C.I.,Veicolo in marcia contro ostacolo accidentale,Rettilineo,Una carreggiata a doppio senso,Asciutto,Asfaltata,Verticale ed orizzontale,Sereno,Normale,Sufficiente,Sufficiente,0,0,0,1,"12,47064","41,925",True
2664343,2,21/01/2016T20:15:00,Strada Urbana,in prossimit�,del civico n.,VIALE PARIOLI,,103c,,Veicolo in marcia contro veicolo in sosta,Curva a visuale libera,Una carreggiata a doppio senso,Asciutto,Asfaltata,Verticale ed orizzontale,Sereno,Intenso,Buona,Sufficiente,0,0,0,3,"12,48544","41,92946",True
2664324,1,21/01/2016T20:40:00,Strada Urbana,in prossimit�,del civico n.,PIAZZA VITTORIO EMANUELE II,,121,,Scontro laterale fra veicoli in marcia,Rettilineo,Una carreggiata a doppio senso,Asciutto,Asfaltata,Verticale ed orizzontale,Sereno,Normale,Sufficiente,Sufficiente,0,0,0,3,,,False
2664258,19,21/01/2016T21:00:00,Strada Urbana,in corrispondenza,del civico n.,VIA TEODOLFO MERTEL,,38,,Investimento di pedone,Rettilineo,Una carreggiata a senso unico di marcia,Asciutto,Asfaltata,Assente,Sereno,Scarso,Buona,Sufficiente,1,0,0,1,"12,41994","41,90222",True
2664346,2,21/01/2016T21:00:00,,da specificare,,VIALE DEL FORO ITALICO,,,pross. rampa uscita VIA DEI CAMPI SPORTIVI,Tamponamento Multiplo,,,,,,,,,,1,0,0,2,,,False
2664209,19,21/01/2016T21:30:00,Strada Urbana,in corrispondenza,del civico n.,VIA FILIPPO NICOLAI,,18 B,,Veicolo in marcia contro veicolo in sosta,Rettilineo,Una carreggiata a senso unico di marcia,Asciutto,Asfaltata,Orizzontale,Sereno,Scarso,Buona,Sufficiente,0,0,0,1,"12,44111","41,91449",True
2668806,13,21/01/2016T22:30:00,,all'intersezione con,VIA DEL CANALE DELLA LINGUA,VIA CRISTOFORO COLOMBO,VIA DEL CANALE DELLA LINGUA,,,Scontro laterale fra veicoli in marcia,,,,,,,,,,0,0,0,1,,,False
2665095,9,22/01/2016T00:25:00,,all'intersezione semaforizzata con,VIA LICIA,VIA GALLIA,VIA LICIA,,,Scontro laterale fra veicoli in marcia,,,,,,,,,,0,0,0,2,"12,50286","41,88119",False
2665544,17,22/01/2016T01:00:00,Statale,in corrispondenza,della chilometrica,VIA AURELIA,,9.7,,Veicolo in marcia contro ostacolo fisso,Pendenza,Due carreggiate,Bagnato (umidit� in atto),Asfaltata,Verticale ed orizzontale,Nuvoloso,Scarso,Insufficiente,Inesistente,1,0,0,0,"12,4138","41,89218",True
2664427,4,22/01/2016T02:00:00,Strada Urbana,in prossimit�,del civico n.,PIAZZA CAPRI,,31,,Veicolo in marcia contro veicoli in sosta,Rettilineo,Due carreggiate,Asciutto,Asfaltata,Verticale ed orizzontale,Sereno,Scarso,Buona,Ore Diurne,0,0,0,1,"9,644","45,397",True
2665905,2,22/01/2016T03:30:00,Strada Urbana,in corrispondenza,del civico n.,PIAZZA DALMAZIA,,10,,Veicolo in marcia contro veicoli in sosta,Rotatoria,Una carreggiata a doppio senso,Asciutto,Asfaltata,Verticale ed orizzontale,Sereno,Scarso,Buona,Sufficiente,0,0,0,0,"12,50536","41,91554",True
2665110,9,22/01/2016T04:30:00,Strada Urbana,da specificare,,VIA ELENIANA,,,PROSSIMITA' P.ZA S. CROCE IN GERUSALEMME,Veicolo in marcia contro veicolo in sosta,Rettilineo,Due carreggiate,Asciutto,Asfaltata,Verticale ed orizzontale,Sereno,Scarso,Buona,Sufficiente,0,0,0,1,"12,51518","41,8896",True
2667770,3,22/01/2016T04:30:00,Strada Urbana,all'intersezione semaforizzata con,VIALE DELL'UNIVERSITA',VIALE DELLE SCIENZE,VIALE DELL'UNIVERSITA',,,Veicolo in marcia contro ostacolo fisso,Intersezione semaforizzata,Due carreggiate,Asciutto,Asfaltata,Verticale ed orizzontale,Sereno,Normale,Buona,Sufficiente,0,0,0,1,"12,51092","41,90396",True
2667406,5,22/01/2016T05:35:00,Strada Urbana,da specificare,,VIA DELLE CASE ROSSE,,,PROSSIMITA' VIA DI SALONE,Scontro frontale/laterale SX fra veicoli in marcia,Rettilineo,Una carreggiata a doppio senso,Asciutto,Asfaltata,Verticale ed orizzontale,Sereno,Normale,Buona,Sufficiente,1,0,0,1,"12,63027","41,92577",False
2664438,1,22/01/2016T07:05:00,Strada Urbana,all'intersezione con,VIA ANNIA,VIA OSTILIA,VIA ANNIA,,,Investimento di pedone,Intersezione stradale segnalata,Una carreggiata a senso unico di marcia,Asciutto,Asfaltata,Verticale,Sereno,Scarso,Buona,Ore Diurne,1,0,0,1,"12,49479","41,88781",True
2664244,6,22/01/2016T07:40:00,Statale entro l'abitato,all'intersezione con,VIA DI VILLA SERVENTI,VIA CASILINA,VIA DI VILLA SERVENTI,,,Scontro frontale fra veicoli in marcia,Incrocio,Una carreggiata a doppio senso,Asciutto,Asfaltata,Orizzontale,Sereno,Normale,Buona,Ore Diurne,1,0,0,1,"12,53014","41,88483",True
2665467,8,22/01/2016T08:00:00,Strada Urbana,in prossimit�,del civico n.,VIA PIETRASECCA,,4,,Scontro laterale fra veicoli in marcia,Rettilineo,Una carreggiata a senso unico di marcia,Asciutto,Asfaltata,Verticale ed orizzontale,Sereno,Normale,Buona,Ore Diurne,0,0,0,2,"12,68804","41,91138",True
2664739,12,22/01/2016T08:00:00,Strada Urbana,in corrispondenza,del civico n.,VIALE DEGLI EROI DI RODI,,228,,Tamponamento,Rettilineo,Una carreggiata a senso unico di marcia,Asciutto,Asfaltata,Verticale ed orizzontale,Sereno,Normale,Buona,Ore Diurne,0,0,0,2,"12,43571","41,78345",True
2664397,19,22/01/2016T08:00:00,Strada Urbana,in prossimit�,del civico n.,VIA LODOVICO JACOBINI,,6,,Scontro laterale fra veicoli in marcia,Rettilineo,Una carreggiata a senso unico di marcia,Asciutto,Asfaltata,Orizzontale,Sereno,Scarso,Buona,Ore Diurne,0,0,0,2,"12,4145","41,92013",True
2665549,17,22/01/2016T08:05:00,Strada Urbana,in corrispondenza,del civico n.,PIAZZA DEL RISORGIMENTO,,39,,Scontro laterale fra veicoli in marcia,Rettilineo,Pi� di due carreggiate,Asciutto,Asfaltata,Verticale ed orizzontale,Sereno,Normale,Buona,Ore Diurne,1,0,0,1,"12,45862","41,9064",False
2667431,5,22/01/2016T08:15:00,Strada Urbana,da specificare,,VIA DI MARCO SIMONE,,,PROSSIMITA' FRONTE CIVICO 68,Veicolo in marcia contro ostacolo accidentale,Rettilineo,Una carreggiata a doppio senso,Asciutto,Asfaltata,Orizzontale,Sereno,Normale,Buona,Ore Diurne,0,0,0,1,"12,64352","41,95616",True
2665453,11,22/01/2016T08:30:00,,da specificare,,VIA LAURENTINA,,,prossimit� VIA C. COLOMBO alt. palo Acea n. 28,Scontro frontale fra veicoli in marcia,,,,,,,,,,1,0,0,1,,,False
2665145,10,22/01/2016T08:30:00,Strada Urbana,in corrispondenza,del civico n.,VIALE BRUNO PELIZZI,,145,,Scontro frontale/laterale SX fra veicoli in marcia,Rettilineo,Una carreggiata a doppio senso,Asciutto,Asfaltata,Verticale ed orizzontale,Sereno,Normale,Buona,Ore Diurne,0,0,0,2,"12,57963","41,85934",True
2669001,4,22/01/2016T08:30:00,Strada Urbana,da specificare,,LARGO MARLIANA,,,altezza via Podenzana,Veicolo in marcia contro veicolo in sosta,Rettilineo,Due carreggiate,Asciutto,Asfaltata,Assente,Sereno,Scarso,Buona,Ore Diurne,0,0,0,1,"12,51898","41,95706",True
2665481,15,22/01/2016T08:45:00,Strada Urbana,all'intersezione semaforizzata con,LUNGOTEVERE DI PIETRA PAPA,PIAZZA AUGUSTO RIGHI,LUNGOTEVERE DI PIETRA PAPA,,,Scontro frontale/laterale DX fra veicoli in marcia,Intersezione stradale segnalata,Due carreggiate,Asciutto,Asfaltata,Orizzontale,Sereno,Normale,Buona,Ore Diurne,0,0,0,3,"12,47007","41,86179",True
2664674,11,22/01/2016T08:50:00,Strada Urbana,all'intersezione semaforizzata con,VIA ROSA GUARNIERI CARDUCCI,VIA CRISTOFORO COLOMBO,VIA ROSA GUARNIERI CARDUCCI,,,Scontro frontale/laterale SX fra veicoli in marcia,Intersezione stradale segnalata,Pi� di due carreggiate,Asciutto,Asfaltata,Verticale ed orizzontale,Sereno,Intenso,Buona,Ore Diurne,0,1,0,3,"12,49283","41,85624",False
2664442,6,22/01/2016T08:50:00,Strada Urbana,in corrispondenza,del civico n.,VIA DI TOR PIGNATTARA,,95,,Scontro frontale/laterale SX fra veicoli in marcia,Rettilineo,Una carreggiata a doppio senso,Asciutto,Asfaltata,Orizzontale,Sereno,Intenso,Buona,Ore Diurne,0,0,0,3,"12,54181","41,87777",True
2667434,5,22/01/2016T09:20:00,Strada Urbana,da specificare,,VIA DI MARCO SIMONE,,,PROSSIMITA' FRONTE CIVICO 68,Veicolo in marcia contro ostacolo accidentale,Rettilineo,Una carreggiata a doppio senso,Asciutto,Asfaltata,Orizzontale,Sereno,Scarso,Buona,Ore Diurne,0,0,0,1,"12,64356","41,95651",True
2665489,15,22/01/2016T09:30:00,Strada Urbana,da specificare,,VIALE GAETANO ARTURO CROCCO,,,fronte civico 49,Veicolo in marcia contro ostacolo fisso,Rettilineo,Una carreggiata a doppio senso,Asciutto,Asfaltata,Orizzontale,Sereno,Scarso,Buona,Ore Diurne,0,0,0,1,"12,39629","41,82367",True
2664746,12,22/01/2016T09:50:00,Strada Urbana,da specificare,,VIALE AFRICA,,,altezza viale dell'Arte,Infortunio per caduta del veicolo,Rettilineo,Una carreggiata a doppio senso,Asciutto,Asfaltata,Verticale ed orizzontale,Sereno,Scarso,Buona,Ore Diurne,1,0,0,0,"12,47231","41,82543",False
2664506,6,22/01/2016T10:00:00,Strada Urbana,in corrispondenza,del civico n.,VIA DEGLI ANGELI,,145,,Tamponamento Multiplo,Rettilineo,Una carreggiata a doppio senso,Asciutto,Asfaltata,Orizzontale,Sereno,Normale,Buona,Ore Diurne,1,0,0,2,"12,54528","41,87261",True
2665471,8,22/01/2016T10:00:00,Strada Urbana,all'intersezione con,VIA ROCCALUMERA,VIA BORGHESIANA,VIA ROCCALUMERA,,,Scontro frontale/laterale SX fra veicoli in marcia,Incrocio,Una carreggiata a doppio senso,Asciutto,Asfaltata,Verticale ed orizzontale,Sereno,Normale,Buona,Ore Diurne,0,0,0,4,"12,66845","41,88294",True
2664610,6,22/01/2016T10:00:00,Strada Urbana,all'intersezione con,VIA LABICO,VIA POLICASTRO,VIA LABICO,,,Veicolo in marcia contro veicoli in sosta,Intersezione non regolata/non segnalata,Una carreggiata a doppio senso,Asciutto,Asfaltata,Verticale,Sereno,Normale,Buona,Ore Diurne,0,0,0,1,"12,54531","41,88249",True
2667866,16,22/01/2016T10:15:00,Strada Urbana,in corrispondenza,del civico n.,VIA ANTONIO BENNICELLI,,29,,Scontro frontale/laterale DX fra veicoli in marcia,Rettilineo,Una carreggiata a senso unico di marcia,Asciutto,Asfaltata,Assente,Sereno,Normale,Buona,Ore Diurne,1,0,0,1,,,False
2665472,8,22/01/2016T10:20:00,Strada Urbana,all'intersezione semaforizzata con,VIALE ANTONIO CIAMARRA,VIA DEL FOSSO DI S. MAURA,VIALE ANTONIO CIAMARRA,,,Scontro laterale fra veicoli in marcia,Intersezione semaforizzata,Due carreggiate,Asciutto,Asfaltata,Verticale ed orizzontale,Sereno,Normale,Buona,Ore Diurne,0,0,0,2,"12,59148","41,85877",True