_ID,_Gruppo,_DataOraIncidente,_Localizzazione1,_Localizzazione2,_Strada1,_DaSpecificare,_NaturaIncidente,_ParticolaritaStrade,_TipoStrada,_FondoStradale,_Pavimentazione,_Segnaletica,_CondizioneAtmosferica,_Traffico,_Visibilita,_Illuminazione,_NUM_FERITI,_NUM_RISERVATA,_NUM_MORTI,_NUM_ILLESI,_Longitudine,_Latitudine,_CONFERMATO,__prefix,_Strada02,_Strada2,_Chilometrica
2665460,11,22/01/2016T10:30:00,Provinciale,in corrispondenza,del civico n.,VIA ARDEATINA,,132,,Tamponamento,Rettilineo,Una carreggiata a doppio senso,Asciutto,Asfaltata,Verticale ed orizzontale,Sereno,Scarso,Buona,Ore Diurne,0,0,0,3,"12,50466","41,86167",True
2664683,13,22/01/2016T10:50:00,Strada Urbana,all'intersezione con,VIA GIUSEPPE MOLTENI,VIA DI MACCHIA SAPONARA,VIA GIUSEPPE MOLTENI,,,Scontro frontale/laterale DX fra veicoli in marcia,Incrocio,Una carreggiata a doppio senso,Asciutto,Asfaltata,Verticale,Sereno,Normale,Buona,Ore Diurne,0,0,0,3,"12,35779","41,76722",True
2664653,20,22/01/2016T11:00:00,Strada Urbana,in prossimit�,del civico n.,VIA BARBARANO ROMANO,,15,,Tamponamento,Rettilineo,Una carreggiata a doppio senso,Asciutto,Asfaltata,Assente,Sereno,Normale,Buona,Ore Diurne,0,0,0,2,"12,42574","41,97928",True
2667325,7,22/01/2016T11:05:00,Strada Urbana,all'intersezione con,VIA DELLE ROSE,VIA DELLE BETULLE,VIA DELLE ROSE,,,Scontro frontale/laterale DX fra veicoli in marcia,Incrocio,Una carreggiata a senso unico di marcia,Asciutto,Asfaltata,Verticale ed orizzontale,Nuvoloso,Normale,Buona,Ore Diurne,0,0,0,2,,,False
2665556,1,22/01/2016T11:20:00,Strada Urbana,all'intersezione semaforizzata con,VIALE DELLE TERME DI CARACALLA,PIAZZA DI PORTA CAPENA,VIALE DELLE TERME DI CARACALLA,,,Scontro laterale fra veicoli in marcia,Intersezione semaforizzata,Una carreggiata a doppio senso,Asciutto,Asfaltata,Verticale ed orizzontale,Nebbia,Normale,Buona,Ore Diurne,1,0,0,1,"12,48946","41,88471",True
2667451,5,22/01/2016T11:20:00,Strada Urbana,da specificare,,VIA BELMONTE IN SABINA,,,DIREZIONE PALOMBARESE 30 MT OLTRE LO SVINCOLO G.R.,Tamponamento,Rettilineo,Due carreggiate,Asciutto,Asfaltata,Orizzontale,Sereno,Normale,Buona,Ore Diurne,0,0,0,2,"12,59336","41,94623",True
2664757,12,22/01/2016T11:45:00,Strada Urbana,da specificare,,PIAZZA GUGLIELMO MARCONI,,,altezza via Chopin,Scontro frontale/laterale SX fra veicoli in marcia,Rotatoria,Una carreggiata a senso unico di marcia,Asciutto,Asfaltata,Orizzontale,Sereno,Normale,Buona,Ore Diurne,0,0,0,2,"12,46946","41,83398",True
2664641,6,22/01/2016T11:45:00,Provinciale entro l'abitato,da specificare,,VIA PRENESTINA,,,fermata Prenestina Officine ATAC,Investimento di pedone,Rettilineo,Pi� di due carreggiate,Asciutto,Asfaltata,Orizzontale,Sereno,Normale,Buona,Ore Diurne,1,0,0,1,"12,5248","41,89109",True
2665596,1,22/01/2016T11:50:00,Strada Urbana,in corrispondenza,del civico n.,PIAZZA FARNESE,,43,,Investimento di pedone,Rettilineo,Una carreggiata a doppio senso,Asciutto,In cubetti di porfido,Verticale,Nuvoloso,Scarso,Buona,Ore Diurne,2,0,0,1,"12,47125","41,89505",False
2667458,4,22/01/2016T12:00:00,Strada Urbana,in prossimit�,del civico n.,VIA RAPAGNANO,,12/A,,Scontro laterale fra veicoli in marcia,Rettilineo,Una carreggiata a senso unico di marcia,Asciutto,Asfaltata,Verticale ed orizzontale,Sereno,Normale,Buona,Ore Diurne,0,0,0,2,"12,51335","41,98388",True
2664725,10,22/01/2016T12:10:00,Comunale extraurbana,in prossimit�,del civico n.,CIRCONVALLAZIONE ORIENTALE,,4687,,Tamponamento Multiplo,Rettilineo,Pi� di due carreggiate,Asciutto,Asfaltata,Orizzontale,Sereno,Normale,Buona,Ore Diurne,2,0,0,1,"12,58441","41,82827",False
2665452,11,22/01/2016T12:15:00,Strada Urbana,da specificare,,VIA ALESSIO BALDOVINETTI,,,prossimit� Largo del Bronzino,Infortunio per caduta del veicolo,Rettilineo,Una carreggiata a doppio senso,Asciutto,Asfaltata,Verticale ed orizzontale,Sereno,Normale,Buona,Ore Diurne,0,0,0,2,"12,49448","41,83106",True
2664705,9,22/01/2016T12:15:00,Strada Urbana,in corrispondenza,del civico n.,VIA TUSCOLANA,,652,,Scontro laterale fra veicoli in marcia,Rettilineo,Due carreggiate,Asciutto,Asfaltata,Assente,Sereno,Normale,Buona,Ore Diurne,0,0,0,3,,,False
2665157,10,22/01/2016T12:15:00,Strada Urbana,all'intersezione con,VIA ENZO BENEDETTO,VIA MARIO BROGLIO,VIA ENZO BENEDETTO,,,Scontro frontale/laterale SX fra veicoli in marcia,Incrocio,Una carreggiata a doppio senso,Asciutto,Asfaltata,Verticale ed orizzontale,Nebbia,Normale,Buona,Ore Diurne,0,0,0,3,"12,58077","41,83346",True
2667755,1,22/01/2016T12:20:00,Strada Urbana,in corrispondenza,del civico n.,VIA DELL'ESQUILINO,,40,,Veicolo in marcia contro veicolo in sosta,Rettilineo,Una carreggiata a senso unico alternato,,Asfaltata,Verticale ed orizzontale,,Scarso,Buona,Ore Diurne,0,0,0,0,,,False
2667453,5,22/01/2016T12:30:00,Strada Urbana,da specificare,,VIA DIEGO FABBRI,,,PROSSIMITA' VIA NOMENTANA,Tamponamento,Rettilineo,Una carreggiata a doppio senso,Asciutto,Asfaltata,Orizzontale,Sereno,Normale,Buona,Ore Diurne,1,0,0,2,,,False
2671201,18,22/01/2016T12:50:00,Strada Urbana,da specificare,,VIA AURELIA ANTICA,,,ALTEZZA LARGO DON LUIGI GUANELLA,Tamponamento,Rettilineo,Una carreggiata a doppio senso,Asciutto,Asfaltata,Verticale ed orizzontale,Sereno,Normale,Buona,Ore Diurne,0,0,0,2,"12,42159","41,88849",True
2665474,8,22/01/2016T13:00:00,,all'intersezione con,VIA CRACOVIA,VIA DI PASSOLOMBARDO,VIA CRACOVIA,,,Scontro frontale/laterale SX fra veicoli in marcia,,,,,,,,,,1,0,0,2,"12,627","41,85101",False
2668051,16,22/01/2016T13:00:00,Strada Urbana,all'intersezione semaforizzata con,VIA GIUSEPPE PARINI,VIALE DI TRASTEVERE,VIA GIUSEPPE PARINI,,,Scontro frontale/laterale DX fra veicoli in marcia,Intersezione semaforizzata,Pi� di due carreggiate,Asciutto,Asfaltata,Verticale ed orizzontale,Sereno,Normale,Buona,Ore Diurne,1,0,0,1,"12,46776","41,88147",False
2666141,12,22/01/2016T13:10:00,Strada Urbana,all'intersezione con,VIA TIBERIADE,VIALE DEI PRIMATI SPORTIVI,VIA TIBERIADE,,,Scontro laterale fra veicoli in marcia,Incrocio,Una carreggiata a doppio senso,Asciutto,Asfaltata,Verticale ed orizzontale,Sereno,Normale,Buona,Ore Diurne,1,0,0,1,"12,45809","41,82852",False
2665498,15,22/01/2016T13:10:00,Strada Urbana,in corrispondenza,del civico n.,VIA DEL MONTE DELLE PICHE,,1,,Scontro laterale fra veicoli in marcia,Rettilineo,Una carreggiata a doppio senso,Asciutto,Asfaltata,Assente,Nuvoloso,Scarso,Buona,Ore Diurne,0,0,0,2,"12,42118","41,83391",True
2666185,12,22/01/2016T13:28:00,Provinciale entro l'abitato,in corrispondenza,del civico n.,VIA LAURENTINA,,630,,Scontro frontale/laterale DX fra veicoli in marcia,Rettilineo,Due carreggiate,Asciutto,Asfaltata,Verticale ed orizzontale,Sereno,Intenso,Buona,Ore Diurne,1,0,0,3,"12,48082","41,82091",False
2665222,7,22/01/2016T13:30:00,Strada Urbana,in prossimit�,del civico n.,VIA DEI GELSI,,50,,Scontro laterale fra veicoli in marcia,Rettilineo,Una carreggiata a doppio senso,Asciutto,Asfaltata,Orizzontale,Sereno,Normale,Buona,Ore Diurne,0,0,0,2,"12,56654","41,88866",True
2664940,9,22/01/2016T13:30:00,Strada Urbana,in corrispondenza,del civico n.,VIA TARANTO,,10,,Scontro laterale fra veicoli in marcia,Rettilineo,Due carreggiate,Asciutto,Asfaltata,Assente,Sereno,Normale,Buona,Ore Diurne,0,0,0,3,"12,51283","41,88495",True
2665572,17,22/01/2016T13:40:00,Strada Urbana,da specificare,,PIAZZA ADRIANA,,,fr. civ. 4,Scontro laterale fra veicoli in marcia,Rettilineo,Una carreggiata a senso unico di marcia,Asciutto,Asfaltata,Verticale ed orizzontale,Nuvoloso,Normale,Buona,Ore Diurne,0,0,0,4,"12,46727","41,90469",True
2665610,1,22/01/2016T13:55:00,Strada Urbana,in prossimit�,del civico n.,VIA CARLO ALBERTO,,28,,Veicolo in marcia contro veicolo in sosta,Rettilineo,Una carreggiata a doppio senso,Asciutto,Acciotolata,Orizzontale,Sereno,Normale,Buona,Ore Diurne,0,0,0,1,,,False
2665578,20,22/01/2016T14:08:00,Strada Urbana,da specificare,,VIA DEL FORO ITALICO,,,direzione Salaria civ.909,Tamponamento Multiplo,Rettilineo,Due carreggiate,Asciutto,Asfaltata,Verticale ed orizzontale,Sereno,Intenso,Buona,Ore Diurne,3,0,0,3,,,False
2668070,16,22/01/2016T14:30:00,Strada Urbana,in corrispondenza,del civico n.,VIALE DI TRASTEVERE,,148,,Tamponamento Multiplo,Rettilineo,Pi� di due carreggiate,Asciutto,Asfaltata,Verticale ed orizzontale,Sereno,Normale,Buona,Ore Diurne,1,0,0,3,,,False
2664962,2,22/01/2016T14:45:00,Strada Urbana,all'intersezione semaforizzata con,VIA ASMARA,VIA NOMENTANA,VIA ASMARA,,,Veicolo in marcia contro veicoli in arresto,Intersezione semaforizzata,Pi� di due carreggiate,Asciutto,Asfaltata,Verticale ed orizzontale,Sereno,Normale,Buona,Ore Diurne,1,0,0,4,,,False
2665483,8,22/01/2016T15:00:00,,in prossimit�,del palo luce n.,VIALE DI TORRE MAURA,,20,,Veicolo in marcia contro ostacolo accidentale,,,,,,,,,,0,0,0,1,,,False
2667432,4,22/01/2016T15:10:00,Provinciale,da specificare,,VIA NOMENTANA,,,prossimit� civico 1141/A,Investimento di pedone,Rettilineo,Una carreggiata a doppio senso,Asciutto,Asfaltata,Verticale ed orizzontale,Sereno,Normale,Buona,Ore Diurne,1,0,0,1,"12,57524","41,95463",False
2665878,2,22/01/2016T15:10:00,,in corrispondenza,del civico n.,VIA GUIDO RENI,,24,,Scontro laterale fra veicoli in marcia,,,,,,,,,,2,0,0,1,,,False
2664991,10,22/01/2016T15:10:00,Strada Urbana,all'intersezione semaforizzata con,VIA CALPURNIO FIAMMA,VIA TUSCOLANA,VIA CALPURNIO FIAMMA,,,Scontro frontale/laterale SX fra veicoli in marcia,Intersezione semaforizzata,Due carreggiate,Asciutto,Asfaltata,Verticale ed orizzontale,Sereno,Normale,Buona,Ore Diurne,1,0,0,1,"12,559","41,85877",True
2665629,1,22/01/2016T15:30:00,Strada Urbana,all'intersezione con,PIAZZA DI S. CLEMENTE,VIA DI S. GIOVANNI IN LATERANO,PIAZZA DI S. CLEMENTE,,,Scontro frontale/laterale DX fra veicoli in marcia,Incrocio,Una carreggiata a senso unico di marcia,Asciutto,Acciotolata,Verticale ed orizzontale,Sereno,Normale,Buona,Ore Diurne,0,0,0,2,"12,4981","41,88894",True
2671109,18,22/01/2016T15:45:00,Strada Urbana,da specificare,,VIA GIAMBATTISTA PAGANO,,,prossimita' civico 70,Scontro laterale fra veicoli in marcia,Rettilineo,Una carreggiata a senso unico di marcia,Asciutto,Asfaltata,Verticale ed orizzontale,Sereno,Scarso,Buona,Ore Diurne,0,0,0,3,"12,42398","41,90108",False
2671549,18,22/01/2016T16:00:00,Strada Urbana,in corrispondenza,del civico n.,VIA BALDO DEGLI UBALDI,,216,,Scontro laterale fra veicoli in marcia,Rettilineo,Due carreggiate,Asciutto,Asfaltata,Verticale,Sereno,Normale,Buona,Ore Diurne,0,0,0,3,"12,43695","41,89995",False
2665526,20,22/01/2016T16:00:00,Strada Urbana,in prossimit�,del civico n.,VIA DI VIGNA STELLUTI,,40,,Veicolo in marcia contro veicolo in sosta,Rettilineo,Una carreggiata a doppio senso,Asciutto,Asfaltata,Orizzontale,Sereno,Intenso,Buona,Ore Diurne,1,0,0,1,,,False
2667485,12,22/01/2016T16:15:00,Strada Urbana,in prossimit�,del civico n.,VIALE DELLA CIVILTA' DEL LAVORO,,70,,Scontro frontale/laterale DX fra veicoli in marcia,Rettilineo,Una carreggiata a doppio senso,Asciutto,Asfaltata,Verticale ed orizzontale,Nuvoloso,Intenso,Buona,Ore Diurne,0,0,0,1,"12,47067","41,83514",True
2665218,7,22/01/2016T16:15:00,Strada Urbana,in prossimit�,del civico n.,VIA DEL GRANO,,62,,Scontro laterale fra veicoli in marcia,Rettilineo,Una carreggiata a senso unico di marcia,Asciutto,Asfaltata,Assente,Nuvoloso,Scarso,Buona,Ore Diurne,0,0,0,2,"12,57605","41,87642",True
2665485,8,22/01/2016T16:50:00,Strada Urbana,da specificare,,VIALE DI TORRE MAURA,,,pross. inters. Via di Torre Spaccata,Veicolo in marcia contro ostacolo accidentale,Rettilineo,Due carreggiate,Asciutto,Con buche,Verticale ed orizzontale,Nuvoloso,Normale,Sufficiente,Ore Diurne,0,0,0,1,"12,59217","41,86022",True
2667834,13,22/01/2016T16:50:00,Strada Urbana,da specificare,,VIA ERMANNO WOLF FERRARI,,,altezza via c. colombo,Tamponamento,Rettilineo,Una carreggiata a doppio senso,Asciutto,Asfaltata,Verticale ed orizzontale,Sereno,Intenso,Buona,Ore Diurne,0,0,0,4,"12,37022","41,75435",True
2666215,12,22/01/2016T17:00:00,Provinciale,da specificare,,VIA PONTINA,,,"(dir. Roma) altezza KM 14,800",Scontro laterale fra veicoli in marcia,Rettilineo,Pi� di due carreggiate,Asciutto,Asfaltata,Verticale ed orizzontale,Sereno,Intenso,Buona,Ore Diurne,0,0,0,2,"12,45106","41,79235",True
2665241,10,22/01/2016T17:00:00,Strada Urbana,all'intersezione con,VIA LEMONIA,VIA VALERIO PUBLICOLA,VIA LEMONIA,,,Investimento di pedone,Intersezione stradale segnalata,Due carreggiate,Asciutto,Asfaltata,Verticale ed orizzontale,Sereno,Normale,Sufficiente,Ore Diurne,1,0,0,1,"12,55524","41,85506",False
2665167,18,22/01/2016T17:15:00,Statale entro l'abitato,in prossimit�,della chilometrica,VIA AURELIA,,7.9,,Tamponamento Multiplo,Rettilineo,Due carreggiate,Asciutto,Asfaltata,Verticale ed orizzontale,Sereno,Intenso,Sufficiente,Sufficiente,4,0,0,5,"12,40743","41,88883",True
2667471,7,22/01/2016T17:25:00,Strada Urbana,in corrispondenza,del civico n.,VIA DELL'OMO,,122,,Scontro laterale fra veicoli in marcia,Rettilineo,Una carreggiata a senso unico di marcia,Asciutto,Asfaltata,Orizzontale,Nuvoloso,Normale,Buona,Sufficiente,0,0,0,5,"12,61049","41,88877",True
2665482,8,22/01/2016T17:30:00,Strada Urbana,in prossimit�,del civico n.,VIA DEL CASALE DEL FINOCCHIO,,25,,Scontro laterale fra veicoli in marcia,Rettilineo,Una carreggiata a doppio senso,Asciutto,Asfaltata,Assente,Sereno,Normale,Sufficiente,Sufficiente,0,0,0,1,"12,69226","41,86234",False
2665468,11,22/01/2016T17:45:00,Strada Urbana,in corrispondenza,del civico n.,VIA FONTANELLATO,,52,,Veicolo in marcia contro veicolo in sosta,Rettilineo,Due carreggiate,Asciutto,Asfaltata,Verticale ed orizzontale,Sereno,Normale,Buona,Sufficiente,0,0,0,0,"12,48419","41,8475",True
2665450,11,22/01/2016T18:15:00,Strada Urbana,da specificare,,VIA GUIDO DE RUGGIERO,,,FR CIV 26,Veicolo in marcia contro veicoli in arresto,Rettilineo,Una carreggiata a senso unico di marcia,Asciutto,Asfaltata,Verticale ed orizzontale,Sereno,Normale,Buona,Sufficiente,0,0,0,3,"12,48128","41,84451",True
2665240,6,22/01/2016T18:20:00,Strada Urbana,da specificare,,VIALE DELLA PRIMAVERA,,,fronte palo acea 47,Investimento di pedone,Rettilineo,Una carreggiata a doppio senso,Asciutto,Asfaltata,Orizzontale,Sereno,Normale,Buona,Sufficiente,1,0,0,3,"12,55804","41,87583",True
2665569,6,22/01/2016T18:40:00,Strada Urbana,in prossimit�,del civico n.,VIA ROBERTO MALATESTA,,241,,Investimento di pedone,Rettilineo,Due carreggiate,Asciutto,Asfaltata,Verticale ed orizzontale,Sereno,Normale,Buona,Sufficiente,1,0,0,2,,,False
2665486,8,22/01/2016T18:45:00,Strada Urbana,in prossimit�,del palo luce n.,VIA COLLATINA,,555,,Veicolo in marcia contro ostacolo accidentale,Rettilineo,Una carreggiata a doppio senso,Asciutto,Asfaltata,Verticale ed orizzontale,Sereno,Normale,Buona,Sufficiente,0,0,0,1,"12,61053","41,90604",True
2665542,15,22/01/2016T18:55:00,Strada Urbana,in corrispondenza,del civico n.,VIA PORTUENSE,,712 F,,Veicolo in marcia contro veicolo fermo,Rettilineo,Una carreggiata a doppio senso,Asciutto,Asfaltata,Orizzontale,Sereno,Normale,Sufficiente,Sufficiente,0,0,0,6,"12,43427","41,85194",True
2667490,12,22/01/2016T19:00:00,Statale,da specificare,,VIA DEL MARE,,,DIREZIONE OSTIA TRA IL KM. 7.00 E 7.100,Scontro frontale fra veicoli in marcia,Rettilineo,Una carreggiata a doppio senso,Asciutto,Asfaltata,Verticale ed orizzontale,Nuvoloso,Normale,Buona,Inesistente,1,0,0,1,,,False
2665479,8,22/01/2016T19:00:00,Strada Urbana,da specificare,,VIA CASILINA,,,altezza Via Massa Calciana,Tamponamento,Rettilineo,Una carreggiata a doppio senso,Asciutto,Asfaltata,Verticale ed orizzontale,Sereno,Normale,Buona,Sufficiente,0,0,0,4,"12,61216","41,8631",True
2665451,11,22/01/2016T19:00:00,Strada Urbana,all'intersezione con,VIA ALESSANDRO SEVERO,VIA CRISTOFORO COLOMBO,VIA ALESSANDRO SEVERO,,,Scontro frontale/laterale SX fra veicoli in marcia,Intersezione semaforizzata,Pi� di due carreggiate,Asciutto,Asfaltata,Verticale ed orizzontale,Sereno,Normale,Buona,Sufficiente,1,0,0,1,"12,48795","41,85261",False
2667483,4,22/01/2016T19:15:00,Strada Urbana,all'intersezione con,VIA RIO NELL'ELBA,PIAZZA DEI VOCAZIONISTI,VIA RIO NELL'ELBA,,,Veicolo in marcia contro veicolo in sosta,Rotatoria,Una carreggiata a senso unico di marcia,Asciutto,Asfaltata,Assente,Sereno,Normale,Buona,Sufficiente,0,0,0,1,"12,51611","41,97209",True
2665487,8,22/01/2016T19:35:00,,in prossimit�,del palo luce n.,VIA COLLATINA,,555,,Veicolo in marcia contro ostacolo accidentale,,,,,,,,,,0,0,0,3,,,False
2667647,12,22/01/2016T20:15:00,Strada Urbana,in prossimit�,del civico n.,VIA RHODESIA,,10,,Veicolo in marcia contro veicolo in sosta,Rettilineo,Una carreggiata a doppio senso,Asciutto,Asfaltata,Verticale ed orizzontale,Sereno,Scarso,Buona,Sufficiente,1,0,0,0,"12,47055","41,82169",False
2666013,13,22/01/2016T20:25:00,Strada Urbana,all'intersezione con,VIA DELLE MOLUCCHE,VIA ISOLE SALOMONE,VIA DELLE MOLUCCHE,,,Scontro frontale/laterale SX fra veicoli in marcia,Incrocio,Una carreggiata a doppio senso,Asciutto,Asfaltata,Verticale ed orizzontale,Sereno,Normale,Buona,Sufficiente,2,0,0,0,"12,27647","41,74018",False
2667456,19,22/01/2016T20:30:00,Strada Urbana,in corrispondenza,del civico n.,VIA DELLA PINETA SACCHETTI,,211,,Tamponamento,Rettilineo,Una carreggiata a senso unico di marcia,Asciutto,Asfaltata,Verticale ed orizzontale,Nebbia,Normale,Buona,Sufficiente,0,0,0,2,"12,42695","41,92882",True
2667268,9,22/01/2016T20:50:00,Strada Urbana,in corrispondenza,del civico n.,VIA SELINUNTE,,20,,Scontro laterale fra veicoli in marcia,Rettilineo,Una carreggiata a doppio senso,Asciutto,Asfaltata,Verticale ed orizzontale,Nuvoloso,Scarso,Sufficiente,Sufficiente,0,0,0,3,"12,55007","41,85712",True
2668111,16,22/01/2016T21:15:00,Strada Urbana,da specificare,,VIA DELLA MAGLIANA,,,in prossimit� di P.zza Meucci,Tamponamento Multiplo,Curva a visuale libera,Una carreggiata a doppio senso,Asciutto,Asfaltata,Verticale ed orizzontale,Sereno,Normale,Sufficiente,Sufficiente,0,0,0,11,"12,46285","41,86131",True
2667548,12,22/01/2016T21:30:00,Provinciale,in prossimit�,della chilometrica,VIA ARDEATINA,,18.5,,Veicolo in marcia contro ostacolo accidentale,Rettilineo,Una carreggiata a doppio senso,Asciutto,Asfaltata,Verticale ed orizzontale,Sereno,Scarso,Insufficiente,Inesistente,0,0,0,1,"12,5605","41,76149",True
2667530,12,22/01/2016T22:50:00,Strada Urbana,all'intersezione con,VIALE ISACCO NEWTON,VIA PORTUENSE,VIALE ISACCO NEWTON,,,Veicolo in marcia contro ostacolo fisso,Incrocio,Due carreggiate,Asciutto,Asfaltata,Verticale ed orizzontale,Sereno,Scarso,Buona,Sufficiente,0,0,0,1,"12,40939","41,84342",True
2667400,19,22/01/2016T23:00:00,Strada Urbana,in prossimit�,del civico n.,VIA DI CASAL DEL MARMO,,63,,Investimento di pedone,Curva a visuale libera,Una carreggiata a doppio senso,Asciutto,Asfaltata,Orizzontale,Nuvoloso,Scarso,Buona,Sufficiente,2,0,0,1,"12,41011","41,96006",True
2665739,1,23/01/2016T00:20:00,Strada Urbana,in prossimit�,del civico n.,LUNGOTEVERE IN AUGUSTA,,27,,Tamponamento Multiplo,Rettilineo,Una carreggiata a senso unico di marcia,Asciutto,Asfaltata,,Sereno,Scarso,Buona,Sufficiente,0,0,0,6,,,False
2665709,1,23/01/2016T00:25:00,Strada Urbana,in corrispondenza,del civico n.,VIA ELENIANA,,2/B,,Investimento di pedone,Rettilineo,Una carreggiata a doppio senso,Asciutto,Asfaltata,Verticale ed orizzontale,Sereno,Scarso,Buona,Sufficiente,1,0,0,1,,,False
2665658,1,23/01/2016T02:15:00,Strada Urbana,all'intersezione semaforizzata con,VIA RAFFAELE PERSICHETTI,PIAZZALE OSTIENSE,VIA RAFFAELE PERSICHETTI,,,Scontro frontale/laterale SX fra veicoli in marcia,Intersezione semaforizzata,Una carreggiata a senso unico di marcia,Asciutto,Asfaltata,Verticale ed orizzontale,Sereno,Scarso,Buona,Sufficiente,0,0,0,2,,,False
2667401,5,23/01/2016T02:20:00,Strada Urbana,in corrispondenza,del civico n.,VIA TIBURTINA,,1135,,Tamponamento,Rettilineo,Due carreggiate,Asciutto,Asfaltata,Verticale ed orizzontale,Sereno,Normale,Sufficiente,Sufficiente,1,0,0,3,"12,59344","41,93292",True
2668104,16,23/01/2016T02:50:00,Strada Urbana,in prossimit�,del civico n.,VIA OSTIENSE,,136,,Scontro frontale/laterale DX fra veicoli in marcia,Rettilineo,Pi� di due carreggiate,Asciutto,Asfaltata,Verticale ed orizzontale,Sereno,Scarso,Sufficiente,Sufficiente,0,0,0,5,"12,47879","41,86595",True
2667923,6,23/01/2016T03:20:00,Strada Urbana,all'intersezione con,VIA ROSARIO NICOLO',VIA NINO TAMASSIA,VIA ROSARIO NICOLO',,,Veicolo in marcia contro veicolo in sosta,Incrocio,Due carreggiate,Asciutto,Asfaltata,Orizzontale,Sereno,Scarso,Buona,Sufficiente,0,0,0,1,"12,58691","41,94473",True
2665764,1,23/01/2016T05:00:00,Strada Urbana,in prossimit�,del civico n.,LUNGOTEVERE DE' CENCI,,5,,Veicolo in marcia contro veicoli in sosta,Rettilineo,Una carreggiata a senso unico di marcia,Asciutto,Asfaltata,Verticale ed orizzontale,Sereno,,Buona,Sufficiente,0,0,0,1,"12,47558","41,89187",True
2667758,12,23/01/2016T05:30:00,Provinciale entro l'abitato,in prossimit�,del civico n.,VIA OSTIENSE,,611,,Veicolo in marcia contro ostacolo fisso,Rettilineo,Una carreggiata a doppio senso,Asciutto,Asfaltata,Verticale ed orizzontale,Nuvoloso,Scarso,Sufficiente,Ore Diurne,0,0,0,1,"12,46797","41,84259",True
2667368,11,23/01/2016T06:45:00,Strada Urbana,in prossimit�,del civico n.,VIA DELL'ACCADEMIA ALDINA,,18,,Veicolo in marcia contro veicoli in sosta,Rettilineo,Una carreggiata a doppio senso,Asciutto,Asfaltata,Assente,Sereno,Scarso,Buona,Sufficiente,0,0,0,1,"12,48824","41,85077",False
2665587,6,23/01/2016T07:15:00,Strada Urbana,all'intersezione semaforizzata con,VIA OLEVANO ROMANO,VIA PRENESTINA,VIA OLEVANO ROMANO,,,Scontro frontale/laterale SX fra veicoli in marcia,Incrocio,Due carreggiate,Asciutto,Asfaltata,Verticale,Nuvoloso,Scarso,Buona,Ore Diurne,0,0,0,3,"12,55501","41,89424",True
2666929,20,23/01/2016T07:15:00,Strada Urbana,all'intersezione semaforizzata con,VIA LUIGI BODIO,CORSO DI FRANCIA,VIA LUIGI BODIO,,,Scontro frontale/laterale SX fra veicoli in marcia,Intersezione semaforizzata,Due carreggiate,Asciutto,Asfaltata,Verticale ed orizzontale,Nuvoloso,Normale,Buona,Ore Diurne,1,0,0,1,,,False
2665778,1,23/01/2016T08:20:00,Strada Urbana,in prossimit�,del palo luce n.,PIAZZA DELLA ROVERE,,28,,Scontro laterale fra veicoli in marcia,Rettilineo,Una carreggiata a doppio senso,Asciutto,Asfaltata,Verticale ed orizzontale,Sereno,Scarso,Buona,Ore Diurne,0,0,0,8,"12,46266","41,89911",False
2667286,11,23/01/2016T08:25:00,Strada Urbana,da specificare,,VIA CRISTOFORO COLOMBO,,,controlaterale direzione EUR civico 112,Scontro frontale/laterale SX fra veicoli in marcia,Rettilineo,Una carreggiata a senso unico alternato,Asciutto,Asfaltata,Verticale ed orizzontale,Nuvoloso,Normale,Buona,Ore Diurne,0,0,0,2,"12,49673","41,8658",True
2667501,5,23/01/2016T09:30:00,Strada Urbana,da specificare,,VIALE KANT,,,altezza Via Schopenhauer ,Veicolo in marcia contro ostacolo accidentale,Curva a visuale libera,Due carreggiate,Asciutto,Asfaltata,Verticale ed orizzontale,Nuvoloso,Normale,Buona,Ore Diurne,0,0,0,3,"12,55733","41,93313",True
2665636,7,23/01/2016T09:30:00,Strada Urbana,all'intersezione con,VIA DELLE AZALEE,VIA DEI GLICINI,VIA DELLE AZALEE,,,Scontro frontale/laterale DX fra veicoli in marcia,Incrocio,Due carreggiate,Asciutto,Asfaltata,Verticale ed orizzontale,Nuvoloso,Normale,Buona,Ore Diurne,0,0,0,3,"12,5691","41,87943",True
2667405,15,23/01/2016T09:35:00,Strada Urbana,da specificare,,VIA DELLA MAGLIANA,,,FRONTE CIVICO 231/A,Investimento di pedone,Rettilineo,Una carreggiata a doppio senso,Asciutto,Asfaltata,Verticale,Nuvoloso,Intenso,Buona,Ore Diurne,1,0,0,1,,,False
2668828,17,23/01/2016T09:45:00,Strada Urbana,all'intersezione semaforizzata con,VIA RUGGERO DI LAURIA,VIA ANDREA DORIA,VIA RUGGERO DI LAURIA,,,Scontro laterale fra veicoli in marcia,Intersezione semaforizzata,Due carreggiate,Asciutto,Asfaltata,Verticale ed orizzontale,Sereno,Normale,Buona,Ore Diurne,0,0,0,2,"12,45008","41,90927",True