_ID,_Gruppo,_DataOraIncidente,_Localizzazione1,_Localizzazione2,_Strada1,_DaSpecificare,_NaturaIncidente,_ParticolaritaStrade,_TipoStrada,_FondoStradale,_Pavimentazione,_Segnaletica,_CondizioneAtmosferica,_Traffico,_Visibilita,_Illuminazione,_NUM_FERITI,_NUM_RISERVATA,_NUM_MORTI,_NUM_ILLESI,_Longitudine,_Latitudine,_CONFERMATO,__prefix,_Strada02,_Strada2,_Chilometrica
2667699,1,23/01/2016T09:55:00,Strada Urbana,all'intersezione con,VIA LUISA DI SAVOIA,VIA MARIA ADELAIDE,VIA LUISA DI SAVOIA,,,Scontro laterale fra veicoli in marcia,Incrocio,Una carreggiata a senso unico di marcia,Asciutto,Asfaltata,Verticale ed orizzontale,Nuvoloso,Normale,Buona,Ore Diurne,0,0,0,2,"12,47425","41,91022",True
2675947,18,23/01/2016T10:00:00,Strada Urbana,all'intersezione con,VIA FRANCESCO SCADUTO,VIA GRAZIANO,VIA FRANCESCO SCADUTO,,,Scontro frontale/laterale SX fra veicoli in marcia,Incrocio,Una carreggiata a senso unico di marcia,Asciutto,Asfaltata,Verticale ed orizzontale,Nuvoloso,Scarso,Buona,Ore Diurne,1,0,0,1,"12,43115","41,90001",True
2667504,5,23/01/2016T10:15:00,Strada Urbana,in corrispondenza,del civico n.,VIALE PALMIRO TOGLIATTI,,1449,,Veicolo in marcia contro veicolo fermo,Rettilineo,Due carreggiate,Asciutto,Asfaltata,Verticale ed orizzontale,Sereno,Normale,Buona,Ore Diurne,0,0,0,2,"12,57214","41,91117",True
2666474,8,23/01/2016T10:25:00,Strada Urbana,all'intersezione semaforizzata con,VIA BRONTE,VIA DI VERMICINO,VIA BRONTE,,,Veicolo in marcia contro ostacolo fisso,Incrocio,Una carreggiata a doppio senso,Asciutto,Asfaltata,Verticale ed orizzontale,Sereno,Normale,Buona,Ore Diurne,0,1,0,0,"12,67241","41,85173",True
2667615,7,23/01/2016T10:30:00,,in corrispondenza,del civico n.,VIA DEGLI OLEANDRI,,32,,Veicolo in marcia contro veicolo fermo,,,,,,,,,,0,0,0,1,,,False
2667537,4,23/01/2016T10:30:00,Strada Urbana,in prossimit�,del civico n.,VIA DEI PRATI FISCALI,,34,,Scontro laterale fra veicoli in marcia,Rettilineo,Due carreggiate,Asciutto,Asfaltata,Verticale ed orizzontale,Nuvoloso,Normale,Buona,Ore Diurne,0,0,0,2,"12,52443","41,94621",True
2667671,12,23/01/2016T11:00:00,Strada Urbana,all'intersezione con,VIALE DELL'AERONAUTICA,VIA DELLE MONTAGNE ROCCIOSE,VIALE DELL'AERONAUTICA,,,Scontro laterale fra veicoli in marcia,Incrocio,Due carreggiate,Asciutto,Asfaltata,Verticale ed orizzontale,Nuvoloso,Scarso,Buona,Ore Diurne,0,0,0,3,"12,47555","41,82598",True
2667279,9,23/01/2016T11:30:00,Strada Urbana,da specificare,,VIALE DELLO SCALO S. LORENZO,,,prossimit� piazza di Porta Maggiore,Scontro frontale/laterale SX fra veicoli in marcia,Strettoia,Una carreggiata a senso unico di marcia,Asciutto,Asfaltata,Verticale ed orizzontale,Sereno,Intenso,Buona,Ore Diurne,0,0,0,2,"12,51794","41,89553",True
2667000,20,23/01/2016T11:45:00,Strada Urbana,in prossimit�,del civico n.,VIA RIANO,,14,,Scontro laterale fra veicoli in marcia,Rettilineo,Una carreggiata a senso unico di marcia,Asciutto,Asfaltata,Verticale ed orizzontale,Sereno,Intenso,Buona,Ore Diurne,0,0,0,2,"12,46929","41,93831",True
2671647,18,23/01/2016T11:50:00,Strada Urbana,in prossimit�,del civico n.,VIA DI BOCCEA,,117,,Scontro frontale fra veicoli in marcia,Rettilineo,Una carreggiata a doppio senso,Asciutto,Asfaltata,Verticale ed orizzontale,Nuvoloso,Intenso,Buona,Ore Diurne,0,0,0,2,"12,42458","41,90225",True
2666486,8,23/01/2016T12:00:00,,all'intersezione con,VIA ROMETTA,VIA BOMPIETRO,VIA ROMETTA,,,Scontro frontale/laterale DX fra veicoli in marcia,,,,,,,,,,1,0,0,1,,,False
2667510,5,23/01/2016T12:00:00,Strada Urbana,all'intersezione con,VIA CARLO TRANFO,VIA GIROLAMO MECHELLI,VIA CARLO TRANFO,,,Scontro frontale/laterale DX fra veicoli in marcia,Incrocio,Una carreggiata a doppio senso,Asciutto,Asfaltata,Assente,Sereno,Normale,Buona,Ore Diurne,2,0,0,1,"12,59145","41,93914",True
2667012,20,23/01/2016T12:10:00,Provinciale,in prossimit�,della chilometrica,VIA TIBERINA,,6.2,,Tamponamento,Curva a visuale libera,Una carreggiata a doppio senso,Asciutto,Asfaltata,Verticale ed orizzontale,Nuvoloso,Normale,Buona,Ore Diurne,2,0,0,2,,,False
2667634,19,23/01/2016T12:20:00,Strada Urbana,in prossimit�,del civico n.,VIA DEL PODERE TRIESTE,,20,,Investimento di pedone,Rettilineo,Una carreggiata a doppio senso,Asciutto,Asfaltata,Orizzontale,Sereno,Scarso,Buona,Ore Diurne,1,0,0,1,"12,40118","41,92414",True
2667305,10,23/01/2016T12:25:00,Strada Urbana,da specificare,,VIA POLIA,,,fronte civico 1,Scontro laterale fra veicoli in marcia,Rettilineo,Una carreggiata a doppio senso,Asciutto,Asfaltata,Verticale ed orizzontale,Sereno,Scarso,Buona,Ore Diurne,0,0,0,2,"12,5568","41,83596",True
2667591,7,23/01/2016T12:30:00,Strada Urbana,in prossimit�,del civico n.,VIA PAPIRIA,,128,,Scontro laterale fra veicoli in marcia,Rettilineo,Una carreggiata a doppio senso,Asciutto,Asfaltata,Orizzontale,Nuvoloso,Normale,Buona,Ore Diurne,1,0,0,3,"12,56584","41,86265",True
2669085,18,23/01/2016T12:30:00,Strada Urbana,in prossimit�,del civico n.,VIA DI VAL CANNUTA,,188,,Tamponamento,Rettilineo,Una carreggiata a doppio senso,Asciutto,Asfaltata,Verticale ed orizzontale,Sereno,Scarso,Buona,Ore Diurne,1,0,0,1,"12,40776","41,89586",True
2667531,4,23/01/2016T12:30:00,Strada Urbana,all'intersezione con,VIA TERESA BOETTI VALVASSURA,VIALE GINO CERVI,VIA TERESA BOETTI VALVASSURA,,,Scontro frontale/laterale SX fra veicoli in marcia,Incrocio,Due carreggiate,Asciutto,Asfaltata,Verticale ed orizzontale,Nuvoloso,Normale,Buona,Ore Diurne,0,0,0,3,"12,53503","41,96247",True
2666477,6,23/01/2016T13:10:00,Strada Urbana,in prossimit�,del civico n.,VIA CARLO ERRERA,,56,,Veicolo in marcia contro veicolo in sosta,Rettilineo,Una carreggiata a senso unico di marcia,Asciutto,Asfaltata,Orizzontale,Sereno,Scarso,Buona,Ore Diurne,0,0,0,1,"12,53852","41,88335",True
2666914,13,23/01/2016T13:15:00,Comunale extraurbana,all'intersezione semaforizzata con,VIA DI MALAFEDE,VIA CRISTOFORO COLOMBO,VIA DI MALAFEDE,,,Tamponamento,Intersezione semaforizzata,Pi� di due carreggiate,Asciutto,Asfaltata,Verticale ed orizzontale,Sereno,Intenso,Buona,Ore Diurne,1,0,0,2,"12,3967","41,77545",False
2667317,7,23/01/2016T13:50:00,Strada Urbana,all'intersezione con,PIAZZA DEI GERANI,VIALE DELLE GARDENIE,PIAZZA DEI GERANI,,,Scontro laterale fra veicoli in marcia,Intersezione stradale segnalata,Una carreggiata a senso unico di marcia,Asciutto,Asfaltata,Verticale ed orizzontale,Nuvoloso,Normale,Buona,Ore Diurne,0,0,0,3,"12,5664","41,88579",True
2666481,8,23/01/2016T13:50:00,Statale entro l'abitato,in prossimit�,del civico n.,VIA CASILINA,,1786,,Tamponamento Multiplo,Rettilineo,Una carreggiata a doppio senso,Asciutto,Asfaltata,Verticale ed orizzontale,Nuvoloso,Intenso,Buona,Ore Diurne,2,0,0,1,,,False
2667512,5,23/01/2016T14:00:00,Strada Urbana,da specificare,,VIALE EGIDIO GALBANI,,,fronte civico 3 (direzione Nomentana),Veicolo in marcia contro ostacolo accidentale,Curva a visuale libera,Due carreggiate,Viscido da liquidi oleosi,Asfaltata,Verticale ed orizzontale,Sereno,Normale,Buona,Ore Diurne,1,0,0,0,"12,56171","41,93068",True
2667304,11,23/01/2016T14:50:00,Strada Urbana,in prossimit�,del civico n.,VIA APPIA ANTICA,,110,,Veicolo in marcia contro ostacolo fisso,Rettilineo,Una carreggiata a senso unico di marcia,Asciutto,In cubetti di porfido,Assente,Nuvoloso,Intenso,Buona,Ore Diurne,0,0,0,1,"12,51211","41,85965",True
2666480,8,23/01/2016T15:15:00,Strada Urbana,all'intersezione con,VIA AMICO ASPERTINI,VIA DELL'ARCHEOLOGIA,VIA AMICO ASPERTINI,,,Scontro frontale/laterale DX fra veicoli in marcia,Incrocio,Una carreggiata a doppio senso,Asciutto,Asfaltata,Orizzontale,Nuvoloso,Scarso,Buona,Ore Diurne,1,0,0,3,"12,62955","41,8791",True
2667060,13,23/01/2016T15:20:00,Strada Urbana,in prossimit�,del civico n.,VIALE DI CASTEL PORZIANO,,334-336,,Scontro frontale/laterale DX fra veicoli in marcia,Rettilineo,Una carreggiata a doppio senso,Asciutto,Asfaltata,Assente,Sereno,Scarso,Buona,Ore Diurne,0,0,0,3,"12,35519","41,73321",True
2667690,12,23/01/2016T15:35:00,Strada Urbana,in prossimit�,del civico n.,VIA CINA,,201,,Veicolo in marcia contro ostacolo accidentale,Rettilineo,Una carreggiata a doppio senso,Asciutto,Asfaltata,Verticale ed orizzontale,Nuvoloso,Normale,Buona,Ore Diurne,0,0,0,1,"12,43394","41,81251",True
2667712,12,23/01/2016T15:45:00,Strada Urbana,all'intersezione semaforizzata con,VIALE DELL'UMANESIMO,VIA CRISTOFORO COLOMBO,VIALE DELL'UMANESIMO,,,Tamponamento,Intersezione semaforizzata,Due carreggiate,Asciutto,Asfaltata,Verticale ed orizzontale,Nuvoloso,Normale,Buona,Ore Diurne,0,0,0,4,"12,44704","41,80373",False
2668153,16,23/01/2016T16:00:00,Strada Urbana,in corrispondenza,del civico n.,VIA VITELLIA,,14,,Scontro laterale fra veicoli in marcia,Rettilineo,Una carreggiata a doppio senso,Asciutto,Asfaltata,Orizzontale,Nuvoloso,Normale,Buona,Ore Diurne,0,0,0,2,"12,45446","41,88384",True
2667670,1,23/01/2016T16:10:00,Strada Urbana,all'intersezione con,VIA CARLO CATTANEO,VIA NAPOLEONE III,VIA CARLO CATTANEO,,,Scontro laterale fra veicoli in marcia,Incrocio,Una carreggiata a doppio senso,Asciutto,Asfaltata,Verticale ed orizzontale,Nuvoloso,Normale,Buona,Ore Diurne,0,0,0,3,"12,50126","41,89734",False
2667074,13,23/01/2016T16:20:00,Provinciale,in prossimit�,della chilometrica,VIA LITORANEA,,9.4,,Tamponamento,Rettilineo,Una carreggiata a doppio senso,Asciutto,Asfaltata,Orizzontale,Sereno,Scarso,Buona,Ore Diurne,0,0,0,4,"12,37354","41,68762",True
2667311,10,23/01/2016T16:40:00,Strada Urbana,all'intersezione semaforizzata con,VIA ERODE ATTICO,VIA APPIA PIGNATELLI,VIA ERODE ATTICO,,,Veicolo in marcia contro ostacolo fisso,Incrocio,Una carreggiata a doppio senso,Asciutto,Asfaltata,Verticale ed orizzontale,Nuvoloso,Normale,Sufficiente,Ore Diurne,1,0,0,3,"12,54554","41,83961",False
2667593,19,23/01/2016T17:10:00,Strada Urbana,all'intersezione con,VIA TOMMASO DE VIO,VIA PIETRO GASPARRI,VIA TOMMASO DE VIO,,,Scontro frontale/laterale SX fra veicoli in marcia,Incrocio,Una carreggiata a doppio senso,Bagnato (pioggia),Asfaltata,Verticale ed orizzontale,Pioggia in atto,Normale,Buona,Sufficiente,1,0,0,1,"12,41464","41,92144",True
2667092,13,23/01/2016T17:45:00,Strada Urbana,in corrispondenza,del civico n.,VIA DI DRAGONE,,205,,Investimento di pedone,Rettilineo,Una carreggiata a doppio senso,Asciutto,Asfaltata,Assente,Nuvoloso,Normale,Buona,Sufficiente,2,0,0,1,"12,33478","41,7806",False
2668215,16,23/01/2016T17:45:00,Strada Urbana,da specificare,,VIA PORTUENSE,,,fronte civico 21/b,Veicolo in marcia contro veicolo in sosta,Rettilineo,Una carreggiata a doppio senso,Bagnato (umidit� in atto),Asfaltata,Verticale ed orizzontale,Nuvoloso,Normale,Buona,Sufficiente,0,0,0,4,,,False
2667399,7,23/01/2016T17:50:00,Strada Urbana,in corrispondenza,del civico n.,VIA DEI PLATANI,,167,,Scontro laterale fra veicoli in marcia,Rettilineo,Una carreggiata a doppio senso,Bagnato (pioggia),Asfaltata,Assente,Nuvoloso,Normale,Buona,Ore Diurne,0,0,0,3,"12,5689","41,88117",True
2666488,8,23/01/2016T18:00:00,,all'intersezione con,VIA DELL'AIRONE,VIA DELL'AQUILA REALE,VIA DELL'AIRONE,,,Scontro frontale/laterale SX fra veicoli in marcia,,,,,,,,,,1,0,0,1,,,False
2667513,5,23/01/2016T18:10:00,Strada Urbana,da specificare,,VIA DI MARCO SIMONE,,,altezza distributore prossimit� civico 90,Veicolo in marcia contro ostacolo accidentale,Rettilineo,Una carreggiata a doppio senso,Bagnato (pioggia),Asfaltata,Assente,Nuvoloso,Scarso,Insufficiente,Insufficiente,0,0,0,2,"12,63202","41,9576",False
2667572,19,23/01/2016T18:10:00,Strada Urbana,in prossimit�,del civico n.,PIAZZA ALFONSO CAPECELATRO,,28,,Scontro frontale fra veicoli in marcia,Rettilineo,Una carreggiata a doppio senso,Bagnato (pioggia),Asfaltata,Verticale ed orizzontale,Pioggia in atto,Normale,Buona,Sufficiente,1,0,0,1,"12,41589","41,92072",True
2666479,8,23/01/2016T18:10:00,,da specificare,,VIA COLLATINA,,,pross. Celestino Rosatelli,Veicolo in marcia contro ostacolo accidentale,,,,,,,,,,0,0,0,1,,,False
2667595,4,23/01/2016T18:15:00,Strada Urbana,in prossimit�,del civico n.,VIA DEI PRATI FISCALI,,297,,Veicolo in marcia contro veicolo in sosta,Rettilineo,Due carreggiate,Bagnato (pioggia),Asfaltata,Verticale ed orizzontale,Nuvoloso,Normale,Buona,Sufficiente,0,0,0,1,"12,51416","41,94543",True
2667652,1,23/01/2016T18:20:00,Strada Urbana,in corrispondenza,del civico n.,VIA MERULANA,,91,,Scontro laterale fra veicoli in marcia,Rettilineo,Una carreggiata a doppio senso,Bagnato (umidit� in atto),Asfaltata,Verticale ed orizzontale,Nuvoloso,Normale,Buona,Sufficiente,1,0,0,0,,,False
2667396,15,23/01/2016T18:25:00,Strada Urbana,in corrispondenza,del civico n.,VIA DELLA MAGLIANA,,254,,Investimento di pedone,Rettilineo,Una carreggiata a doppio senso,Bagnato (pioggia),Asfaltata,Verticale ed orizzontale,Nuvoloso,Normale,Buona,Sufficiente,1,0,0,1,,,False
2676944,18,23/01/2016T18:30:00,Strada Urbana,in prossimit�,del civico n.,VIA DI CASAL DEL MARMO,,640,,Scontro frontale fra veicoli in marcia,Curva senza visuale libera,Una carreggiata a doppio senso,Bagnato (umidit� in atto),Asfaltata,Orizzontale,Nuvoloso,Normale,Sufficiente,Sufficiente,3,0,0,1,"12,37996","41,92542",False
2667525,4,23/01/2016T18:40:00,Strada Urbana,da specificare,,VIA NOMENTANA,,,pross. fronte civico 887,Scontro frontale/laterale DX fra veicoli in marcia,Rettilineo,Una carreggiata a doppio senso,Bagnato (umidit� in atto),Asfaltata,Verticale ed orizzontale,Nuvoloso,Normale,Buona,Sufficiente,0,0,0,3,"12,55346","41,94162",True
2666471,8,23/01/2016T19:10:00,,in prossimit�,del palo luce n.,VIALE DI TORRE MAURA,,20,,Veicolo in marcia contro ostacolo accidentale,,,,,,,,,,0,0,0,1,,,False
2667287,9,23/01/2016T19:25:00,,all'intersezione con,VIA URBINO,VIA RIMINI,VIA URBINO,,,Scontro frontale/laterale SX fra veicoli in marcia,,,,,,,,,,1,0,0,1,,,False
2666482,6,23/01/2016T19:30:00,,da specificare,,VIA CASILINA,,,altezza Via dei Gordiani,Tamponamento,,,,,,,,,,1,0,0,3,,,False
2668699,8,23/01/2016T19:30:00,Strada Urbana,da specificare,,VIA CASILINA,,,ALTEZZA TOR BELLA MONACA,Veicolo in marcia contro ostacolo accidentale,Rettilineo,Una carreggiata a doppio senso,Asciutto,Asfaltata,Orizzontale,Sereno,Normale,Buona,Sufficiente,0,0,0,1,"12,615","41,89127",True
2667104,13,23/01/2016T21:20:00,Strada Urbana,all'intersezione con,VIALE DEL SOMMERGIBILE,VIA DELL'IDROSCALO,VIALE DEL SOMMERGIBILE,,,Scontro frontale/laterale DX fra veicoli in marcia,Incrocio,Una carreggiata a doppio senso,Asciutto,Asfaltata,Verticale ed orizzontale,Nuvoloso,Scarso,Sufficiente,Sufficiente,1,0,0,2,"12,26313","41,73742",False
2667274,9,23/01/2016T21:40:00,Strada Urbana,da specificare,,VIA TUSCOLANA,,,altezza svincolo VIA PETROCELLI,Scontro laterale fra veicoli in marcia,Rettilineo,Due carreggiate,Asciutto,Asfaltata,Verticale ed orizzontale,Nuvoloso,Scarso,Buona,Sufficiente,0,0,0,2,"12,60492","41,8351",True
2666468,8,23/01/2016T22:30:00,Strada Urbana,da specificare,,VIA PRENESTINA,,,altezza civico 1262,Veicolo in marcia contro ostacolo accidentale,Rettilineo,Una carreggiata a doppio senso,Asciutto,Con buche,Verticale,Nuvoloso,Normale,Buona,Insufficiente,0,0,0,3,"12,6069","41,89378",True
2676626,18,23/01/2016T23:40:00,Strada Urbana,in prossimit�,del civico n.,VIA AURELIA ANTICA,,391,,Tamponamento,Curva senza visuale libera,Una carreggiata a doppio senso,Asciutto,Asfaltata,Orizzontale,Sereno,Scarso,Buona,Sufficiente,0,0,0,6,"12,44756","41,88901",True
2667689,1,23/01/2016T23:50:00,Strada Urbana,all'intersezione con,VIA GIUSEPPE DI BARTOLO,VIA ANASTASIO II,VIA GIUSEPPE DI BARTOLO,,,Veicolo in marcia contro ostacolo accidentale,Incrocio,Due carreggiate,Asciutto,Asfaltata,Verticale ed orizzontale,Sereno,Scarso,Buona,Sufficiente,0,0,0,2,,,False
2667300,9,24/01/2016T00:10:00,Strada Urbana,all'intersezione con,VIA TALAMONE,VIALE DELLE MURA LATINE,VIA TALAMONE,,,Veicolo in marcia contro veicolo in sosta,Intersezione non regolata/non segnalata,Una carreggiata a doppio senso,Asciutto,Asfaltata,Verticale ed orizzontale,Sereno,Scarso,Sufficiente,Sufficiente,0,0,0,1,"12,50381","41,87466",True
2667035,20,24/01/2016T00:15:00,Strada Urbana,in prossimit�,del palo luce n.,VIA ORIOLO ROMANO,,47,,Fuoriuscita dalla sede stradale,Rettilineo,Una carreggiata a doppio senso,Bagnato (umidit� in atto),Asfaltata,Orizzontale,Sereno,Scarso,Buona,Sufficiente,1,0,0,0,,,False
2669464,18,24/01/2016T00:55:00,Strada Urbana,all'intersezione semaforizzata con,VIA DI VAL TELLINA,VIA BERNARDINO RAMAZZINI,VIA DI VAL TELLINA,,,Scontro frontale/laterale DX fra veicoli in marcia,Intersezione semaforizzata,Due carreggiate,Asciutto,Asfaltata,Verticale ed orizzontale,Sereno,Normale,Buona,Sufficiente,1,0,0,6,"12,44929","41,86589",True
2667594,1,24/01/2016T01:00:00,Strada Urbana,all'intersezione con,VIA CRESCENZIO,PIAZZA DEL RISORGIMENTO,VIA CRESCENZIO,,,Scontro laterale fra veicoli in marcia,Incrocio,Una carreggiata a senso unico di marcia,Asciutto,Asfaltata,Orizzontale,Sereno,Scarso,Buona,Sufficiente,0,0,0,4,"12,45781","41,9059",False
2667606,1,24/01/2016T01:30:00,Strada Urbana,all'intersezione con,VIA CELIMONTANA,VIA CAPO D'AFRICA,VIA CELIMONTANA,,,Scontro frontale/laterale SX fra veicoli in marcia,Incrocio,Una carreggiata a senso unico di marcia,Asciutto,Asfaltata,Verticale ed orizzontale,Sereno,Normale,Buona,Sufficiente,0,0,0,4,,,False
2667633,19,24/01/2016T01:30:00,Strada Urbana,in prossimit�,della chilometrica,GALLERIA GIOVANNI XXIII,,1.5,,Veicolo in marcia contro ostacolo fisso,Galleria illuminata,Una carreggiata a senso unico di marcia,Asciutto,Asfaltata,Verticale ed orizzontale,Sereno,Scarso,Sufficiente,Sufficiente,0,0,0,4,"12,44177","41,94068",True
2666476,8,24/01/2016T01:35:00,Statale entro l'abitato,da specificare,,VIA TIBURTINA,,,altezza Via Tivoli,Scontro frontale/laterale SX fra veicoli in marcia,Rettilineo,Una carreggiata a doppio senso,Asciutto,Asfaltata,Verticale ed orizzontale,Sereno,Normale,Insufficiente,Insufficiente,1,0,0,2,,,False
2667031,20,24/01/2016T02:00:00,,da specificare,,VIA DI GROTTAROSSA,,,in prossimit� di Ospedale Sant'Andrea,Fuoriuscita dalla sede stradale,,,,,,,,,,0,0,0,1,,,False
2667474,7,24/01/2016T02:45:00,Strada Urbana,all'intersezione semaforizzata con,VIA DI PORTONACCIO,VIA TIBURTINA,VIA DI PORTONACCIO,,,Scontro frontale/laterale DX fra veicoli in marcia,Incrocio,Una carreggiata a doppio senso,Asciutto,Asfaltata,Verticale ed orizzontale,Sereno,Scarso,Buona,Sufficiente,0,0,0,2,"12,53415","41,90822",False
2666475,8,24/01/2016T02:55:00,Strada Urbana,in corrispondenza,del civico n.,VIA DEI DUE PONTI,,257,,Scontro laterale fra veicoli in marcia,Curva a visuale libera,Una carreggiata a doppio senso,Asciutto,Asfaltata,Verticale ed orizzontale,Sereno,Scarso,Sufficiente,Sufficiente,0,0,0,3,"12,4484","41,96469",True
2667598,4,24/01/2016T03:15:00,Strada Urbana,da specificare,,VIA JACOPO SANNAZZARO,,,prox V. Nomentana cors di marc direz. Via Montasio,Veicolo in marcia contro veicoli in sosta,Rettilineo,Due carreggiate,Asciutto,Asfaltata,Verticale ed orizzontale,Sereno,Scarso,Sufficiente,Sufficiente,0,0,0,1,"12,54096","41,93964",True
2667354,11,24/01/2016T04:00:00,Strada Urbana,in corrispondenza,del civico n.,VIA PORTUENSE,,226,,Scontro frontale fra veicoli in marcia,Sottopasso non illuminato,Una carreggiata a doppio senso,Asciutto,Asfaltata,Verticale ed orizzontale,Sereno,Scarso,Buona,Insufficiente,3,0,0,0,"12,46079","41,86604",True
2670206,18,24/01/2016T04:15:00,Strada Urbana,all'intersezione con,VIA TRIBONIANO,PIAZZA DEI TRIBUNALI,VIA TRIBONIANO,,,Veicolo in marcia contro ostacolo fisso,Incrocio,Una carreggiata a senso unico di marcia,Asciutto,Asfaltata,Verticale ed orizzontale,Sereno,Scarso,Buona,Sufficiente,0,0,0,1,"12,46979","41,90317",True
2667529,5,24/01/2016T05:45:00,Strada Urbana,all'intersezione semaforizzata con,VIA GIOVANNI ZANARDINI,VIALE KANT,VIA GIOVANNI ZANARDINI,,,Scontro laterale fra veicoli in marcia,Intersezione semaforizzata,Due carreggiate,Asciutto,Asfaltata,Verticale ed orizzontale,Sereno,Scarso,Sufficiente,Sufficiente,0,0,0,2,"12,55329","41,93649",True
2667345,10,24/01/2016T05:45:00,,all'intersezione semaforizzata con,VIA DI CASAL BRUCIATO,VIA TIBURTINA,VIA DI CASAL BRUCIATO,,,Scontro frontale/laterale SX fra veicoli in marcia,,,,,,,,,,1,1,0,4,,,False
2667641,4,24/01/2016T07:10:00,Statale,da specificare,,RACCORDO SALARIO SETTEBAGNI,,,"VIA SALARIA KM 15,100",Veicolo in marcia contro ostacolo accidentale,Curva a visuale libera,Due carreggiate,Bagnato (umidit� in atto),Asfaltata,Verticale ed orizzontale,Sereno,Scarso,Sufficiente,Sufficiente,1,0,0,0,"12,51737","42,00904",False
2667330,10,24/01/2016T10:40:00,,all'intersezione semaforizzata con,VIA DEI SETTE METRI,VIA ANAGNINA,VIA DEI SETTE METRI,,,Tamponamento Multiplo,,,,,,,,,,1,0,0,2,,,False
2667787,2,24/01/2016T10:45:00,,in prossimit�,del civico n.,VIA DEI CAMPI SPORTIVI,,43,,Scontro frontale/laterale SX fra veicoli in marcia,,,,,,,,,,1,0,0,2,,,False
2667320,20,24/01/2016T11:15:00,Regionale entro l'abitato,in corrispondenza,del civico n.,VIA CASSIA,, 1776,,Scontro frontale/laterale DX fra veicoli in marcia,Rettilineo,Una carreggiata a doppio senso,Asciutto,Asfaltata,Verticale ed orizzontale,Sereno,Normale,Buona,Ore Diurne,0,0,0,2,"12,37716","42,01302",True
2668650,17,24/01/2016T11:25:00,Strada Urbana,all'intersezione con,VIALE VATICANO,VIA LEONE IV,VIALE VATICANO,,,Scontro frontale/laterale SX fra veicoli in marcia,Incrocio,Una carreggiata a doppio senso,Asciutto,Asfaltata,Verticale ed orizzontale,Sereno,Normale,Sufficiente,Ore Diurne,0,0,0,3,"12,45542","41,90824",True
2667651,19,24/01/2016T11:30:00,Strada Urbana,in prossimit�,del palo luce n.,VIA DELLA STORTA,,156,,Veicolo in marcia contro ostacolo accidentale,Rettilineo,Una carreggiata a doppio senso,Asciutto,Asfaltata,Orizzontale,Sereno,Scarso,Buona,Ore Diurne,0,0,0,1,"12,35659","41,95127",True
2667313,8,24/01/2016T11:40:00,Strada Urbana,in prossimit�,del civico n.,VIA DI TOR BELLA MONACA,,483,,Scontro laterale fra veicoli in marcia,Rettilineo,Due carreggiate,Asciutto,Asfaltata,Verticale,Sereno,Scarso,Buona,Ore Diurne,0,0,0,2,"12,63195","41,87261",False
2667543,7,24/01/2016T12:05:00,Strada Urbana,da specificare,,VIALE PALMIRO TOGLIATTI,,,ALTEZZA VIA COLLATINA,Tamponamento,Rettilineo,Una carreggiata a doppio senso,Asciutto,Asfaltata,Orizzontale,Sereno,Normale,Buona,Ore Diurne,1,0,0,2,"12,57417","41,90315",False
2667677,4,24/01/2016T12:05:00,Statale entro l'abitato,all'intersezione semaforizzata con,VIA DI CASTEL GIUBILEO,VIA SALARIA,VIA DI CASTEL GIUBILEO,,,Scontro laterale fra veicoli in marcia,Intersezione semaforizzata,Due carreggiate,Asciutto,Asfaltata,Verticale ed orizzontale,Sereno,Normale,Buona,Ore Diurne,1,0,0,3,,,False
2667778,3,24/01/2016T12:20:00,,all'intersezione semaforizzata con,VIALE DELLE SCIENZE,VIALE DELL'UNIVERSITA',VIALE DELLE SCIENZE,,,Investimento di pedone,,,,,,,,,,1,0,0,1,,,False
2667622,13,24/01/2016T12:40:00,Strada Urbana,all'intersezione con,VIA DEI TRAGHETTI,VIA DEI VELIERI,VIA DEI TRAGHETTI,,,Scontro frontale/laterale DX fra veicoli in marcia,Incrocio,Due carreggiate,Asciutto,Asfaltata,Verticale ed orizzontale,Sereno,Normale,Buona,Ore Diurne,1,0,0,4,"12,27584","41,73681",False
2667358,8,24/01/2016T12:45:00,,da specificare,,VIA PRENESTINA,,,IN PROSSIMTA' VIA OLLOLAI,Veicolo in marcia contro ostacolo accidentale,,,,,,,,,,0,0,0,2,,,False
2667669,19,24/01/2016T13:00:00,Strada Urbana,in prossimit�,del civico n.,VIA PIETRO MAFFI,,151,,Investimento di pedone,Rettilineo,Una carreggiata a doppio senso,Asciutto,Asfaltata,Orizzontale,Sereno,Normale,Buona,Ore Diurne,0,0,0,3,"12,42022","41,92652",True
2667365,20,24/01/2016T13:10:00,Regionale,da specificare,,VIA FLAMINIA,,,pross. Grottarossa zona industriale dir. centro,Tamponamento,Rettilineo,Due carreggiate,Asciutto,Asfaltata,Verticale ed orizzontale,Sereno,Normale,Buona,Ore Diurne,0,0,0,2,"12,49274","41,97366",True