_ID,_Gruppo,_DataOraIncidente,_Localizzazione1,_Localizzazione2,_Strada1,_DaSpecificare,_NaturaIncidente,_ParticolaritaStrade,_TipoStrada,_FondoStradale,_Pavimentazione,_Segnaletica,_CondizioneAtmosferica,_Traffico,_Visibilita,_Illuminazione,_NUM_FERITI,_NUM_RISERVATA,_NUM_MORTI,_NUM_ILLESI,_Longitudine,_Latitudine,_CONFERMATO,__prefix,_Strada02,_Strada2,_Chilometrica
2667339,8,24/01/2016T13:10:00,Strada Urbana,in prossimit�,del civico n.,VIA DI TORRENOVA,,155,,Scontro frontale/laterale SX fra veicoli in marcia,Rettilineo,Una carreggiata a doppio senso,Asciutto,Asfaltata,Verticale,Sereno,Normale,Buona,Ore Diurne,1,0,0,4,"12,61937","41,87459",False
2667340,10,24/01/2016T13:10:00,Strada Urbana,all'intersezione con,VIA GIUSEPPE DEVERS,VIA ANTONIO SARGENTI,VIA GIUSEPPE DEVERS,,,Scontro frontale fra veicoli in marcia,Incrocio,Una carreggiata a doppio senso,Asciutto,Asfaltata,Assente,Sereno,Scarso,Buona,Ore Diurne,1,0,0,3,"12,60381","41,84005",True
2667695,4,24/01/2016T13:20:00,Strada Urbana,all'intersezione con,VIA VILLA DI FAONTE,VIA DELLA BUFALOTTA,VIA VILLA DI FAONTE,,,Scontro laterale fra veicoli in marcia,Intersezione stradale segnalata,Una carreggiata a doppio senso,Asciutto,Asfaltata,Verticale ed orizzontale,Sereno,Scarso,Buona,Ore Diurne,1,0,0,1,"12,54217","41,95093",False
2667545,2,24/01/2016T13:20:00,Strada Urbana,all'intersezione con,VIA GIOVANNI PACINI,LARGO BENEDETTO MARCELLO,VIA GIOVANNI PACINI,,,Tamponamento,Incrocio,Una carreggiata a doppio senso,Asciutto,Asfaltata,Verticale ed orizzontale,Sereno,Normale,Buona,Ore Diurne,0,0,0,3,"12,49719","41,91831",True
2667752,4,24/01/2016T13:30:00,Strada Urbana,all'intersezione con,VIA MONTE PETRELLA,VIA DELLE ISOLE CURZOLANE,VIA MONTE PETRELLA,,,Scontro frontale/laterale DX fra veicoli in marcia,Incrocio,Due carreggiate,Asciutto,Asfaltata,Verticale ed orizzontale,Sereno,Scarso,Buona,Ore Diurne,1,0,0,1,"12,53194","41,94885",False
2667750,13,24/01/2016T13:30:00,Strada Urbana,da specificare,,LUNGOMARE AMERIGO VESPUCCI,,,fronte stabilimento Venezia,Scontro frontale/laterale SX fra veicoli in marcia,Rettilineo,Due carreggiate,Asciutto,Asfaltata,Orizzontale,Sereno,Normale,Buona,Ore Diurne,0,0,0,2,"12,33402","41,70723",True
2669544,12,24/01/2016T14:30:00,Strada Urbana,in corrispondenza,del civico n.,VIA LAURENTINA,,660,,Scontro laterale fra veicoli in marcia,Rettilineo,Una carreggiata a doppio senso,Asciutto,Asfaltata,Verticale ed orizzontale,Sereno,Normale,Buona,Sufficiente,0,0,0,3,"12,48163","41,81884",True
2667413,15,24/01/2016T15:10:00,Strada Urbana,da specificare,,VIALE GUGLIELMO MARCONI,,,prossimit� civico 106,Tamponamento,Rettilineo,Due carreggiate,Asciutto,Asfaltata,Orizzontale,Sereno,Normale,Buona,Ore Diurne,0,0,0,5,"12,47124","41,85748",True
2667828,2,24/01/2016T15:20:00,Strada Urbana,all'intersezione semaforizzata con,VIA GUALTIERO CASTELLINI,VIALE PARIOLI,VIA GUALTIERO CASTELLINI,,,Tamponamento,Incrocio,Una carreggiata a doppio senso,Asciutto,Asfaltata,Verticale ed orizzontale,Sereno,Normale,Sufficiente,Ore Diurne,0,0,0,2,"12,48921","41,92532",True
2667556,2,24/01/2016T15:55:00,Strada Urbana,all'intersezione semaforizzata con,VIA TEVERE,VIA PO,VIA TEVERE,,,Scontro frontale/laterale DX fra veicoli in marcia,,Una carreggiata a doppio senso,Asciutto,Asfaltata,Verticale ed orizzontale,Sereno,Normale,Buona,Ore Diurne,2,0,0,1,,,False
2711588,5,24/01/2016T16:00:00,Strada Urbana,all'intersezione con,VIA RUBELLIA,VIA DI CASAL BIANCO,VIA RUBELLIA,,,Scontro frontale/laterale SX fra veicoli in marcia,Intersezione stradale segnalata,Una carreggiata a doppio senso,Asciutto,Asfaltata,Verticale ed orizzontale,Sereno,Normale,Sufficiente,Ore Diurne,0,0,0,4,,,False
2667446,17,24/01/2016T16:15:00,Strada Urbana,all'intersezione con,VIA ANTONIO CANTORE,VIA MONTE ZEBIO,VIA ANTONIO CANTORE,,,Scontro frontale/laterale DX fra veicoli in marcia,Incrocio,Pi� di due carreggiate,Asciutto,Asfaltata,Verticale ed orizzontale,Sereno,Scarso,Buona,Ore Diurne,0,0,0,7,"12,46489","41,91816",True
2667659,4,24/01/2016T16:50:00,Strada Urbana,in corrispondenza,del civico n.,VIALE ADRIATICO,,11,,Scontro laterale fra veicoli in marcia,Rettilineo,Una carreggiata a senso unico di marcia,Asciutto,Asfaltata,Orizzontale,Sereno,Normale,Buona,Sufficiente,0,0,0,3,"12,53494","41,93787",True
2667360,8,24/01/2016T18:00:00,,in prossimit�,del civico n.,VIALE DI TORRE MAURA,,40,,Veicolo in marcia contro ostacolo accidentale,,,,,,,,,,0,0,0,2,,,False
2690467,18,24/01/2016T18:00:00,Strada Urbana,in prossimit�,del civico n.,VIA MATTIA BATTISTINI,,11,,Scontro laterale fra veicoli in marcia,Rettilineo,Una carreggiata a doppio senso,Asciutto,Asfaltata,Verticale ed orizzontale,Sereno,Normale,Buona,Ore Diurne,0,0,0,6,"12,41084","41,90551",True
2668241,3,24/01/2016T18:10:00,,da specificare,,PIAZZALE DEL VERANO,,,altezza civ. 37,Scontro frontale fra veicoli in marcia,,,,,,,,,,1,0,0,2,,,False
2667347,10,24/01/2016T18:30:00,Strada Urbana,da specificare,,VIA TUSCOLANA,,,svincolo inversione di marcia alt. GRA,Scontro frontale/laterale SX fra veicoli in marcia,Rettilineo,Una carreggiata a senso unico di marcia,Asciutto,Asfaltata,Assente,Sereno,Normale,Buona,Sufficiente,0,0,0,3,"12,58746","41,84126",True
2667650,19,24/01/2016T18:40:00,Strada Urbana,da specificare,,VIA DELLA BALDUINA,,,altezza via Giorgio Morpurgo,Tamponamento,Rettilineo,Una carreggiata a doppio senso,Asciutto,Asfaltata,Verticale ed orizzontale,Sereno,Normale,Buona,Sufficiente,0,0,0,2,"12,44041","41,92067",True
2667496,1,24/01/2016T19:00:00,Strada Urbana,in corrispondenza,del palo luce n.,PONTE SUBLICIO,,7,,Scontro laterale fra veicoli in marcia,Rettilineo,Una carreggiata a doppio senso,Asciutto,Asfaltata,Verticale ed orizzontale,Sereno,Normale,Buona,Sufficiente,0,0,0,2,"12,47538","41,88313",True
2667880,16,24/01/2016T19:00:00,Strada Urbana,in corrispondenza,del civico n.,VIA DI VAL TELLINA,,61,,Scontro laterale fra veicoli in marcia,Rettilineo,Una carreggiata a doppio senso,Asciutto,Asfaltata,Orizzontale,Sereno,Normale,Sufficiente,Sufficiente,0,1,0,4,"12,44786","41,86742",False
2667335,8,24/01/2016T19:30:00,,in prossimit�,del palo luce n.,VIA CONTESSA ENTELLINA,,8,,Veicolo in marcia contro ostacolo accidentale,,,,,,,,,,0,0,0,1,,,False
2667334,8,24/01/2016T19:30:00,,da specificare,,VIA CASILINA,,,ALT. VIA E BREDA,Veicolo in marcia contro ostacolo accidentale,,,,,,,,,,0,0,0,1,,,False
2667332,8,24/01/2016T19:40:00,,da specificare,,VIA CASILINA,,,ALT. VIA E BREDA,Veicolo in marcia contro ostacolo accidentale,,,,,,,,,,0,0,0,1,,,False
2667518,5,24/01/2016T19:50:00,Strada Urbana,da specificare,,VIA DI PIETRALATA,,,prossimit� civico 517/B,Scontro frontale/laterale DX fra veicoli in marcia,Rettilineo,Una carreggiata a doppio senso,Asciutto,Asfaltata,Orizzontale,Sereno,Scarso,Sufficiente,Sufficiente,1,0,0,2,"12,55552","41,91626",True
2668212,16,24/01/2016T20:15:00,Strada Urbana,da specificare,,VIA SILVESTRI,,,in prossimit� svincolo civico 20,Scontro frontale/laterale SX fra veicoli in marcia,Rettilineo,Una carreggiata a doppio senso,Asciutto,Asfaltata,Verticale ed orizzontale,Sereno,Normale,Sufficiente,Sufficiente,0,0,0,2,"12,43415","41,87808",True
2667319,8,24/01/2016T20:25:00,,da specificare,,VIA CASILINA,,,ALT. VIA E BREDA,Veicolo in marcia contro ostacolo accidentale,,,,,,,,,,0,0,0,1,,,False
2667316,8,24/01/2016T20:30:00,,da specificare,,VIA CASILINA,,,alt. VIA BREDA DIR FUORI RM,Veicolo in marcia contro ostacolo accidentale,,,,,,,,,,0,0,0,2,,,False
2667799,3,24/01/2016T20:35:00,Strada Urbana,da specificare,,VIA TIBURTINA,,,prossimit� civico 281,Investimento di pedone,Rettilineo,Una carreggiata a senso unico di marcia,Asciutto,Asfaltata,Assente,Sereno,Normale,Buona,Sufficiente,1,0,0,1,"12,51718","41,89992",False
2667533,7,24/01/2016T21:00:00,Strada Urbana,all'intersezione con,VIA TRANI,VIA MOLFETTA,VIA TRANI,,,Scontro frontale/laterale SX fra veicoli in marcia,Incrocio,Una carreggiata a doppio senso,Asciutto,Asfaltata,Verticale ed orizzontale,Sereno,Normale,Buona,Sufficiente,1,0,0,1,"12,57827","41,89004",True
2667333,8,24/01/2016T21:05:00,,da specificare,,VIA CASILINA,,,ALT. VIA E BREDA,Veicolo in marcia contro ostacolo accidentale,,,,,,,,,,0,0,0,1,,,False
2667827,3,24/01/2016T22:20:00,,all'intersezione con,PIAZZA DEGLI EUGANEI,VIA DELLE ISOLE CURZOLANE,PIAZZA DEGLI EUGANEI,,,Scontro frontale/laterale SX fra veicoli in marcia,,,,,,,,,,0,0,0,1,,,False
2668764,4,24/01/2016T23:00:00,Strada Urbana,in corrispondenza,del civico n.,VIA SCARPANTO,,33,,Veicolo in marcia contro veicolo in sosta,Rettilineo,Una carreggiata a senso unico di marcia,Asciutto,Asfaltata,Verticale ed orizzontale,Sereno,Normale,Sufficiente,Sufficiente,0,0,0,0,"12,52735","41,94777",True
2667336,9,24/01/2016T23:30:00,,all'intersezione con,VIA GALEAZZO ALESSI,VIALE FILARETE,VIA GALEAZZO ALESSI,,,Scontro frontale/laterale DX fra veicoli in marcia,,,,,,,,,,0,0,0,3,,,False
2667581,9,25/01/2016T01:00:00,Strada Urbana,in prossimit�,del civico n.,VIA RANUCCIO BIANCHI BANDINELLI,,48,,Veicolo in marcia contro ostacolo accidentale,Rettilineo,Una carreggiata a doppio senso,Asciutto,Asfaltata,Assente,Sereno,Scarso,Sufficiente,Sufficiente,0,0,0,2,"12,58414","41,81969",True
2667579,7,25/01/2016T01:00:00,Strada Urbana,in prossimit�,del civico n.,PIAZZA DEI TRIBUNI,,58,,Scontro frontale/laterale SX fra veicoli in marcia,Rotatoria,Una carreggiata a senso unico di marcia,Asciutto,Asfaltata,Verticale ed orizzontale,Sereno,Normale,Buona,Sufficiente,0,0,0,3,"12,55027","41,86494",True
2676221,18,25/01/2016T01:10:00,Statale,in corrispondenza,della chilometrica,VIA AURELIA,,16.1,,Veicolo in marcia contro ostacolo accidentale,Rettilineo,Due carreggiate,Asciutto,Asfaltata,Verticale ed orizzontale,Sereno,Scarso,Insufficiente,Inesistente,0,0,0,1,"12,31861","41,88577",True
2667390,1,25/01/2016T01:30:00,Strada Urbana,all'intersezione con,VIA QUINTINO SELLA,VIA FLAVIA,VIA QUINTINO SELLA,,,Scontro frontale/laterale DX fra veicoli in marcia,Incrocio,Una carreggiata a senso unico di marcia,Asciutto,Asfaltata,Verticale ed orizzontale,Sereno,Scarso,Buona,Sufficiente,0,0,0,3,,,False
2667569,13,25/01/2016T02:30:00,Strada Urbana,da specificare,,VIA DEL CANALE DELLA LINGUA,,,pressi VIA DEL FOSSO DI DRAGONCELLO,Veicolo in marcia contro ostacolo fisso,Curva a visuale libera,Una carreggiata a doppio senso,Asciutto,Asfaltata,Assente,Nebbia,Scarso,Buona,Sufficiente,0,0,0,4,"12,34033","41,74122",True
2678155,18,25/01/2016T05:00:00,Strada Urbana,in prossimit�,del civico n.,VIA DELLA MAGLIANELLA,,373,,Veicolo in marcia contro ostacolo fisso,Curva senza visuale libera,Una carreggiata a senso unico di marcia,Asciutto,Asfaltata,Verticale ed orizzontale,Sereno,Normale,Buona,Insufficiente,0,0,0,2,"12,3841","41,91403",True
2668228,16,25/01/2016T06:00:00,,all'intersezione con,VIA DUCHESSA DI GALLIERA,VIA FOLCO PORTINARI,VIA DUCHESSA DI GALLIERA,,,Scontro laterale fra veicoli in marcia,,,,,,,,,,1,0,0,2,,,False
2667378,2,25/01/2016T07:05:00,Strada Urbana,in corrispondenza,del civico n.,VIA SALARIA,,403,,Veicolo in marcia contro ostacolo accidentale,Rettilineo,Due carreggiate,Asciutto,Asfaltata,Verticale ed orizzontale,Sereno,Normale,Buona,Ore Diurne,0,0,0,1,"12,50743","41,9286",True
2668798,16,25/01/2016T07:30:00,Strada Urbana,all'intersezione con,LARGO ALBERTO PEPERE,VIA DEL CASALETTO,LARGO ALBERTO PEPERE,,,Scontro frontale/laterale DX fra veicoli in marcia,Incrocio,Una carreggiata a doppio senso,Asciutto,Asfaltata,Assente,Sereno,Normale,Buona,Ore Diurne,0,0,0,2,"12,43908","41,86997",True
2667366,18,25/01/2016T07:30:00,Strada Urbana,all'intersezione con,VIA DELLA MADONNA DEL RIPOSO,LARGO S. PIO V,VIA DELLA MADONNA DEL RIPOSO,,,Scontro laterale fra veicoli in marcia,Intersezione stradale segnalata,Una carreggiata a senso unico di marcia,Asciutto,Asfaltata,Verticale ed orizzontale,Sereno,Normale,Buona,Ore Diurne,1,0,0,1,"12,432","41,89643",True
2668384,15,25/01/2016T07:35:00,Strada Urbana,da specificare,,VIA QUIRINO MAJORANA,,,FRONTE CIVICO 19,Veicolo in marcia contro ostacolo fisso,Rettilineo,Una carreggiata a doppio senso,Asciutto,Asfaltata,Verticale ed orizzontale,Sereno,Normale,Buona,Ore Diurne,0,0,0,1,"12,46208","41,86846",True
2678385,18,25/01/2016T07:50:00,Strada Urbana,da specificare,,PIAZZA IRNERIO,,,fronte via bartolo da sassoferrato,Scontro laterale fra veicoli in marcia,Rettilineo,Due carreggiate,Asciutto,Asfaltata,Verticale ed orizzontale,Sereno,Normale,Buona,Ore Diurne,0,0,0,2,"12,42916","41,89859",True
2667423,10,25/01/2016T08:10:00,Strada Urbana,in prossimit�,del civico n.,VIA STEFANO OBERTO,,35,,Scontro frontale/laterale SX fra veicoli in marcia,Rettilineo,Una carreggiata a doppio senso,Asciutto,Asfaltata,Orizzontale,Sereno,Normale,Buona,Ore Diurne,1,0,0,1,"12,58649","41,85038",True
2668831,4,25/01/2016T08:30:00,Strada Urbana,all'intersezione con,VIA MONTE ROCCHETTA,VIALE JONIO,VIA MONTE ROCCHETTA,,,Scontro frontale/laterale SX fra veicoli in marcia,Incrocio,Due carreggiate,Asciutto,Asfaltata,Verticale ed orizzontale,Sereno,Normale,Buona,Ore Diurne,0,0,0,2,"12,53136","41,94583",True
2668693,8,25/01/2016T08:35:00,Strada Urbana,all'intersezione con,VIA ESPERIDE,VIA DEI CORIBANTI,VIA ESPERIDE,,,Scontro frontale/laterale SX fra veicoli in marcia,Incrocio,Una carreggiata a doppio senso,Asciutto,Asfaltata,Orizzontale,Sereno,Scarso,Buona,Ore Diurne,0,0,0,2,"12,61716","41,87514",True
2669313,17,25/01/2016T08:45:00,Strada Urbana,da specificare,,VIA CANDIA,,,in prossimit� di Via Santamaura,Scontro laterale fra veicoli in marcia,Rettilineo,Una carreggiata a senso unico di marcia,Asciutto,Asfaltata,Verticale ed orizzontale,Sereno,Intenso,Buona,Ore Diurne,0,0,0,2,"12,45384","41,90835",True
2667464,20,25/01/2016T08:50:00,,da specificare,,VIA CASSIA,,,altezza GRA uscita da carreggiata interna,Tamponamento,,,Asciutto,,,Sereno,Intenso,Buona,,1,0,0,2,,,False
2668961,16,25/01/2016T08:50:00,,in corrispondenza,del civico n.,VIALE DEI COLLI PORTUENSI,,422,,Veicolo in marcia contro ostacolo accidentale,,,,,,,,,,0,0,0,2,,,False
2667560,10,25/01/2016T08:50:00,Strada Urbana,all'intersezione con,PIAZZA FABIO SABATINI,VIA ULDERICO MAZZOLANI,PIAZZA FABIO SABATINI,,,Scontro laterale fra veicoli in marcia,Rotatoria,Due carreggiate,Asciutto,Asfaltata,Verticale ed orizzontale,Sereno,Normale,Buona,Ore Diurne,0,0,0,2,"12,59149","41,84665",True
2668278,3,25/01/2016T09:15:00,Strada Urbana,all'intersezione con,VIA TRAPANI,VIA COMO,VIA TRAPANI,,,Scontro frontale/laterale DX fra veicoli in marcia,Incrocio,Una carreggiata a senso unico di marcia,Asciutto,Asfaltata,Verticale ed orizzontale,Sereno,Scarso,Buona,Ore Diurne,0,0,0,2,"12,51552","41,90975",True
2668720,4,25/01/2016T09:15:00,Strada Urbana,all'intersezione con,VIA CECCO D'ASCOLI,VIALE JONIO,VIA CECCO D'ASCOLI,,,Scontro frontale/laterale DX fra veicoli in marcia,Incrocio,Due carreggiate,Asciutto,Asfaltata,Assente,Sereno,Scarso,Buona,Ore Diurne,0,0,0,3,"12,53666","41,94396",True
2667788,1,25/01/2016T09:30:00,Strada Urbana,in prossimit�,del palo luce n.,VIA NICOLA ZABAGLIA,,16,,Scontro laterale fra veicoli in marcia,Rettilineo,Due carreggiate,Asciutto,Asfaltata,Verticale ed orizzontale,Sereno,Normale,Buona,Ore Diurne,0,0,0,2,"12,47617","41,87708",True
2668641,9,25/01/2016T09:30:00,Strada Urbana,da specificare,,VIA ACAIA,,,fronte VIA VETULONIA,Scontro laterale fra veicoli in marcia,Rettilineo,Una carreggiata a doppio senso,Asciutto,Asfaltata,Verticale ed orizzontale,Sereno,Intenso,Buona,Ore Diurne,0,0,0,3,"12,5075","41,87549",True
2668390,15,25/01/2016T09:30:00,Strada Urbana,da specificare,,VIA USINI,,,PROSSIMITA' VIA PORTUENSE,Scontro laterale fra veicoli in marcia,Rettilineo,Una carreggiata a doppio senso,Asciutto,Asfaltata,Orizzontale,Sereno,Normale,Buona,Ore Diurne,1,0,0,1,"12,34587","41,82018",False
2667678,2,25/01/2016T09:40:00,Strada Urbana,all'intersezione con,VIA TRIPOLITANIA,VIA TRIPOLI,VIA TRIPOLITANIA,,,Scontro frontale/laterale DX fra veicoli in marcia,Incrocio,Una carreggiata a doppio senso,Asciutto,Asfaltata,Verticale ed orizzontale,Sereno,Normale,Buona,Ore Diurne,0,0,0,2,"12,51754","41,92888",True
2668653,8,25/01/2016T09:45:00,,in prossimit�,del civico n.,VIALE DI TORRE MAURA,,120,,Veicolo in marcia contro ostacolo accidentale,,,,,,,,,,0,0,0,1,,,False
2668225,3,25/01/2016T09:50:00,,all'intersezione semaforizzata con,VIALE REGINA MARGHERITA,VIA NOMENTANA,VIALE REGINA MARGHERITA,,,Scontro laterale fra veicoli in marcia,,,,,,,,,,1,0,0,1,,,False
2668903,17,25/01/2016T10:10:00,Strada Urbana,all'intersezione con,VIA ENNIO QUIRINO VISCONTI,VIA TACITO,VIA ENNIO QUIRINO VISCONTI,,,Scontro frontale/laterale SX fra veicoli in marcia,Intersezione stradale segnalata,Una carreggiata a senso unico di marcia,Asciutto,Acciotolata,Verticale ed orizzontale,Sereno,Normale,Buona,Ore Diurne,1,0,0,1,,,False
2670144,13,25/01/2016T10:10:00,Strada Urbana,all'intersezione con,VIA GIOVANNI DELLA PENNA,VIA CARLO CASINI,VIA GIOVANNI DELLA PENNA,,,Scontro frontale/laterale DX fra veicoli in marcia,Incrocio,Una carreggiata a senso unico di marcia,Asciutto,Asfaltata,Verticale,Sereno,Normale,Buona,Ore Diurne,1,0,0,1,"12,34006","41,7778",False
2668396,13,25/01/2016T10:15:00,Strada Urbana,in corrispondenza,del civico n.,LARGO RODOLFO VILLANI,,61,,Scontro laterale fra veicoli in marcia,Rettilineo,Una carreggiata a doppio senso,Asciutto,Con buche,Assente,Sereno,Scarso,Buona,Ore Diurne,0,0,0,3,"12,35643","41,77968",True
2668657,9,25/01/2016T10:40:00,,da specificare,,VIA DI PORTA FURBA,,,ALTEZZA VIA DEL MANDRIONE,Scontro laterale fra veicoli in marcia,,,,,,,,,,0,0,0,3,,,False
2669631,12,25/01/2016T10:50:00,Strada Urbana,da specificare,,VIA CRISTOFORO COLOMBO,,,laterale immissione Viale Marconi,Tamponamento,Rettilineo,Pi� di due carreggiate,Asciutto,Asfaltata,Verticale ed orizzontale,Sereno,Intenso,Buona,Ore Diurne,1,0,0,2,"12,47623","41,84435",False
2668628,11,25/01/2016T11:00:00,Strada Urbana,all'intersezione con,VIA ATENE,VIALE LONDRA,VIA ATENE,,,Scontro laterale fra veicoli in marcia,Intersezione stradale segnalata,Due carreggiate,Asciutto,Asfaltata,Verticale ed orizzontale,Sereno,Scarso,Buona,Ore Diurne,0,0,0,3,"12,51262","41,84146",True
2668627,5,25/01/2016T11:50:00,Strada Urbana,in corrispondenza,del civico n.,VIA GIUSEPPE ANTONIO PASQUALE,,26,,Scontro frontale/laterale SX fra veicoli in marcia,Rettilineo,Una carreggiata a doppio senso,Asciutto,Asfaltata,Assente,Sereno,Scarso,Buona,Ore Diurne,0,0,0,2,"12,55085","41,93653",False
2669229,16,25/01/2016T12:10:00,Strada Urbana,in corrispondenza,del civico n.,VIA PORTUENSE,,94,,Tamponamento,Rettilineo,Una carreggiata a doppio senso,Asciutto,Asfaltata,Verticale ed orizzontale,Sereno,Normale,Buona,Ore Diurne,0,0,0,2,"12,46825","41,87795",True
2668689,19,25/01/2016T12:30:00,Strada Urbana,in prossimit�,del civico n.,VIA TRIONFALE,,7300,,Scontro frontale/laterale DX fra veicoli in marcia,Curva a visuale libera,Una carreggiata a doppio senso,Asciutto,Asfaltata,Verticale ed orizzontale,Sereno,Normale,Buona,Ore Diurne,1,0,0,1,"12,43626","41,93624",True
2668926,3,25/01/2016T12:45:00,Strada Urbana,da specificare,,VIA NOMENTANA,,,fronte civ. 301/B,Scontro frontale/laterale DX fra veicoli in marcia,Rettilineo,Pi� di due carreggiate,Asciutto,Asfaltata,Verticale ed orizzontale,Sereno,Normale,Buona,Ore Diurne,0,0,0,3,"12,5127","41,91739",False
2668856,4,25/01/2016T13:00:00,Provinciale entro l'abitato,da specificare,,VIA NOMENTANA,,,pross. via Zanardini,Tamponamento Multiplo,Rettilineo,Una carreggiata a doppio senso,Asciutto,Asfaltata,Orizzontale,Sereno,Normale,Buona,Ore Diurne,3,0,0,3,"12,55238","41,94111",False
2668684,11,25/01/2016T13:00:00,Strada Urbana,da specificare,,PIAZZALE DEI CADUTI DELLA MONTAGNOLA,,,alt.via Acri,Scontro frontale fra veicoli in marcia,Rettilineo,Due carreggiate,Asciutto,Asfaltata,Verticale ed orizzontale,Sereno,Normale,Buona,Ore Diurne,1,0,0,1,"12,48402","41,84489",True
2668593,15,25/01/2016T13:03:00,Strada Urbana,all'intersezione con,VIA PORTUENSE,VIA DELLE VIGNE,VIA PORTUENSE,,,Scontro laterale fra veicoli in marcia,Incrocio,Una carreggiata a doppio senso,Asciutto,Asfaltata,Assente,Sereno,Intenso,Buona,Ore Diurne,1,0,0,1,"12,42195","41,84034",False
2668373,2,25/01/2016T13:10:00,Strada Urbana,all'intersezione con,VIA JUGOSLAVIA,VIALE XVII OLIMPIADE,VIA JUGOSLAVIA,,,Scontro frontale/laterale SX fra veicoli in marcia,Incrocio,Una carreggiata a doppio senso,Asciutto,Asfaltata,Verticale ed orizzontale,Sereno,Scarso,Buona,Ore Diurne,0,0,0,3,"12,47567","41,93281",True
2668751,4,25/01/2016T13:15:00,Strada Urbana,all'intersezione con,VIA CARLO LUDOVICO BRAGAGLIA,VIA FERRUCCIO AMENDOLA,VIA CARLO LUDOVICO BRAGAGLIA,,,Scontro laterale fra veicoli in marcia,Intersezione stradale segnalata,Una carreggiata a doppio senso,Asciutto,Asfaltata,Verticale ed orizzontale,Sereno,Scarso,Buona,Ore Diurne,1,0,0,4,"12,53417","41,96838",False
2668678,11,25/01/2016T14:00:00,Strada Urbana,all'intersezione con,VIA CORNELIO MAGNI,VIA CRISTOFORO COLOMBO,VIA CORNELIO MAGNI,,,Investimento di pedone,Intersezione stradale segnalata,Pi� di due carreggiate,Asciutto,Asfaltata,Verticale ed orizzontale,Sereno,Normale,Buona,Ore Diurne,1,0,0,1,"12,49715","41,86547",True
2669262,17,25/01/2016T14:00:00,Strada Urbana,in corrispondenza,del civico n.,VIA EZIO,,12,,Investimento di pedone,Rettilineo,Una carreggiata a senso unico di marcia,Asciutto,Asfaltata,Assente,Grandine in atto,Normale,Buona,Ore Diurne,0,0,0,2,,,False
2667986,20,25/01/2016T14:04:00,Strada Urbana,in corrispondenza,del civico n.,VIA DI BACCANELLO,,279,,Tamponamento,Curva a visuale libera,Una carreggiata a doppio senso,Asciutto,Asfaltata,Orizzontale,Sereno,Normale,Buona,Ore Diurne,1,0,0,1,,,False
2668639,5,25/01/2016T14:10:00,Strada Urbana,all'intersezione con,VIA MONTENERO SABINO,VIA COLLI SUL VELINO,VIA MONTENERO SABINO,,,Scontro frontale/laterale SX fra veicoli in marcia,Intersezione stradale segnalata,Una carreggiata a doppio senso,Asciutto,Asfaltata,Verticale ed orizzontale,Sereno,Normale,Buona,Ore Diurne,0,0,0,3,"12,62452","41,93697",True
2668656,8,25/01/2016T14:30:00,Provinciale entro l'abitato,da specificare,,VIA PRENESTINA,,,ALTEZZA VIA OLLOLAI,Veicolo in marcia contro ostacolo accidentale,Rettilineo,Una carreggiata a doppio senso,Asciutto,Con buche,Verticale ed orizzontale,Sereno,Intenso,Buona,Ore Diurne,0,0,0,3,"12,6787","41,89056",True
2668777,4,25/01/2016T14:30:00,Strada Urbana,in corrispondenza,del civico n.,VIA FRANCESCO COCCO ORTU,,20,,Veicolo in marcia contro veicolo fermo,Rettilineo,Una carreggiata a doppio senso,Asciutto,Asfaltata,Verticale ed orizzontale,Sereno,Normale,Buona,Ore Diurne,1,0,0,3,"12,52221","41,95847",False
2668398,13,25/01/2016T14:40:00,Strada Urbana,all'intersezione con,VIALE DEI PROMONTORI,VIA PUNTA LICOSA,VIALE DEI PROMONTORI,,,Veicolo in marcia contro veicolo in sosta,Incrocio,Una carreggiata a doppio senso,Asciutto,Asfaltata,Verticale,Sereno,Normale,Sufficiente,Ore Diurne,0,0,0,2,"12,28987","41,73823",True
2669687,12,25/01/2016T14:50:00,Strada Urbana,da specificare,,VIADOTTO DELLA MAGLIANA,,,alt. Via Cappellaccio dir. Roma,Tamponamento Multiplo,Rettilineo,Due carreggiate,Asciutto,Asfaltata,Verticale ed orizzontale,Sereno,Scarso,Buona,Ore Diurne,0,0,0,8,"12,46084","41,83898",True
2668669,8,25/01/2016T15:00:00,Provinciale entro l'abitato,in prossimit�,del civico n.,VIA PRENESTINA,,1141,,Veicolo in marcia contro ostacolo accidentale,Rettilineo,Una carreggiata a doppio senso,Asciutto,Asfaltata,Orizzontale,Sereno,Intenso,Buona,Ore Diurne,0,0,0,1,"12,62422","41,89284",True
2668774,4,25/01/2016T15:00:00,Statale,in prossimit�,della chilometrica,VIA SALARIA,,18.3,,Ribaltamento senza urto contro ostacolo fisso,Curva a visuale libera,Una carreggiata a doppio senso,Asciutto,Asfaltata,Orizzontale,Sereno,Normale,Buona,Ore Diurne,1,0,0,2,"12,50445","41,9554",False