_ID,_Gruppo,_DataOraIncidente,_Localizzazione1,_Localizzazione2,_Strada1,_DaSpecificare,_NaturaIncidente,_ParticolaritaStrade,_TipoStrada,_FondoStradale,_Pavimentazione,_Segnaletica,_CondizioneAtmosferica,_Traffico,_Visibilita,_Illuminazione,_NUM_FERITI,_NUM_RISERVATA,_NUM_MORTI,_NUM_ILLESI,_Longitudine,_Latitudine,_CONFERMATO,__prefix,_Strada02,_Strada2,_Chilometrica
2677037,18,25/01/2016T15:00:00,Strada Urbana,all'intersezione semaforizzata con,PIAZZA DEI GIURECONSULTI,CIRCONVALLAZIONE CORNELIA,PIAZZA DEI GIURECONSULTI,,,Scontro laterale fra veicoli in marcia,Intersezione semaforizzata,Due carreggiate,Asciutto,Asfaltata,Verticale ed orizzontale,Sereno,Normale,Buona,Ore Diurne,0,0,0,2,"12,42586","41,90191",True
2671617,18,25/01/2016T15:30:00,Strada Urbana,in prossimit�,del civico n.,VIA DELLA MAGLIANELLA,,305,,Veicolo in marcia contro ostacolo fisso,Rettilineo,Una carreggiata a doppio senso,Asciutto,Con buche,Orizzontale,Sereno,Scarso,Buona,Ore Diurne,0,0,0,1,"12,38425","41,91179",True
2669676,12,25/01/2016T15:40:00,Strada Urbana,da specificare,,VIADOTTO DELLA MAGLIANA,,,prox Via del Cappellaccio dir. Roma,Tamponamento Multiplo,Rettilineo,Due carreggiate,Asciutto,Asfaltata,Verticale ed orizzontale,Sereno,Normale,Buona,Ore Diurne,1,0,0,2,"12,46325","41,84187",False
2668645,8,25/01/2016T15:45:00,Strada Urbana,da specificare,,VIA OSVALDO LICINI,,,50mt dopo uscita G.R.A. la Rustica,Veicolo in marcia contro ostacolo accidentale,Rettilineo,Una carreggiata a senso unico di marcia,Asciutto,Asfaltata,Verticale,Sereno,Normale,Buona,Ore Diurne,0,0,0,1,"12,61812","41,90884",True
2669091,16,25/01/2016T16:00:00,Strada Urbana,in corrispondenza,del civico n.,VIA OTTAVIO GASPARRI,,12,,Scontro frontale/laterale DX fra veicoli in marcia,Rettilineo,Due carreggiate,Asciutto,Asfaltata,Verticale ed orizzontale,Sereno,Normale,Buona,Ore Diurne,0,0,0,2,"12,4425","41,8778",True
2668690,8,25/01/2016T16:00:00,Strada Urbana,in prossimit�,del civico n.,VIA BORGHESIANA,,170,,Scontro laterale fra veicoli in marcia,Rettilineo,Una carreggiata a senso unico di marcia,Asciutto,Asfaltata,Assente,Sereno,Scarso,Buona,Ore Diurne,0,0,0,3,"12,67286","41,87743",True
2668581,15,25/01/2016T16:05:00,Strada Urbana,da specificare,,VIA PORTUENSE,,,50 mt dopo rampa uscita dir Colli Portuensi,Tamponamento,Cavalcavia,Due carreggiate,Asciutto,Strada pavimentata dissestata,Orizzontale,Sereno,Normale,Buona,Ore Diurne,2,0,0,0,"12,40939","41,84342",True
2668400,13,25/01/2016T16:15:00,Provinciale,in prossimit�,della chilometrica,VIA DEL MARE,,20.8,,Tamponamento,Rettilineo,Una carreggiata a doppio senso,Asciutto,Asfaltata,Verticale ed orizzontale,Sereno,Normale,Buona,Ore Diurne,0,0,0,4,"12,30739","41,7626",True
2668319,20,25/01/2016T16:35:00,Strada Urbana,da specificare,,VIA ISCHIA DI CASTRO,,,prossimit� largo SPERLONGA,Tamponamento,Rettilineo,Una carreggiata a doppio senso,Asciutto,Asfaltata,Verticale ed orizzontale,Sereno,Normale,Sufficiente,Sufficiente,1,0,0,1,,,False
2668866,17,25/01/2016T16:35:00,Strada Urbana,in prossimit�,del civico n.,PIAZZALE CLODIO,,50,,Investimento di pedone,Rettilineo,Una carreggiata a senso unico di marcia,Asciutto,Asfaltata,Verticale ed orizzontale,Sereno,Normale,Buona,Ore Diurne,1,0,0,1,,,False
2668596,11,25/01/2016T17:00:00,Strada Urbana,da specificare,,VIA CRISTOFORO COLOMBO,,,prossimit� via Vedana,Scontro frontale/laterale DX fra veicoli in marcia,Rettilineo,Pi� di due carreggiate,Asciutto,Asfaltata,Verticale ed orizzontale,Sereno,Normale,Buona,Sufficiente,0,0,0,1,"12,48103","41,84735",True
2678524,18,25/01/2016T17:15:00,Strada Urbana,all'intersezione con,VIA SILVESTRO II,VIA PIO IX,VIA SILVESTRO II,,,Scontro frontale/laterale SX fra veicoli in marcia,Incrocio,Una carreggiata a senso unico di marcia,Asciutto,Asfaltata,Verticale,Sereno,Scarso,Sufficiente,Sufficiente,0,0,0,2,"12,42337","41,90573",True
2668664,8,25/01/2016T17:30:00,Strada Urbana,da specificare,,VIA OSVALDO LICINI,,,prossimit� Via Lucio Fontana,Veicolo in marcia contro ostacolo accidentale,Rettilineo,Una carreggiata a senso unico di marcia,Asciutto,Con buche,Verticale ed orizzontale,Sereno,Normale,Insufficiente,Insufficiente,0,0,0,1,"12,61802","41,90883",True
2669192,17,25/01/2016T17:30:00,Strada Urbana,in prossimit�,del civico n.,VIA ANDREA DORIA,,20,,Investimento di pedone,Rettilineo,Una carreggiata a doppio senso,Asciutto,Asfaltata,Verticale ed orizzontale,Sereno,Normale,Buona,Ore Diurne,1,0,0,1,,,False
2668296,10,25/01/2016T17:40:00,Statale entro l'abitato,all'intersezione semaforizzata con,VIA APPIA PIGNATELLI,VIA APPIA NUOVA,VIA APPIA PIGNATELLI,,,Tamponamento,Intersezione semaforizzata,Una carreggiata a senso unico di marcia,Asciutto,Asfaltata,Verticale ed orizzontale,Sereno,Normale,Sufficiente,Sufficiente,0,0,0,4,"12,55194","41,83554",True
2668351,9,25/01/2016T17:50:00,,da specificare,,VIA CERVETERI,,,fronte civico 14 ( square centrale ),Veicolo in marcia contro ostacolo accidentale,,,,,,,,,,0,0,0,1,,,False
2669669,12,25/01/2016T18:00:00,Strada Urbana,in corrispondenza,del civico n.,VIALE UMBERTO TUPINI,,102A,,Scontro frontale fra veicoli in marcia,Rettilineo,Una carreggiata a doppio senso,Asciutto,Asfaltata,Orizzontale,Sereno,Normale,Buona,Sufficiente,0,0,0,4,"12,46221","41,83372",True
2678307,18,25/01/2016T18:10:00,Strada Urbana,in prossimit�,del civico n.,CIRCONVALLAZIONE AURELIA,,23,,Scontro laterale fra veicoli in marcia,Curva a visuale libera,Una carreggiata a senso unico di marcia,Asciutto,Asfaltata,Verticale ed orizzontale,Sereno,Normale,Buona,Sufficiente,0,0,0,3,"12,42851","41,89708",True
2668374,2,25/01/2016T18:10:00,Strada Urbana,in prossimit�,del civico n.,VIA DEL FORO ITALICO,,502,,Scontro frontale/laterale DX fra veicoli in marcia,Rettilineo,Due carreggiate,Asciutto,Asfaltata,Verticale ed orizzontale,Sereno,Intenso,Buona,Sufficiente,0,0,0,5,"12,48945","41,93924",True
2669638,12,25/01/2016T18:15:00,Strada Urbana,all'intersezione con,VIA GIACOMO DINA,VIA GUSTAVO D'ARPE,VIA GIACOMO DINA,,,Scontro frontale/laterale DX fra veicoli in marcia,Incrocio,Una carreggiata a doppio senso,Asciutto,Asfaltata,Verticale ed orizzontale,Sereno,Normale,Sufficiente,Sufficiente,1,0,0,1,"12,47579","41,7653",False
2668630,11,25/01/2016T18:45:00,Strada Urbana,all'intersezione semaforizzata con,VIA OSTIENSE,VIA VALCO DI S. PAOLO,VIA OSTIENSE,,,Tamponamento,Intersezione semaforizzata,Due carreggiate,Asciutto,Asfaltata,Verticale ed orizzontale,Sereno,Intenso,Buona,Sufficiente,1,0,0,1,"12,47663","41,85232",False
2668648,8,25/01/2016T18:50:00,Strada Urbana,da specificare,,VIA COLLATINA,,,dir. Salone 20mt dopo Via Cicali,Veicolo in marcia contro ostacolo accidentale,Rettilineo,Una carreggiata a doppio senso,Asciutto,Asfaltata,Orizzontale,Sereno,Normale,Buona,Sufficiente,0,0,0,2,"12,64349","41,91155",True
2668616,8,25/01/2016T19:00:00,,in prossimit�,del civico n.,VIALE DI TORRE MAURA,,120,,Veicolo in marcia contro ostacolo accidentale,,,,,,,,,,0,0,0,1,,,False
2668624,8,25/01/2016T19:01:00,,in prossimit�,del civico n.,VIALE DI TORRE MAURA,,120,,Veicolo in marcia contro ostacolo accidentale,,,,,,,,,,0,0,0,1,,,False
2668567,6,25/01/2016T19:30:00,Strada Urbana,in prossimit�,del civico n.,VIA ZENODOSSIO,,74,,Scontro laterale fra veicoli in marcia,Rettilineo,Due carreggiate,Asciutto,Asfaltata,Assente,Sereno,Scarso,Buona,Sufficiente,1,0,0,2,,,False
2668675,8,25/01/2016T19:30:00,Strada Urbana,in prossimit�,del civico n.,VIALE DI TORRE MAURA,,120,,Veicolo in marcia contro ostacolo accidentale,Curva a visuale libera,Due carreggiate,Asciutto,Con buche,Assente,Sereno,Normale,Buona,Sufficiente,0,0,0,2,"12,59152","41,86471",True
2668748,4,25/01/2016T20:00:00,Strada Urbana,all'intersezione con,VIA DI SETTEBAGNI,VIA DELLA BUFALOTTA,VIA DI SETTEBAGNI,,,Scontro frontale/laterale DX fra veicoli in marcia,Intersezione non regolata/non segnalata,Una carreggiata a doppio senso,Asciutto,Asfaltata,Verticale ed orizzontale,Sereno,Normale,Buona,Sufficiente,1,0,0,2,"12,54958","41,96665",False
2671716,16,25/01/2016T20:35:00,Strada Urbana,all'intersezione semaforizzata con,VIA DEGLI ORTI DI CESARE,VIALE DI TRASTEVERE,VIA DEGLI ORTI DI CESARE,,,Scontro frontale/laterale DX fra veicoli in marcia,Intersezione semaforizzata,Pi� di due carreggiate,Asciutto,Asfaltata,Assente,Sereno,Normale,Buona,Sufficiente,0,0,0,3,"12,46588","41,87381",True
2678421,18,25/01/2016T20:45:00,Strada Urbana,in prossimit�,del civico n.,VIA NOSTRA SIGNORA DI LOURDES,,25,,Veicolo in marcia contro veicolo in sosta,Rettilineo,Una carreggiata a doppio senso,Asciutto,Asfaltata,Verticale ed orizzontale,Sereno,Scarso,Sufficiente,Sufficiente,0,0,0,1,"12,42676","41,90374",True
2668913,3,25/01/2016T21:15:00,,da specificare,,VIALE DEL FORO ITALICO,,,alt. Ponte di Tor di Quinto dir. S.Giovanni,Tamponamento,,,,,,,,,,1,0,0,1,,,False
2668735,9,25/01/2016T21:15:00,,all'intersezione con,VIA SANT'ELPIDIO A MARE,VIA POLENSE,VIA SANT'ELPIDIO A MARE,,,Scontro frontale/laterale DX fra veicoli in marcia,,,,,,,,,,2,0,0,1,,,False
2668688,8,25/01/2016T21:30:00,,all'intersezione con,VIA DEL PONTE DELLA CATENA,VIA CASILINA,VIA DEL PONTE DELLA CATENA,,,Scontro frontale/laterale SX fra veicoli in marcia,,,,,,,,,,1,0,0,1,,,False
2668629,12,25/01/2016T21:30:00,Regionale entro l'abitato,da specificare,,VIA PONTINA NUOVA,,,altezza Km. 13.300 (Direzione Pomezia),Infortunio per caduta del veicolo,Rettilineo,Due carreggiate,Asciutto,Asfaltata,Verticale ed orizzontale,Sereno,Scarso,Insufficiente,Inesistente,1,0,0,0,,,False
2668619,13,25/01/2016T21:50:00,Strada Urbana,in corrispondenza,del civico n.,VIA TERPANDRO,,27,,Veicolo in marcia contro veicolo in sosta,Rettilineo,Una carreggiata a senso unico di marcia,Asciutto,Asfaltata,Orizzontale,Sereno,Scarso,Buona,Sufficiente,0,0,0,1,"12,37133","41,77031",True
2668649,7,25/01/2016T22:00:00,Strada Urbana,in corrispondenza,del civico n.,VIA PRENESTINA,,738,,Scontro frontale fra veicoli in marcia,Rettilineo,Una carreggiata a doppio senso,Asciutto,Asfaltata,Orizzontale,Sereno,Scarso,Buona,Sufficiente,2,0,0,3,"12,58815","41,89408",False
2668893,3,25/01/2016T23:30:00,,da specificare,,VIA PIAVE,,,altezza Via Augusto Valenziani,Scontro laterale fra veicoli in marcia,,,,,,,,,,1,0,0,2,,,False
2670292,12,26/01/2016,Strada Urbana,in corrispondenza,del civico n.,VIALE EGEO,,32,,Veicolo in marcia contro veicoli in sosta,Curva senza visuale libera,Due carreggiate,Asciutto,Asfaltata,Verticale ed orizzontale,Sereno,Normale,Buona,Ore Diurne,0,0,0,0,"12,45882","41,83531",True
2670220,8,26/01/2016T06:00:00,Strada Urbana,da specificare,,VIA COLLATINA,,,ALT. VIA ACQUA VERGINE,Veicolo in marcia contro ostacolo accidentale,Rettilineo,Una carreggiata a doppio senso,Asciutto,Asfaltata,Orizzontale,Sereno,Normale,Sufficiente,Ore Diurne,0,0,0,1,"12,61053","41,90604",True
2670438,17,26/01/2016T06:35:00,Strada Urbana,in prossimit�,del civico n.,VIA CIPRO,,11,,Investimento di pedone,Rettilineo,Due carreggiate,Asciutto,Asfaltata,Verticale ed orizzontale,Sereno,Normale,Sufficiente,Sufficiente,2,0,0,0,,,False
2671216,16,26/01/2016T07:30:00,,da specificare,,VIA AURELIA ANTICA,,,prossimita' fronte civico 112,Infortunio per sola frenata improvvisa,,,,,,,,,,0,0,0,1,,,False
2673706,18,26/01/2016T07:30:00,Strada Urbana,all'intersezione con,VIA PIO IX,VIA MARTINO V,VIA PIO IX,,,Scontro frontale/laterale SX fra veicoli in marcia,Intersezione stradale segnalata,Una carreggiata a senso unico di marcia,Asciutto,Asfaltata,Verticale ed orizzontale,Sereno,Normale,Buona,Ore Diurne,1,0,0,1,"12,42263","41,90496",True
2670024,5,26/01/2016T07:35:00,Strada Urbana,da specificare,,VIA DEI DURANTINI,,,prossimit� VIA TIBURTINA,Tamponamento,Rettilineo,Una carreggiata a doppio senso,Asciutto,Asfaltata,Verticale ed orizzontale,Sereno,Normale,Buona,Ore Diurne,0,0,0,3,"12,54254","41,90891",True
2670025,5,26/01/2016T07:40:00,Strada Urbana,in prossimit�,del civico n.,VIA MATTEO TONDI,,5,,Veicolo in marcia contro veicolo fermo,Rettilineo,Una carreggiata a doppio senso,Asciutto,Asfaltata,Orizzontale,Sereno,Normale,Buona,Ore Diurne,0,0,0,2,"12,5595","41,91721",True
2669712,15,26/01/2016T07:40:00,Strada Urbana,in corrispondenza,del palo luce n.,VIA DELLA MAGLIANA,,286,,Tamponamento,Rettilineo,Una carreggiata a doppio senso,Asciutto,Asfaltata,Assente,Sereno,Normale,Buona,Ore Diurne,0,0,0,3,"12,42401","41,83394",True
2671226,16,26/01/2016T07:50:00,,da specificare,,VIA DEGLI STRADIVARI,,,in prossimit� di V. E. Rolli,Scontro laterale fra veicoli in marcia,,,,,,,,,,1,0,0,1,,,False
2670216,13,26/01/2016T07:50:00,Strada Urbana,in prossimit�,della chilometrica,VIA CRISTOFORO COLOMBO,,19.6,,Tamponamento,Rettilineo,Due carreggiate,Asciutto,Asfaltata,Verticale ed orizzontale,Sereno,Intenso,Buona,Ore Diurne,1,0,0,1,,,False
2671229,16,26/01/2016T08:00:00,,in prossimit�,del civico n.,VIA DI VAL TELLINA,,23,,Investimento di pedone,,,,,,,,,,0,0,0,2,,,False
2669244,12,26/01/2016T08:00:00,Strada Urbana,da specificare,,VIA DI VALLERANO,,,altezza rotatoria via A. del Portillo,Scontro frontale/laterale DX fra veicoli in marcia,Rotatoria,Una carreggiata a senso unico di marcia,Asciutto,Asfaltata,Verticale ed orizzontale,Sereno,Normale,Buona,Ore Diurne,0,0,0,5,"12,47889","41,78539",True
2670047,7,26/01/2016T08:00:00,Strada Urbana,all'intersezione con,VIA TOR DE' SCHIAVI,VIA CASILINA,VIA TOR DE' SCHIAVI,,,Tamponamento,Intersezione semaforizzata,Una carreggiata a senso unico di marcia,Asciutto,Asfaltata,Verticale ed orizzontale,Sereno,Normale,Buona,Ore Diurne,0,0,0,2,"12,56403","41,87486",True
2669006,10,26/01/2016T08:10:00,Strada Urbana,in prossimit�,del civico n.,VIA SCRIBONIO CURIONE,,75,,Scontro laterale fra veicoli in marcia,Rettilineo,Una carreggiata a senso unico di marcia,Asciutto,Asfaltata,Verticale ed orizzontale,Sereno,Normale,Buona,Ore Diurne,0,0,0,2,"12,55408","41,86405",True
2669254,12,26/01/2016T08:15:00,Strada Urbana,in prossimit�,del civico n.,VIALE DELL'ARTE,,19/A,,Infortunio per caduta del veicolo,Rettilineo,Una carreggiata a doppio senso,Asciutto,Asfaltata,Verticale ed orizzontale,Sereno,Normale,Buona,Ore Diurne,0,0,0,2,,,False
2669162,2,26/01/2016T08:15:00,Strada Urbana,in prossimit�,del civico n.,VIA LUISA DI SAVOIA,,14,,Tamponamento,Rettilineo,Una carreggiata a doppio senso,Asciutto,Asfaltata,Verticale ed orizzontale,Sereno,Intenso,Buona,Ore Diurne,0,0,0,2,"12,47355","41,91113",True
2669160,2,26/01/2016T08:30:00,Strada Urbana,in prossimit�,del civico n.,VIALE PARIOLI,,101,,Veicolo in marcia contro ostacolo accidentale,Curva a visuale libera,Una carreggiata a doppio senso,Asciutto,Asfaltata,Verticale ed orizzontale,Sereno,Normale,Buona,Ore Diurne,1,0,0,0,,,False
2670439,4,26/01/2016T08:30:00,Strada Urbana,da specificare,,VIA VINCENZO MARMORALE,,,prossimit� Via E. TEZA,Veicolo in marcia contro ostacolo fisso,Rettilineo,Due carreggiate,Asciutto,Asfaltata,Assente,Sereno,Scarso,Buona,Ore Diurne,0,0,0,2,"12,56052","41,98111",True
2670255,13,26/01/2016T08:30:00,Strada Urbana,all'intersezione con,VIA GIORGIO DE LULLO,VIA PAOLO STOPPA,VIA GIORGIO DE LULLO,,,Scontro frontale/laterale SX fra veicoli in marcia,Incrocio,Una carreggiata a doppio senso,Asciutto,Asfaltata,Verticale ed orizzontale,Sereno,Scarso,Buona,Ore Diurne,0,0,0,2,"12,39096","41,78674",True
2669414,1,26/01/2016T08:45:00,Strada Urbana,all'intersezione semaforizzata con,PIAZZA DI PORTA CAPENA,VIALE AVENTINO,PIAZZA DI PORTA CAPENA,,,Scontro laterale fra veicoli in marcia,Intersezione semaforizzata,Pi� di due carreggiate,Asciutto,Asfaltata,Verticale ed orizzontale,Sereno,Normale,Buona,Ore Diurne,1,0,0,1,,,False
2669701,15,26/01/2016T08:50:00,Strada Urbana,all'intersezione semaforizzata con,VIA PIETRO BLASERNA,VIALE GUGLIELMO MARCONI,VIA PIETRO BLASERNA,,,Scontro frontale/laterale DX fra veicoli in marcia,Intersezione semaforizzata,Due carreggiate,Asciutto,Asfaltata,Verticale ed orizzontale,Sereno,Normale,Buona,Ore Diurne,1,0,0,1,,,False
2669380,1,26/01/2016T09:00:00,Strada Urbana,all'intersezione con,PIAZZA BENEDETTO CAIROLI,VIA ARENULA,PIAZZA BENEDETTO CAIROLI,,,Scontro frontale/laterale SX fra veicoli in marcia,Incrocio,Pi� di due carreggiate,Asciutto,Acciotolata,Verticale ed orizzontale,Sereno,Normale,Buona,Ore Diurne,0,0,0,2,"12,47602","41,89399",True
2670177,8,26/01/2016T09:00:00,Statale entro l'abitato,da specificare,,VIA CASILINA,,,PROSSIMITA' V. DELLE DUE TORRI,Veicolo in marcia contro veicolo arresto,Rettilineo,Una carreggiata a doppio senso,Asciutto,Asfaltata,Verticale ed orizzontale,Sereno,Intenso,Buona,Ore Diurne,1,0,0,0,,,False
2670487,17,26/01/2016T09:00:00,Strada Urbana,da specificare,,LUNGOTEVERE MICHELANGELO,,,alt. p.za del�la libert�,Tamponamento,Rettilineo,Una carreggiata a senso unico di marcia,Asciutto,Asfaltata,Verticale ed orizzontale,Sereno,Normale,Buona,Ore Diurne,0,0,0,2,"12,47036","41,91219",True
2670271,19,26/01/2016T09:00:00,Strada Urbana,in prossimit�,della chilometrica,GALLERIA GIOVANNI XXIII,,2.6,,Ribaltamento senza urto contro ostacolo fisso,Rettilineo,Una carreggiata a senso unico di marcia,Asciutto,Asfaltata,Verticale ed orizzontale,Sereno,Normale,Buona,Ore Diurne,1,0,0,0,"12,44462","41,94111",True
2670143,8,26/01/2016T09:15:00,Strada Urbana,in prossimit�,del palo luce n.,VIALE DELLA SORBONA,,59,,Tamponamento,Rettilineo,Due carreggiate,Asciutto,Asfaltata,Verticale ed orizzontale,Sereno,Normale,Buona,Ore Diurne,0,0,0,3,"12,61206","41,85464",True
2670020,11,26/01/2016T09:15:00,Strada Urbana,in corrispondenza,del civico n.,VIA ALESSIO BALDOVINETTI,,30,,Scontro frontale/laterale SX fra veicoli in marcia,Rettilineo,Una carreggiata a doppio senso,Asciutto,Asfaltata,Orizzontale,Sereno,Intenso,Buona,Ore Diurne,0,0,0,3,"12,49469","41,8326",True
2670125,8,26/01/2016T09:20:00,Strada Urbana,da specificare,,VIA DI TOR BELLA MONACA,,,ALT. SVINCOLO TORRENOVA DIR GRA,Scontro laterale fra veicoli in marcia,Rettilineo,Una carreggiata a senso unico di marcia,Asciutto,Asfaltata,Verticale ed orizzontale,Sereno,Normale,Buona,Ore Diurne,0,0,0,2,"12,61929","41,88259",True
2670243,19,26/01/2016T09:20:00,Strada Urbana,in corrispondenza,del civico n.,VIA TRIONFALE,,7106,,Scontro frontale/laterale SX fra veicoli in marcia,Rettilineo,Una carreggiata a doppio senso,Asciutto,Asfaltata,Orizzontale,Sereno,Intenso,Buona,Ore Diurne,0,0,0,3,"12,43843","41,93521",True
2668956,10,26/01/2016T09:30:00,Strada Urbana,all'intersezione semaforizzata con,VIALE SPARTACO,VIA VALERIO PUBLICOLA,VIALE SPARTACO,,,Scontro frontale/laterale SX fra veicoli in marcia,Intersezione semaforizzata,Una carreggiata a doppio senso,Asciutto,Asfaltata,Verticale ed orizzontale,Sereno,Normale,Buona,Ore Diurne,1,0,0,1,"12,55714","41,85681",True
2670094,5,26/01/2016T09:45:00,Strada Urbana,in prossimit�,del civico n.,VIA TIBURTINA,,713,,Investimento di pedone,Rettilineo,Due carreggiate,Asciutto,Asfaltata,Orizzontale,Sereno,Normale,Buona,Ore Diurne,0,0,0,2,"12,55109","41,9114",True
2670401,4,26/01/2016T09:47:00,,all'intersezione con,PIAZZALE ADRIATICO,VIA DELLA VERNA,PIAZZALE ADRIATICO,,,Veicoli in marcia contro veicolo fermo,,,,,,,,,,0,0,0,1,"12,53711","41,9407",False
2669081,10,26/01/2016T09:50:00,Strada Urbana,da specificare,,VIA APPIA NUOVA,,,all'altezza di via Bisignano,Veicolo in marcia contro ostacolo fisso,Rettilineo,Una carreggiata a doppio senso,Asciutto,Asfaltata,Orizzontale,Sereno,Scarso,Buona,Ore Diurne,0,0,0,2,"12,55644","41,83033",True
2669263,9,26/01/2016T10:00:00,Strada Urbana,in prossimit�,del civico n.,VIA TOMMASO DA CELANO,,94,,Scontro laterale fra veicoli in marcia,Rettilineo,Una carreggiata a senso unico di marcia,Asciutto,Asfaltata,Verticale ed orizzontale,Sereno,Normale,Buona,Ore Diurne,0,0,0,2,"12,51466","41,87249",True
2662912,2,26/01/2016T10:00:00,Strada Urbana,in corrispondenza,del civico n.,VIA SALARIA,,366,,Tamponamento Multiplo,Rettilineo,Una carreggiata a doppio senso,Asciutto,Asfaltata,Verticale ed orizzontale,Sereno,Normale,Buona,Ore Diurne,0,0,0,4,"12,48595","41,92679",True
2669306,9,26/01/2016T10:15:00,Strada Urbana,in prossimit�,del civico n.,VIA MONDRAGONE,,15,,Scontro frontale/laterale SX fra veicoli in marcia,Rettilineo,Una carreggiata a doppio senso,Asciutto,Asfaltata,Verticale ed orizzontale,Sereno,Normale,Buona,Ore Diurne,0,0,0,2,"12,53134","41,86663",True
2669296,12,26/01/2016T10:45:00,Provinciale,in corrispondenza,del civico n.,VIA LAURENTINA,,1535,,Veicolo in marcia contro veicolo fermo,Curva a visuale libera,Una carreggiata a doppio senso,Asciutto,Asfaltata,Verticale ed orizzontale,Sereno,Normale,Buona,Ore Diurne,0,0,0,3,"12,48121","41,79019",True
2670120,8,26/01/2016T10:45:00,Strada Urbana,all'intersezione con,VIA DELLA MASSA CALCIANA,VIA CASILINA,VIA DELLA MASSA CALCIANA,,,Scontro frontale/laterale DX fra veicoli in marcia,Incrocio,Due carreggiate,Asciutto,Asfaltata,Verticale ed orizzontale,Sereno,Normale,Buona,Ore Diurne,0,0,0,4,"12,61315","41,86298",True
2669346,9,26/01/2016T10:50:00,Strada Urbana,all'intersezione con,VIA DELLA CAFFARELLETTA,VIA NICOLA NISCO,VIA DELLA CAFFARELLETTA,,,Tamponamento,Incrocio,Una carreggiata a senso unico di marcia,Asciutto,Asfaltata,Verticale ed orizzontale,Sereno,Normale,Buona,Ore Diurne,0,0,0,2,"12,51797","41,86874",True
2672468,13,26/01/2016T10:50:00,,da specificare,,VIA DEL MARE,,,altezza impianto semaforico con via Castel fusano,Investimento di pedone,,,,,,,,,,1,0,0,1,,,False
2670377,4,26/01/2016T10:52:00,,in prossimit�,del civico n.,VIALE ADRIATICO,,76,,Scontro frontale/laterale DX fra veicoli in marcia,,,,,,,,,,1,0,0,1,"12,53593","41,93951",False
2669722,15,26/01/2016T11:00:00,Strada Urbana,da specificare,,LUNGOTEVERE DEGLI INVENTORI,,,fronte civ. 50,Tamponamento,Rettilineo,Due carreggiate,Asciutto,Asfaltata,Verticale ed orizzontale,Sereno,Normale,Buona,Ore Diurne,0,0,0,2,"12,46698","41,86119",True
2670347,13,26/01/2016T11:00:00,Strada Urbana,in prossimit�,del civico n.,VIALE DEI ROMAGNOLI,,1855,,Tamponamento Multiplo,Rettilineo,Una carreggiata a doppio senso,Asciutto,Asfaltata,Orizzontale,Sereno,Intenso,Buona,Ore Diurne,1,0,0,2,,,False
2670171,8,26/01/2016T11:00:00,Strada Urbana,da specificare,,VIA DI TOR BELLA MONACA,,,ALT. RAMPA DI USCITA DALLA CARREGGIATA ,Veicolo in marcia contro ostacolo fisso,Curva a visuale libera,Due carreggiate,Asciutto,Asfaltata,Verticale ed orizzontale,Sereno,Normale,Sufficiente,Ore Diurne,1,0,0,0,"12,62813","41,87636",True
2669336,1,26/01/2016T11:10:00,Strada Urbana,da specificare,,CORSO VITTORIO EMANUELE II,,,all'altezza dell'impianto semaforicodiv.lo SAVELLI,Tamponamento,Rettilineo,Una carreggiata a doppio senso,Asciutto,Asfaltata,Verticale ed orizzontale,Sereno,Normale,Buona,Ore Diurne,1,0,0,2,"12,47062","41,89739",True
2670150,8,26/01/2016T11:15:00,Statale entro l'abitato,in prossimit�,del civico n.,VIA CASILINA,,1595,,Scontro laterale fra veicoli in marcia,Rettilineo,Una carreggiata a doppio senso,Asciutto,Asfaltata,Verticale,Sereno,Normale,Buona,Ore Diurne,0,0,0,3,"12,6508","41,86346",True
2669953,9,26/01/2016T11:20:00,Strada Urbana,in corrispondenza,del civico n.,VIALE FURIO CAMILLO,,5,,Investimento di pedone,Rettilineo,Due carreggiate,Asciutto,Asfaltata,Assente,Sereno,Normale,Buona,Ore Diurne,0,0,0,2,"12,52311","41,87507",True
2670099,5,26/01/2016T11:30:00,Strada Urbana,in corrispondenza,del civico n.,VIA TIBURTINA,,781,,Scontro laterale fra veicoli in marcia,Rettilineo,Due carreggiate,Asciutto,Asfaltata,Verticale ed orizzontale,Sereno,Normale,Buona,Ore Diurne,0,0,0,2,"12,55735","41,91369",True
2670572,4,26/01/2016T12:15:00,Strada Urbana,in corrispondenza,del civico n.,VIA DEI PRATI FISCALI,,296,,Scontro laterale fra veicoli in marcia,Rettilineo,Due carreggiate,Asciutto,Asfaltata,Verticale ed orizzontale,Sereno,Normale,Sufficiente,Ore Diurne,0,0,0,4,"12,51652","41,94629",True
2670385,2,26/01/2016T12:20:00,Strada Urbana,in corrispondenza,del civico n.,CORSO TRIESTE,,146,,Tamponamento,Rettilineo,Una carreggiata a senso unico di marcia,Asciutto,Asfaltata,Verticale ed orizzontale,Sereno,Normale,Buona,Ore Diurne,0,0,0,2,"12,51235","41,92295",True