_ID,_Gruppo,_DataOraIncidente,_Localizzazione1,_Localizzazione2,_Strada1,_DaSpecificare,_NaturaIncidente,_ParticolaritaStrade,_TipoStrada,_FondoStradale,_Pavimentazione,_Segnaletica,_CondizioneAtmosferica,_Traffico,_Visibilita,_Illuminazione,_NUM_FERITI,_NUM_RISERVATA,_NUM_MORTI,_NUM_ILLESI,_Longitudine,_Latitudine,_CONFERMATO,__prefix,_Strada02,_Strada2,_Chilometrica
2672848,8,28/01/2016T09:30:00,Strada Urbana,in prossimit�,del civico n.,VIA DELLA RISERVA NUOVA,,32,,Scontro frontale/laterale DX fra veicoli in marcia,Rettilineo,Una carreggiata a doppio senso,Asciutto,Asfaltata,Orizzontale,Sereno,Normale,Buona,Ore Diurne,0,0,0,4,"12,67992","41,8917",True
2673139,4,28/01/2016T09:45:00,Strada Urbana,all'intersezione con,VIA GASPARA STAMPA,VIA UGO OJETTI,VIA GASPARA STAMPA,,,Veicolo in marcia contro ostacolo fisso,Incrocio,Due carreggiate,Asciutto,Asfaltata,Verticale ed orizzontale,Sereno,Normale,Buona,Ore Diurne,0,0,0,1,"12,55461","41,94712",False
2672509,1,28/01/2016T10:05:00,Strada Urbana,da specificare,,VIA MARSALA,,,all'altezza del Autosilo Terminal Park,Scontro laterale fra veicoli in marcia,Rettilineo,Una carreggiata a senso unico di marcia,Asciutto,In cubetti di porfido,Verticale,Sereno,Intenso,Buona,Ore Diurne,0,0,0,3,"12,50178","41,9028",False
2673188,13,28/01/2016T10:15:00,Strada Urbana,in corrispondenza,della chilometrica,VIA DEL MARE,,25.73,,Veicolo in marcia contro ostacolo accidentale,Rettilineo,Una carreggiata a senso unico di marcia,Asciutto,Asfaltata,Verticale ed orizzontale,Sereno,Normale,Buona,Ore Diurne,0,0,0,1,"12,30477","41,76056",True
2672258,1,28/01/2016T10:15:00,Strada Urbana,in prossimit�,del civico n.,VIALE DI TRASTEVERE,,141,,Infortunio per sola frenata improvvisa,Rettilineo,Pi� di due carreggiate,Asciutto,Asfaltata,Verticale ed orizzontale,Sereno,Intenso,Buona,Ore Diurne,4,0,0,2,,,False
2672529,15,28/01/2016T10:20:00,,in prossimit�,del civico n.,VIA QUIRINO MAJORANA,,39,,Veicolo in marcia contro ostacolo accidentale,,,,,,,,,,1,0,0,1,"12,46427","41,86586",False
2673461,18,28/01/2016T10:30:00,Strada Urbana,in prossimit�,del civico n.,VIA ORBASSANO,,61,,Veicolo in marcia contro ostacolo fisso,Pendenza,Una carreggiata a doppio senso,Asciutto,Asfaltata,Verticale,Sereno,Normale,Buona,Ore Diurne,0,0,0,1,"12,38581","41,91597",True
2672540,15,28/01/2016T10:30:00,,in corrispondenza,del civico n.,VIA QUIRINO MAJORANA,,31,,Veicolo in marcia contro ostacolo accidentale,,,,,,,,,,1,0,0,2,"12,46445","41,86572",False
2672567,15,28/01/2016T10:45:00,Strada Urbana,all'intersezione con,VIA DI GENEROSA,VIA DELLA MAGLIANA,VIA DI GENEROSA,,,Scontro frontale/laterale SX fra veicoli in marcia,Intersezione stradale segnalata,Una carreggiata a doppio senso,Asciutto,Asfaltata,Verticale ed orizzontale,Sereno,Normale,Buona,Ore Diurne,0,0,0,2,"12,42401","41,83394",True
2671924,9,28/01/2016T11:00:00,Strada Urbana,in prossimit�,del civico n.,VIA TOMMASO FORTIFIOCCA,,75,,Tamponamento,Rettilineo,Una carreggiata a doppio senso,Asciutto,Asfaltata,Verticale ed orizzontale,Sereno,Normale,Buona,Ore Diurne,0,0,0,2,"12,523","41,87043",True
2671913,10,28/01/2016T11:35:00,Statale entro l'abitato,da specificare,,VIA TUSCOLANA,,,USCITA RAMPA GRA CARR.ESTERNA X TUSCOLANA,Scontro laterale fra veicoli in marcia,Rettilineo,Una carreggiata a senso unico di marcia,Asciutto,Asfaltata,Verticale ed orizzontale,Sereno,Normale,Buona,Ore Diurne,0,0,0,2,"12,59149","41,83765",True
2672045,7,28/01/2016T11:40:00,Strada Urbana,in prossimit�,del civico n.,VIALE PALMIRO TOGLIATTI,,682,,Investimento di pedone,Rettilineo,Due carreggiate,Asciutto,Asfaltata,Verticale ed orizzontale,Sereno,Intenso,Buona,Ore Diurne,1,0,0,1,"12,57324","41,88046",True
2673554,16,28/01/2016T11:45:00,Strada Urbana,da specificare,,LARGO NOSTRA SIGNORA DI COROMOTO,,,prox. V.le Colli Portuensi,Investimento di pedone,Rettilineo,Due carreggiate,Asciutto,Asfaltata,Verticale ed orizzontale,Sereno,Normale,Buona,Ore Diurne,1,0,0,1,"12,44371","41,8628",False
2671977,20,28/01/2016T11:55:00,Strada Urbana,all'intersezione semaforizzata con,VIALE DELLA MACCHIA DELLA FARNESINA,LARGO FERRARIS IV,VIALE DELLA MACCHIA DELLA FARNESINA,,,Scontro frontale/laterale SX fra veicoli in marcia,Intersezione semaforizzata,Una carreggiata a senso unico di marcia,Asciutto,Asfaltata,Verticale ed orizzontale,Sereno,Normale,Buona,Ore Diurne,0,0,0,2,"12,4549","41,93641",True
2676243,3,28/01/2016T12:15:00,Strada Urbana,in prossimit�,del civico n.,VIALE DELLE PROVINCIE,,59,,Scontro laterale fra veicoli in marcia,Rettilineo,Una carreggiata a senso unico di marcia,Asciutto,Asfaltata,Verticale ed orizzontale,Sereno,Normale,Buona,Ore Diurne,0,0,0,2,"12,5213","41,90996",True
2672852,8,28/01/2016T12:30:00,Strada Urbana,in prossimit�,del palo luce n.,VIA ACQUAVIVA D'ISERNIA,,10,,Veicolo in marcia contro ostacolo accidentale,Rettilineo,Una carreggiata a doppio senso,Asciutto,Asfaltata,Assente,Sereno,Normale,Sufficiente,Ore Diurne,0,0,0,1,"12,6688","41,92",True
2672580,15,28/01/2016T12:30:00,Strada Urbana,da specificare,,VIA LEONARDO GREPPI,,,fronte civico 8,Veicolo in marcia contro ostacolo accidentale,Rettilineo,Una carreggiata a doppio senso,Asciutto,Asfaltata,Orizzontale,Sereno,Scarso,Buona,Ore Diurne,0,0,0,2,"12,45887","41,8628",True
2680591,18,28/01/2016T12:50:00,,da specificare,,VIA ORBASSANO,,,fronte civico 74,Veicoli in marcia contro veicolo fermo,,,,,,,,,,1,0,0,1,,,False
2673012,4,28/01/2016T13:20:00,Provinciale entro l'abitato,da specificare,,VIA NOMENTANA,,,all'intersezione con largo G. Arci,Scontro frontale/laterale DX fra veicoli in marcia,Rettilineo,Una carreggiata a doppio senso,Bagnato (pioggia),Asfaltata,Verticale ed orizzontale,Nuvoloso,Normale,Buona,Ore Diurne,0,0,0,2,"12,56277","41,94534",True
2672912,13,28/01/2016T14:00:00,Strada Urbana,all'intersezione con,VIA DEI MONTI DI S. PAOLO,VIALE DEI ROMAGNOLI,VIA DEI MONTI DI S. PAOLO,,,Veicolo in marcia contro ostacolo accidentale,Incrocio,Una carreggiata a senso unico di marcia,Asciutto,Asfaltata,Verticale,Nuvoloso,Normale,Buona,Ore Diurne,1,0,0,1,"12,32203","41,76901",False
2672861,8,28/01/2016T14:40:00,Provinciale entro l'abitato,all'intersezione con,VIA OLLOLAI,VIA PRENESTINA,VIA OLLOLAI,,,Veicolo in marcia contro ostacolo accidentale,Incrocio,Una carreggiata a doppio senso,Asciutto,Asfaltata,Orizzontale,Sereno,Normale,Buona,Ore Diurne,0,0,0,1,"12,67909","41,89048",True
2672794,11,28/01/2016T15:00:00,Strada Urbana,in prossimit�,del palo luce n.,VIA DI GROTTA PERFETTA,,100,,Tamponamento,Curva a visuale libera,Una carreggiata a doppio senso,Asciutto,Asfaltata,Orizzontale,Sereno,Normale,Buona,Ore Diurne,1,0,0,4,"12,50158","41,84057",True
2672458,2,28/01/2016T15:10:00,,in prossimit�,del civico n.,VIA DEL FORO ITALICO,,491,,Scontro laterale fra veicoli in marcia,,,,,,,,,,0,1,0,2,,,False
2672593,15,28/01/2016T15:10:00,Strada Urbana,all'intersezione con,VIA DEL FOSSO DELLA MAGLIANA,VIA DELLA MAGLIANA,VIA DEL FOSSO DELLA MAGLIANA,,,Scontro laterale fra veicoli in marcia,Incrocio,Una carreggiata a doppio senso,Asciutto,Asfaltata,Orizzontale,Nuvoloso,Normale,Buona,Ore Diurne,0,0,0,2,"12,41511","41,83627",True
2672878,20,28/01/2016T15:30:00,Strada Urbana,in corrispondenza,del civico n.,VIA CONCESIO,,13,,Scontro frontale/laterale SX fra veicoli in marcia,Rettilineo,Una carreggiata a doppio senso,Asciutto,Asfaltata,Orizzontale,Nebbia,Normale,Buona,Ore Diurne,0,1,0,1,,,False
2672856,8,28/01/2016T15:30:00,Strada Urbana,in prossimit�,del palo luce n.,VIALE DI TORRE MAURA,,20,,Veicolo in marcia contro ostacolo accidentale,Curva senza visuale libera,Due carreggiate,Asciutto,Con buche,Verticale ed orizzontale,Nuvoloso,Normale,Sufficiente,Ore Diurne,0,0,0,1,"12,59217","41,86022",True
2672623,15,28/01/2016T15:45:00,Strada Urbana,in corrispondenza,del civico n.,VIALE GUGLIELMO MARCONI,,283,,Tamponamento,Rettilineo,Due carreggiate,Asciutto,Asfaltata,Verticale,Sereno,Normale,Buona,Ore Diurne,0,0,0,3,"12,46987","41,86255",True
2672863,19,28/01/2016T16:00:00,Strada Urbana,in corrispondenza,del civico n.,VIA STRESA,,107,,Veicolo in marcia contro veicolo in sosta,Curva a visuale libera,Una carreggiata a senso unico di marcia,Asciutto,Asfaltata,Assente,Sereno,Normale,Buona,Ore Diurne,0,0,0,0,"12,4393","41,93865",True
2673093,2,28/01/2016T16:10:00,,all'intersezione con,VIA LARIANA,VIA DI VILLA ADA,VIA LARIANA,,,Scontro frontale/laterale SX fra veicoli in marcia,,,,,,,,,,2,0,0,1,"12,50523","41,92446",False
2672943,4,28/01/2016T16:15:00,Strada Urbana,in corrispondenza,del civico n.,VIALE JONIO,,292,,Veicolo in marcia contro veicolo in sosta,Rettilineo,Due carreggiate,Asciutto,Asfaltata,Verticale ed orizzontale,Sereno,Normale,Buona,Ore Diurne,0,0,0,1,"12,53028","41,94594",True
2672973,20,28/01/2016T16:20:00,Strada Urbana,da specificare,,VIA DEL FORO ITALICO,,,rampa di uscita Corso di Francia ,Tamponamento Multiplo,Rettilineo,Una carreggiata a senso unico di marcia,Asciutto,Asfaltata,Orizzontale,Sereno,Normale,Buona,Ore Diurne,1,0,0,3,"12,48278","41,94005",True
2672490,1,28/01/2016T16:35:00,Strada Urbana,in prossimit�,del civico n.,VIALE CARLO FELICE,,35,,Tamponamento,Rettilineo,Una carreggiata a senso unico di marcia,Asciutto,Asfaltata,Verticale ed orizzontale,Sereno,Scarso,Buona,Ore Diurne,0,0,0,2,"12,50976","41,88694",False
2672844,11,28/01/2016T16:45:00,Strada Urbana,da specificare,,VIA CRISTOFORO COLOMBO,,,prossimit� Via Severo,Tamponamento,Rettilineo,Pi� di due carreggiate,Asciutto,Asfaltata,Verticale ed orizzontale,Nuvoloso,Normale,Sufficiente,Sufficiente,1,0,0,3,"12,44704","41,80373",False
2672849,8,28/01/2016T16:50:00,Strada Urbana,in prossimit�,del palo luce n.,VIALE DI TORRE MAURA,,20,,Veicolo in marcia contro ostacolo accidentale,Curva senza visuale libera,Due carreggiate,Asciutto,Con buche,Verticale ed orizzontale,Nuvoloso,Normale,Sufficiente,Ore Diurne,0,0,0,2,"12,59217","41,86022",True
2672818,11,28/01/2016T17:00:00,Strada Urbana,all'intersezione con,VIA ENRICO CRAVERO,PIAZZA BARTOLOMEO ROMANO,VIA ENRICO CRAVERO,,,Scontro frontale/laterale SX fra veicoli in marcia,Incrocio,Pi� di due carreggiate,Asciutto,Asfaltata,Verticale ed orizzontale,Nuvoloso,Normale,Buona,Ore Diurne,1,0,0,2,"12,48521","41,86289",False
2672452,7,28/01/2016T17:15:00,Strada Urbana,all'intersezione con,VIALE DELLA BELLA VILLA,VIA DI TOR TRE TESTE,VIALE DELLA BELLA VILLA,,,Scontro frontale/laterale DX fra veicoli in marcia,Incrocio,Due carreggiate,Asciutto,Asfaltata,Verticale ed orizzontale,Sereno,Normale,Buona,Sufficiente,0,0,0,3,"12,58647","41,87336",True
2672917,19,28/01/2016T17:25:00,Strada Urbana,in prossimit�,del civico n.,VIA TRIONFALE,,f.c. 8872,,Tamponamento,Rettilineo,Due carreggiate,Asciutto,Asfaltata,Orizzontale,Sereno,Normale,Buona,Ore Diurne,0,0,0,4,"12,42227","41,94126",True
2676254,3,28/01/2016T17:30:00,Strada Urbana,in prossimit�,del civico n.,VIA GIAN LUCA SQUARCIALUPO,,13,,Scontro laterale fra veicoli in marcia,Rettilineo,Una carreggiata a senso unico di marcia,Asciutto,Asfaltata,Verticale ed orizzontale,Sereno,Normale,Sufficiente,Sufficiente,0,0,0,3,"12,52658","41,91305",True
2672895,20,28/01/2016T17:45:00,Regionale,in prossimit�,del civico n.,VIA FLAMINIA,,2194,,Tamponamento Multiplo,Rettilineo,Una carreggiata a doppio senso,Asciutto,Asfaltata,Verticale ed orizzontale,Nuvoloso,Normale,Buona,Inesistente,0,0,0,4,"12,48284","42,07356",True
2672455,1,28/01/2016T17:50:00,Strada Urbana,all'intersezione semaforizzata con,VIA EMANUELE FILIBERTO,PIAZZA DI PORTA S. GIOVANNI,VIA EMANUELE FILIBERTO,,,Scontro laterale fra veicoli in marcia,Intersezione semaforizzata,Una carreggiata a doppio senso,Asciutto,Asfaltata,Verticale ed orizzontale,Sereno,Normale,Buona,Sufficiente,0,0,0,2,"12,50796","41,8865",True
2678305,12,28/01/2016T17:55:00,Statale,in prossimit�,della chilometrica,VIA DEL MARE,,10.3,,Tamponamento,Rettilineo,Una carreggiata a doppio senso,Asciutto,Asfaltata,Verticale ed orizzontale,Sereno,Normale,Buona,Sufficiente,0,0,0,2,"12,4361","41,81943",True
2673584,16,28/01/2016T18:15:00,Strada Urbana,all'intersezione semaforizzata con,VIALE DEI COLLI PORTUENSI,PIAZZALE EUGENIO MORELLI,VIALE DEI COLLI PORTUENSI,,,Scontro laterale fra veicoli in marcia,Incrocio,Pi� di due carreggiate,Asciutto,Asfaltata,Verticale ed orizzontale,Sereno,Normale,Sufficiente,Sufficiente,0,0,0,4,"12,44292","41,85977",True
2672775,10,28/01/2016T18:20:00,Strada Urbana,da specificare,,VIA TUSCOLANA,,,direzione GRA 100 mt.prima di Via delle Capannell,Tamponamento,Rettilineo,Una carreggiata a senso unico di marcia,Asciutto,Asfaltata,Assente,Grandine in atto,Intenso,Buona,Ore Diurne,0,0,0,3,"12,57887","41,84638",False
2673072,2,28/01/2016T18:30:00,Strada Urbana,da specificare,,VIA PIETRO DE COUBERTIN,,,palo Acea  n.32,Veicolo in marcia contro ostacolo accidentale,Rettilineo,Una carreggiata a doppio senso,Asciutto,Asfaltata,Verticale ed orizzontale,Sereno,Normale,Buona,Sufficiente,0,0,0,1,"12,47327","41,92956",True
2672512,6,28/01/2016T18:40:00,Strada Urbana,all'intersezione con,VIA GABRINO FONDULO,VIA RENZO DA CERI,VIA GABRINO FONDULO,,,Scontro frontale/laterale SX fra veicoli in marcia,Incrocio,Una carreggiata a senso unico di marcia,Asciutto,Asfaltata,Verticale ed orizzontale,Sereno,Normale,Buona,Sufficiente,1,0,0,1,"12,53851","41,88657",True
2672840,8,28/01/2016T19:00:00,Strada Urbana,all'intersezione con,VIA TOMMASO PIROLI,VIA DI GIARDINETTI,VIA TOMMASO PIROLI,,,Scontro frontale/laterale DX fra veicoli in marcia,Incrocio,Una carreggiata a doppio senso,Asciutto,Asfaltata,Verticale,Sereno,Normale,Buona,Sufficiente,1,0,0,1,"12,60304","41,85986",False
2672791,9,28/01/2016T19:10:00,,da specificare,,VIA TOMMASO FORTIFIOCCA,,,fronte civico 68,Investimento di pedone,,,,,,,,,,1,0,0,1,,,False
2673163,17,28/01/2016T19:30:00,Strada Urbana,in corrispondenza,del civico n.,VIALE GIULIO CESARE,,15,,Tamponamento,Rettilineo,Pi� di due carreggiate,Asciutto,Asfaltata,Verticale ed orizzontale,Nuvoloso,Intenso,Buona,Sufficiente,0,0,0,5,"12,46905","41,91191",False
2685562,18,28/01/2016T19:45:00,Strada Urbana,da specificare,,VIA DI BOCCEA,,,in prossimit� del civ. fronte 321,Veicolo in marcia contro veicoli in sosta,Curva a visuale libera,Due carreggiate,Asciutto,Asfaltata,Verticale ed orizzontale,Sereno,Normale,Buona,Sufficiente,1,0,0,0,"12,4156","41,90347",True
2672625,15,28/01/2016T19:45:00,Strada Urbana,da specificare,,VIA PORTUENSE,,,fronte civico 301/b,Scontro laterale fra veicoli in marcia,Rettilineo,Due carreggiate,Asciutto,Asfaltata,Orizzontale,Nuvoloso,Normale,Buona,Sufficiente,0,0,0,2,"12,40939","41,84342",True
2672628,15,28/01/2016T19:45:00,,all'intersezione con,VIA DI VIGNA CORSETTI,VIA ODERISI DA GUBBIO,VIA DI VIGNA CORSETTI,,,Investimento di pedone,,,,,,,,,,1,0,0,1,"12,46548","41,86595",False
2672974,4,28/01/2016T19:50:00,Strada Urbana,da specificare,,VIA GIOVANNI VERGA,,,altezza via G. Stampa,Veicolo in marcia contro veicolo in sosta,Rettilineo,Una carreggiata a senso unico di marcia,Asciutto,Asfaltata,Verticale ed orizzontale,Sereno,Normale,Buona,Sufficiente,0,0,0,1,"12,56089","41,94876",True
2672904,1,28/01/2016T19:50:00,Strada Urbana,in prossimit�,del civico n.,LUNGOTEVERE TESTACCIO,,7,,Scontro laterale fra veicoli in marcia,Rettilineo,Una carreggiata a doppio senso,Asciutto,Asfaltata,Verticale ed orizzontale,Sereno,Normale,Buona,Sufficiente,0,0,0,1,,,False
2672925,19,28/01/2016T20:00:00,Strada Urbana,da specificare,,VIA IGEA,,,fronte Via B. Blumestihl,Scontro frontale/laterale SX fra veicoli in marcia,Rettilineo,Una carreggiata a doppio senso,Asciutto,Asfaltata,Verticale ed orizzontale,Sereno,Scarso,Buona,Sufficiente,2,0,0,1,"12,44175","41,9346",True
2672783,11,28/01/2016T21:30:00,Strada Urbana,all'intersezione semaforizzata con,PIAZZALE TOMMASO EDISON,VIALE GUGLIELMO MARCONI,PIAZZALE TOMMASO EDISON,,,Scontro frontale/laterale DX fra veicoli in marcia,Intersezione semaforizzata,Due carreggiate,Asciutto,Asfaltata,Verticale ed orizzontale,Nuvoloso,Scarso,Sufficiente,Sufficiente,0,0,0,3,"12,47093","41,85859",True
2672841,8,28/01/2016T21:50:00,Strada Urbana,all'intersezione con,VIA DELLE ALLODOLE,VIA DEL FRINGUELLO,VIA DELLE ALLODOLE,,,Scontro frontale/laterale DX fra veicoli in marcia,Incrocio,Una carreggiata a senso unico di marcia,Asciutto,Asfaltata,Verticale ed orizzontale,Sereno,Scarso,Buona,Sufficiente,5,0,0,1,"12,59637","41,86885",True
2673061,4,28/01/2016T22:05:00,Strada Urbana,da specificare,,PIAZZA GIUSEPPE PRIMOLI,,,angolo via A. Garf,Scontro laterale fra veicoli in marcia,Rettilineo,Due carreggiate,Asciutto,Asfaltata,Verticale ed orizzontale,Nuvoloso,Normale,Sufficiente,Sufficiente,0,0,0,5,"12,5525","41,94475",True
2672781,5,28/01/2016T23:00:00,Strada Urbana,all'intersezione con,VIA EUGENIO TORELLI VIOLLIER,LARGO ANTONIO BELTRAMELLI,VIA EUGENIO TORELLI VIOLLIER,,,Scontro laterale fra veicoli in marcia,Incrocio,Una carreggiata a senso unico di marcia,Asciutto,Asfaltata,Verticale ed orizzontale,Sereno,Scarso,Sufficiente,Sufficiente,2,0,0,0,"12,53786","41,9105",False
2675955,5,29/01/2016T00:20:00,Strada Urbana,in corrispondenza,del civico n.,VIA TIBURTINA,,779,,Fuoriuscita dalla sede stradale,Rettilineo,Due carreggiate,Asciutto,Asfaltata,Verticale ed orizzontale,Sereno,Scarso,Insufficiente,Insufficiente,1,0,0,0,"12,55706","41,91359",False
2675157,1,29/01/2016T06:30:00,Strada Urbana,all'intersezione con,VIA STATILIA,PIAZZA DI PORTA MAGGIORE,VIA STATILIA,,,Scontro laterale fra veicoli in marcia,Incrocio,Una carreggiata a senso unico di marcia,Asciutto,Asfaltata,Verticale ed orizzontale,Sereno,Normale,Buona,Ore Diurne,0,0,0,4,,,False
2674085,8,29/01/2016T06:50:00,Strada Urbana,da specificare,,VIA AMICO ASPERTINI,,,a 150 metri da incrocio VIA DELL'ARCHEOLOGIA,Scontro laterale fra veicoli in marcia,Curva a visuale libera,Una carreggiata a doppio senso,Asciutto,Asfaltata,Verticale,Nuvoloso,Scarso,Sufficiente,Sufficiente,0,0,0,2,"12,6299","41,87275",True
2674088,8,29/01/2016T07:00:00,Statale entro l'abitato,all'intersezione con,PIAZZA DI TORRE GAIA,VIA CASILINA,PIAZZA DI TORRE GAIA,,,Scontro frontale fra veicoli in marcia,Intersezione semaforizzata,Una carreggiata a doppio senso,Asciutto,Asfaltata,Verticale ed orizzontale,Nuvoloso,Intenso,Buona,Ore Diurne,0,0,0,2,"12,64015","41,86315",True
2679378,12,29/01/2016T07:25:00,Strada Urbana,all'intersezione con,VIALE CARLO LEVI,VIA CRISTOFORO COLOMBO,VIALE CARLO LEVI,,,Scontro laterale fra veicoli in marcia,Incrocio,Due carreggiate,Asciutto,Asfaltata,Verticale ed orizzontale,Nuvoloso,Intenso,Buona,Ore Diurne,0,0,0,2,"12,44704","41,80373",True
2672921,10,29/01/2016T07:30:00,Strada Urbana,all'intersezione con,VIA MARIO BROGLIO,VIA LUCREZIA ROMANA,VIA MARIO BROGLIO,,,Scontro frontale/laterale SX fra veicoli in marcia,Intersezione stradale segnalata,Una carreggiata a doppio senso,Asciutto,Asfaltata,Verticale ed orizzontale,Nuvoloso,Normale,Buona,Ore Diurne,2,0,0,3,,,False
2673565,13,29/01/2016T08:00:00,Strada Urbana,all'intersezione con,VIA DELLA GENTE SALINATORIA,VIA DEL MARE,VIA DELLA GENTE SALINATORIA,,,Scontro laterale fra veicoli in marcia,Incrocio,Una carreggiata a doppio senso,Asciutto,Asfaltata,Verticale ed orizzontale,Nuvoloso,Normale,Buona,Ore Diurne,0,0,0,2,"12,30376","41,75971",True
2675174,1,29/01/2016T08:05:00,Strada Urbana,all'intersezione con,VIA DELLE TERME DI TRAIANO,VIA DEL MONTE OPPIO,VIA DELLE TERME DI TRAIANO,,,Scontro laterale fra veicoli in marcia,Incrocio,Una carreggiata a doppio senso,Asciutto,Asfaltata,Verticale ed orizzontale,Nuvoloso,Normale,Buona,Ore Diurne,0,0,0,2,,,False
2673572,16,29/01/2016T08:15:00,Strada Urbana,in corrispondenza,del civico n.,VIA SILVESTRI,,fc 316,,Tamponamento,Rettilineo,Una carreggiata a doppio senso,Asciutto,Asfaltata,Verticale ed orizzontale,Nuvoloso,Normale,Buona,Ore Diurne,0,0,0,2,"12,49637","41,90278",True
2674056,11,29/01/2016T09:00:00,,da specificare,,VIA CRISTOFORO COLOMBO,,,100 mt. dopo incr. Via Grottaperfetta dir. Eur,Scontro frontale fra veicoli in marcia,,,,,,,,,,1,0,0,1,"12,44704","41,80373",False
2673220,2,29/01/2016T09:05:00,,da specificare,,SOTTOVIA IGNAZIO GUIDI,,,direzione Nomentana alt. Via Tevere,Tamponamento,,,,,,,,,,2,0,0,1,,,False
2674090,8,29/01/2016T09:25:00,Statale entro l'abitato,da specificare,,VIA CASILINA,,,ALTEZZA CAVALCAVIA  LOCALITA' GROTTE CELONI,Veicolo in marcia contro ostacolo accidentale,Cavalcavia,Una carreggiata a doppio senso,Asciutto,Asfaltata,Verticale ed orizzontale,Nuvoloso,Normale,Sufficiente,Ore Diurne,0,0,0,2,"12,60933","41,86405",True
2676268,3,29/01/2016T09:45:00,Strada Urbana,da specificare,,VIA NOMENTANA,,,altezza Via Tomassetti,Scontro laterale fra veicoli in marcia,Rettilineo,Pi� di due carreggiate,Asciutto,Asfaltata,Assente,Sereno,Intenso,Buona,Ore Diurne,1,0,0,3,"12,51233","41,91671",True
2674092,8,29/01/2016T10:25:00,Strada Urbana,in prossimit�,del civico n.,VIA LUIGI FERRETTI,,31,,Veicolo in marcia contro ostacolo accidentale,Rettilineo,Una carreggiata a doppio senso,Asciutto,Asfaltata,Orizzontale,Nuvoloso,Normale,Sufficiente,Ore Diurne,0,0,0,1,,,False
2674585,20,29/01/2016T11:00:00,Strada Urbana,in prossimit�,del civico n.,VIA FRANCESCO SAVERIO NITTI,,44/48,,Scontro laterale fra veicoli in marcia,Rettilineo,Una carreggiata a doppio senso,Asciutto,Asfaltata,Orizzontale,Nuvoloso,Normale,Buona,Ore Diurne,0,0,0,3,"12,47256","41,94691",True
2675142,1,29/01/2016T11:05:00,Strada Urbana,in prossimit�,del civico n.,VIA DELLE TERME DI DIOCLEZIANO,,32/a,,Scontro laterale fra veicoli in marcia,Rettilineo,Una carreggiata a senso unico di marcia,Asciutto,In cubetti di porfido,Verticale ed orizzontale,Sereno,Normale,Buona,Ore Diurne,0,0,0,5,"12,4975","41,9016",True
2676295,3,29/01/2016T11:15:00,,da specificare,,CIRCONVALLAZIONE NOMENTANA,,,altezza Ponte Via Nomentana,Veicolo in marcia contro ostacolo accidentale,,,,,,,,,,1,0,0,1,,,False
2673330,1,29/01/2016T11:15:00,Strada Urbana,all'intersezione con,VIA LIGURIA,VIA VITTORIO VENETO,VIA LIGURIA,,,Scontro frontale/laterale DX fra veicoli in marcia,Intersezione stradale segnalata,Una carreggiata a doppio senso,Asciutto,Asfaltata,Verticale ed orizzontale,Sereno,Normale,Buona,Ore Diurne,1,0,0,1,,,False
2673342,6,29/01/2016T12:00:00,Strada Urbana,da specificare,,LARGO NICOLO' DE' LAPI,,,altezza Via Prenestina,Veicolo in marcia contro veicolo in sosta,Pianeggiante,Una carreggiata a doppio senso,Asciutto,Asfaltata,Assente,Sereno,Normale,Buona,Ore Diurne,0,0,0,1,"12,53114","41,89207",False
2673333,7,29/01/2016T12:00:00,Strada Urbana,da specificare,,VIA SANTI ROMANO,,,in prossimit� di largo santi romano,Scontro laterale fra veicoli in marcia,Rettilineo,Una carreggiata a doppio senso,Asciutto,Asfaltata,Orizzontale,Sereno,Normale,Buona,Ore Diurne,0,0,0,3,"12,56794","41,86239",False
2674566,15,29/01/2016T12:30:00,Strada Urbana,all'intersezione semaforizzata con,PIAZZA ANTONIO MEUCCI,VIA ODERISI DA GUBBIO,PIAZZA ANTONIO MEUCCI,,,Scontro laterale fra veicoli in marcia,Intersezione stradale segnalata,Una carreggiata a senso unico di marcia,Asciutto,Asfaltata,Verticale ed orizzontale,Sereno,Intenso,Buona,Ore Diurne,0,0,0,3,"12,46527","41,86551",True
2675893,5,29/01/2016T12:35:00,Strada Urbana,da specificare,,VIA RINALDO D'AQUINO,,,prossimit� Sant'Alessandro direzione Palombarese,Veicolo in marcia contro veicolo fermo,Rettilineo,Due carreggiate,Asciutto,Asfaltata,Verticale ed orizzontale,Sereno,Normale,Buona,Ore Diurne,1,0,0,1,"12,59955","41,95012",False
2673652,7,29/01/2016T12:45:00,Strada Urbana,all'intersezione con,VIA DELLE CAVE,PIAZZA CESARE CANTU',VIA DELLE CAVE,,,Tamponamento,Incrocio,Due carreggiate,Asciutto,Asfaltata,Verticale ed orizzontale,Sereno,Intenso,Buona,Ore Diurne,1,0,0,3,"12,52728","41,87136",True