_ID,_Gruppo,_DataOraIncidente,_Localizzazione1,_Localizzazione2,_Strada1,_DaSpecificare,_NaturaIncidente,_ParticolaritaStrade,_TipoStrada,_FondoStradale,_Pavimentazione,_Segnaletica,_CondizioneAtmosferica,_Traffico,_Visibilita,_Illuminazione,_NUM_FERITI,_NUM_RISERVATA,_NUM_MORTI,_NUM_ILLESI,_Longitudine,_Latitudine,_CONFERMATO,__prefix,_Strada02,_Strada2,_Chilometrica
2674679,4,29/01/2016T12:50:00,Strada Urbana,in prossimit�,del civico n.,VIA NOMENTANA,,1115,,Tamponamento Multiplo,Rettilineo,Una carreggiata a doppio senso,Asciutto,Asfaltata,Orizzontale,Sereno,Intenso,Buona,Ore Diurne,0,0,0,2,"12,5752","41,95458",False
2675852,5,29/01/2016T13:00:00,Strada Urbana,da specificare,,VIALE PALMIRO TOGLIATTI,,,rampa sopraelevata per inversione di marcia a/24,Veicolo in marcia contro ostacolo accidentale,Curva a visuale libera,Una carreggiata a senso unico di marcia,Asciutto,Asfaltata,Verticale ed orizzontale,Sereno,Normale,Buona,Ore Diurne,1,0,0,0,"12,57378","41,90515",True
2673644,13,29/01/2016T13:00:00,Strada Urbana,in corrispondenza,del civico n.,VIA TANCREDI CHIARALUCE,,146,,Tamponamento,Rettilineo,Una carreggiata a senso unico di marcia,Asciutto,Asfaltata,Verticale ed orizzontale,Nuvoloso,Normale,Buona,Ore Diurne,0,0,0,2,"12,2635","41,74155",True
2676677,12,29/01/2016T13:10:00,Strada Urbana,in prossimit�,del civico n.,VIA DI DECIMA,,51,,Tamponamento,Rettilineo,Una carreggiata a senso unico di marcia,Asciutto,Asfaltata,Verticale ed orizzontale,Nuvoloso,Normale,Buona,Ore Diurne,1,0,0,1,"12,44607","41,81907",False
2673668,12,29/01/2016T13:10:00,Strada Urbana,all'intersezione con,SALITA DEL FORTE OSTIENSE,VIALE GUGLIELMO MARCONI,SALITA DEL FORTE OSTIENSE,,,Scontro laterale fra veicoli in marcia,Incrocio,Due carreggiate,Asciutto,Asfaltata,Orizzontale,Sereno,Normale,Buona,Ore Diurne,0,0,0,3,"12,46781","41,87001",True
2673693,13,29/01/2016T13:10:00,Strada Urbana,all'intersezione con,VIA IPPARCO DI NICEA,VIA NICENETO,VIA IPPARCO DI NICEA,,,Scontro frontale/laterale SX fra veicoli in marcia,Incrocio,Una carreggiata a doppio senso,Asciutto,Asfaltata,Verticale ed orizzontale,Sereno,Normale,Buona,Ore Diurne,1,0,0,1,"12,34167","41,74821",False
2678382,12,29/01/2016T13:30:00,Strada Urbana,in prossimit�,del civico n.,VIALE BEATA VERGINE DEL CARMELO,,70,,Veicolo in marcia contro veicoli in sosta,Rettilineo,Due carreggiate,Asciutto,Asfaltata,Verticale ed orizzontale,Sereno,Normale,Buona,Ore Diurne,0,0,0,1,"12,44061","41,80714",True
2674573,20,29/01/2016T13:35:00,Strada Urbana,all'intersezione con,VIA GIROLAMO BOCCARDO,VIA ANTONIO SERRA,VIA GIROLAMO BOCCARDO,,,Scontro laterale fra veicoli in marcia,Incrocio,Una carreggiata a senso unico di marcia,Asciutto,Asfaltata,Verticale ed orizzontale,Sereno,Normale,Buona,Ore Diurne,0,0,0,3,"12,47368","41,94223",True
2673398,20,29/01/2016T13:45:00,Strada Urbana,da specificare,,VIALE DI TOR DI QUINTO,,,intersezione semaforizzata rampa da Foro Italico,Scontro frontale/laterale SX fra veicoli in marcia,Rettilineo,Due carreggiate,Asciutto,Asfaltata,Verticale ed orizzontale,Sereno,Intenso,Buona,Ore Diurne,2,0,0,1,,,False
2673683,12,29/01/2016T13:50:00,Provinciale,da specificare,,VIA OSTIENSE,,,altezza rampa GRA (Direzione Centro),Scontro laterale fra veicoli in marcia,Rettilineo,Una carreggiata a doppio senso,Asciutto,Asfaltata,Verticale ed orizzontale,Sereno,Intenso,Buona,Ore Diurne,1,0,0,1,"12,42119","41,8077",False
2676303,3,29/01/2016T14:00:00,Strada Urbana,da specificare,,CIRCONVALLAZIONE NOMENTANA,,,altezza Ponte ViaNomentana,Veicolo in marcia contro ostacolo accidentale,Rettilineo,Pi� di due carreggiate,Asciutto,Asfaltata,Verticale ed orizzontale,Nebbia,Intenso,Buona,Ore Diurne,0,0,0,1,"12,5272","41,91849",True
2675313,12,29/01/2016T14:00:00,Strada Urbana,all'intersezione con,VIALE DELLA CIVILTA' DEL LAVORO,PIAZZA JOHN KENNEDY,VIALE DELLA CIVILTA' DEL LAVORO,,,Scontro laterale fra veicoli in marcia,Incrocio,Una carreggiata a senso unico di marcia,Asciutto,Asfaltata,Orizzontale,Sereno,Normale,Buona,Ore Diurne,0,0,0,2,"12,4731","41,83443",True
2674058,11,29/01/2016T14:30:00,Strada Urbana,in corrispondenza,del civico n.,VIALE LEONARDO DA VINCI,,101,,Scontro laterale fra veicoli in marcia,Rettilineo,Due carreggiate,Asciutto,Asfaltata,Verticale ed orizzontale,Sereno,Normale,Buona,Ore Diurne,0,0,0,2,"12,48099","41,85604",True
2673718,13,29/01/2016T15:00:00,Strada Urbana,all'intersezione semaforizzata con,VIALE DEI ROMAGNOLI,VIA DELLE CANARIE,VIALE DEI ROMAGNOLI,,,Scontro laterale fra veicoli in marcia,Intersezione semaforizzata,Una carreggiata a doppio senso,Asciutto,Asfaltata,Verticale ed orizzontale,Sereno,Normale,Buona,Ore Diurne,0,0,0,6,,,False
2675250,1,29/01/2016T15:00:00,Strada Urbana,all'intersezione con,VIA LUISA DI SAVOIA,VIA MARIA ADELAIDE,VIA LUISA DI SAVOIA,,,Scontro laterale fra veicoli in marcia,Incrocio,Una carreggiata a senso unico di marcia,Asciutto,Asfaltata,Verticale ed orizzontale,Sereno,Intenso,Buona,Ore Diurne,0,0,0,3,"12,47387","41,91115",True
2675230,1,29/01/2016T15:15:00,Strada Urbana,all'intersezione semaforizzata con,LUNGOTEVERE DEI FIORENTINI,PIAZZA PASQUALE PAOLI,LUNGOTEVERE DEI FIORENTINI,,,Tamponamento,Intersezione semaforizzata,Pi� di due carreggiate,Asciutto,Asfaltata,Verticale ed orizzontale,Sereno,Normale,Buona,Ore Diurne,1,0,0,1,"12,46518","41,90076",True
2673550,10,29/01/2016T15:20:00,Strada Urbana,in prossimit�,del civico n.,VIALE BRUNO RIZZIERI,,125,,Investimento di pedone,Rettilineo,Una carreggiata a senso unico di marcia,Asciutto,Asfaltata,Orizzontale,Sereno,Scarso,Buona,Ore Diurne,1,0,0,1,,,False
2674074,11,29/01/2016T15:30:00,Strada Urbana,in corrispondenza,del civico n.,VIA DELLE SETTE CHIESE,,182,,Veicolo in marcia contro ostacolo fisso,Rettilineo,Una carreggiata a senso unico di marcia,Asciutto,Asfaltata,Assente,Sereno,Scarso,Buona,Ore Diurne,0,0,0,1,"12,49603","41,85991",True
2675954,17,29/01/2016T15:40:00,Strada Urbana,da specificare,,PIAZZA GIUSEPPE MAZZINI,,,fr. via g. ferrari,Investimento di pedone,Curva a visuale libera,Una carreggiata a senso unico di marcia,Asciutto,Asfaltata,Verticale ed orizzontale,Sereno,Normale,Sufficiente,Ore Diurne,1,0,0,1,,,False
2675240,1,29/01/2016T15:45:00,Strada Urbana,all'intersezione semaforizzata con,VIA VENTI SETTEMBRE,LARGO DI S. SUSANNA,VIA VENTI SETTEMBRE,,,Scontro laterale fra veicoli in marcia,Intersezione semaforizzata,Due carreggiate,Asciutto,Asfaltata,Verticale ed orizzontale,Sereno,Intenso,Buona,Ore Diurne,0,0,0,4,,,False
2685770,18,29/01/2016T15:50:00,Strada Urbana,in prossimit�,del civico n.,VIA DI MONTESPACCATO,,15,,Tamponamento,Rettilineo,Una carreggiata a senso unico di marcia,Asciutto,Asfaltata,Verticale,Sereno,Normale,Buona,Ore Diurne,0,0,0,3,"12,39336","41,90735",True
2673636,20,29/01/2016T16:05:00,Strada Urbana,in corrispondenza,del palo luce n.,LARGO MARESCIALLO DIAZ,,89,,Scontro laterale fra veicoli in marcia,Rettilineo,Una carreggiata a senso unico di marcia,Asciutto,Asfaltata,Verticale ed orizzontale,Sereno,Normale,Buona,Ore Diurne,0,0,0,4,"12,46527","41,93651",True
2674653,4,29/01/2016T17:00:00,Strada Urbana,in prossimit�,del civico n.,VIA MONTE TABURNO,,19,,Scontro laterale fra veicoli in marcia,Rettilineo,Due carreggiate,Asciutto,Asfaltata,Assente,Sereno,Scarso,Buona,Ore Diurne,0,0,0,3,"12,53271","41,95022",True
2673724,10,29/01/2016T17:15:00,Strada Urbana,in prossimit�,del civico n.,VIALE PALMIRO TOGLIATTI,,209,,Veicolo in marcia contro veicolo fermo,Rettilineo,Una carreggiata a senso unico di marcia,Asciutto,Asfaltata,Orizzontale,Sereno,Normale,Buona,Ore Diurne,0,0,0,2,"12,5691","41,86163",True
2674328,2,29/01/2016T17:25:00,Strada Urbana,in prossimit�,del civico n.,CORSO TRIESTE,,fr191,,Scontro laterale fra veicoli in marcia,Rettilineo,Due carreggiate,Asciutto,Asfaltata,Verticale ed orizzontale,Sereno,Intenso,Sufficiente,Sufficiente,0,0,0,3,,,False
2676003,17,29/01/2016T17:30:00,Strada Urbana,all'intersezione semaforizzata con,VIA SILVIO PELLICO,VIALE DELLE MILIZIE,VIA SILVIO PELLICO,,,Scontro frontale/laterale DX fra veicoli in marcia,Incrocio,Pi� di due carreggiate,Asciutto,Asfaltata,Verticale ed orizzontale,Sereno,Normale,Sufficiente,Ore Diurne,0,0,0,1,"12,46097","41,91199",False
2673753,20,29/01/2016T18:00:00,Regionale entro l'abitato,in corrispondenza,del civico n.,VIA FLAMINIA,,855F,,Scontro frontale/laterale SX fra veicoli in marcia,Curva a visuale libera,Una carreggiata a senso unico di marcia,Asciutto,Asfaltata,Verticale ed orizzontale,Sereno,Scarso,Sufficiente,Sufficiente,0,0,0,2,"12,48471","41,95168",True
2675940,10,29/01/2016T18:05:00,Strada Urbana,da specificare,,VIA DI CASAL ROTONDO,,,in prossimita' via appia nuova,Scontro frontale/laterale DX fra veicoli in marcia,Curva a visuale libera,Una carreggiata a doppio senso,Asciutto,Asfaltata,Verticale ed orizzontale,Sereno,Normale,Sufficiente,Sufficiente,0,0,0,2,"12,56175","41,82448",True
2674258,13,29/01/2016T18:20:00,,in prossimit�,del civico n.,VIALE DEI ROMAGNOLI,,2245,,Veicolo in marcia contro veicoli in sosta,,,,,,,,,,0,0,0,2,,,False
2675319,12,29/01/2016T18:25:00,Strada Urbana,da specificare,,PIAZZA MONTE DI TAI,,,altezza via della Grande Muraglia,Scontro laterale fra veicoli in marcia,Rotatoria,Una carreggiata a senso unico di marcia,Asciutto,Asfaltata,Verticale ed orizzontale,Sereno,Normale,Insufficiente,Insufficiente,1,0,0,1,"12,43537","41,80745",False
2675268,1,29/01/2016T18:30:00,Strada Urbana,in prossimit�,del civico n.,VIA PRINCIPE UMBERTO,,11,,Veicolo in marcia contro veicolo in sosta,Rettilineo,Una carreggiata a senso unico di marcia,Asciutto,Asfaltata,Verticale ed orizzontale,Sereno,Scarso,Buona,Ore Diurne,0,0,0,1,"12,50793","41,89524",False
2674094,8,29/01/2016T18:30:00,Strada Urbana,all'intersezione con,VIA CASILINA,VIA BORGHESIANA,VIA CASILINA,,,Veicolo in marcia contro ostacolo accidentale,Incrocio,Una carreggiata a doppio senso,Asciutto,Asfaltata,Verticale,Sereno,Normale,Buona,Sufficiente,0,0,0,1,,,False
2675872,5,29/01/2016T18:35:00,,da specificare,,VIA EDOARDO D'ONOFRIO,,,altezza civico 82,Veicolo in marcia contro veicolo in sosta,,,,,,,,,,0,0,0,0,"12,57334","41,91338",False
2674093,6,29/01/2016T19:30:00,Strada Urbana,in corrispondenza,del civico n.,VIA MARIO CARTARO,,39,,Veicolo in marcia contro veicolo in sosta,Rettilineo,Una carreggiata a senso unico di marcia,Asciutto,Asfaltata,Assente,Sereno,Scarso,Buona,Sufficiente,0,0,0,1,"12,54138","41,88224",False
2676029,19,29/01/2016T19:35:00,Strada Urbana,in prossimit�,del civico n.,VIA DI CASAL DEL MARMO,,67,,Veicolo in marcia contro veicolo in sosta,Rettilineo,Una carreggiata a doppio senso,Asciutto,Asfaltata,Orizzontale,Sereno,Normale,Buona,Sufficiente,0,0,0,1,"12,41013","41,96004",True
2675198,1,29/01/2016T20:15:00,Strada Urbana,da specificare,,VIA DEL CIRCO MASSIMO,,,PROSS. PIAZZALE U. LA MALFA,Investimento di pedone,Rettilineo,Una carreggiata a doppio senso,Asciutto,Asfaltata,Verticale ed orizzontale,Sereno,Normale,Insufficiente,Insufficiente,1,0,0,1,,,False
2677376,12,29/01/2016T20:25:00,Regionale,in prossimit�,della chilometrica,VIA PONTINA,,13,,Tamponamento,Rettilineo,Due carreggiate,Asciutto,Asfaltata,Verticale ed orizzontale,Sereno,Normale,Insufficiente,Inesistente,1,0,0,1,"12,45106","41,79235",False
2676025,16,29/01/2016T20:30:00,,in corrispondenza,del civico n.,VIA DELLA MAGLIANA,,424,,Scontro frontale/laterale SX fra veicoli in marcia,,,,,,,,,,1,0,0,5,,,False
2674095,8,29/01/2016T20:40:00,Strada Urbana,da specificare,,VIA OSVALDO LICINI,,,50 mt dopo uscita GRA La Rustica,Veicolo in marcia contro ostacolo accidentale,Rettilineo,Una carreggiata a senso unico di marcia,Asciutto,Con buche,Verticale,Sereno,Normale,Insufficiente,Insufficiente,0,0,0,1,"12,61793","41,90881",True
2674612,20,29/01/2016T21:00:00,Strada Urbana,all'intersezione semaforizzata con,VIALE DEL MINISTERO DEGLI AFFARI ESTERI,LUNGOTEVERE MARESCIALLO DIAZ,VIALE DEL MINISTERO DEGLI AFFARI ESTERI,,,Tamponamento Multiplo,Intersezione semaforizzata,Due carreggiate,Asciutto,Asfaltata,Orizzontale,Sereno,Normale,Sufficiente,Sufficiente,3,0,0,1,"12,46281","41,93447",True
2674330,2,29/01/2016T21:35:00,Strada Urbana,all'intersezione con,VIA CLISIO,VIA PANARO,VIA CLISIO,,,Scontro frontale/laterale SX fra veicoli in marcia,Incrocio,Una carreggiata a senso unico di marcia,Asciutto,Asfaltata,Verticale,Sereno,Scarso,Sufficiente,Sufficiente,0,0,0,3,"12,51124","41,92417",True
2677738,1,29/01/2016T21:50:00,Strada Urbana,all'intersezione con,VIA DELL'ARCO DE' GINNASI,CORSO VITTORIO EMANUELE II,VIA DELL'ARCO DE' GINNASI,,,Scontro laterale fra veicoli in marcia,Incrocio,Una carreggiata a doppio senso,Asciutto,Asfaltata,Verticale ed orizzontale,Sereno,Normale,Sufficiente,Sufficiente,2,0,0,1,,,False
2675276,1,29/01/2016T23:55:00,Strada Urbana,all'intersezione con,LARGO DELLA SAPIENZA,CORSO DEL RINASCIMENTO,LARGO DELLA SAPIENZA,,,Scontro frontale/laterale SX fra veicoli in marcia,Intersezione non regolata/non segnalata,Una carreggiata a doppio senso,Asciutto,Acciotolata,Verticale ed orizzontale,Sereno,Scarso,Sufficiente,Sufficiente,0,0,0,2,"12,47396","41,89846",False
2675399,7,30/01/2016,Strada Urbana,all'intersezione con,VIA RENZO DA CERI,VIA SAMPIERO DI BASTELICA,VIA RENZO DA CERI,,,Scontro frontale/laterale SX fra veicoli in marcia,Incrocio,Una carreggiata a senso unico di marcia,Asciutto,Asfaltata,Verticale ed orizzontale,Sereno,Scarso,Buona,Sufficiente,1,0,0,1,"12,53864","41,89064",True
2676125,19,30/01/2016T00:30:00,Strada Urbana,all'intersezione con,VIA LUIGI PLONER,VIA VINCENZO TIERI,VIA LUIGI PLONER,,,Fuoriuscita dalla sede stradale,Incrocio,Una carreggiata a doppio senso,Asciutto,Asfaltata,Orizzontale,Sereno,Scarso,Sufficiente,Sufficiente,0,0,0,2,"12,36993","42,0175",True
2674081,11,30/01/2016T00:40:00,Strada Urbana,all'intersezione con,VIA CAPRESE,VIA DELLA MAGLIANA,VIA CAPRESE,,,Infortunio per caduta del veicolo,Incrocio,Una carreggiata a doppio senso,Asciutto,Asfaltata,Verticale ed orizzontale,Nuvoloso,Normale,Sufficiente,Sufficiente,1,0,0,0,"12,45912","41,85229",True
2674096,8,30/01/2016T00:40:00,Strada Urbana,in prossimit�,del civico n.,VIA DEI QUINTILI,,208,,Tamponamento,Rettilineo,Una carreggiata a senso unico di marcia,Asciutto,Asfaltata,Assente,Sereno,Scarso,Buona,Sufficiente,0,0,0,4,"12,54652","41,87074",False
2675525,20,30/01/2016T01:00:00,Strada Urbana,in prossimit�,del civico n.,VIA DELLA MENDOLA,,171,,Veicolo in marcia contro veicoli in sosta,Rettilineo,Una carreggiata a senso unico di marcia,Asciutto,Asfaltata,Assente,Sereno,Scarso,Sufficiente,Sufficiente,0,0,0,1,"12,44145","41,94612",True
2685943,18,30/01/2016T01:05:00,Strada Urbana,all'intersezione con,VIA URBANO II,VIA DI BOCCEA,VIA URBANO II,,,Scontro frontale/laterale SX fra veicoli in marcia,Incrocio,Una carreggiata a doppio senso,Asciutto,Asfaltata,Verticale ed orizzontale,Sereno,Scarso,Buona,Sufficiente,2,0,0,2,"12,39188","41,91186",False
2676095,17,30/01/2016T02:00:00,Strada Urbana,da specificare,,VIALE DELLO STADIO OLIMPICO,,,alt. palo acea n. 24,Veicolo in marcia contro ostacolo accidentale,Rettilineo,Una carreggiata a senso unico di marcia,Asciutto,Asfaltata,Verticale ed orizzontale,Sereno,Scarso,Sufficiente,Sufficiente,0,0,0,3,"12,45417","41,9299",False
2674464,19,30/01/2016T02:50:00,Provinciale,in prossimit�,della chilometrica,VIA NOMENTANA,,15.25,,Veicolo in marcia contro ostacolo fisso,Pendenza,Una carreggiata a doppio senso,Asciutto,Asfaltata,Verticale ed orizzontale,Sereno,Scarso,Insufficiente,Inesistente,0,0,1,0,"12,55238","41,94111",False
2675120,13,30/01/2016T03:15:00,Strada Urbana,in prossimit�,del civico n.,VIA PIETRO BENEDETTI,,82A,,Veicolo in marcia contro veicoli in sosta,Rettilineo,Una carreggiata a senso unico di marcia,Asciutto,Asfaltata,Assente,Nuvoloso,Scarso,Sufficiente,Sufficiente,0,0,0,0,"12,34286","41,77805",False
2675311,13,30/01/2016T03:16:00,Strada Urbana,da specificare,,VIA FRANCESCO DONATI,,,tratto compreso tra civ.46 e civ.54,Veicolo in marcia contro veicoli in sosta,Rettilineo,Una carreggiata a senso unico di marcia,Asciutto,Asfaltata,Assente,Sereno,Scarso,Buona,Sufficiente,0,0,0,0,"12,34001","41,78252",False
2675176,13,30/01/2016T03:20:00,Strada Urbana,in corrispondenza,del civico n.,VIA FRANCESCO DONATI,,47D,,Veicolo in marcia contro veicoli in sosta,Rettilineo,Una carreggiata a senso unico di marcia,Asciutto,Asfaltata,Assente,Nuvoloso,Scarso,Sufficiente,Sufficiente,0,0,0,0,"12,34249","41,77825",False
2675320,13,30/01/2016T03:30:00,,da specificare,,VIA BOVEZZO,,,PROX VIA ALBONESE,Veicolo in marcia contro ostacolo fisso,,,,,,,,,,0,0,0,0,,,False
2675921,5,30/01/2016T03:30:00,Strada Urbana,all'intersezione con,VIA FEDERICO DELPINO,VIA TOR DE' SCHIAVI,VIA FEDERICO DELPINO,,,Scontro frontale/laterale SX fra veicoli in marcia,Intersezione semaforizzata,Due carreggiate,Asciutto,Asfaltata,Verticale ed orizzontale,Sereno,Scarso,Sufficiente,Sufficiente,1,0,0,1,"12,56064","41,89068",False
2674184,10,30/01/2016T03:40:00,Strada Urbana,in prossimit�,del civico n.,VIA TUSCOLANA,,809,,Scontro frontale/laterale DX fra veicoli in marcia,Rettilineo,Due carreggiate,Asciutto,Asfaltata,Verticale ed orizzontale,Sereno,Scarso,Sufficiente,Sufficiente,0,0,0,4,"12,5584","41,85919",True
2675108,1,30/01/2016T04:00:00,Strada Urbana,in corrispondenza,del civico n.,LUNGOTEVERE RIPA,,fc 3b,,Veicolo in marcia contro veicoli in sosta,Curva a visuale libera,Una carreggiata a senso unico di marcia,Asciutto,Asfaltata,Verticale ed orizzontale,Sereno,Normale,Sufficiente,Sufficiente,0,0,0,1,"12,47885","41,88786",True
2674230,2,30/01/2016T06:50:00,Strada Urbana,all'intersezione semaforizzata con,VIA CESARE FRACASSINI,LUNGOTEVERE FLAMINIO,VIA CESARE FRACASSINI,,,Scontro frontale/laterale DX fra veicoli in marcia,Intersezione semaforizzata,Una carreggiata a doppio senso,Asciutto,Asfaltata,Verticale ed orizzontale,Sereno,Normale,Buona,Ore Diurne,2,0,0,1,,,False
2675324,13,30/01/2016T08:15:00,,in corrispondenza,del civico n.,PIAZZA DELLA STAZIONE VECCHIA,,5,,Veicolo in marcia contro veicoli in sosta,,,,,,,,,,0,0,0,0,,,False
2676099,19,30/01/2016T08:30:00,Strada Urbana,in prossimit�,del civico n.,VIALE TITO LIVIO,,12-13a-19,,Veicolo in marcia contro veicoli in sosta,Rettilineo,Una carreggiata a senso unico di marcia,Asciutto,Asfaltata,Assente,Nuvoloso,Normale,Buona,Ore Diurne,0,0,0,0,"12,44434","41,91407",True
2675558,7,30/01/2016T09:45:00,Strada Urbana,in corrispondenza,del civico n.,VIA COLLATINA,,412,,Scontro laterale fra veicoli in marcia,Rettilineo,Una carreggiata a doppio senso,Asciutto,Asfaltata,Assente,Sereno,Scarso,Buona,Ore Diurne,0,0,0,2,"12,60846","41,90497",True
2675788,9,30/01/2016T10:00:00,Statale entro l'abitato,in prossimit�,del civico n.,VIA APPIA NUOVA,,685,,Scontro laterale fra veicoli in marcia,Rettilineo,Una carreggiata a senso unico di marcia,Asciutto,Asfaltata,Verticale ed orizzontale,Nuvoloso,Normale,Buona,Ore Diurne,0,0,0,3,"12,53182","41,86444",True
2674278,6,30/01/2016T10:00:00,,in corrispondenza,del civico n.,VIA PRENESTINA,,465,,Infortunio per caduta del veicolo,,,,,,,,,,1,0,0,1,,,False
2688487,18,30/01/2016T10:25:00,Statale,in prossimit�,della chilometrica,VIA AURELIA,,15.9,,Veicolo in marcia contro ostacolo accidentale,Rettilineo,Due carreggiate,Asciutto,Asfaltata,Verticale ed orizzontale,Nuvoloso,Normale,Buona,Ore Diurne,0,0,0,1,"12,29055","41,89512",True
2676309,3,30/01/2016T10:25:00,Strada Urbana,all'intersezione con,VIA CATANIA,PIAZZALE DELLE PROVINCIE,VIA CATANIA,,,Scontro frontale/laterale SX fra veicoli in marcia,Intersezione stradale segnalata,Una carreggiata a senso unico di marcia,Asciutto,Asfaltata,Verticale ed orizzontale,Sereno,Normale,Buona,Ore Diurne,0,0,0,2,"12,52095","41,90948",True
2675826,7,30/01/2016T10:30:00,Strada Urbana,all'intersezione con,VIA DELLE ROBINIE,VIA TOR DE' SCHIAVI,VIA DELLE ROBINIE,,,Scontro frontale/laterale SX fra veicoli in marcia,Incrocio,Una carreggiata a doppio senso,Asciutto,Asfaltata,Verticale ed orizzontale,Sereno,Normale,Buona,Ore Diurne,0,0,0,3,,,False
2676126,2,30/01/2016T10:40:00,Strada Urbana,da specificare,,VIA ULISSE ALDROVANDI,,,pross. VIA DI VILLA SACCHETTI,Ribaltamento senza urto contro ostacolo fisso,Pendenza,Una carreggiata a doppio senso,Asciutto,Asfaltata,Verticale ed orizzontale,Nuvoloso,Scarso,Buona,Ore Diurne,0,0,0,1,"12,48653","41,91933",True
2674782,13,30/01/2016T10:50:00,Strada Urbana,in corrispondenza,del civico n.,VIALE ALESSANDRO MAGNO,,420,,Scontro laterale fra veicoli in marcia,Rettilineo,Due carreggiate,Asciutto,Asfaltata,Verticale ed orizzontale,Nuvoloso,Normale,Buona,Ore Diurne,0,0,0,2,,,False
2674378,6,30/01/2016T11:30:00,Strada Urbana,in prossimit�,del civico n.,VIA BARTOLOMEO PERESTRELLO,,27,,Scontro laterale fra veicoli in marcia,Rettilineo,Una carreggiata a doppio senso,Asciutto,Asfaltata,Orizzontale,Nuvoloso,Normale,Buona,Ore Diurne,0,0,0,3,"12,54208","41,88548",True
2675895,8,30/01/2016T12:15:00,Strada Urbana,da specificare,,VIA DI TOR BELLA MONACA,,,ALT. INVERSIONE DI MARCIA DIR GRA ,Scontro laterale fra veicoli in marcia,Curva a visuale libera,Una carreggiata a senso unico di marcia,Asciutto,Asfaltata,Verticale ed orizzontale,Sereno,Intenso,Buona,Ore Diurne,0,0,0,4,"12,62813","41,87636",True
2675262,12,30/01/2016T12:20:00,Statale,in prossimit�,della chilometrica,VIA DEL MARE,,10.5,,Tamponamento Multiplo,Rettilineo,Una carreggiata a doppio senso,Asciutto,Asfaltata,Verticale ed orizzontale,Sereno,Intenso,Buona,Ore Diurne,1,0,0,4,,,False
2676178,4,30/01/2016T12:30:00,Strada Urbana,all'intersezione con,VIA VALLE VERMIGLIO,VIALE VAL PADANA,VIA VALLE VERMIGLIO,,,Scontro frontale/laterale DX fra veicoli in marcia,Incrocio,Due carreggiate,Asciutto,Asfaltata,Verticale ed orizzontale,Nuvoloso,Scarso,Buona,Ore Diurne,0,0,0,4,"12,52354","41,94271",True
2676021,7,30/01/2016T12:45:00,Strada Urbana,da specificare,,VIALE PALMIRO TOGLIATTI,,,prossimit� Collatina,Tamponamento,Curva a visuale libera,Una carreggiata a senso unico di marcia,Asciutto,Asfaltata,Verticale ed orizzontale,Sereno,Scarso,Buona,Ore Diurne,0,0,0,9,"12,57391","41,90239",True
2675811,11,30/01/2016T13:15:00,Strada Urbana,da specificare,,VIA LEON PANCALDO,,,fr.civ.2,Scontro frontale fra veicoli in marcia,Rettilineo,Una carreggiata a doppio senso,Asciutto,Asfaltata,Verticale ed orizzontale,Nuvoloso,Normale,Buona,Ore Diurne,0,0,0,2,"12,50066","41,85982",True
2679404,12,30/01/2016T13:30:00,Strada Urbana,da specificare,,VIALE DEI CADUTI NELLA GUERRA DI LIBERAZIONE,,,via M. di Marzabotto,Scontro laterale fra veicoli in marcia,Rettilineo,Una carreggiata a senso unico di marcia,Asciutto,Asfaltata,Verticale ed orizzontale,Sereno,Scarso,Buona,Ore Diurne,1,0,0,1,"12,44558","41,78752",False
2677831,1,30/01/2016T13:50:00,Strada Urbana,in corrispondenza,del civico n.,VIA MERULANA,,245A,,Veicolo in marcia contro veicolo in sosta,Rettilineo,Una carreggiata a doppio senso,Asciutto,Asfaltata,Verticale ed orizzontale,Nuvoloso,Scarso,Buona,Ore Diurne,0,0,0,1,"12,50056","41,89391",True
2676550,12,30/01/2016T13:57:00,Strada Urbana,da specificare,,VIA DELLE MONTAGNE ROCCIOSE,,,altezza via dei Carpazi,Scontro frontale/laterale SX fra veicoli in marcia,Rettilineo,Una carreggiata a senso unico di marcia,Asciutto,Asfaltata,Orizzontale,Sereno,Scarso,Buona,Ore Diurne,1,0,0,1,"12,47547","41,82545",False
2674825,13,30/01/2016T14:05:00,Strada Urbana,da specificare,,VIA DELLA SALVIA,,,ALTEZZA VIA DEL FIORDALISO,Scontro laterale fra veicoli in marcia,Rettilineo,Una carreggiata a senso unico di marcia,Asciutto,Asfaltata,Verticale ed orizzontale,Nuvoloso,Scarso,Buona,Ore Diurne,0,0,0,3,"12,36454","41,78636",True
2675857,8,30/01/2016T14:10:00,Strada Urbana,in prossimit�,del civico n.,VIA SAN BIAGIO PLATANI,,74,,Veicolo in marcia contro ostacolo accidentale,Rettilineo,Una carreggiata a doppio senso,Asciutto,Asfaltata,Verticale ed orizzontale,Nuvoloso,Scarso,Buona,Ore Diurne,0,0,0,1,"12,65128","41,86975",True