_ID,_Gruppo,_DataOraIncidente,_Localizzazione1,_Localizzazione2,_Strada1,_DaSpecificare,_NaturaIncidente,_ParticolaritaStrade,_TipoStrada,_FondoStradale,_Pavimentazione,_Segnaletica,_CondizioneAtmosferica,_Traffico,_Visibilita,_Illuminazione,_NUM_FERITI,_NUM_RISERVATA,_NUM_MORTI,_NUM_ILLESI,_Longitudine,_Latitudine,_CONFERMATO,__prefix,_Strada02,_Strada2,_Chilometrica
2685982,18,30/01/2016T14:10:00,Strada Urbana,in prossimit�,del civico n.,CIRCONVALLAZIONE CORNELIA,,100,,Scontro laterale fra veicoli in marcia,Rettilineo,Due carreggiate,Asciutto,Asfaltata,Verticale ed orizzontale,Nuvoloso,Normale,Sufficiente,Ore Diurne,0,0,0,2,"12,42607","41,90127",True
2676129,17,30/01/2016T14:15:00,Strada Urbana,all'intersezione con,VIA MOCENIGO,VIA FRANCESCO CARACCIOLO,VIA MOCENIGO,,,Scontro laterale fra veicoli in marcia,Incrocio,Una carreggiata a senso unico di marcia,Asciutto,Asfaltata,Verticale ed orizzontale,Nuvoloso,Normale,Buona,Ore Diurne,2,0,0,1,,,False
2677768,1,30/01/2016T14:30:00,Strada Urbana,all'intersezione con,VIA GINORI,PIAZZA DI S. MARIA LIBERATRICE,VIA GINORI,,,Scontro frontale/laterale DX fra veicoli in marcia,Intersezione stradale segnalata,Una carreggiata a senso unico di marcia,Asciutto,Asfaltata,Verticale ed orizzontale,Nuvoloso,Scarso,Buona,Ore Diurne,0,0,0,2,,,False
2687755,18,30/01/2016T14:30:00,Strada Urbana,in corrispondenza,del civico n.,CIRCONVALLAZIONE AURELIA,,46,,Scontro frontale/laterale SX fra veicoli in marcia,Rettilineo,Una carreggiata a senso unico di marcia,Asciutto,Asfaltata,Verticale ed orizzontale,Nuvoloso,Normale,Buona,Ore Diurne,1,0,0,1,"12,42849","41,89652",False
2675907,8,30/01/2016T14:40:00,Strada Urbana,in prossimit�,del civico n.,VIA DI VERMICINO,,230,,Tamponamento Multiplo,Rettilineo,Una carreggiata a doppio senso,Asciutto,Asfaltata,Verticale ed orizzontale,Nuvoloso,Normale,Buona,Ore Diurne,6,0,0,1,"12,65268","41,83099",False
2675833,5,30/01/2016T14:50:00,Strada Urbana,in prossimit�,del civico n.,VIA VACUNA,,71,,Scontro frontale/laterale DX fra veicoli in marcia,Rettilineo,Una carreggiata a senso unico di marcia,Asciutto,Asfaltata,Verticale ed orizzontale,Sereno,Normale,Buona,Ore Diurne,0,0,0,3,"12,53577","41,91092",True
2675904,8,30/01/2016T15:00:00,,all'intersezione con,VIA COMITINI,VIA REALMONTE,VIA COMITINI,,,Scontro laterale fra veicoli in marcia,,,,,,,,,,0,0,0,2,,,False
2676076,2,30/01/2016T15:20:00,Strada Urbana,all'intersezione con,VIA RUGGERO GIOVANNELLI,VIA GIOVANNI PAISIELLO,VIA RUGGERO GIOVANNELLI,,,Scontro laterale fra veicoli in marcia,Incrocio,Una carreggiata a senso unico di marcia,Asciutto,In cubetti di porfido,Verticale ed orizzontale,Nuvoloso,Scarso,Buona,Ore Diurne,0,0,0,2,"12,49419","41,91583",True
2676009,2,30/01/2016T15:30:00,Strada Urbana,all'intersezione con,VIA PIER DELLA FRANCESCA,VIALE DEL VIGNOLA,VIA PIER DELLA FRANCESCA,,,Scontro frontale/laterale DX fra veicoli in marcia,Incrocio,Una carreggiata a doppio senso,Asciutto,Asfaltata,Verticale ed orizzontale,Sereno,Normale,Sufficiente,Ore Diurne,0,0,0,2,"12,46418","41,92608",True
2675535,20,30/01/2016T15:50:00,Strada Urbana,all'intersezione semaforizzata con,PIAZZALE DELLA FARNESINA,VIALE ANTONINO DI SAN GIULIANO,PIAZZALE DELLA FARNESINA,,,Scontro laterale fra veicoli in marcia,Intersezione semaforizzata,Due carreggiate,Asciutto,Asfaltata,Verticale ed orizzontale,Sereno,Normale,Buona,Ore Diurne,0,0,0,3,"12,46103","41,9368",True
2676078,19,30/01/2016T16:45:00,Strada Urbana,da specificare,,LUNGOTEVERE DEI PIERLEONI,,,PROSS. VIA DI PONTE ROTTO,Veicolo in marcia contro ostacolo fisso,Rettilineo,Una carreggiata a senso unico di marcia,Asciutto,Asfaltata,Assente,Sereno,Intenso,Buona,Ore Diurne,1,0,0,1,"12,47955","41,89059",True
2676284,4,30/01/2016T16:50:00,Strada Urbana,da specificare,,VIA NOMENTANA,,,pross. via Sacco Pastore,Tamponamento,Rettilineo,Pi� di due carreggiate,Asciutto,Asfaltata,Verticale ed orizzontale,Sereno,Normale,Buona,Ore Diurne,0,0,0,3,"12,55238","41,94111",True
2674829,19,30/01/2016T17:30:00,Strada Urbana,da specificare,,VIA S. GIUSEPPE DA COPERTINO,,,altezza rampa GRA direzione Napoli,Scontro laterale fra veicoli in marcia,Curva senza visuale libera,Una carreggiata a senso unico di marcia,Asciutto,Asfaltata,Verticale ed orizzontale,Sereno,Normale,Buona,Sufficiente,1,0,0,2,"12,40376","41,97606",True
2675342,6,30/01/2016T17:40:00,Strada Urbana,in prossimit�,del civico n.,VIALE DELLA STAZIONE PRENESTINA,,27,,Scontro frontale fra veicoli in marcia,Rettilineo,Due carreggiate,Asciutto,Asfaltata,Assente,Sereno,Normale,Buona,Sufficiente,0,0,0,3,"12,5465","41,89388",True
2677662,1,30/01/2016T17:45:00,Strada Urbana,all'intersezione con,VIA EMILIO MOROSINI,VIALE DI TRASTEVERE,VIA EMILIO MOROSINI,,,Scontro frontale/laterale DX fra veicoli in marcia,Intersezione semaforizzata,Due carreggiate,Asciutto,Asfaltata,Verticale ed orizzontale,Nuvoloso,Intenso,Sufficiente,Sufficiente,1,0,0,1,"12,47109","41,8857",False
2676124,2,30/01/2016T17:58:00,Strada Urbana,in prossimit�,del civico n.,VIA SAVOIA,,fr. 29 b,,Veicolo in marcia contro veicolo fermo,Rettilineo,Una carreggiata a senso unico di marcia,Asciutto,In cubetti di porfido,Verticale ed orizzontale,Nuvoloso,Scarso,Sufficiente,Sufficiente,0,0,0,2,"12,50088","41,91368",True
2676087,19,30/01/2016T18:00:00,Strada Urbana,in corrispondenza,del civico n.,VIA DEL MONTE DELLA CAPANNA,,123,,Infortunio per caduta del veicolo,Rettilineo,Una carreggiata a senso unico alternato,Asciutto,Strada pavimentata dissestata,Assente,Nuvoloso,Scarso,Sufficiente,Sufficiente,1,0,0,1,"12,39631","41,92134",True
2687434,18,30/01/2016T18:15:00,Strada Urbana,da specificare,,PIAZZA PIA,,,snc,Scontro laterale fra veicoli in marcia,Rettilineo,Due carreggiate,Asciutto,Asfaltata,Verticale ed orizzontale,Sereno,Normale,Buona,Sufficiente,0,0,0,3,"12,46435","41,90276",False
2675787,15,30/01/2016T18:55:00,Strada Urbana,all'intersezione con,VIA DI GENEROSA,VIA DELLE VIGNE,VIA DI GENEROSA,,,Scontro laterale fra veicoli in marcia,Intersezione stradale segnalata,Una carreggiata a doppio senso,Asciutto,Asfaltata,Assente,Sereno,Normale,Sufficiente,Sufficiente,0,0,0,4,"12,42195","41,84034",True
2677782,1,30/01/2016T19:20:00,Strada Urbana,da specificare,,PIAZZA DELLA REPUBBLICA,,,.,Scontro laterale fra veicoli in marcia,Rettilineo,Una carreggiata a senso unico di marcia,Asciutto,In cubetti di porfido,Verticale ed orizzontale,Sereno,Normale,Sufficiente,Sufficiente,0,0,0,5,"12,49596","41,90279",True
2676012,5,30/01/2016T19:30:00,Strada Urbana,da specificare,,VIA DI PORTONACCIO,,,prossimit� civico 23B,Scontro laterale fra veicoli in marcia,Rettilineo,Una carreggiata a doppio senso,Asciutto,Asfaltata,Orizzontale,Sereno,Normale,Sufficiente,Sufficiente,2,0,0,1,"12,53742","41,90003",False
2675849,8,30/01/2016T19:30:00,Strada Urbana,da specificare,,VIA DI TOR BELLA MONACA,,,pross. intersezione  V. Anderloni direz. G.R.A.,Veicolo in marcia contro ostacolo accidentale,Rettilineo,Una carreggiata a senso unico di marcia,Asciutto,Asfaltata,Verticale ed orizzontale,Nuvoloso,Normale,Sufficiente,Sufficiente,0,0,0,2,"12,62852","41,87609",True
2675840,5,30/01/2016T19:30:00,Strada Urbana,all'intersezione con,LARGO DOMENICO DE DOMINICIS,VIA DI PORTONACCIO,LARGO DOMENICO DE DOMINICIS,,,Scontro frontale/laterale DX fra veicoli in marcia,Intersezione stradale segnalata,Due carreggiate,Asciutto,Asfaltata,Verticale ed orizzontale,Sereno,Normale,Sufficiente,Sufficiente,0,0,0,3,"12,53602","41,90289",True
2675953,10,30/01/2016T19:30:00,Strada Urbana,all'intersezione con,VIA TUSCOLANA,VIA BIAGIO PETROCELLI,VIA TUSCOLANA,,,Scontro frontale/laterale SX fra veicoli in marcia,Incrocio,Due carreggiate,Asciutto,Asfaltata,Verticale ed orizzontale,Sereno,Normale,Sufficiente,Sufficiente,0,0,0,4,"12,60496","41,83551",True
2675323,12,30/01/2016T19:45:00,Strada Urbana,all'intersezione con,PIAZZALE CINA,VIA CANTON,PIAZZALE CINA,,,Scontro laterale fra veicoli in marcia,Incrocio,Una carreggiata a doppio senso,Asciutto,Asfaltata,Verticale ed orizzontale,Sereno,Scarso,Sufficiente,Sufficiente,0,0,0,3,"12,43294","41,80728",True
2677875,8,30/01/2016T19:45:00,,da specificare,,VIA DI FONTANA CANDIDA,,,nel tratto compreso tra i pali Acea n� 36 e 37,Investimento di pedone,,,,,,,,,,1,0,1,1,,,False
2675508,20,30/01/2016T20:20:00,,all'intersezione con,VIA ITALO PICCAGLI,VIA CASSIA,VIA ITALO PICCAGLI,,,Scontro frontale/laterale SX fra veicoli in marcia,,,,,,,,,,1,0,0,1,,,False
2676040,19,30/01/2016T20:40:00,Strada Urbana,in prossimit�,del civico n.,VIA TRIONFALE,,10600,,Tamponamento Multiplo,Rettilineo,Una carreggiata a doppio senso,Asciutto,Asfaltata,Orizzontale,Sereno,Normale,Buona,Sufficiente,0,0,0,5,"12,41217","41,95445",True
2676171,17,30/01/2016T21:30:00,Strada Urbana,in prossimit�,del civico n.,VIA GEROLAMO SERIPANDO,,36,,Tamponamento,Rettilineo,Una carreggiata a senso unico di marcia,Asciutto,Asfaltata,Assente,Nuvoloso,Scarso,Sufficiente,Sufficiente,0,0,0,2,"12,41818","41,92134",False
2675981,5,30/01/2016T22:30:00,,da specificare,,VIA TUSCOLANA,,,direzione centro prossimit� civico 444,Tamponamento,,,,,,,,,,2,0,0,0,"12,53413","41,87126",False
2675996,2,30/01/2016T22:45:00,Strada Urbana,all'intersezione con,VIA VALLE BORBERA,VIA VAL D'OSSOLA,VIA VALLE BORBERA,,,Scontro frontale/laterale DX fra veicoli in marcia,Intersezione stradale segnalata,Una carreggiata a senso unico di marcia,Asciutto,Asfaltata,Verticale ed orizzontale,Sereno,Scarso,Buona,Sufficiente,0,0,0,4,"12,52889","41,9353",True
2675570,20,30/01/2016T23:30:00,Provinciale entro l'abitato,all'intersezione semaforizzata con,VIA MANFREDI AZZARITA,VIA CASSIA,VIA MANFREDI AZZARITA,,,Scontro frontale/laterale DX fra veicoli in marcia,Intersezione semaforizzata,Una carreggiata a doppio senso,Asciutto,Asfaltata,Orizzontale,Nuvoloso,Scarso,Buona,Sufficiente,0,0,0,3,"12,44707","41,96303",True
2676281,7,31/01/2016T00:30:00,Strada Urbana,in corrispondenza,del civico n.,VIA GIORGIO PERLASCA,,50,,Veicolo in marcia contro ostacolo fisso,Rettilineo,Una carreggiata a doppio senso,Asciutto,Asfaltata,Verticale ed orizzontale,Sereno,Scarso,Buona,Insufficiente,0,0,0,1,"12,57045","41,90036",True
2676015,7,31/01/2016T00:50:00,,all'intersezione semaforizzata con,VIALE RONCHI,VIA PRENESTINA,VIALE RONCHI,,,Scontro frontale/laterale DX fra veicoli in marcia,,,,,,,,,,1,0,0,1,,,False
2675802,11,31/01/2016T01:00:00,Strada Urbana,da specificare,,VIA CRISTOFORO COLOMBO,,,carreggiata centrale alt. palo luce n. 153,Veicolo in marcia contro ostacolo fisso,Curva a visuale libera,Una carreggiata a senso unico di marcia,Asciutto,Asfaltata,Verticale ed orizzontale,Nuvoloso,Normale,Buona,Sufficiente,2,1,0,0,"12,49614","41,85797",False
2676431,12,31/01/2016T01:12:00,Strada Urbana,all'intersezione con,VIA DELLE TRE FONTANE,VIALE DEL PATTINAGGIO,VIA DELLE TRE FONTANE,,,Scontro laterale fra veicoli in marcia,Intersezione semaforizzata,Una carreggiata a doppio senso,Bagnato (umidit� in atto),Asfaltata,Verticale ed orizzontale,Nuvoloso,Scarso,Buona,Sufficiente,1,0,0,2,"12,47275","41,83957",False
2675555,20,31/01/2016T01:30:00,,da specificare,,VIA FLAMINIA,,,altezza civico 495,Scontro frontale fra veicoli in marcia,,,,,,,,,,1,0,0,2,,,False
2675235,12,31/01/2016T03:37:00,Strada Urbana,da specificare,,VIA CRISTOFORO COLOMBO,,,prossimit� palo ACEA 354 direzione Ostia,Scontro frontale/laterale SX fra veicoli in marcia,Rettilineo,Due carreggiate,Asciutto,Asfaltata,Verticale ed orizzontale,Nuvoloso,Scarso,Buona,Sufficiente,4,0,0,1,,,False
2676061,13,31/01/2016T04:00:00,,da specificare,,VIA OSTIENSE,,,ALT. GRA DIREZIONE ROMA,Veicolo in marcia contro ostacolo fisso,,,,,,,,,,0,0,0,0,,,False
2690035,18,31/01/2016T04:00:00,Strada Urbana,all'intersezione con,VIA DI VILLA TROILI,VIA AURELIA,VIA DI VILLA TROILI,,,Veicolo in marcia contro ostacolo accidentale,Intersezione stradale segnalata,Una carreggiata a senso unico di marcia,Bagnato (pioggia),Asfaltata,Verticale ed orizzontale,Nuvoloso,Scarso,Insufficiente,Inesistente,0,0,0,2,"12,40813","41,88899",True
2676034,13,31/01/2016T04:30:00,Strada Urbana,da specificare,,VIA OSTIENSE,,,altezza GRA direzione Roma,Veicolo in marcia contro ostacolo accidentale,Rettilineo,Una carreggiata a doppio senso,Asciutto,Asfaltata,Orizzontale,Sereno,Scarso,Buona,Inesistente,0,0,0,2,"12,45895","41,83686",False
2675992,10,31/01/2016T05:00:00,Strada Urbana,all'intersezione semaforizzata con,VIALE GIULIO AGRICOLA,VIA TUSCOLANA,VIALE GIULIO AGRICOLA,,,Scontro frontale/laterale DX fra veicoli in marcia,Intersezione semaforizzata,Due carreggiate,Asciutto,Asfaltata,Verticale ed orizzontale,Nuvoloso,Scarso,Buona,Sufficiente,3,0,0,0,"12,56245","41,85666",False
2678273,1,31/01/2016T05:20:00,Strada Urbana,all'intersezione semaforizzata con,VIALE MANZONI,VIA CONTE VERDE,VIALE MANZONI,,,Scontro frontale/laterale DX fra veicoli in marcia,Intersezione semaforizzata,Una carreggiata a doppio senso,Asciutto,Asfaltata,Verticale ed orizzontale,Nuvoloso,Scarso,Sufficiente,Sufficiente,3,0,0,3,"12,50869","41,89213",True
2675326,12,31/01/2016T05:30:00,Strada Urbana,in corrispondenza,del civico n.,VIA ALFONSINE,,8,,Veicolo in marcia contro ostacolo fisso,Rettilineo,Una carreggiata a doppio senso,Asciutto,Asfaltata,Verticale ed orizzontale,Nuvoloso,Scarso,Sufficiente,Sufficiente,1,0,0,0,"12,42621","41,78769",False
2690207,18,31/01/2016T07:15:00,Strada Urbana,in prossimit�,del civico n.,VIA GAETANO MAZZONI,,65,,Veicolo in marcia contro veicolo in sosta,Rettilineo,Una carreggiata a senso unico di marcia,Asciutto,Asfaltata,Verticale ed orizzontale,Sereno,Scarso,Buona,Ore Diurne,0,0,0,1,"12,39439","41,90782",True
2680644,18,31/01/2016T08:55:00,Strada Urbana,in prossimit�,del civico n.,VIA SUOR MARIA AGOSTINA,,73,,Veicoli in marcia contro veicolo fermo,Pendenza,Una carreggiata a doppio senso,Bagnato (pioggia),Asfaltata,Verticale,Nuvoloso,Normale,Buona,Ore Diurne,0,0,0,4,"12,39001","41,90506",True
2689952,18,31/01/2016T09:00:00,Strada Urbana,in prossimit�,del civico n.,VIA SUOR MARIA AGOSTINA,,71,,Ribaltamento senza urto contro ostacolo fisso,Pendenza,Una carreggiata a doppio senso,Bagnato (pioggia),Asfaltata,Verticale,Nuvoloso,Normale,Buona,Ore Diurne,1,0,0,0,"12,39033","41,90503",False
2675870,5,31/01/2016T09:30:00,Strada Urbana,in prossimit�,del civico n.,PIAZZA TOMMASO DE CRISTOFORIS,,8,,Investimento di pedone,Curva a visuale libera,Pi� di due carreggiate,Asciutto,Asfaltata,Verticale ed orizzontale,Nuvoloso,Scarso,Buona,Ore Diurne,1,0,0,1,"12,53478","41,90042",False
2687407,18,31/01/2016T09:30:00,Strada Urbana,in prossimit�,del civico n.,VIA AURELIA,,567,,Scontro laterale fra veicoli in marcia,Rettilineo,Una carreggiata a doppio senso,Asciutto,Asfaltata,Verticale ed orizzontale,Nuvoloso,Normale,Buona,Ore Diurne,2,0,0,0,"12,41905","41,89601",True
2688680,18,31/01/2016T10:20:00,Strada Urbana,all'intersezione semaforizzata con,VIA INNOCENZO XI,VIA GREGORIO VII,VIA INNOCENZO XI,,,Scontro frontale/laterale DX fra veicoli in marcia,Intersezione semaforizzata,Pi� di due carreggiate,Asciutto,Asfaltata,Verticale ed orizzontale,Nuvoloso,Normale,Sufficiente,Ore Diurne,1,0,0,1,"12,43965","41,89585",False
2675913,5,31/01/2016T10:50:00,Strada Urbana,in corrispondenza,del civico n.,VIA TIBURTINA,,661,,Investimento di pedone,Rettilineo,Due carreggiate,Asciutto,Asfaltata,Orizzontale,Nuvoloso,Normale,Buona,Ore Diurne,2,0,0,0,"12,54829","41,91041",True
2676169,19,31/01/2016T11:45:00,Strada Urbana,all'intersezione con,VIA STEFANO BORGIA,VIA PIETRO MAFFI,VIA STEFANO BORGIA,,,Investimento di pedone,Intersezione non regolata/non segnalata,Una carreggiata a doppio senso,Asciutto,Asfaltata,Verticale ed orizzontale,Sereno,Normale,Buona,Ore Diurne,2,0,0,1,"12,41903","41,92489",True
2675889,8,31/01/2016T12:45:00,Strada Urbana,in prossimit�,del civico n.,VIA DI PRATOLUNGO CASILINO,,8,,Scontro frontale/laterale SX fra veicoli in marcia,Rettilineo,Una carreggiata a doppio senso,Asciutto,Asfaltata,Assente,Nuvoloso,Normale,Buona,Ore Diurne,0,0,0,3,"12,66047","41,89068",False
2676168,2,31/01/2016T13:35:00,Strada Urbana,in prossimit�,del civico n.,PIAZZA EUCLIDE,,fr. 37,,Scontro frontale/laterale SX fra veicoli in marcia,Rettilineo,Due carreggiate,Asciutto,Asfaltata,Orizzontale,Nuvoloso,Scarso,Buona,Ore Diurne,0,0,0,2,"12,48148","41,92683",True
2675805,9,31/01/2016T13:55:00,Strada Urbana,in corrispondenza,del civico n.,VIA NOCERA UMBRA,,22,,Veicolo in marcia contro veicolo in sosta,Rettilineo,Due carreggiate,Asciutto,Asfaltata,Verticale ed orizzontale,Nuvoloso,Scarso,Buona,Ore Diurne,0,0,0,1,"12,52666","41,87691",True
2675884,8,31/01/2016T14:00:00,Strada Urbana,da specificare,,VIA DI TOR BELLA MONACA,,,IN PROSS. DISTRIBUTORE TOTAL,Scontro laterale fra veicoli in marcia,Rettilineo,Due carreggiate,Asciutto,Asfaltata,Verticale ed orizzontale,Nuvoloso,Normale,Buona,Ore Diurne,0,0,0,2,"12,62813","41,87636",True
2676214,17,31/01/2016T14:15:00,Strada Urbana,all'intersezione con,VIA DEI PENITENZIERI,LARGO ILDEBRANDO GREGORI,VIA DEI PENITENZIERI,,,Scontro frontale/laterale SX fra veicoli in marcia,Incrocio,Una carreggiata a senso unico di marcia,Bagnato (pioggia),Acciotolata,Verticale ed orizzontale,Pioggia in atto,Normale,Buona,Ore Diurne,1,0,0,2,,,False
2676081,13,31/01/2016T15:00:00,,all'intersezione con,VIA DEI PANFILI,VIALE VASCO DE GAMA,VIA DEI PANFILI,,,Scontro frontale/laterale DX fra veicoli in marcia,,,,,,,,,,0,0,0,2,,,False
2689042,18,31/01/2016T15:15:00,Strada Urbana,in prossimit�,del civico n.,VIA CORNELIA,,136,,Scontro laterale fra veicoli in marcia,Rettilineo,Una carreggiata a doppio senso,Bagnato (pioggia),Asfaltata,Assente,Pioggia in atto,Scarso,Buona,Ore Diurne,0,0,0,3,"12,39096","41,90338",True
2676995,23,31/01/2016T15:15:00,Strada Urbana,da specificare,,PONTE CAVOUR,,,circa 20 m dopo int. Lgt Mellini dir. V. Tomacelli,Scontro laterale fra veicoli in marcia,Rettilineo,Una carreggiata a doppio senso,Bagnato (pioggia),In cubetti di porfido,Orizzontale,Pioggia in atto,Normale,Buona,Ore Diurne,1,0,0,1,"12,47369","41,90501",True
2675438,10,31/01/2016T15:30:00,Strada Urbana,all'intersezione semaforizzata con,VIA DELLE CAPANNELLE,VIA APPIA NUOVA,VIA DELLE CAPANNELLE,,,Scontro laterale fra veicoli in marcia,Intersezione semaforizzata,Due carreggiate,Bagnato (pioggia),Asfaltata,Verticale ed orizzontale,Nuvoloso,Scarso,Buona,Ore Diurne,1,0,0,1,"12,56202","41,82462",True
2675867,8,31/01/2016T15:40:00,,all'intersezione con,VIA DEL PONTE DI PANTANO,VIA CASILINA,VIA DEL PONTE DI PANTANO,,,Tamponamento,,,,,,,,,,1,0,0,5,,,False
2676190,19,31/01/2016T15:45:00,Strada Urbana,all'intersezione con,VIA ROCCO PAGLIARA,VIA DI CASAL DEL MARMO,VIA ROCCO PAGLIARA,,,Scontro laterale fra veicoli in marcia,Intersezione stradale segnalata,Una carreggiata a doppio senso,Bagnato (pioggia),Asfaltata,Orizzontale,Pioggia in atto,Scarso,Buona,Ore Diurne,1,0,0,6,"12,38894","41,9421",True
2676353,12,31/01/2016T16:00:00,,da specificare,,VIA OSTIENSE,,,alt. parcheggio metro Magliana,Scontro laterale fra veicoli in marcia,,,,,,,,,,1,0,0,1,,,False
2675855,5,31/01/2016T16:15:00,Strada Urbana,da specificare,,NUOVA CIRCONVALLAZIONE INTERNA,,,direz.Salaria 200 mt prima access. da Portonaccio,Veicolo in marcia contro ostacolo fisso,Curva a visuale libera,Una carreggiata a senso unico di marcia,Bagnato (pioggia),Asfaltata,Verticale ed orizzontale,Pioggia in atto,Scarso,Buona,Ore Diurne,0,0,0,2,"12,53401","41,90608",True
2676389,1,31/01/2016T16:15:00,Strada Urbana,in prossimit�,del civico n.,PASSEGGIATA DEL GIANICOLO,,3,,Veicolo in marcia contro ostacolo fisso,Rettilineo,Una carreggiata a senso unico di marcia,Bagnato (umidit� in atto),Asfaltata,Verticale ed orizzontale,Nuvoloso,Scarso,Buona,Ore Diurne,1,0,0,0,,,False
2676378,4,31/01/2016T16:15:00,Strada Urbana,all'intersezione con,VIA RINO GAETANO,VIA MARIO SOLDATI,VIA RINO GAETANO,,,Scontro frontale/laterale SX fra veicoli in marcia,Incrocio,Una carreggiata a doppio senso,Bagnato (pioggia),Asfaltata,Verticale ed orizzontale,Nuvoloso,Normale,Buona,Ore Diurne,0,0,0,3,"12,53481","41,96983",True
2675847,9,31/01/2016T16:20:00,Strada Urbana,all'intersezione con,VIA MUZIO SCEVOLA,VIALE FURIO CAMILLO,VIA MUZIO SCEVOLA,,,Scontro laterale fra veicoli in marcia,Intersezione stradale segnalata,Due carreggiate,Asciutto,Asfaltata,Verticale ed orizzontale,Sereno,Normale,Buona,Ore Diurne,0,0,0,2,"12,52514","41,87615",True
2675988,20,31/01/2016T16:40:00,Regionale entro l'abitato,da specificare,,VIADOTTO GIUBILEO DEL 2000,,,direzione Labaro 30 mt dopo il GRA,Veicolo in marcia contro ostacolo fisso,Curva a visuale libera,Due carreggiate,Bagnato (umidit� in atto),Asfaltata,Verticale ed orizzontale,Nuvoloso,Normale,Buona,Ore Diurne,1,0,0,0,,,False
2675856,8,31/01/2016T18:00:00,,da specificare,,VIA ROCCAFORTE DEL GRECO,,,ALT. VIA ROCCA CENCIA,Investimento di pedone,,,,,,,,,,1,0,0,1,,,False
2675964,7,31/01/2016T18:10:00,Strada Urbana,in prossimit�,del civico n.,VIALE PALMIRO TOGLIATTI,,276,,Veicolo in marcia contro ostacolo fisso,Rettilineo,Due carreggiate,Asciutto,Asfaltata,Verticale ed orizzontale,Sereno,Normale,Sufficiente,Sufficiente,0,0,0,2,"12,56791","41,86623",True
2675838,8,31/01/2016T18:10:00,Strada Urbana,da specificare,,VIA DOMENICO PARASACCHI,,,prossimit� Via Vigan�,Veicolo in marcia contro ostacolo accidentale,Rettilineo,Una carreggiata a senso unico di marcia,Bagnato (pioggia),Asfaltata,Verticale ed orizzontale,Nuvoloso,Scarso,Sufficiente,Sufficiente,0,0,0,1,"12,63108","41,86603",True
2679454,12,31/01/2016T18:10:00,Strada Urbana,da specificare,,VIALE DI VAL FIORITA,,,LATERALE VIA FRUGONI ,Scontro frontale/laterale SX fra veicoli in marcia,Rettilineo,Due carreggiate,Bagnato (pioggia),Asfaltata,Verticale ed orizzontale,Nuvoloso,Normale,Buona,Sufficiente,0,0,0,5,"12,46576","41,84071",True
2675948,12,31/01/2016T19:00:00,,all'intersezione semaforizzata con,PIAZZALE DELLE NAZIONI UNITE,VIA CRISTOFORO COLOMBO,PIAZZALE DELLE NAZIONI UNITE,,,Scontro frontale/laterale SX fra veicoli in marcia,,,,,,,,,,1,0,0,3,,,False
2676060,16,31/01/2016T19:00:00,Strada Urbana,all'intersezione con,VIA DELLA PISANA,VIA DI BRAVETTA,VIA DELLA PISANA,,,Investimento di pedone,Intersezione stradale segnalata,Una carreggiata a doppio senso,Bagnato (umidit� in atto),Asfaltata,Verticale ed orizzontale,Nebbia,Normale,Buona,Sufficiente,2,0,0,1,"12,42599","41,87664",False
2676217,1,31/01/2016T19:00:00,Strada Urbana,all'intersezione con,VIA DELLA FERRATELLA IN LATERANO,LARGO DELL'AMBA ARADAM,VIA DELLA FERRATELLA IN LATERANO,,,Scontro laterale fra veicoli in marcia,Incrocio,Una carreggiata a senso unico alternato,Asciutto,Asfaltata,Verticale ed orizzontale,Nuvoloso,Normale,Sufficiente,Sufficiente,1,0,0,0,"12,50247","41,88534",False
2676074,19,31/01/2016T20:10:00,Strada Urbana,in prossimit�,del civico n.,VIA CHERASCO,,83,,Veicolo in marcia contro ostacolo fisso,Curva senza visuale libera,Una carreggiata a doppio senso,Asciutto,Asfaltata,Assente,Sereno,Scarso,Buona,Sufficiente,0,0,0,1,"12,35036","41,96135",True
2676831,6,31/01/2016T20:25:00,Strada Urbana,all'intersezione con,VIA DEI DURANTINI,VIA DEI MONTI TIBURTINI,VIA DEI DURANTINI,,,Scontro frontale/laterale SX fra veicoli in marcia,Incrocio,Due carreggiate,Asciutto,Asfaltata,Verticale ed orizzontale,Sereno,Scarso,Sufficiente,Sufficiente,1,0,0,1,,,False
2675782,15,31/01/2016T21:00:00,Strada Urbana,in prossimit�,del civico n.,VIA PORTUENSE,,799,,Veicolo in marcia contro veicoli in sosta,Rettilineo,Una carreggiata a doppio senso,Bagnato (pioggia),Asfaltata,Verticale ed orizzontale,Nuvoloso,Scarso,Buona,Sufficiente,0,0,0,1,"12,42162","41,84965",True
2679974,1,31/01/2016T21:00:00,Strada Urbana,in prossimit�,del civico n.,VIA DEI SERPENTI,,173,,Scontro laterale fra veicoli in marcia,Rettilineo,Una carreggiata a senso unico di marcia,Asciutto,Asfaltata,Verticale ed orizzontale,Sereno,Scarso,Sufficiente,Sufficiente,0,0,0,3,,,False
2675958,20,31/01/2016T21:30:00,Strada Urbana,in prossimit�,del civico n.,VIA VEIENTANA VETERE,,18,,Veicolo in marcia contro ostacolo fisso,Curva senza visuale libera,,,,,,,,,1,0,0,0,,,False