_ID,_Gruppo,_DataOraIncidente,_Localizzazione1,_Localizzazione2,_Strada1,_DaSpecificare,_NaturaIncidente,_ParticolaritaStrade,_TipoStrada,_FondoStradale,_Pavimentazione,_Segnaletica,_CondizioneAtmosferica,_Traffico,_Visibilita,_Illuminazione,_NUM_FERITI,_NUM_RISERVATA,_NUM_MORTI,_NUM_ILLESI,_Longitudine,_Latitudine,_CONFERMATO,__prefix,_Strada02,_Strada2,_Chilometrica
2676266,17,31/01/2016T23:00:00,Strada Urbana,in prossimit�,del civico n.,VIA ENNIO QUIRINO VISCONTI,,7,,Veicolo in marcia contro veicolo in sosta,Rettilineo,Una carreggiata a senso unico di marcia,Asciutto,Asfaltata,Verticale ed orizzontale,Sereno,Scarso,Buona,Sufficiente,0,0,0,1,"12,47191","41,90835",True
2676163,4,31/01/2016T23:30:00,Strada Urbana,da specificare,,VIA DI S. BASILIO,,,altezza fronte civico 19,Veicolo in marcia contro veicolo in sosta,Rettilineo,Una carreggiata a doppio senso,Asciutto,Asfaltata,Orizzontale,Nuvoloso,Scarso,Buona,Sufficiente,1,0,0,1,"12,48982","41,90505",False
2675975,10,31/01/2016T23:50:00,,in prossimit�,del civico n.,VIA DEI SETTE METRI,,68,,Tamponamento,,,,,,,,,,1,0,0,3,,,False
2676317,3,31/01/2016T23:50:00,Strada Urbana,all'intersezione semaforizzata con,VIA GIOVANNI PAISIELLO,VIALE GIOACCHINO ROSSINI,VIA GIOVANNI PAISIELLO,,,Veicolo in marcia contro ostacolo fisso,Incrocio,Due carreggiate,Bagnato (umidit� in atto),Asfaltata,Verticale ed orizzontale,Nuvoloso,Scarso,Sufficiente,Sufficiente,0,0,0,2,"12,49179","41,92076",False
2676185,16,01/02/2016T01:15:00,Strada Urbana,in prossimit�,del civico n.,VIA DELLA MAGLIANA,,305,,Veicolo in marcia contro ostacolo fisso,Curva a visuale libera,Una carreggiata a doppio senso,Bagnato (umidit� in atto),Asfaltata,Verticale ed orizzontale,Nuvoloso,Scarso,Sufficiente,Insufficiente,0,0,0,1,"12,45542","41,84283",True
2676024,7,01/02/2016T01:30:00,,da specificare,,VIA TIBURTINA,,,rampa Tangenziale direzione GRA,Tamponamento,,,,,,,,,,1,0,0,1,,,False
2675868,20,01/02/2016T01:35:00,Statale,da specificare,,VIA CASSIA,,,fronte palo Acea 309,Veicolo in marcia contro ostacolo fisso,Rettilineo,Due carreggiate,Asciutto,Asfaltata,Verticale ed orizzontale,Sereno,Scarso,Buona,Sufficiente,3,0,0,1,,,False
2676115,1,01/02/2016T02:00:00,Strada Urbana,all'intersezione con,PONTE SUBLICIO,LUNGOTEVERE AVENTINO,PONTE SUBLICIO,,,Scontro frontale/laterale SX fra veicoli in marcia,Intersezione semaforizzata,Una carreggiata a doppio senso,Bagnato (umidit� in atto),Asfaltata,Verticale ed orizzontale,Sereno,Scarso,Sufficiente,Sufficiente,3,0,0,0,"12,4756","41,88295",False
2676776,15,01/02/2016T06:45:00,Strada Urbana,da specificare,,VICOLO PIAN DUE TORRI,,,prossimit� intersez. con Via Pian Due Torri,Veicolo in marcia contro veicolo in sosta,Rettilineo,Una carreggiata a doppio senso,Asciutto,Asfaltata,Verticale,Sereno,Scarso,Sufficiente,Sufficiente,0,0,0,1,"12,46535","41,84821",True
2677844,1,01/02/2016T07:30:00,Strada Urbana,in prossimit�,del civico n.,VIA EMANUELE FILIBERTO,,178,,Scontro laterale fra veicoli in marcia,Rettilineo,Una carreggiata a doppio senso,Asciutto,Asfaltata,Verticale ed orizzontale,Sereno,Intenso,Buona,Ore Diurne,1,0,0,3,,,False
2675991,20,01/02/2016T07:45:00,Strada Urbana,in prossimit�,del civico n.,VIA BRACCIANENSE,,98,,Veicolo in marcia contro ostacolo accidentale,Curva a visuale libera,Una carreggiata a doppio senso,Asciutto,Asfaltata,Verticale ed orizzontale,Sereno,Normale,Buona,Ore Diurne,0,0,0,1,"12,36827","42,01102",True
2677386,19,01/02/2016T07:45:00,Strada Urbana,in prossimit�,del civico n.,VIA MARZIALE,,35,,Veicolo in marcia contro ostacolo fisso,Rettilineo,Una carreggiata a senso unico di marcia,Asciutto,Asfaltata,Assente,Sereno,Intenso,Buona,Ore Diurne,0,0,0,1,"12,44221","41,91259",True
2680751,18,01/02/2016T07:50:00,Strada Urbana,da specificare,,VIA MATTIA BATTISTINI,,,fronte civico 149A,Veicolo in marcia contro ostacolo fisso,Rettilineo,Una carreggiata a doppio senso,Asciutto,Asfaltata,Orizzontale,Sereno,Normale,Buona,Ore Diurne,0,0,0,1,"12,41843","41,91376",True
2677748,17,01/02/2016T07:55:00,Strada Urbana,all'intersezione con,VIA PASQUALE LEONARDI CATTOLICA,VIA GIUSEPPE PALUMBO,VIA PASQUALE LEONARDI CATTOLICA,,,Scontro frontale/laterale SX fra veicoli in marcia,Incrocio,Una carreggiata a senso unico di marcia,Bagnato (umidit� in atto),Asfaltata,Verticale ed orizzontale,Sereno,Normale,Buona,Ore Diurne,0,0,0,4,"12,4552","41,91445",False
2677621,16,01/02/2016T08:00:00,Strada Urbana,in corrispondenza,del civico n.,VIA IPPOLITO NIEVO,,58,,Investimento di pedone,Rettilineo,Due carreggiate,Bagnato (umidit� in atto),Asfaltata,Verticale ed orizzontale,Sereno,Normale,Buona,Ore Diurne,1,0,0,0,,,False
2677966,12,01/02/2016T08:15:00,Strada Urbana,in prossimit�,del civico n.,VIALE DON PASQUINO BORGHI,,180,,Scontro laterale fra veicoli in marcia,Rettilineo,Una carreggiata a doppio senso,Asciutto,Asfaltata,Verticale ed orizzontale,Sereno,Normale,Buona,Ore Diurne,0,0,0,3,"12,44373","41,81091",False
2690833,18,01/02/2016T08:20:00,Strada Urbana,in corrispondenza,del civico n.,VIA GREGORIO VII,,215,,Scontro laterale fra veicoli in marcia,Rettilineo,Due carreggiate,Asciutto,Asfaltata,Verticale ed orizzontale,Sereno,Normale,Buona,Ore Diurne,0,0,0,2,"12,44618","41,89531",False
2678068,17,01/02/2016T09:05:00,Strada Urbana,in corrispondenza,del civico n.,VIA ANASTASIO II,,307,,Investimento di pedone,Rettilineo,Due carreggiate,Bagnato (umidit� in atto),Asfaltata,Verticale ed orizzontale,Sereno,Intenso,Buona,Ore Diurne,0,0,0,2,,,False
2677284,8,01/02/2016T09:20:00,,da specificare,,VIALE HEIDELBERG,,,IN PROX. VIA MONTPELLIER,Investimento di pedone,,,,,,,,,,1,0,0,1,,,False
2677348,11,01/02/2016T09:20:00,Strada Urbana,all'intersezione semaforizzata con,VIA LEON PANCALDO,VIA DELLE SETTE CHIESE,VIA LEON PANCALDO,,,Investimento di pedone,Intersezione semaforizzata,Due carreggiate,Asciutto,Asfaltata,Verticale ed orizzontale,Sereno,Intenso,Buona,Ore Diurne,1,0,0,1,"12,50059","41,85968",False
2690603,18,01/02/2016T09:30:00,Strada Urbana,da specificare,,VIA NICOLO' V,,,prossimit� viale vaticano,Investimento di pedone,Rettilineo,Una carreggiata a senso unico di marcia,Asciutto,Asfaltata,Verticale ed orizzontale,Sereno,Scarso,Buona,Ore Diurne,0,0,0,2,"12,45049","41,90042",True
2676922,15,01/02/2016T09:45:00,,da specificare,,VIA DELLA MAGLIANA,,,prossimit� fronte civ. 80,Investimento di pedone,,,,,,,,,,2,0,0,1,"12,42401","41,83394",False
2679112,12,01/02/2016T10:10:00,Provinciale,da specificare,,VIA OSTIENSE,,,direzione Roma centro altezza GRA,Scontro laterale fra veicoli in marcia,Rettilineo,Una carreggiata a doppio senso,Asciutto,Asfaltata,Verticale ed orizzontale,Sereno,Intenso,Buona,Ore Diurne,1,0,0,1,"12,42003","41,80613",False
2677285,11,01/02/2016T10:40:00,Provinciale entro l'abitato,da specificare,,VIA ARDEATINA,,,prossimit� palo acea 48,Tamponamento,Rettilineo,Una carreggiata a doppio senso,Asciutto,Asfaltata,Verticale ed orizzontale,Nuvoloso,Normale,Buona,Ore Diurne,0,0,0,3,"12,51304","41,85362",True
2679773,12,01/02/2016T10:40:00,Strada Urbana,in corrispondenza,del civico n.,VIALE DELL'UMANESIMO,,42,,Tamponamento,Rettilineo,Una carreggiata a doppio senso,Asciutto,Asfaltata,Verticale ed orizzontale,Sereno,Normale,Buona,Ore Diurne,0,0,0,3,"12,47391","41,8221",True
2678452,1,01/02/2016T10:50:00,Strada Urbana,all'intersezione con,VIA GUERRIERI,VIALE DI PORTA ARDEATINA,VIA GUERRIERI,,,Tamponamento Multiplo,Incrocio,Una carreggiata a doppio senso,Asciutto,Asfaltata,Verticale ed orizzontale,Sereno,Normale,Buona,Ore Diurne,1,0,0,4,"12,49149","41,87481",True
2677464,4,01/02/2016T11:10:00,Strada Urbana,all'intersezione semaforizzata con,PIAZZA MENENIO AGRIPPA,VIA MAIELLA,PIAZZA MENENIO AGRIPPA,,,Investimento di pedone,Intersezione non regolata/non segnalata,Una carreggiata a senso unico di marcia,Asciutto,Asfaltata,Verticale ed orizzontale,Sereno,Normale,Buona,Ore Diurne,1,0,0,1,"12,53465","41,93511",False
2677240,10,01/02/2016T11:15:00,Strada Urbana,in prossimit�,del civico n.,VIA TUSCOLANA,,1019,,Tamponamento,Rettilineo,Una carreggiata a senso unico di marcia,Asciutto,Asfaltata,Orizzontale,Sereno,Normale,Buona,Ore Diurne,0,0,0,3,"12,56728","41,85421",True
2679833,12,01/02/2016T11:40:00,Strada Urbana,in prossimit�,del civico n.,VIA DELLE MONTAGNE ROCCIOSE,,72,,Scontro laterale fra veicoli in marcia,Rettilineo,Due carreggiate,Asciutto,Asfaltata,Verticale ed orizzontale,Sereno,Scarso,Buona,Ore Diurne,0,0,0,2,"12,47533","41,82556",True
2677647,2,01/02/2016T11:50:00,Strada Urbana,in prossimit�,del civico n.,CORSO TRIESTE,,133,,Tamponamento,Rettilineo,Una carreggiata a doppio senso,Asciutto,Asfaltata,Verticale ed orizzontale,Sereno,Normale,Buona,Ore Diurne,0,0,0,2,,,False
2691603,18,01/02/2016T12:00:00,Strada Urbana,in prossimit�,del civico n.,VIA BALDO DEGLI UBALDI,,249,,Veicolo in marcia contro ostacolo accidentale,Rettilineo,Due carreggiate,Asciutto,Asfaltata,Verticale ed orizzontale,Sereno,Normale,Buona,Ore Diurne,0,0,0,1,"12,4376","41,90073",False
2679858,12,01/02/2016T12:00:00,Strada Urbana,da specificare,,VIA PAGODA BIANCA,,,prox. via Cina,Scontro laterale fra veicoli in marcia,Rettilineo,Una carreggiata a senso unico di marcia,Asciutto,Asfaltata,Verticale ed orizzontale,Sereno,Normale,Buona,Ore Diurne,0,0,0,2,"12,43061","41,80937",True
2677295,11,01/02/2016T12:10:00,Strada Urbana,in corrispondenza,del civico n.,VIA GIULIO ARISTIDE SARTORIO,,102,,Scontro frontale/laterale SX fra veicoli in marcia,Rettilineo,Due carreggiate,Asciutto,Asfaltata,Verticale ed orizzontale,Sereno,Normale,Buona,Ore Diurne,0,0,0,2,"12,50621","41,85324",True
2677356,13,01/02/2016T12:20:00,Strada Urbana,in corrispondenza,del civico n.,VIA ERMANNO WOLF FERRARI,,280,,Veicolo in marcia contro ostacolo accidentale,Rettilineo,Una carreggiata a doppio senso,Asciutto,Asfaltata,Verticale,Sereno,Normale,Buona,Ore Diurne,0,0,0,2,"12,37278","41,75279",True
2676941,15,01/02/2016T12:30:00,Strada Urbana,da specificare,,VIA PIETRO FRATTINI,,,FRONTE CIV. 226,Scontro frontale/laterale DX fra veicoli in marcia,Rettilineo,Una carreggiata a doppio senso,Asciutto,Asfaltata,Verticale ed orizzontale,Sereno,Scarso,Buona,Ore Diurne,1,0,0,1,"12,44857","41,8502",True
2676470,10,01/02/2016T12:30:00,Strada Urbana,da specificare,,VIA DELLE CAPANNELLE,,,prossimita via dello scale delle capannelle,Veicolo in marcia contro ostacolo fisso,Curva senza visuale libera,Una carreggiata a doppio senso,Asciutto,Asfaltata,Verticale ed orizzontale,Sereno,Normale,Buona,Ore Diurne,3,0,0,1,,,False
2679376,18,01/02/2016T12:40:00,Strada Urbana,da specificare,,VIA DI CASTEL DI GUIDO,,,192 all'altezza di via Fosso delle Grotte,Veicolo in marcia contro ostacolo accidentale,Rettilineo,Una carreggiata a doppio senso,Asciutto,Asfaltata,Orizzontale,Sereno,Intenso,Buona,Ore Diurne,0,0,0,2,"12,2833","41,90325",True
2677269,8,01/02/2016T12:40:00,Strada Urbana,da specificare,,VIA DOMENICO PARASACCHI,,,ALT. VIA PLACIDI,Veicolo in marcia contro ostacolo accidentale,Pendenza,Una carreggiata a senso unico di marcia,Asciutto,Asfaltata,Verticale ed orizzontale,Sereno,Normale,Sufficiente,Ore Diurne,0,0,0,1,"12,63231","41,86692",True
2677292,8,01/02/2016T12:45:00,Statale entro l'abitato,all'intersezione con,VIA CARLO SANTARELLI,VIA CASILINA,VIA CARLO SANTARELLI,,,Scontro frontale/laterale DX fra veicoli in marcia,Incrocio,Una carreggiata a doppio senso,Asciutto,Asfaltata,Verticale ed orizzontale,Sereno,Normale,Sufficiente,Ore Diurne,1,0,0,2,,,False
2677669,2,01/02/2016T12:55:00,,in corrispondenza,del civico n.,VIA DEL FORO ITALICO,,491,,Tamponamento,,,,,,,,,,1,0,0,1,"12,49529","41,94006",False
2677294,11,01/02/2016T13:00:00,Strada Urbana,in prossimit�,del civico n.,VIA LAURENTINA,,7/C,,Veicolo in marcia contro veicoli in sosta,Rettilineo,Una carreggiata a senso unico di marcia,Asciutto,Asfaltata,Verticale ed orizzontale,Sereno,Normale,Buona,Ore Diurne,0,0,0,1,"12,47741","41,8511",True
2677481,4,01/02/2016T13:15:00,Strada Urbana,da specificare,,VIA DI CASAL BOCCONE,,,alla rotatoria con Via Ugo Ojetti,Scontro laterale fra veicoli in marcia,Rotatoria,Due carreggiate,Asciutto,Asfaltata,Verticale ed orizzontale,Sereno,Normale,Buona,Ore Diurne,0,0,0,2,"12,56118","41,95151",True
2676581,7,01/02/2016T13:30:00,Strada Urbana,all'intersezione con,VIA GUGLIELMO SANSONI,VIA SALVIATI,VIA GUGLIELMO SANSONI,,,Scontro laterale fra veicoli in marcia,Incrocio,Due carreggiate,Asciutto,Asfaltata,Assente,Sereno,Normale,Buona,Ore Diurne,0,0,0,2,"12,58325","41,90681",True
2677670,2,01/02/2016T13:45:00,,in prossimit�,del civico n.,VIA CHIANA,,112,,Scontro frontale/laterale SX fra veicoli in marcia,,,,,,,,,,1,0,0,1,,,False
2677682,2,01/02/2016T13:55:00,,all'intersezione con,VIA PIER DELLA FRANCESCA,VIALE DEL VIGNOLA,VIA PIER DELLA FRANCESCA,,,Scontro frontale/laterale SX fra veicoli in marcia,,,,,,,,,,1,0,0,2,,,False
2676897,6,01/02/2016T14:00:00,Strada Urbana,in corrispondenza,del civico n.,VIA CASILINA,,403,,Veicolo in marcia contro veicolo fermo,Rettilineo,Pi� di due carreggiate,Asciutto,Asfaltata,Verticale ed orizzontale,Sereno,Scarso,Buona,Ore Diurne,0,0,0,2,"12,53982","41,88118",True
2676653,20,01/02/2016T14:10:00,Strada Urbana,in prossimit�,del civico n.,VIALE DI TOR DI QUINTO,,113,,Tamponamento,Rettilineo,Pi� di due carreggiate,Asciutto,Asfaltata,Orizzontale,Sereno,Normale,Buona,Ore Diurne,1,0,0,2,,,False
2677275,5,01/02/2016T14:20:00,Strada Urbana,all'intersezione semaforizzata con,VIA DEI DURANTINI,VIA DEI MONTI TIBURTINI,VIA DEI DURANTINI,,,Scontro laterale fra veicoli in marcia,Incrocio,Due carreggiate,Asciutto,Asfaltata,Verticale ed orizzontale,Sereno,Normale,Buona,Ore Diurne,0,0,0,2,"12,54302","41,91714",True
2677270,13,01/02/2016T14:30:00,Strada Urbana,da specificare,,VIA DI CASTEL FUSANO,,,altezza Via del Mare,Tamponamento,Curva a visuale libera,Una carreggiata a doppio senso,Asciutto,Asfaltata,Verticale ed orizzontale,Sereno,Normale,Buona,Ore Diurne,1,0,0,2,"12,30484","41,75872",False
2677693,2,01/02/2016T14:40:00,Strada Urbana,da specificare,,VIA DEL FORO ITALICO,,,alt. palina fermata Atac n. 78166 dir. Stadio,Tamponamento,Rettilineo,Due carreggiate,Asciutto,Asfaltata,Verticale ed orizzontale,Sereno,Normale,Buona,Ore Diurne,0,0,0,2,"12,48104","41,94025",True
2677659,16,01/02/2016T14:45:00,,in prossimit�,del civico n.,PIAZZA DI S. PANCRAZIO,,9A,,Scontro frontale fra veicoli in marcia,,,,,,,,,,1,0,0,1,,,False
2679732,12,01/02/2016T14:45:00,Provinciale,da specificare,,VIA ARDEATINA,,,civ. 1188 (area parcheggio ristorante),Veicolo in marcia contro veicolo in sosta,Rettilineo,Una carreggiata a doppio senso,Asciutto,Asfaltata,Assente,Sereno,Scarso,Buona,Ore Diurne,0,0,0,1,"12,54079","41,77788",False
2677541,4,01/02/2016T14:55:00,Strada Urbana,in corrispondenza,del civico n.,VIA SEGGIANO,,5,,Veicolo in marcia contro veicolo in sosta,Rettilineo,Pi� di due carreggiate,Asciutto,Asfaltata,Verticale ed orizzontale,Sereno,Normale,Buona,Ore Diurne,0,0,0,1,"12,51522","41,95173",True
2676772,15,01/02/2016T15:10:00,Comunale extraurbana,in prossimit�,del civico n.,VIA DELLA MAGLIANA,,1171,,Scontro frontale/laterale DX fra veicoli in marcia,Curva a visuale libera,Una carreggiata a doppio senso,Asciutto,Asfaltata,Orizzontale,Sereno,Normale,Sufficiente,Ore Diurne,1,0,0,1,"12,36776","41,81976",False
2676764,19,01/02/2016T15:10:00,Strada Urbana,da specificare,,VIA TORRESINA,,,in corrispondenza della cunetta,Infortunio per caduta del veicolo,Curva a visuale libera,Una carreggiata a doppio senso,Asciutto,Asfaltata,Verticale ed orizzontale,Sereno,Normale,Buona,Ore Diurne,1,0,0,0,"12,40247","41,92769",True
2677705,2,01/02/2016T15:10:00,,all'intersezione con,VIA ANTONIO BERTOLONI,PIAZZA PITAGORA,VIA ANTONIO BERTOLONI,,,Scontro laterale fra veicoli in marcia,,,,,,,,,,1,0,0,2,"12,49004","41,92199",False
2677241,5,01/02/2016T15:20:00,Strada Urbana,da specificare,,VIALE PALMIRO TOGLIATTI,,,p.t� svincolo A24 dir. Tiburtina ,Scontro laterale fra veicoli in marcia,Rettilineo,Due carreggiate,Asciutto,Asfaltata,Verticale ed orizzontale,Sereno,Normale,Buona,Ore Diurne,1,0,0,0,"12,57297","41,90851",False
2677960,18,01/02/2016T15:30:00,Statale,in prossimit�,del civico n.,VIA AURELIA,,770,,Scontro laterale fra veicoli in marcia,Rettilineo,Due carreggiate,Asciutto,Asfaltata,Verticale ed orizzontale,Sereno,Normale,Buona,Ore Diurne,0,0,0,2,"12,41255","41,89055",True
2676863,7,01/02/2016T15:35:00,Strada Urbana,da specificare,,VIA GIUSEPPE ROSATI,,,in prossimit� di via De Pisis,Scontro laterale fra veicoli in marcia,Pendenza,Una carreggiata a senso unico di marcia,Asciutto,Asfaltata,Assente,Sereno,Normale,Buona,Ore Diurne,0,0,0,3,"12,5896","41,89964",True
2677331,11,01/02/2016T16:00:00,Strada Urbana,all'intersezione con,VIA DEI GEORGOFILI,VIA ANDREA MANTEGNA,VIA DEI GEORGOFILI,,,Tamponamento,Incrocio,Pi� di due carreggiate,Asciutto,Asfaltata,Verticale ed orizzontale,Sereno,Normale,Buona,Ore Diurne,1,0,0,1,"12,49387","41,85193",True
2677874,1,01/02/2016T16:28:00,Strada Urbana,in prossimit�,del civico n.,VIA SALLUSTIANA,,49,,Veicolo in marcia contro veicolo in sosta,Rettilineo,Una carreggiata a senso unico di marcia,Asciutto,Acciotolata,Verticale ed orizzontale,Nuvoloso,Normale,Buona,Ore Diurne,0,0,0,1,"12,49144","41,90603",False
2676947,19,01/02/2016T16:30:00,Strada Urbana,da specificare,,VIA CESARE CASTIGLIONI,,,area parcheggio fronte fm3,Scontro frontale/laterale SX fra veicoli in marcia,Rettilineo,Una carreggiata a senso unico di marcia,Asciutto,Asfaltata,Assente,Sereno,Normale,Buona,Ore Diurne,0,0,0,2,"12,42312","41,93713",True
2679730,12,01/02/2016T16:30:00,Strada Urbana,da specificare,,VIA DOMENICO SANSOTTA,,,ALTEZZA PIAZZA HAZON,Veicolo in marcia contro ostacolo fisso,Rettilineo,Due carreggiate,Asciutto,Asfaltata,Assente,Sereno,Scarso,Buona,Ore Diurne,0,0,0,1,"12,4367","41,81778",True
2682866,18,01/02/2016T16:30:00,Strada Urbana,all'intersezione con,VIA DI VAL CANNUTA,VIA DI BOCCEA,VIA DI VAL CANNUTA,,,Scontro frontale/laterale DX fra veicoli in marcia,Incrocio,Una carreggiata a doppio senso,Asciutto,Asfaltata,Verticale ed orizzontale,Sereno,Intenso,Buona,Ore Diurne,0,0,0,3,"12,41635","41,9035",True
2678474,1,01/02/2016T16:50:00,Strada Urbana,in prossimit�,del civico n.,VIA DOMENICO FONTANA,,32,,Investimento di pedone,Rettilineo,Una carreggiata a senso unico di marcia,Asciutto,Asfaltata,Verticale ed orizzontale,Nuvoloso,Normale,Buona,Ore Diurne,2,0,0,1,,,False
2677427,13,01/02/2016T17:15:00,Strada Urbana,da specificare,,VIADOTTO ZELIA NUTTALL,,,.,Tamponamento,Rettilineo,Una carreggiata a senso unico di marcia,Asciutto,Asfaltata,Verticale ed orizzontale,Sereno,Normale,Buona,Ore Diurne,1,0,0,0,"12,33652","41,77457",False
2691480,18,01/02/2016T17:15:00,Statale,in prossimit�,della chilometrica,VIA AURELIA,,8.7,,Tamponamento,Rettilineo,Due carreggiate,Asciutto,Asfaltata,Verticale ed orizzontale,Sereno,Normale,Buona,Ore Diurne,0,0,0,2,"12,41345","41,89141",True
2677274,11,01/02/2016T17:15:00,Strada Urbana,all'intersezione semaforizzata con,VIA EFESO,VIALE GUGLIELMO MARCONI,VIA EFESO,,,Scontro frontale fra veicoli in marcia,Incrocio,Pi� di due carreggiate,Asciutto,Asfaltata,Verticale ed orizzontale,Sereno,Intenso,Buona,Ore Diurne,1,0,0,1,"12,47246","41,8539",False
2677673,17,01/02/2016T17:20:00,Strada Urbana,da specificare,,VIALE DELLE MEDAGLIE D'ORO,,,in prossimit� di p.le degli Eroi,Tamponamento Multiplo,Rettilineo,Una carreggiata a doppio senso,Asciutto,Asfaltata,Verticale ed orizzontale,Sereno,Normale,Buona,Sufficiente,0,0,0,6,"12,44856","41,90951",True
2679720,12,01/02/2016T17:30:00,Provinciale,da specificare,,VIA DI PRATICA,,,dir.Pomezia prox km 1.700,Fuoriuscita dalla sede stradale,Curva a visuale libera,Una carreggiata a doppio senso,Asciutto,Asfaltata,Verticale ed orizzontale,Sereno,Normale,Insufficiente,Insufficiente,0,0,0,2,"12,43218","41,70145",True
2677628,1,01/02/2016T18:00:00,Strada Urbana,in prossimit�,del civico n.,VIA MERULANA,,24,,Scontro frontale/laterale SX fra veicoli in marcia,Rettilineo,Una carreggiata a doppio senso,Asciutto,Asfaltata,Verticale ed orizzontale,Sereno,Normale,Buona,Sufficiente,1,0,0,1,"12,49986","41,89596",False
2691669,18,01/02/2016T18:00:00,Strada Urbana,all'intersezione con,VIA DI BOCCEA,PIAZZA DEI GIURECONSULTI,VIA DI BOCCEA,,,Tamponamento Multiplo,Intersezione non regolata/non segnalata,Una carreggiata a doppio senso,Asciutto,Asfaltata,Verticale ed orizzontale,Sereno,Intenso,Buona,Sufficiente,0,0,0,4,"12,42561","41,90196",True
2676969,10,01/02/2016T18:15:00,Statale entro l'abitato,all'intersezione semaforizzata con,VIA ACERENZA,VIA APPIA NUOVA,VIA ACERENZA,,,Scontro frontale/laterale SX fra veicoli in marcia,Intersezione semaforizzata,Pi� di due carreggiate,Asciutto,Asfaltata,Verticale ed orizzontale,Sereno,Normale,Sufficiente,Sufficiente,3,0,0,0,"12,55158","41,8418",True
2678968,12,01/02/2016T18:15:00,Strada Urbana,da specificare,,VIA PADRE GIOVANNI ANTONIO FILIPPINI,,,in prossimit� via B.V. del Carmelo,Veicolo in marcia contro ostacolo accidentale,Rettilineo,Una carreggiata a doppio senso,Asciutto,Con buche,Verticale ed orizzontale,Nevicata in atto,Scarso,Buona,Sufficiente,0,0,0,1,"12,437","41,80717",True
2677773,7,01/02/2016T18:45:00,Strada Urbana,in corrispondenza,del civico n.,VIA GALATEA,,5,,Veicolo in marcia contro ostacolo fisso,Rettilineo,Una carreggiata a doppio senso,Asciutto,Asfaltata,Assente,Sereno,Scarso,Sufficiente,Sufficiente,0,0,0,1,"12,61102","41,91251",True
2677022,15,01/02/2016T19:00:00,Strada Urbana,in prossimit�,del civico n.,VIALE GUGLIELMO MARCONI,,139,,Veicolo in marcia contro veicolo fermo,Rettilineo,Due carreggiate,Asciutto,Asfaltata,Assente,Sereno,Normale,Buona,Sufficiente,0,0,0,2,"12,46889","41,86679",True
2677707,2,01/02/2016T19:10:00,,da specificare,,VIA DELL'AGONISTICA,,,alt. via del Pentathlon,Veicolo in marcia contro ostacolo accidentale,,,,,,,,,,1,0,0,0,,,False
2691445,18,01/02/2016T19:10:00,Strada Urbana,in prossimit�,del civico n.,VIA AURELIA,,768,,Scontro laterale fra veicoli in marcia,Rettilineo,Due carreggiate,Asciutto,Asfaltata,Verticale ed orizzontale,Sereno,Intenso,Sufficiente,Sufficiente,1,0,0,2,"12,4129","41,89146",True
2677279,8,01/02/2016T19:10:00,Strada Urbana,all'intersezione con,VIA COLUMBIA,VIALE DELLA SORBONA,VIA COLUMBIA,,,Fuoriuscita dalla sede stradale,Rotatoria,Una carreggiata a senso unico di marcia,Asciutto,Asfaltata,Verticale ed orizzontale,Sereno,Scarso,Buona,Insufficiente,1,0,0,0,"12,61206","41,85464",False
2678441,1,01/02/2016T19:15:00,Strada Urbana,da specificare,,PONTE SUBLICIO,,,fronte deposito ama,Veicolo in marcia contro ostacolo accidentale,Rettilineo,Una carreggiata a doppio senso,Asciutto,In cubetti di porfido,Verticale ed orizzontale,Sereno,Normale,Sufficiente,Sufficiente,1,0,0,0,,,False
2678266,17,01/02/2016T19:20:00,Strada Urbana,in prossimit�,del civico n.,VIA DEGLI SCIPIONI,,147,,Scontro frontale fra veicoli in marcia,Rettilineo,Una carreggiata a senso unico di marcia,Asciutto,Asfaltata,Verticale ed orizzontale,Sereno,Scarso,Sufficiente,Sufficiente,0,0,0,2,"12,46011","41,90915",True
2677734,2,01/02/2016T19:30:00,Strada Urbana,in prossimit�,del civico n.,VIA ALESSANDRIA,,108,,Scontro laterale fra veicoli in marcia,Rettilineo,Una carreggiata a senso unico di marcia,Asciutto,Asfaltata,Verticale ed orizzontale,Sereno,Normale,Buona,Ore Diurne,0,0,0,2,"12,50292","41,91205",True
2679037,12,01/02/2016T19:40:00,Strada Urbana,in prossimit�,del civico n.,VIA FIUME BIANCO,,26,,Investimento di pedone,Rettilineo,Una carreggiata a doppio senso,Asciutto,Asfaltata,Verticale ed orizzontale,Sereno,Scarso,Sufficiente,Sufficiente,1,0,0,1,"12,44003","41,81548",False
2677276,8,01/02/2016T19:45:00,,all'intersezione con,VIA SALEMI,VIA PARTANNA,VIA SALEMI,,,Scontro frontale/laterale SX fra veicoli in marcia,,,,,,,,,,2,0,0,0,,,False