_ID,_Gruppo,_DataOraIncidente,_Localizzazione1,_Localizzazione2,_Strada1,_DaSpecificare,_NaturaIncidente,_ParticolaritaStrade,_TipoStrada,_FondoStradale,_Pavimentazione,_Segnaletica,_CondizioneAtmosferica,_Traffico,_Visibilita,_Illuminazione,_NUM_FERITI,_NUM_RISERVATA,_NUM_MORTI,_NUM_ILLESI,_Longitudine,_Latitudine,_CONFERMATO,__prefix,_Strada02,_Strada2,_Chilometrica
2677428,17,01/02/2016T20:35:00,Strada Urbana,in prossimit�,del civico n.,VIALE ANGELICO,,301,,Investimento di pedone,Rettilineo,,Asciutto,Asfaltata,Verticale ed orizzontale,Sereno,Scarso,Sufficiente,Sufficiente,2,0,0,0,,,False
2677220,7,01/02/2016T21:00:00,Strada Urbana,all'intersezione con,VIA ACHILLE VERTUNNI,VIA COLLATINA,VIA ACHILLE VERTUNNI,,,Scontro frontale/laterale SX fra veicoli in marcia,Incrocio,Una carreggiata a doppio senso,Asciutto,Asfaltata,Verticale ed orizzontale,Sereno,Normale,Sufficiente,Sufficiente,0,0,0,3,"12,61507","41,90423",True
2677776,2,01/02/2016T22:00:00,,in prossimit�,del civico n.,LUNGOTEVERE DELLE NAVI,,21,,Scontro laterale fra veicoli in marcia,,,,,,,,,,1,0,0,1,,,False
2678107,3,01/02/2016T22:45:00,,in corrispondenza,del civico n.,VIA TIBURTINA,,205,,Scontro frontale/laterale SX fra veicoli in marcia,,,,,,,,,,0,0,0,4,,,False
2691416,18,01/02/2016T22:45:00,Strada Urbana,in prossimit�,del civico n.,VIA DI BOCCEA,,306,,Scontro laterale fra veicoli in marcia,Rettilineo,Una carreggiata a doppio senso,Bagnato (umidit� in atto),Asfaltata,Verticale ed orizzontale,Nuvoloso,Scarso,Sufficiente,Sufficiente,1,0,0,1,"12,41644","41,90361",False
2678369,1,01/02/2016T23:40:00,Strada Urbana,in prossimit�,del civico n.,VIA SESSORIANA,,2a,,Veicolo in marcia contro veicoli in sosta,Rettilineo,Una carreggiata a senso unico di marcia,Asciutto,Asfaltata,Verticale ed orizzontale,Sereno,Scarso,Buona,Sufficiente,0,0,0,0,,,False
2677291,11,01/02/2016T23:50:00,Strada Urbana,all'intersezione con,VIA DI CASAL PALOCCO,VIA CRISTOFORO COLOMBO,VIA DI CASAL PALOCCO,,,Scontro frontale/laterale DX fra veicoli in marcia,Intersezione semaforizzata,Pi� di due carreggiate,Asciutto,Asfaltata,Verticale ed orizzontale,Sereno,Scarso,Buona,Sufficiente,3,0,0,0,"12,35739","41,74532",False
2679231,17,02/02/2016,Strada Urbana,in prossimit�,del civico n.,VIA SANTAMAURA,,2a,,Veicolo in marcia contro veicolo in sosta,Rettilineo,Una carreggiata a senso unico di marcia,Asciutto,In cubetti di porfido,Verticale ed orizzontale,Sereno,Normale,Buona,Ore Diurne,0,0,0,1,"12,45422","41,90744",False
2677339,19,02/02/2016T01:30:00,Strada Urbana,da specificare,,VIA UGO DE CAROLIS,,,prossimit� LARGO DAMIANO CHIESA,Veicolo in marcia contro veicoli in sosta,Rettilineo,Una carreggiata a doppio senso,Asciutto,Asfaltata,Verticale ed orizzontale,Sereno,Scarso,Buona,Sufficiente,0,0,0,1,"12,43843","41,91915",True
2678419,1,02/02/2016T03:15:00,Strada Urbana,in prossimit�,del palo luce n.,PIAZZA FARNESE,,51,,Veicolo in marcia contro ostacolo fisso,Rettilineo,Una carreggiata a senso unico di marcia,Asciutto,Lastricata,Assente,Sereno,Scarso,Buona,Sufficiente,0,0,0,1,,,False
2691443,18,02/02/2016T05:00:00,Strada Urbana,all'intersezione con,VIA GIUSEPPE PIOLTI DE' BIANCHI,LARGO BEATA TERESA VERZERI,VIA GIUSEPPE PIOLTI DE' BIANCHI,,,Scontro frontale/laterale SX fra veicoli in marcia,Incrocio,Una carreggiata a doppio senso,Bagnato (umidit� in atto),Asfaltata,Assente,Sereno,Scarso,Buona,Sufficiente,1,0,0,1,"12,39479","41,91171",True
2678149,16,02/02/2016T07:10:00,Strada Urbana,all'intersezione con,PIAZZA OTTAVILLA,VIA FONTEIANA,PIAZZA OTTAVILLA,,,Scontro frontale/laterale SX fra veicoli in marcia,Intersezione stradale segnalata,Una carreggiata a doppio senso,Bagnato (umidit� in atto),Asfaltata,Verticale ed orizzontale,Sereno,Normale,Sufficiente,Ore Diurne,0,1,0,2,"12,45437","41,8806",False
2677877,6,02/02/2016T07:15:00,Strada Urbana,in prossimit�,del civico n.,VIA CHERSO,,148,,Scontro laterale fra veicoli in marcia,Rettilineo,Una carreggiata a doppio senso,Asciutto,Asfaltata,Orizzontale,Sereno,Scarso,Buona,Ore Diurne,0,0,0,3,"12,56132","41,89615",True
2677392,7,02/02/2016T07:45:00,Strada Urbana,all'intersezione con,VIA DELLE BETULLE,VIA DELLE ROSE,VIA DELLE BETULLE,,,Scontro frontale/laterale SX fra veicoli in marcia,Incrocio,Due carreggiate,Asciutto,Asfaltata,Verticale ed orizzontale,Sereno,Normale,Buona,Ore Diurne,2,0,0,1,"12,56292","41,8898",True
2677483,19,02/02/2016T07:50:00,Strada Urbana,all'intersezione con,VIA PASQUALE II,PIAZZA CLEMENTE XI,VIA PASQUALE II,,,Scontro frontale/laterale DX fra veicoli in marcia,Rotatoria,Una carreggiata a senso unico di marcia,Asciutto,Asfaltata,Verticale ed orizzontale,Sereno,Normale,Buona,Ore Diurne,0,0,0,2,"12,41451","41,91402",True
2679529,12,02/02/2016T08:20:00,Provinciale,da specificare,,VIA OSTIENSE,,,altezza rampa G.R.A. dir. Ostia,Tamponamento,Rettilineo,Una carreggiata a senso unico di marcia,Asciutto,Asfaltata,Verticale ed orizzontale,Sereno,Intenso,Buona,Ore Diurne,0,0,0,3,,,False
2678492,9,02/02/2016T08:40:00,Strada Urbana,in prossimit�,del civico n.,VIA TUSCOLANA,,199/b,,Scontro frontale/laterale SX fra veicoli in marcia,Rettilineo,Una carreggiata a doppio senso,Asciutto,Asfaltata,Orizzontale,Sereno,Normale,Buona,Ore Diurne,0,0,0,3,"12,52262","41,87901",False
2678789,11,02/02/2016T08:45:00,Strada Urbana,all'intersezione con,VIA DEI CADUTI SENZA CROCE,VIA OSTIENSE,VIA DEI CADUTI SENZA CROCE,,,Scontro frontale/laterale DX fra veicoli in marcia,Intersezione stradale segnalata,Una carreggiata a senso unico di marcia,Asciutto,Asfaltata,Verticale ed orizzontale,Sereno,Normale,Buona,Ore Diurne,1,0,0,1,"12,4751","41,84995",True
2678116,1,02/02/2016T08:45:00,Strada Urbana,all'intersezione con,VIA DOMENICO FONTANA,VIA EMANUELE FILIBERTO,VIA DOMENICO FONTANA,,,Scontro laterale fra veicoli in marcia,Incrocio,Una carreggiata a doppio senso,Asciutto,Asfaltata,Verticale ed orizzontale,Sereno,Normale,Buona,Ore Diurne,0,0,0,4,"12,50781","41,88808",True
2677928,6,02/02/2016T08:45:00,Strada Urbana,all'intersezione con,VIA CORI,VIA TEANO,VIA CORI,,,Scontro frontale/laterale DX fra veicoli in marcia,Incrocio,Una carreggiata a doppio senso,Asciutto,Asfaltata,Orizzontale,Sereno,Normale,Buona,Ore Diurne,1,0,0,1,,,False
2677546,9,02/02/2016T08:45:00,Strada Urbana,all'intersezione con,VIA FOLIGNO,VIA TARANTO,VIA FOLIGNO,,,Scontro laterale fra veicoli in marcia,Incrocio,Una carreggiata a doppio senso,Asciutto,Asfaltata,Verticale ed orizzontale,Sereno,Intenso,Buona,Ore Diurne,2,0,0,1,,,False
2679203,17,02/02/2016T08:55:00,Strada Urbana,in prossimit�,del palo luce n.,PIAZZA DELLA LIBERTA',,17,,Scontro laterale fra veicoli in marcia,Pendenza,Una carreggiata a senso unico di marcia,Asciutto,Asfaltata,Verticale ed orizzontale,Sereno,Normale,Buona,Ore Diurne,0,0,0,2,,,False
2677568,10,02/02/2016T09:00:00,Strada Urbana,in prossimit�,del palo luce n.,VIA FRANCESCO GENTILE,,39,,Scontro laterale fra veicoli in marcia,Rettilineo,Una carreggiata a doppio senso,Asciutto,Asfaltata,Orizzontale,Sereno,Normale,Buona,Ore Diurne,0,0,0,5,"12,58564","41,85436",True
2678844,13,02/02/2016T09:40:00,Strada Urbana,in corrispondenza,del civico n.,VIA ALGAJOLA,,14,,Veicolo in marcia contro ostacolo fisso,Rettilineo,Una carreggiata a doppio senso,Asciutto,Asfaltata,Verticale,Sereno,Normale,Buona,Ore Diurne,0,0,0,1,"12,29143","41,72634",True
2691502,18,02/02/2016T09:40:00,,in prossimit�,del civico n.,VIA GIACINTO DE VECCHI PIERALICE,,24,,Investimento di pedone,,,,,,,,,,1,0,0,2,"12,44025","41,90034",False
2678963,4,02/02/2016T09:50:00,Strada Urbana,in prossimit�,del civico n.,VIALE CARNARO,,4/A,,Scontro laterale fra veicoli in marcia,Rettilineo,Una carreggiata a senso unico di marcia,Asciutto,Asfaltata,Verticale ed orizzontale,Sereno,Normale,Buona,Ore Diurne,0,0,0,2,"12,53791","41,93589",True
2680785,12,02/02/2016T09:50:00,Strada Urbana,in corrispondenza,del civico n.,VIALE AMERICA,,111,,Scontro frontale/laterale DX fra veicoli in marcia,Rettilineo,Una carreggiata a doppio senso,Asciutto,Asfaltata,Verticale ed orizzontale,Sereno,Normale,Buona,Ore Diurne,1,0,0,1,,,False
2678938,20,02/02/2016T09:50:00,Strada Urbana,all'intersezione semaforizzata con,VIA FLAMINIA,CORSO DI FRANCIA,VIA FLAMINIA,,,Scontro laterale fra veicoli in marcia,Intersezione semaforizzata,Due carreggiate,Asciutto,Asfaltata,Verticale ed orizzontale,Sereno,Intenso,Buona,Ore Diurne,1,0,0,2,,,False
2678823,8,02/02/2016T10:00:00,Strada Urbana,in prossimit�,del civico n.,VIA ANDREA NOALE,,178,,Tamponamento,Rettilineo,Una carreggiata a doppio senso,Asciutto,Asfaltata,Verticale ed orizzontale,Sereno,Normale,Buona,Ore Diurne,0,0,0,2,"12,61961","41,91229",True
2677671,1,02/02/2016T10:00:00,Strada Urbana,in prossimit�,del civico n.,VIA DEL BOSCHETTO,,39,,Scontro laterale fra veicoli in marcia,Rettilineo,Una carreggiata a senso unico di marcia,Asciutto,Asfaltata,Verticale ed orizzontale,Sereno,Normale,Buona,Ore Diurne,0,0,0,2,,,False
2679771,12,02/02/2016T10:00:00,Strada Urbana,da specificare,,VIA CRISTOFORO COLOMBO,,,dir. Gra alt. P.le G. Marconi ,Scontro laterale fra veicoli in marcia,Rotatoria,Due carreggiate,Asciutto,Asfaltata,Verticale ed orizzontale,Sereno,Scarso,Buona,Ore Diurne,1,0,0,1,"12,47051","41,83332",False
2678835,8,02/02/2016T10:15:00,Strada Urbana,in prossimit�,del civico n.,VIA CASILINA,,1088/c,,Veicoli in marcia contro veicolo fermo,Rettilineo,Una carreggiata a doppio senso,Asciutto,Asfaltata,Assente,Sereno,Scarso,Buona,Ore Diurne,0,0,0,2,"12,59372","41,86711",False
2678188,4,02/02/2016T10:15:00,Strada Urbana,all'intersezione con,VIA GIOVANNI CONTI,VIA MONTE MASSICO,VIA GIOVANNI CONTI,,,Investimento di pedone,Intersezione non regolata/non segnalata,Due carreggiate,Asciutto,Asfaltata,Verticale ed orizzontale,Sereno,Normale,Buona,Ore Diurne,1,0,0,1,"12,53196","41,9513",False
2677922,19,02/02/2016T10:20:00,Strada Urbana,in corrispondenza,del civico n.,VIALE DELLE MEDAGLIE D'ORO,,250,,Veicolo in marcia contro veicolo fermo,Rettilineo,Una carreggiata a doppio senso,Asciutto,Asfaltata,Assente,Sereno,Normale,Buona,Ore Diurne,2,0,0,1,"12,44242","41,91806",True
2677793,7,02/02/2016T10:50:00,Strada Urbana,all'intersezione con,VIA NAIDE,VIA DAMETA,VIA NAIDE,,,Scontro frontale/laterale DX fra veicoli in marcia,Incrocio,Due carreggiate,Asciutto,Asfaltata,Verticale ed orizzontale,Sereno,Normale,Buona,Ore Diurne,0,0,0,3,"12,60705","41,91679",True
2679438,23,02/02/2016T11:00:00,Strada Urbana,in prossimit�,del palo luce n.,PIAZZALE GIUSEPPE GARIBALDI,,21,,Veicolo in marcia contro veicolo in sosta,Rettilineo,Una carreggiata a doppio senso,Asciutto,Asfaltata,Verticale ed orizzontale,Sereno,Scarso,Buona,Ore Diurne,0,0,0,1,"12,46072","41,8913",False
2679765,1,02/02/2016T11:15:00,Strada Urbana,in corrispondenza,del civico n.,VIALE MARCO POLO,,89,,Scontro frontale fra veicoli in marcia,Rettilineo,Una carreggiata a doppio senso,Asciutto,Asfaltata,Verticale ed orizzontale,Sereno,Normale,Buona,Ore Diurne,0,0,0,2,"12,48918","41,87291",False
2691462,18,02/02/2016T11:15:00,Strada Urbana,all'intersezione con,VIA ALESSANDRO NERONI,VIA CORNELIA,VIA ALESSANDRO NERONI,,,Scontro laterale fra veicoli in marcia,Intersezione stradale segnalata,Una carreggiata a doppio senso,Asciutto,Asfaltata,Verticale ed orizzontale,Sereno,Normale,Buona,Ore Diurne,1,0,0,1,"12,38983","41,9005",False
2678764,5,02/02/2016T11:30:00,Strada Urbana,all'intersezione semaforizzata con,VIA DEL PEPERINO,VIA DI PIETRALATA,VIA DEL PEPERINO,,,Scontro frontale/laterale DX fra veicoli in marcia,Intersezione semaforizzata,Una carreggiata a doppio senso,Asciutto,Asfaltata,Verticale ed orizzontale,Sereno,Normale,Buona,Ore Diurne,2,0,0,2,"12,55506","41,91777",False
2691825,18,02/02/2016T11:30:00,Strada Urbana,in prossimit�,del civico n.,VIA DELLA CELLULOSA,,48,,Tamponamento,Rettilineo,Una carreggiata a doppio senso,Asciutto,Asfaltata,Assente,Sereno,Scarso,Buona,Ore Diurne,0,0,0,2,"12,36522","41,92105",False
2678925,19,02/02/2016T11:30:00,Strada Urbana,da specificare,,VIA EUGENIO DI MATTEI,,,prossimit� Via Barellai,Scontro laterale fra veicoli in marcia,Rettilineo,Una carreggiata a doppio senso,Asciutto,Asfaltata,Verticale ed orizzontale,Sereno,Normale,Buona,Ore Diurne,0,0,0,2,"12,41804","41,94331",True
2678971,13,02/02/2016T11:45:00,Strada Urbana,da specificare,,VIA AGOSTINO CHIGI,,,in prossimit� di via Pasquale Crazzolara,Veicolo in marcia contro ostacolo accidentale,Rettilineo,Una carreggiata a doppio senso,Asciutto,Asfaltata,Assente,Sereno,Normale,Buona,Ore Diurne,0,0,0,1,"12,31418","41,76354",True
2679259,17,02/02/2016T11:45:00,Strada Urbana,all'intersezione con,VIA ALESSANDRO FARNESE,VIALE GIULIO CESARE,VIA ALESSANDRO FARNESE,,,Scontro frontale/laterale DX fra veicoli in marcia,Intersezione stradale segnalata,Pi� di due carreggiate,Asciutto,Asfaltata,Verticale ed orizzontale,Sereno,Intenso,Buona,Ore Diurne,1,0,0,1,"12,46269","41,91067",False
2677937,9,02/02/2016T12:00:00,,in prossimit�,del civico n.,VIA TARANTO,,72,,Investimento di pedone,,,,,,,,,,1,0,0,1,,,False
2677876,10,02/02/2016T12:10:00,Strada Urbana,all'intersezione semaforizzata con,PIAZZA DI CINECITTA',VIALE PALMIRO TOGLIATTI,PIAZZA DI CINECITTA',,,Scontro laterale fra veicoli in marcia,Intersezione semaforizzata,Pi� di due carreggiate,Asciutto,Asfaltata,Verticale ed orizzontale,Sereno,Normale,Buona,Ore Diurne,0,0,0,2,"12,56789","41,85384",True
2678884,13,02/02/2016T12:15:00,Strada Urbana,in corrispondenza,del civico n.,VIA OSTIENSE,,2201,,Tamponamento,Rettilineo,Una carreggiata a doppio senso,Asciutto,Asfaltata,Verticale ed orizzontale,Sereno,Scarso,Buona,Ore Diurne,0,0,0,5,"12,32054","41,76819",False
2678098,6,02/02/2016T12:15:00,Strada Urbana,in prossimit�,del civico n.,VIA ISIDORO DI CARACE,,103,,Veicolo in marcia contro veicolo in sosta,Rettilineo,Una carreggiata a senso unico di marcia,Asciutto,Asfaltata,Assente,Sereno,Scarso,Buona,Ore Diurne,0,0,0,1,"12,5381","41,88409",True
2679696,1,02/02/2016T12:15:00,Strada Urbana,in corrispondenza,del civico n.,LUNGOTEVERE DEI SANGALLO,,2,,Scontro laterale fra veicoli in marcia,Curva a visuale libera,Una carreggiata a senso unico di marcia,Asciutto,Asfaltata,Verticale ed orizzontale,Sereno,Intenso,Buona,Ore Diurne,0,0,0,2,"12,4643","41,89942",False
2679058,2,02/02/2016T12:20:00,,da specificare,,VIA PANAMA,,,in corrisp. L.GO BANGLADESH,Scontro laterale fra veicoli in marcia,,,,,,,,,,1,0,0,1,,,False
2678788,11,02/02/2016T12:40:00,Strada Urbana,all'intersezione con,VIA ANDREA MILLEVOI,VIA ARDEATINA,VIA ANDREA MILLEVOI,,,Scontro frontale/laterale SX fra veicoli in marcia,Intersezione stradale segnalata,Due carreggiate,Asciutto,Asfaltata,Verticale ed orizzontale,Sereno,Normale,Buona,Ore Diurne,1,0,0,1,"12,51911","41,82259",False
2678767,5,02/02/2016T12:45:00,Strada Urbana,all'intersezione con,VIA CARLO ARTURO JEMOLO,VIA FRANCESCO PAOLO BONIFACIO,VIA CARLO ARTURO JEMOLO,,,Scontro frontale/laterale DX fra veicoli in marcia,Intersezione stradale segnalata,Due carreggiate,Asciutto,Asfaltata,Verticale ed orizzontale,Sereno,Normale,Buona,Ore Diurne,1,0,0,1,"12,58107","41,95099",True
2679754,12,02/02/2016T13:00:00,Strada Urbana,all'intersezione con,VIA LAURENTINA,PIAZZALE GIULIO DOUHET,VIA LAURENTINA,,,Scontro laterale fra veicoli in marcia,Intersezione semaforizzata,Una carreggiata a senso unico di marcia,Asciutto,Asfaltata,Verticale ed orizzontale,Sereno,Normale,Buona,Ore Diurne,0,0,0,2,"12,47847","41,82631",True
2678446,2,02/02/2016T13:00:00,Strada Urbana,da specificare,,CORSO DI FRANCIA,,,alt. VIA PILDSUSKI dir. v.le Tiziano,Tamponamento Multiplo,Rettilineo,Due carreggiate,Asciutto,Asfaltata,Orizzontale,Sereno,Normale,Buona,Ore Diurne,0,0,0,3,"12,47578","41,928",True
2678021,10,02/02/2016T13:00:00,Strada Urbana,in corrispondenza,del civico n.,VIA LUCIO ELIO SEIANO,,130,,Scontro laterale fra veicoli in marcia,Rettilineo,Una carreggiata a senso unico di marcia,Asciutto,Asfaltata,Verticale ed orizzontale,Sereno,Scarso,Buona,Ore Diurne,0,0,0,3,"12,55776","41,85381",True
2678209,7,02/02/2016T13:10:00,Strada Urbana,in prossimit�,del palo luce n.,VIA DAVIDE CAMPARI,,12,,Scontro laterale fra veicoli in marcia,Rettilineo,Una carreggiata a doppio senso,Asciutto,Asfaltata,Verticale ed orizzontale,Nuvoloso,Normale,Buona,Ore Diurne,0,0,0,2,"12,587","41,88618",True
2679441,16,02/02/2016T13:20:00,Strada Urbana,in prossimit�,del civico n.,PIAZZALE EUGENIO MORELLI,,1,,Scontro frontale/laterale DX fra veicoli in marcia,Rettilineo,Una carreggiata a senso unico di marcia,Asciutto,Asfaltata,Verticale ed orizzontale,Sereno,Normale,Buona,Ore Diurne,0,0,0,2,"12,44356","41,86121",True
2678863,8,02/02/2016T13:30:00,Strada Urbana,in prossimit�,del civico n.,VIA NINO ILARI,,11,,Scontro laterale fra veicoli in marcia,Rettilineo,Una carreggiata a doppio senso,Asciutto,Asfaltata,Assente,Sereno,Scarso,Buona,Ore Diurne,0,0,0,2,"12,586","41,86689",True
2678159,19,02/02/2016T13:45:00,Strada Urbana,da specificare,,VIA DELLA VALLE DEI FONTANILI,,,prossimita' via Guicciardi,Scontro laterale fra veicoli in marcia,Rettilineo,Una carreggiata a doppio senso,Asciutto,Asfaltata,Orizzontale,Sereno,Normale,Buona,Ore Diurne,0,0,0,5,"12,40821","41,92742",True
2678431,9,02/02/2016T13:45:00,Strada Urbana,in prossimit�,del civico n.,PIAZZA TUSCOLO,,19,,Infortunio per sola frenata improvvisa,Rettilineo,Una carreggiata a doppio senso,Asciutto,Asfaltata,Verticale ed orizzontale,Sereno,Normale,Buona,Ore Diurne,1,0,0,1,,,False
2679038,2,02/02/2016T13:55:00,,in corrispondenza,del civico n.,VIA CHISIMAIO,,fr. 26,,Veicolo in marcia contro veicoli in sosta,,,,,,,,,,0,0,0,0,,,False
2679869,1,02/02/2016T14:00:00,Strada Urbana,in prossimit�,del palo luce n.,PONTE PRINCIPE AMEDEO SAVOIA AOSTA,,4,,Scontro laterale fra veicoli in marcia,Rettilineo,Una carreggiata a senso unico di marcia,Asciutto,Asfaltata,Verticale ed orizzontale,Sereno,Intenso,Buona,Ore Diurne,0,0,0,2,"12,46295","41,89973",True
2679063,2,02/02/2016T14:10:00,,in corrispondenza,del civico n.,VIA SALARIA,,228,,Tamponamento Multiplo,,,,,,,,,,1,0,0,2,"12,49834","41,91938",False
2678129,6,02/02/2016T14:15:00,Statale entro l'abitato,in corrispondenza,del civico n.,VIA CASILINA,,619,,Tamponamento Multiplo,Rettilineo,Due carreggiate,Asciutto,Asfaltata,Orizzontale,Sereno,Normale,Buona,Ore Diurne,3,0,0,3,"12,54706","41,87836",True
2679805,12,02/02/2016T14:25:00,Provinciale entro l'abitato,da specificare,,VIA ARDEATINA,,,altezza ingresso Santuario del Divino Amore,Tamponamento,Curva a visuale libera,Una carreggiata a doppio senso,Asciutto,Asfaltata,Verticale ed orizzontale,Sereno,Normale,Buona,Ore Diurne,0,0,0,2,"12,54316","41,77698",True
2678858,8,02/02/2016T14:28:00,Strada Urbana,in prossimit�,del civico n.,VIA SAN GREGORIO DI CATANIA,,80,,Veicolo in marcia contro ostacolo accidentale,Rettilineo,Una carreggiata a senso unico di marcia,Asciutto,Strada pavimentata dissestata,Verticale,Sereno,Scarso,Buona,Ore Diurne,0,0,0,1,"12,64772","41,8783",True
2679471,16,02/02/2016T14:30:00,Strada Urbana,in prossimit�,del civico n.,PIAZZALE ENRICO DUNANT,,71,,Scontro laterale fra veicoli in marcia,,Pi� di due carreggiate,Asciutto,Asfaltata,Verticale ed orizzontale,Sereno,Normale,Buona,Ore Diurne,1,0,0,2,"12,45989","41,87213",False
2678232,10,02/02/2016T15:00:00,Strada Urbana,da specificare,,VIA ANAGNINA,,,bivio grottaferratarascati altezza gra,Tamponamento,Rettilineo,Una carreggiata a senso unico di marcia,Asciutto,Asfaltata,Orizzontale,Sereno,Normale,Buona,Ore Diurne,1,0,0,2,"12,59043","41,83765",True
2678839,15,02/02/2016T15:00:00,Strada Urbana,in corrispondenza,del civico n.,VIA DELLA MAGLIANA,,182,,Tamponamento,Rettilineo,Una carreggiata a doppio senso,Asciutto,Asfaltata,Orizzontale,Nuvoloso,Normale,Buona,Ore Diurne,0,0,0,2,"12,45904","41,85102",True
2678475,9,02/02/2016T15:00:00,Strada Urbana,all'intersezione semaforizzata con,VIA DELL'ARCO DI TRAVERTINO,VIA TUSCOLANA,VIA DELL'ARCO DI TRAVERTINO,,,Scontro laterale fra veicoli in marcia,Intersezione semaforizzata,Una carreggiata a doppio senso,Asciutto,Asfaltata,Verticale ed orizzontale,Sereno,Normale,Buona,Ore Diurne,1,0,0,4,,,False
2679054,2,02/02/2016T15:40:00,,all'intersezione con,VIA DEI CAMPI SPORTIVI,LARGO GIULIO ONESTI,VIA DEI CAMPI SPORTIVI,,,Scontro laterale fra veicoli in marcia,,,,,,,,,,1,0,0,1,,,False
2679261,12,02/02/2016T15:40:00,Provinciale,da specificare,,VIA OSTIENSE,,,pross. Via Fosso del Torrino,Tamponamento,Rettilineo,Una carreggiata a doppio senso,Asciutto,Asfaltata,Verticale ed orizzontale,Nuvoloso,Intenso,Buona,Ore Diurne,1,0,0,1,"12,45895","41,83686",False
2678834,12,02/02/2016T15:45:00,Strada Urbana,in prossimit�,del civico n.,LARGO SORELLE GIUSSANI,,471,,Veicolo in marcia contro ostacolo fisso,Rettilineo,Una carreggiata a doppio senso,Asciutto,Asfaltata,Verticale ed orizzontale,Nuvoloso,Scarso,Buona,Ore Diurne,0,0,0,2,"12,42814","41,79187",True
2682417,12,02/02/2016T15:50:00,Strada Urbana,in corrispondenza,del civico n.,VIA DELLA SETA,,13,,Scontro laterale fra veicoli in marcia,Rettilineo,Una carreggiata a senso unico di marcia,Asciutto,Asfaltata,Verticale ed orizzontale,Sereno,Normale,Buona,Ore Diurne,0,0,0,4,"12,43339","41,80778",True
2679905,1,02/02/2016T15:50:00,Strada Urbana,in prossimit�,del civico n.,VIA ALESSANDRO VOLTA,,39,,Veicolo in marcia contro veicolo in sosta,Rettilineo,Una carreggiata a senso unico di marcia,Asciutto,Asfaltata,Verticale ed orizzontale,Sereno,Scarso,Buona,Ore Diurne,0,0,0,0,,,False
2678934,4,02/02/2016T16:10:00,Strada Urbana,in prossimit�,del civico n.,VIA DELLO SCALO DI SETTEBAGNI,,13a,,Scontro laterale fra veicoli in marcia,Rettilineo,Una carreggiata a doppio senso,Asciutto,Asfaltata,Verticale ed orizzontale,Nuvoloso,Normale,Buona,Ore Diurne,0,0,0,2,"12,52057","42,00881",True
2678939,10,02/02/2016T16:20:00,Strada Urbana,da specificare,,VIA QUINTO PUBLICIO,,,prosimita' v.le p. togliatti direzione via tuscol.,Tamponamento,Rettilineo,Due carreggiate,Asciutto,Asfaltata,Verticale ed orizzontale,Sereno,Normale,Buona,Ore Diurne,1,0,0,1,"12,57071","41,85597",False
2679028,20,02/02/2016T16:45:00,,in corrispondenza,del civico n.,VIA CASSIA,,1286,,Tamponamento,,,,,,,,,,0,0,0,2,,,False
2678893,15,02/02/2016T16:48:00,Strada Urbana,in prossimit�,del civico n.,VIA PORTUENSE,,743,,Veicolo in marcia contro veicoli in sosta,Rettilineo,Una carreggiata a doppio senso,Asciutto,Asfaltata,Verticale ed orizzontale,Nuvoloso,Normale,Buona,Ore Diurne,1,0,0,0,"12,42817","41,85099",True
2678804,13,02/02/2016T17:15:00,Strada Urbana,all'intersezione con,VIA PROSPERO INTORCETTA,VIA DI DRAGONE,VIA PROSPERO INTORCETTA,,,Scontro frontale/laterale DX fra veicoli in marcia,Incrocio,Una carreggiata a doppio senso,Asciutto,Asfaltata,Assente,Sereno,Normale,Sufficiente,Sufficiente,2,0,0,0,"12,32994","41,78691",False
2682503,12,02/02/2016T17:30:00,Strada Urbana,all'intersezione con,VIALE BARTOLOMEO CAVACEPPI,VIALE LUIGI GUGLIELMI,VIALE BARTOLOMEO CAVACEPPI,,,Scontro laterale fra veicoli in marcia,Rotatoria,Una carreggiata a senso unico di marcia,Asciutto,Asfaltata,Verticale ed orizzontale,Sereno,Normale,Sufficiente,Sufficiente,0,0,0,3,"12,43392","41,80006",True
2678792,11,02/02/2016T17:30:00,Strada Urbana,in corrispondenza,del civico n.,PIAZZALE ANTONIO TOSTI,,12,,Veicolo in marcia contro ostacolo fisso,Rettilineo,Due carreggiate,Asciutto,Asfaltata,Verticale ed orizzontale,Nuvoloso,Normale,Buona,Sufficiente,0,0,0,1,"12,5013","41,85736",True
2678960,19,02/02/2016T18:00:00,Strada Urbana,in corrispondenza,del civico n.,VIA DIANO MARINA,,38,,Veicolo in marcia contro veicolo in sosta,Rettilineo,Una carreggiata a senso unico di marcia,Asciutto,Asfaltata,Assente,Sereno,Normale,Buona,Sufficiente,0,0,0,1,"12,41897","41,92906",False
2678879,15,02/02/2016T18:05:00,Strada Urbana,all'intersezione con,VIA PORTUENSE,VIA QUIRINO MAJORANA,VIA PORTUENSE,,,Scontro laterale fra veicoli in marcia,Intersezione non regolata/non segnalata,Una carreggiata a senso unico di marcia,Asciutto,Asfaltata,Verticale ed orizzontale,Nuvoloso,Intenso,Buona,Sufficiente,0,0,0,2,"12,46317","41,86669",True