_ID,_Gruppo,_DataOraIncidente,_Localizzazione1,_Localizzazione2,_Strada1,_DaSpecificare,_NaturaIncidente,_ParticolaritaStrade,_TipoStrada,_FondoStradale,_Pavimentazione,_Segnaletica,_CondizioneAtmosferica,_Traffico,_Visibilita,_Illuminazione,_NUM_FERITI,_NUM_RISERVATA,_NUM_MORTI,_NUM_ILLESI,_Longitudine,_Latitudine,_CONFERMATO,__prefix,_Strada02,_Strada2,_Chilometrica
2678543,10,02/02/2016T18:45:00,Statale entro l'abitato,da specificare,,VIA APPIA NUOVA,,,altezza rampa gra carreggiata esterna,Tamponamento Multiplo,Rettilineo,Una carreggiata a senso unico di marcia,Asciutto,Asfaltata,Orizzontale,Sereno,Intenso,Buona,Sufficiente,1,0,0,2,,,False
2678852,8,02/02/2016T18:50:00,Strada Urbana,in prossimit�,del civico n.,VIA CASILINA,,617,,Scontro laterale fra veicoli in marcia,Rettilineo,Una carreggiata a doppio senso,Asciutto,Asfaltata,Verticale ed orizzontale,Nuvoloso,Intenso,Buona,Sufficiente,0,0,0,2,"12,54697","41,87854",True
2678846,8,02/02/2016T19:10:00,Strada Urbana,in prossimit�,del civico n.,VIA DEL TORRACCIO,,282,,Veicolo in marcia contro ostacolo accidentale,Rettilineo,Una carreggiata a doppio senso,Asciutto,Asfaltata,Verticale ed orizzontale,Nuvoloso,Normale,Sufficiente,Sufficiente,0,0,0,1,"12,64865","41,85609",True
2678915,7,02/02/2016T19:20:00,Strada Urbana,in prossimit�,del palo luce n.,VIA DELLA RUSTICA,,38,,Veicolo in marcia contro ostacolo fisso,Curva a visuale libera,Una carreggiata a doppio senso,Asciutto,Asfaltata,Orizzontale,Nuvoloso,Normale,Sufficiente,Sufficiente,1,0,0,0,"12,60088","41,91094",True
2678841,8,02/02/2016T19:45:00,Strada Urbana,da specificare,,VIA WALTER TOBAGI,,,altezza Via Ruderi di Casa Calda,Tamponamento Multiplo,Rettilineo,Una carreggiata a doppio senso,Asciutto,Asfaltata,Verticale ed orizzontale,Nuvoloso,Normale,Sufficiente,Sufficiente,0,0,0,7,"12,59738","41,87507",True
2678801,6,02/02/2016T20:30:00,Strada Urbana,in prossimit�,del civico n.,VIA TOR DE' SCHIAVI,,406,,Scontro laterale fra veicoli in marcia,Rettilineo,Due carreggiate,Asciutto,Asfaltata,Verticale ed orizzontale,Nuvoloso,Scarso,Buona,Sufficiente,0,0,0,2,"12,55937","41,89427",True
2679034,2,02/02/2016T20:50:00,Strada Urbana,da specificare,,VIA SALARIA,,,fr. VIALE SOMALIA,Veicolo in marcia contro ostacolo fisso,Rettilineo,Due carreggiate,Asciutto,Asfaltata,Verticale ed orizzontale,Nuvoloso,Scarso,Sufficiente,Sufficiente,0,0,0,1,"12,51166","41,94544",True
2691567,18,02/02/2016T21:20:00,Statale,in prossimit�,del civico n.,VIA AURELIA,,1051,,Scontro frontale/laterale DX fra veicoli in marcia,Curva a visuale libera,Due carreggiate,Bagnato (pioggia),Asfaltata,Verticale ed orizzontale,Pioggia in atto,Scarso,Buona,Sufficiente,0,0,0,3,"12,37848","41,88321",False
2680735,1,02/02/2016T21:40:00,Strada Urbana,in prossimit�,del civico n.,LUNGOTEVERE DEI FIORENTINI,,2,,Tamponamento,Rettilineo,Una carreggiata a senso unico di marcia,Bagnato (pioggia),Asfaltata,Verticale ed orizzontale,Pioggia in atto,Normale,Sufficiente,Sufficiente,0,0,0,3,,,False
2679351,17,02/02/2016T22:00:00,Strada Urbana,all'intersezione con,VIA ULPIANO,LUNGOTEVERE PRATI,VIA ULPIANO,,,Scontro frontale/laterale SX fra veicoli in marcia,Incrocio,Una carreggiata a senso unico di marcia,Bagnato (pioggia),Asfaltata,Verticale ed orizzontale,Pioggia in atto,Normale,Sufficiente,Sufficiente,1,0,0,2,"12,47196","41,90374",False
2679738,12,02/02/2016T22:30:00,Strada Urbana,all'intersezione con,VIA FRANCESCO MENZIO,VIA DI ACILIA,VIA FRANCESCO MENZIO,,,Scontro frontale/laterale SX fra veicoli in marcia,Incrocio,Una carreggiata a doppio senso,Bagnato (umidit� in atto),Asfaltata,Verticale ed orizzontale,Nuvoloso,Scarso,Buona,Sufficiente,0,0,0,2,,,False
2678814,6,02/02/2016T23:15:00,Strada Urbana,all'intersezione semaforizzata con,LARGO GALEAZZO ALESSI,VIA CASILINA,LARGO GALEAZZO ALESSI,,,Tamponamento,Intersezione semaforizzata,Due carreggiate,Bagnato (pioggia),Asfaltata,Verticale,Pioggia in atto,Scarso,Buona,Sufficiente,1,0,0,2,,,False
2678923,4,02/02/2016T23:20:00,Strada Urbana,da specificare,,VIA GIUSEPPE DE SANTIS,,,Pross. via Elsa de Giorgi,Scontro frontale/laterale SX fra veicoli in marcia,Curva senza visuale libera,Una carreggiata a doppio senso,Bagnato (pioggia),Asfaltata,Verticale ed orizzontale,Pioggia in atto,Scarso,Sufficiente,Sufficiente,0,0,0,4,"12,53709","41,96556",True
2678874,6,03/02/2016T00:01:00,Strada Urbana,all'intersezione semaforizzata con,VIA LEONARDO BUFALINI,VIA CASILINA,VIA LEONARDO BUFALINI,,,Scontro frontale/laterale DX fra veicoli in marcia,Intersezione semaforizzata,Due carreggiate,Bagnato (pioggia),Asfaltata,Verticale ed orizzontale,Pioggia in atto,Scarso,Buona,Sufficiente,0,0,0,2,"12,5388","41,88151",True
2679480,16,03/02/2016T00:20:00,Strada Urbana,all'intersezione semaforizzata con,VIALE AMERICA,VIA CRISTOFORO COLOMBO,VIALE AMERICA,,,Tamponamento Multiplo,Incrocio,Una carreggiata a senso unico di marcia,Bagnato (pioggia),Asfaltata,Verticale ed orizzontale,Pioggia in atto,Normale,Sufficiente,Sufficiente,0,0,0,4,"12,44704","41,80373",True
2678979,7,03/02/2016T00:20:00,,all'intersezione con,VIA SALVIATI,VIA DI TOR CERVARA,VIA SALVIATI,,,Scontro laterale fra veicoli in marcia,,,,,,,,,,1,0,0,1,,,False
2692378,18,03/02/2016T00:45:00,Strada Urbana,all'intersezione con,VIA GIOVANNI SENZATERRA,VIA GAETANO MAZZONI,VIA GIOVANNI SENZATERRA,,,Veicolo in marcia contro ostacolo fisso,Intersezione stradale segnalata,Una carreggiata a senso unico di marcia,Bagnato (pioggia),Asfaltata,Verticale ed orizzontale,Sereno,Scarso,Sufficiente,Sufficiente,0,0,0,2,"12,39506","41,90842",True
2679593,9,03/02/2016T01:00:00,,in corrispondenza,del civico n.,VIA APPIA NUOVA,,522,,Tamponamento,,,,,,,,,,1,0,0,3,"12,52503","41,87314",False
2679142,2,03/02/2016T01:30:00,Strada Urbana,all'intersezione semaforizzata con,VIALE DELL'UNIVERSITA',VIALE DELLE SCIENZE,VIALE DELL'UNIVERSITA',,,Veicolo in marcia contro ostacolo fisso,Incrocio,Due carreggiate,Bagnato (umidit� in atto),Asfaltata,Verticale ed orizzontale,Nuvoloso,Scarso,Buona,Sufficiente,0,0,0,0,"12,51092","41,90408",True
2680012,1,03/02/2016T02:45:00,Strada Urbana,all'intersezione semaforizzata con,VIA FLORIDA,LARGO ARENULA,VIA FLORIDA,,,Veicolo in marcia contro ostacolo fisso,Intersezione semaforizzata,Una carreggiata a senso unico di marcia,Bagnato (pioggia),Asfaltata,Verticale ed orizzontale,Pioggia in atto,Scarso,Sufficiente,Sufficiente,0,0,0,2,,,False
2680571,16,03/02/2016T03:30:00,Strada Urbana,da specificare,,VIADOTTO DELLA MAGLIANA,,,in prossimit� di Via del Cappellaccio,Veicolo in marcia contro veicolo fermo,Curva senza visuale libera,Una carreggiata a senso unico di marcia,Bagnato (pioggia),Asfaltata,Orizzontale,Nuvoloso,Normale,Sufficiente,Sufficiente,0,0,0,2,"12,46221","41,84062",True
2678973,19,03/02/2016T05:23:00,Strada Urbana,all'intersezione semaforizzata con,VIA FLAMINIA,CORSO DI FRANCIA,VIA FLAMINIA,,,Tamponamento,Intersezione semaforizzata,Due carreggiate,Bagnato (umidit� in atto),Asfaltata,Verticale ed orizzontale,Nuvoloso,Normale,Buona,Sufficiente,0,0,0,2,"12,47154","41,93683",True
2680767,4,03/02/2016T06:35:00,Provinciale entro l'abitato,all'intersezione con,VIA DI S. ALESSANDRO,VIA NOMENTANA,VIA DI S. ALESSANDRO,,,Scontro laterale fra veicoli in marcia,Incrocio,Una carreggiata a doppio senso,Asciutto,Asfaltata,Verticale,Nuvoloso,Intenso,Buona,Ore Diurne,3,0,0,2,"12,58419","41,95863",False
2680514,8,03/02/2016T06:40:00,Strada Urbana,da specificare,,VIA DEL TORRACCIO DI TORRENOVA,,,In prossimit� di VIA CARLO LASINIO,Veicolo in marcia contro ostacolo accidentale,Rettilineo,Una carreggiata a doppio senso,Asciutto,Asfaltata,Orizzontale,Nuvoloso,Normale,Sufficiente,Sufficiente,0,0,0,1,"12,62574","41,86849",True
2680493,11,03/02/2016T06:45:00,Strada Urbana,in prossimit�,del civico n.,VIA DEL SERAFICO,,64,,Veicolo in marcia contro veicolo in sosta,Rettilineo,Una carreggiata a doppio senso,Bagnato (pioggia),Asfaltata,Orizzontale,Nuvoloso,Normale,Buona,Sufficiente,0,0,0,1,"12,48498","41,8298",True
2680494,16,03/02/2016T08:00:00,Strada Urbana,all'intersezione con,VIA VINCENZO TIZZANI,VIA LUIGI ARATI,VIA VINCENZO TIZZANI,,,Scontro frontale/laterale SX fra veicoli in marcia,Incrocio,Due carreggiate,Bagnato (umidit� in atto),Asfaltata,Verticale ed orizzontale,Nuvoloso,Normale,Sufficiente,Ore Diurne,0,0,0,3,"12,44132","41,87255",True
2680683,4,03/02/2016T08:10:00,Strada Urbana,da specificare,,VIALE CARMELO BENE,,,prossimit� fronte civico 281,Veicolo in marcia contro ostacolo fisso,Curva a visuale libera,Pi� di due carreggiate,Bagnato (pioggia),Asfaltata,Verticale ed orizzontale,Nuvoloso,Scarso,Buona,Ore Diurne,2,0,0,0,"12,53371","41,97505",False
2679437,2,03/02/2016T08:10:00,Strada Urbana,da specificare,,VIA DEL FORO ITALICO,,,dir. Stadio alt. rampa accesso Salaria,Scontro laterale fra veicoli in marcia,Rettilineo,Due carreggiate,Bagnato (pioggia),Asfaltata,Verticale ed orizzontale,Nuvoloso,Normale,Buona,Ore Diurne,0,0,0,2,"12,48278","41,94005",True
2680604,11,03/02/2016T08:25:00,Strada Urbana,da specificare,,VIA APPIA PIGNATELLI,,,altezza civico 245,Investimento di pedone,Rettilineo,Una carreggiata a doppio senso,Bagnato (umidit� in atto),Asfaltata,Verticale ed orizzontale,Nuvoloso,Intenso,Buona,Ore Diurne,2,0,0,1,"12,54786","41,83815",False
2679402,2,03/02/2016T08:45:00,,all'intersezione semaforizzata con,VIA ADIGE,VIA SALARIA,VIA ADIGE,,,Scontro frontale/laterale DX fra veicoli in marcia,,,,,,,,,,1,0,0,2,,,False
2680413,5,03/02/2016T08:50:00,Strada Urbana,da specificare,,VIA GIUSEPPE ANTONIO ANDRIULLI,,,rampa di afflusso dalla A24,Veicolo in marcia contro ostacolo accidentale,Rettilineo,Due carreggiate,Bagnato (pioggia),Asfaltata,Verticale ed orizzontale,Pioggia in atto,Normale,Buona,Ore Diurne,0,0,0,1,"12,55823","41,90322",True
2680517,8,03/02/2016T09:00:00,Strada Urbana,in prossimit�,del civico n.,VIA DEL TORRACCIO,,282,,Veicolo in marcia contro ostacolo accidentale,Rettilineo,Una carreggiata a doppio senso,Asciutto,Asfaltata,Orizzontale,Nuvoloso,Scarso,Buona,Ore Diurne,0,0,0,1,"12,64865","41,8561",True
2679613,9,03/02/2016T09:15:00,,da specificare,,VIALE FURIO CAMILLO,,,altezza VIA EURIALO,Scontro frontale/laterale DX fra veicoli in marcia,,,,,,,,,,0,0,0,2,"12,52398","41,87539",False
2680361,13,03/02/2016T09:20:00,Strada Urbana,in corrispondenza,del civico n.,VIA ERMANNO WOLF FERRARI,,263,,Veicolo in marcia contro veicolo fermo,Rettilineo,Una carreggiata a doppio senso,Asciutto,Asfaltata,Assente,Nuvoloso,Normale,Buona,Ore Diurne,0,0,0,3,"12,37423","41,7516",False
2680836,3,03/02/2016T09:25:00,,da specificare,,PIAZZA DEI SANNITI,,,FRONTE CIVICO 9 A,Scontro frontale/laterale DX fra veicoli in marcia,,,,,,,,,,1,0,0,1,,,False
2680518,20,03/02/2016T09:40:00,Strada Urbana,in corrispondenza,del civico n.,PIAZZA LAURO DE BOSIS,,16,,Scontro frontale/laterale DX fra veicoli in marcia,Rettilineo,Due carreggiate,Bagnato (umidit� in atto),Asfaltata,Verticale ed orizzontale,Nuvoloso,Normale,Buona,Ore Diurne,0,0,0,2,"12,45861","41,93174",True
2679216,17,03/02/2016T10:00:00,Strada Urbana,all'intersezione con,VIA CARLO EVANGELISTI,VIA TRIONFALE,VIA CARLO EVANGELISTI,,,Scontro frontale/laterale DX fra veicoli in marcia,Intersezione semaforizzata,Una carreggiata a doppio senso,Bagnato (umidit� in atto),Asfaltata,Verticale ed orizzontale,Nuvoloso,Normale,Buona,Ore Diurne,2,0,0,1,,,False
2679996,1,03/02/2016T10:35:00,Strada Urbana,in corrispondenza,del civico n.,CORSO VITTORIO EMANUELE II,,39,,Scontro frontale/laterale DX fra veicoli in marcia,Rettilineo,Una carreggiata a doppio senso,Asciutto,Asfaltata,Verticale ed orizzontale,Nuvoloso,Normale,Buona,Ore Diurne,1,0,0,3,"12,47762","41,89591",True
2679825,12,03/02/2016T10:35:00,Strada Urbana,da specificare,,PIAZZA LODOVICO CERVA,,,altezza via Gianfrancesco Biondi,Veicolo in marcia contro veicolo in sosta,Rettilineo,Una carreggiata a doppio senso,Asciutto,Asfaltata,Verticale ed orizzontale,Sereno,Normale,Buona,Ore Diurne,0,0,0,3,"12,489","41,81706",True
2680451,8,03/02/2016T10:50:00,,all'intersezione con,VIA POLENSE,VIA DI ROCCA CENCIA,VIA POLENSE,,,Scontro laterale fra veicoli in marcia,,,,,,,,,,1,0,0,4,,,False
2691891,18,03/02/2016T11:00:00,Strada Urbana,in corrispondenza,del civico n.,VIA DI BOCCEA,,647/C,,Investimento di pedone,Curva a visuale libera,Una carreggiata a doppio senso,Asciutto,Asfaltata,Orizzontale,Nuvoloso,Normale,Buona,Ore Diurne,1,0,0,1,"12,3753","41,92146",True
2680629,11,03/02/2016T11:30:00,Strada Urbana,in corrispondenza,del civico n.,VIA LAURENTINA,,458,,Tamponamento Multiplo,Rettilineo,Due carreggiate,Bagnato (umidit� in atto),Asfaltata,Assente,Nuvoloso,Intenso,Buona,Ore Diurne,0,0,0,3,"12,48063","41,83197",True
2692178,18,03/02/2016T11:55:00,Strada Urbana,all'intersezione semaforizzata con,VIA DI BOCCEA,PIAZZA DEI GIURECONSULTI,VIA DI BOCCEA,,,Tamponamento,Intersezione semaforizzata,Una carreggiata a doppio senso,Asciutto,Asfaltata,Verticale ed orizzontale,Nuvoloso,Normale,Buona,Ore Diurne,1,0,0,1,"12,42583","41,90217",True
2679468,2,03/02/2016T12:00:00,Strada Urbana,all'intersezione con,VIA GUIDUBALDO DEL MONTE,VIALE MARESCIALLO PILSUDSKI,VIA GUIDUBALDO DEL MONTE,,,Scontro laterale fra veicoli in marcia,Intersezione semaforizzata,Una carreggiata a doppio senso,Asciutto,Asfaltata,Verticale ed orizzontale,Sereno,Normale,Buona,Ore Diurne,0,0,0,2,"12,47779","41,92858",True
2680593,16,03/02/2016T12:00:00,Strada Urbana,in corrispondenza,del civico n.,VIA GIACOMO FOLCHI,,6/A,,Scontro frontale fra veicoli in marcia,Rettilineo,Una carreggiata a doppio senso,Asciutto,Asfaltata,Verticale ed orizzontale,Sereno,Normale,Buona,Ore Diurne,0,0,0,3,"12,45424","41,86714",True
2680675,4,03/02/2016T12:00:00,Provinciale entro l'abitato,in corrispondenza,del civico n.,VIA NOMENTANA,,1018,,Tamponamento Multiplo,Rettilineo,Una carreggiata a doppio senso,Asciutto,Asfaltata,Verticale ed orizzontale,Nuvoloso,Normale,Buona,Ore Diurne,0,0,0,7,"12,56762","41,94711",True
2679434,17,03/02/2016T12:10:00,Strada Urbana,in corrispondenza,del civico n.,PIAZZA ADRIANA,,10/c,,Scontro laterale fra veicoli in marcia,Rettilineo,Una carreggiata a senso unico di marcia,Asciutto,Asfaltata,Verticale ed orizzontale,Nuvoloso,Normale,Buona,Ore Diurne,0,0,0,2,,,False
2680505,8,03/02/2016T12:30:00,Strada Urbana,in prossimit�,del civico n.,VIALE DI TORRE MAURA,,120,,Veicolo in marcia contro ostacolo accidentale,Rettilineo,Una carreggiata a senso unico di marcia,Asciutto,Con buche,Orizzontale,Nuvoloso,Normale,Buona,Ore Diurne,0,0,0,1,"12,59172","41,86467",True
2679911,19,03/02/2016T12:30:00,Strada Urbana,in corrispondenza,del civico n.,VIA DELLA BALDUINA,,143,,Veicolo in marcia contro veicolo in sosta,Rettilineo,Una carreggiata a doppio senso,Asciutto,Asfaltata,Assente,Sereno,Normale,Buona,Ore Diurne,0,0,0,0,"12,43858","41,92129",True
2680465,8,03/02/2016T12:40:00,Strada Urbana,da specificare,,VIA CASARANO,,,100 MT PRIMA DI VIA SERRACAPRIOLA,Scontro laterale fra veicoli in marcia,Rettilineo,Una carreggiata a doppio senso,Asciutto,Asfaltata,Verticale ed orizzontale,Nuvoloso,Normale,Buona,Ore Diurne,1,0,0,1,"12,61273","41,88606",False
2680029,1,03/02/2016T12:45:00,Strada Urbana,in prossimit�,del palo luce n.,VIA GIROLAMO DANDINI,,16,,Investimento di pedone,Rettilineo,Una carreggiata a senso unico di marcia,Asciutto,Asfaltata,Verticale ed orizzontale,Nuvoloso,Scarso,Buona,Ore Diurne,1,0,0,1,"12,48659","41,8751",False
2680488,10,03/02/2016T12:50:00,,all'intersezione con,VIA QUINTO NOVIO,VIA MARCO PAPIO,VIA QUINTO NOVIO,,,Veicolo in marcia contro veicolo in sosta,,,,,,,,,,0,0,0,0,"12,55136","41,86585",False
2679627,1,03/02/2016T13:20:00,Strada Urbana,in prossimit�,del civico n.,VIA DELLA GRECA,,5,,Tamponamento,Rettilineo,Una carreggiata a doppio senso,Asciutto,Asfaltata,Verticale ed orizzontale,Sereno,Normale,Buona,Ore Diurne,1,0,0,2,"12,48187","41,88742",False
2679703,6,03/02/2016T13:20:00,Strada Urbana,in prossimit�,del civico n.,VIA DEGLI ANGELI,,193,,Tamponamento,Rettilineo,Una carreggiata a doppio senso,Asciutto,Asfaltata,Orizzontale,Nuvoloso,Normale,Buona,Ore Diurne,1,0,0,1,"12,549","41,87252",True
2679835,1,03/02/2016T13:40:00,Strada Urbana,in corrispondenza,del civico n.,VIA TASSO,,9,,Veicolo in marcia contro ostacolo accidentale,Rettilineo,Una carreggiata a senso unico di marcia,Asciutto,Asfaltata,Verticale ed orizzontale,Nuvoloso,Scarso,Buona,Ore Diurne,0,0,0,1,,,False
2679626,10,03/02/2016T13:50:00,Strada Urbana,all'intersezione con,VIA ORAZIO RAIMONDO,VIA BERNARDINO ALIMENA,VIA ORAZIO RAIMONDO,,,Scontro laterale fra veicoli in marcia,Intersezione non regolata/non segnalata,Una carreggiata a doppio senso,Asciutto,Asfaltata,Orizzontale,Nuvoloso,Normale,Buona,Ore Diurne,0,0,0,2,"12,59778","41,8485",True
2680821,4,03/02/2016T14:15:00,Strada Urbana,in corrispondenza,del civico n.,SALITA DELLA MARCIGLIANA,,44,,Veicolo in marcia contro ostacolo fisso,Rettilineo,Una carreggiata a doppio senso,Asciutto,Asfaltata,Assente,Nuvoloso,Scarso,Buona,Ore Diurne,1,0,0,0,"12,5212","42,01134",False
2680275,9,03/02/2016T14:15:00,,in prossimit�,del civico n.,VIA TUSCOLANA,,608,,Scontro laterale fra veicoli in marcia,,,,,,,,,,0,0,0,2,"12,53824","41,86889",False
2680627,13,03/02/2016T14:20:00,Strada Urbana,da specificare,,VIA DI DRAGONE,,,altezza via Nicol� Balanzano,Veicolo in marcia contro ostacolo accidentale,Rettilineo,Una carreggiata a doppio senso,Bagnato (pioggia),Asfaltata,Assente,Nuvoloso,Normale,Buona,Ore Diurne,0,0,0,1,"12,33643","41,77851",True
2680502,8,03/02/2016T14:20:00,Strada Urbana,in prossimit�,del civico n.,VIA RAOUL CHIODELLI,,206,,Veicolo in marcia contro ostacolo accidentale,Rettilineo,Due carreggiate,Asciutto,Asfaltata,Verticale ed orizzontale,Nuvoloso,Normale,Buona,Ore Diurne,0,0,0,1,"12,66254","41,90767",True
2680421,5,03/02/2016T14:20:00,Strada Urbana,all'intersezione con,VIA CUPRA,VIA VACUNA,VIA CUPRA,,,Veicolo in marcia contro veicoli in sosta,Incrocio,Una carreggiata a senso unico di marcia,Asciutto,Asfaltata,Verticale ed orizzontale,Sereno,Normale,Buona,Ore Diurne,1,0,0,4,"12,53546","41,90964",True
2680459,8,03/02/2016T14:25:00,Strada Urbana,in prossimit�,del palo luce n.,VIA PRENESTINA,,643,,Veicolo in marcia contro veicolo fermo,Rettilineo,Una carreggiata a doppio senso,Asciutto,Asfaltata,Orizzontale,Nuvoloso,Normale,Buona,Ore Diurne,0,0,0,2,"12,6069","41,89378",True
2680057,15,03/02/2016T14:30:00,Strada Urbana,in prossimit�,del civico n.,VIA GIUSEPPE BAGNERA,,48,,Veicolo in marcia contro veicolo fermo,Rettilineo,Una carreggiata a senso unico di marcia,Asciutto,Asfaltata,Verticale ed orizzontale,Nuvoloso,Normale,Buona,Ore Diurne,0,0,0,2,"12,46652","41,86393",True
2680539,13,03/02/2016T15:00:00,Strada Urbana,da specificare,,VIA OSTIENSE,,,altezza rampa immissione della Via del Mare,Tamponamento,Rettilineo,Una carreggiata a senso unico di marcia,Asciutto,Asfaltata,Orizzontale,Nuvoloso,Intenso,Buona,Ore Diurne,1,0,0,1,"12,30444","41,76001",False
2680550,4,03/02/2016T15:15:00,Strada Urbana,in corrispondenza,del civico n.,VIA CONCA D'ORO,,347,,Tamponamento,Rettilineo,Una carreggiata a doppio senso,Asciutto,Asfaltata,Verticale ed orizzontale,Nuvoloso,Normale,Buona,Ore Diurne,0,0,0,3,"12,5177","41,94463",True
2691564,18,03/02/2016T16:00:00,,in prossimit�,del civico n.,LARGO GREGORIO XIII,,11,,Scontro laterale fra veicoli in marcia,,,,,,,,,,0,0,0,3,"12,41881","41,90387",False
2680438,20,03/02/2016T16:15:00,Strada Urbana,da specificare,,VIA DEL FORO ITALICO,,,in corr. 3�giunto prima uscita rampa Tor di Quinto,Veicolo in marcia contro ostacolo accidentale,Rettilineo,Due carreggiate,Asciutto,Strada pavimentata dissestata,Verticale ed orizzontale,Sereno,Normale,Buona,Ore Diurne,0,0,0,1,,,False
2680516,11,03/02/2016T16:30:00,Strada Urbana,in prossimit�,del civico n.,VIA GABRIELLO CHIABRERA,,112,,Scontro frontale fra veicoli in marcia,Rettilineo,Due carreggiate,Asciutto,Asfaltata,Orizzontale,Nuvoloso,Normale,Buona,Ore Diurne,0,0,0,4,"12,47894","41,85375",True
2691602,18,03/02/2016T16:40:00,,all'intersezione con,VIA ENNIO BONIFAZI,LARGO GREGORIO XIII,VIA ENNIO BONIFAZI,,,Scontro laterale fra veicoli in marcia,,,,,,,,,,0,0,0,1,"12,41878","41,90377",False
2680643,4,03/02/2016T16:50:00,Strada Urbana,da specificare,,VIA UGO OJETTI,,,altezza rotatoria Casal Boccone,Scontro laterale fra veicoli in marcia,Rotatoria,Una carreggiata a senso unico di marcia,Asciutto,Asfaltata,Verticale ed orizzontale,Nuvoloso,Normale,Buona,Ore Diurne,0,0,0,2,"12,56096","41,95156",True
2680463,8,03/02/2016T17:10:00,,in prossimit�,del civico n.,VIA DI TORRENOVA,,244,,Investimento di pedone,,,,,,,,,,1,0,0,1,,,False
2681505,16,03/02/2016T17:15:00,Strada Urbana,da specificare,,PIAZZA FRANCESCO CUCCHI,,,prossimit� fronte civico 2,Scontro laterale fra veicoli in marcia,Rettilineo,Una carreggiata a senso unico di marcia,Asciutto,Asfaltata,Verticale ed orizzontale,Nuvoloso,Normale,Buona,Ore Diurne,0,0,0,3,"12,45873","41,88538",True
2680441,8,03/02/2016T17:30:00,Strada Urbana,da specificare,,VIA DEL FONTANILE DI CARCARICOLA,,,alt. VIA YALE,Scontro frontale/laterale DX fra veicoli in marcia,Curva a visuale libera,Una carreggiata a doppio senso,Asciutto,Asfaltata,Orizzontale,Sereno,Normale,Buona,Ore Diurne,1,0,0,2,"12,60407","41,85173",False
2680575,11,03/02/2016T17:40:00,Strada Urbana,in prossimit�,del civico n.,VIA APPIA ANTICA,,16,,Scontro laterale fra veicoli in marcia,Rettilineo,Una carreggiata a senso unico di marcia,Asciutto,In cubetti di porfido,Verticale ed orizzontale,Sereno,Normale,Buona,Sufficiente,0,0,0,2,"12,50193","41,87026",True
2680660,11,03/02/2016T18:20:00,Strada Urbana,in prossimit�,del palo luce n.,VIA CRISTOFORO COLOMBO,,47,,Veicolo in marcia contro ostacolo accidentale,Rettilineo,Pi� di due carreggiate,Asciutto,Asfaltata,Verticale ed orizzontale,Nuvoloso,Intenso,Buona,Sufficiente,0,0,0,1,"12,47966","41,84544",False
2680496,13,03/02/2016T18:30:00,Strada Urbana,da specificare,,VIA OSTIENSE,,,direzione Roma altezza albero 9352,Investimento di pedone,Rettilineo,Una carreggiata a doppio senso,Asciutto,Asfaltata,Verticale ed orizzontale,Sereno,Normale,Buona,Sufficiente,0,1,0,1,"12,45895","41,83686",False
2680049,18,03/02/2016T18:30:00,Statale,in prossimit�,della chilometrica,VIA AURELIA,,12.4,,Scontro laterale fra veicoli in marcia,Rettilineo,Due carreggiate,Asciutto,Asfaltata,Verticale ed orizzontale,Sereno,Normale,Insufficiente,Insufficiente,0,0,0,2,"12,35935","41,88331",True
2681026,17,03/02/2016T18:35:00,Strada Urbana,all'intersezione con,VIA DEGLI SCIPIONI,VIA FABIO MASSIMO,VIA DEGLI SCIPIONI,,,Scontro laterale fra veicoli in marcia,Incrocio,Una carreggiata a senso unico di marcia,Asciutto,Asfaltata,Verticale ed orizzontale,Nuvoloso,Normale,Sufficiente,Sufficiente,0,0,0,4,"12,46191","41,90949",False
2681100,17,03/02/2016T18:50:00,Strada Urbana,all'intersezione con,PIAZZA ADRIANA,VIA TRIBONIANO,PIAZZA ADRIANA,,,Scontro laterale fra veicoli in marcia,Incrocio,Due carreggiate,Asciutto,Asfaltata,Verticale ed orizzontale,Nuvoloso,Normale,Sufficiente,Ore Diurne,0,0,0,2,,,False
2691664,18,03/02/2016T18:50:00,Strada Urbana,in prossimit�,del civico n.,VIA DI BOCCEA,,619,,Scontro frontale fra veicoli in marcia,Rettilineo,Una carreggiata a doppio senso,Asciutto,Asfaltata,Verticale ed orizzontale,Nuvoloso,Normale,Buona,Sufficiente,0,0,0,3,"12,37744","41,91881",True
2680498,10,03/02/2016T18:50:00,,in prossimit�,del civico n.,VIA FERENTANO,,27,,Veicoli in marcia contro veicolo fermo,,,,,,,,,,0,0,0,0,"12,54683","41,84565",False
2680893,2,03/02/2016T19:15:00,Strada Urbana,all'intersezione semaforizzata con,VIA DELLA FONTE DELL'ACQUA ACETOSA,PIAZZALE DEL PARCO DELLA RIMEMBRANZA,VIA DELLA FONTE DELL'ACQUA ACETOSA,,,Veicolo in marcia contro ostacolo fisso,Incrocio,Due carreggiate,Asciutto,Asfaltata,Verticale ed orizzontale,Nuvoloso,Intenso,Buona,Sufficiente,0,0,0,1,"12,4835","41,92939",True