_ID,_Gruppo,_DataOraIncidente,_Localizzazione1,_Localizzazione2,_Strada1,_DaSpecificare,_NaturaIncidente,_ParticolaritaStrade,_TipoStrada,_FondoStradale,_Pavimentazione,_Segnaletica,_CondizioneAtmosferica,_Traffico,_Visibilita,_Illuminazione,_NUM_FERITI,_NUM_RISERVATA,_NUM_MORTI,_NUM_ILLESI,_Longitudine,_Latitudine,_CONFERMATO,__prefix,_Strada02,_Strada2,_Chilometrica
2680894,2,03/02/2016T19:15:00,,all'intersezione con,VIA REGGIO EMILIA,VIA ALESSANDRIA,VIA REGGIO EMILIA,,,Scontro frontale/laterale SX fra veicoli in marcia,,,,,,,,,,1,0,0,1,,,False
2680481,19,03/02/2016T19:15:00,Strada Urbana,all'intersezione con,VIA PIETRO BEMBO,VIA BERNARDO DA BIBBIENA,VIA PIETRO BEMBO,,,Scontro frontale/laterale DX fra veicoli in marcia,Incrocio,Una carreggiata a senso unico di marcia,Asciutto,Asfaltata,Verticale ed orizzontale,Sereno,Normale,Buona,Sufficiente,0,0,0,3,"12,41095","41,91666",True
2686032,12,03/02/2016T19:25:00,Strada Urbana,all'intersezione con,VIA MOSCHIANO,VIA BISACCIA,VIA MOSCHIANO,,,Scontro frontale/laterale SX fra veicoli in marcia,Intersezione stradale segnalata,Due carreggiate,Asciutto,Asfaltata,Verticale ed orizzontale,Nuvoloso,Scarso,Buona,Sufficiente,1,0,0,1,"12,52116","41,72151",False
2680533,10,03/02/2016T19:30:00,Strada Urbana,all'intersezione con,VIA BELLICIA,VIA ANAGNINA,VIA BELLICIA,,,Scontro frontale/laterale DX fra veicoli in marcia,Incrocio,Una carreggiata a senso unico di marcia,Bagnato (umidit� in atto),Asfaltata,Verticale,Nuvoloso,Normale,Buona,Sufficiente,2,0,0,0,"12,60715","41,82271",False
2681514,16,03/02/2016T19:40:00,Strada Urbana,all'intersezione con,VIA FRANCESCO DURANTE,VIA DI MONTE VERDE,VIA FRANCESCO DURANTE,,,Scontro frontale/laterale DX fra veicoli in marcia,Incrocio,Una carreggiata a doppio senso,Asciutto,Asfaltata,Verticale ed orizzontale,Sereno,Scarso,Sufficiente,Sufficiente,0,0,0,3,"12,44193","41,86982",True
2680276,9,03/02/2016T19:50:00,,da specificare,,VIA DI TORRE SPACCATA,,,fronte palo A.C.E.A. n. 2,Veicolo in marcia contro veicolo fermo,,,,,,,,,,1,0,0,2,"12,58584","41,85747",False
2680596,4,03/02/2016T20:15:00,Strada Urbana,da specificare,,Tangenziale Est,,,altezza rampa Conca d'Oro dir. stadio Olimpico,Tamponamento,Rettilineo,Due carreggiate,Asciutto,Asfaltata,Orizzontale,Nuvoloso,Scarso,Sufficiente,Sufficiente,0,0,0,4,"12,52179","41,9336",True
2681489,12,03/02/2016T20:45:00,Strada Urbana,da specificare,,LUNGOMARE DUILIO,,,alt. lega Navale Italiana,Scontro laterale fra veicoli in marcia,Rettilineo,Due carreggiate,Asciutto,Asfaltata,Verticale ed orizzontale,Nuvoloso,Normale,Buona,Sufficiente,1,0,0,1,"12,29661","41,72212",False
2680427,8,03/02/2016T20:50:00,,all'intersezione con,VIA ANTONIO CASTAGNARO,VIA PIERO CORTI,VIA ANTONIO CASTAGNARO,,,Scontro frontale/laterale SX fra veicoli in marcia,,,,,,,,,,2,0,0,0,,,False
2680766,4,03/02/2016T21:10:00,Strada Urbana,da specificare,,Tangenziale Est,,,altezza rampa Conca d'Oro direzione Foro Italico,Veicolo in marcia contro ostacolo fisso,Rettilineo,Due carreggiate,Asciutto,Asfaltata,Orizzontale,Nuvoloso,Scarso,Sufficiente,Sufficiente,0,0,0,1,"12,52257","41,93305",True
2681522,16,03/02/2016T22:00:00,,all'intersezione con,VIA VINCENZO TIZZANI,VIA DI MONTE VERDE,VIA VINCENZO TIZZANI,,,Scontro frontale/laterale SX fra veicoli in marcia,,,,,,,,,,1,0,0,1,,,False
2680431,8,03/02/2016T22:00:00,,all'intersezione con,VIA BERNARDO MINOZZI,VIA ORAZIO BORGIANNI,VIA BERNARDO MINOZZI,,,Scontro frontale/laterale SX fra veicoli in marcia,,,,,,,,,,1,0,0,0,,,False
2688428,1,03/02/2016T22:30:00,Strada Urbana,all'intersezione con,VIA NICOLA FABRIZI,VIA DANDOLO,VIA NICOLA FABRIZI,,,Scontro frontale/laterale SX fra veicoli in marcia,Incrocio,Una carreggiata a doppio senso,Asciutto,Asfaltata,Verticale ed orizzontale,Sereno,Normale,Sufficiente,Sufficiente,0,0,0,3,"12,46516","41,88653",False
2680360,6,03/02/2016T23:00:00,Strada Urbana,all'intersezione semaforizzata con,VIA GENAZZANO,VIA TEANO,VIA GENAZZANO,,,Veicolo in marcia contro veicoli in sosta,Intersezione semaforizzata,Due carreggiate,Asciutto,Asfaltata,Verticale,Sereno,Scarso,Sufficiente,Sufficiente,0,0,0,1,"12,55514","41,88977",False
2680487,1,04/02/2016T00:20:00,Strada Urbana,all'intersezione semaforizzata con,VIA DI S. FRANCESCO A RIPA,VIALE DI TRASTEVERE,VIA DI S. FRANCESCO A RIPA,,,Scontro laterale fra veicoli in marcia,Intersezione semaforizzata,Una carreggiata a doppio senso,Asciutto,Asfaltata,Verticale ed orizzontale,Sereno,Normale,Sufficiente,Sufficiente,0,0,0,4,,,False
2695216,18,04/02/2016T01:00:00,Strada Urbana,in prossimit�,del civico n.,PIAZZA DEL RISORGIMENTO,,16,,Veicolo in marcia contro veicolo in sosta,Rettilineo,Una carreggiata a senso unico di marcia,Asciutto,Asfaltata,Verticale ed orizzontale,Sereno,Scarso,Sufficiente,Sufficiente,0,0,0,2,"12,45724","41,90668",True
2682231,3,04/02/2016T04:44:00,Strada Urbana,da specificare,,VIALE VENTUNO APRILE,,,fronte civ. 8,Veicolo in marcia contro ostacolo fisso,Rettilineo,Una carreggiata a doppio senso,Asciutto,Asfaltata,Verticale ed orizzontale,Sereno,Scarso,Buona,Sufficiente,1,0,0,0,,,False
2680780,15,04/02/2016T05:00:00,Strada Urbana,in prossimit�,del civico n.,PIAZZA ANTONIO MEUCCI,,5,,Veicolo in marcia contro veicoli in sosta,Rotatoria,Una carreggiata a senso unico di marcia,Asciutto,Asfaltata,Orizzontale,Sereno,Scarso,Buona,Sufficiente,0,0,0,0,"12,46428","41,86191",False
2681836,5,04/02/2016T06:10:00,Strada Urbana,in prossimit�,del civico n.,VIA DEI MONTI TIBURTINI,,400,,Veicolo in marcia contro ostacolo accidentale,Rettilineo,Due carreggiate,Asciutto,Asfaltata,Verticale ed orizzontale,Sereno,Normale,Buona,Ore Diurne,0,0,0,1,"12,53888","41,91846",True
2680525,2,04/02/2016T06:40:00,Strada Urbana,all'intersezione semaforizzata con,VIA PO,PIAZZA BUENOS AIRES,VIA PO,,,Scontro frontale/laterale DX fra veicoli in marcia,Intersezione semaforizzata,Una carreggiata a doppio senso,Asciutto,Asfaltata,Verticale ed orizzontale,Sereno,Normale,Buona,Ore Diurne,0,0,0,2,"12,50012","41,9181",True
2680462,18,04/02/2016T06:45:00,Statale entro l'abitato,in prossimit�,del civico n.,VIA AURELIA,,674,,Scontro frontale/laterale SX fra veicoli in marcia,Rettilineo,Una carreggiata a doppio senso,Asciutto,Asfaltata,Verticale ed orizzontale,Sereno,Normale,Buona,Ore Diurne,1,0,0,1,"12,41574","41,8939",False
2681988,20,04/02/2016T07:35:00,Strada Urbana,da specificare,,LARGO MARESCIALLO DIAZ,,,altezza via Antonino di San Giuliano,Tamponamento,Rettilineo,Due carreggiate,Asciutto,Asfaltata,Verticale ed orizzontale,Nuvoloso,Normale,Buona,Ore Diurne,0,0,0,2,,,False
2681900,19,04/02/2016T08:00:00,Strada Urbana,in prossimit�,del civico n.,VIALE DELLE MEDAGLIE D'ORO,,73,,Scontro frontale/laterale SX fra veicoli in marcia,Rettilineo,Una carreggiata a doppio senso,Asciutto,Asfaltata,Orizzontale,Sereno,Normale,Buona,Ore Diurne,0,0,0,2,"12,44442","41,91129",True
2681848,11,04/02/2016T08:00:00,Strada Urbana,in prossimit�,del civico n.,CIRCONVALLAZIONE OSTIENSE,,132,,Investimento di pedone,Rettilineo,Pi� di due carreggiate,Asciutto,Asfaltata,Verticale ed orizzontale,Nuvoloso,Normale,Buona,Ore Diurne,1,0,0,1,"12,48606","41,86715",True
2681534,16,04/02/2016T08:00:00,,da specificare,,VIA DELLA VIGNACCIA,,,fronte civico 80,Scontro frontale/laterale SX fra veicoli in marcia,,,,,,,,,,0,0,0,2,,,False
2681495,13,04/02/2016T08:00:00,Strada Urbana,in corrispondenza,del civico n.,VIALE ALFREDO ZAMBRINI,,47,,Investimento di pedone,Rettilineo,Una carreggiata a doppio senso,Asciutto,Asfaltata,Orizzontale,Sereno,Normale,Buona,Ore Diurne,2,0,0,3,"12,26766","41,73673",False
2681931,11,04/02/2016T08:00:00,Strada Urbana,all'intersezione con,VIA SALVATORE PINCHERLE,VIALE GUGLIELMO MARCONI,VIA SALVATORE PINCHERLE,,,Veicolo in marcia contro ostacolo accidentale,Intersezione semaforizzata,Due carreggiate,Asciutto,Asfaltata,Verticale ed orizzontale,Nuvoloso,Intenso,Buona,Ore Diurne,1,0,0,0,"12,47296","41,85245",False
2681207,1,04/02/2016T08:20:00,Strada Urbana,in prossimit�,del palo luce n.,VIALE DELLE TERME DI CARACALLA,,116,,Scontro frontale/laterale SX fra veicoli in marcia,Rettilineo,Pi� di due carreggiate,Asciutto,Asfaltata,Verticale ed orizzontale,Sereno,Normale,Buona,Ore Diurne,1,0,0,1,"12,49516","41,87849",True
2681318,1,04/02/2016T08:20:00,Strada Urbana,in prossimit�,del civico n.,PIAZZA DI PORTA MAGGIORE,,17,,Scontro laterale fra veicoli in marcia,Rotatoria,Una carreggiata a senso unico di marcia,Asciutto,Asfaltata,Verticale ed orizzontale,Sereno,Intenso,Buona,Ore Diurne,0,0,0,4,,,False
2680634,7,04/02/2016T08:25:00,Strada Urbana,all'intersezione con,VIA DEI CASTANI,PIAZZA DEI GERANI,VIA DEI CASTANI,,,Scontro laterale fra veicoli in marcia,Incrocio,Due carreggiate,Asciutto,Asfaltata,Verticale ed orizzontale,Nuvoloso,Normale,Buona,Ore Diurne,0,0,0,2,"12,56634","41,88597",True
2682555,12,04/02/2016T08:30:00,Strada Urbana,da specificare,,VIALE DELL'AERONAUTICA,,,alt. civico 122,Veicolo in marcia contro veicolo in sosta,Rettilineo,Due carreggiate,Asciutto,Asfaltata,Verticale ed orizzontale,Sereno,Normale,Buona,Ore Diurne,0,0,0,1,"12,47553","41,82615",True
2682069,4,04/02/2016T08:40:00,Strada Urbana,in corrispondenza,del civico n.,VIA NOMENTANA,,348,,Veicolo in marcia contro veicolo in sosta,Rettilineo,Pi� di due carreggiate,Asciutto,Asfaltata,Verticale ed orizzontale,Sereno,Normale,Buona,Ore Diurne,0,0,0,1,"12,53613","41,9403",True
2686253,16,04/02/2016T08:40:00,Strada Urbana,all'intersezione semaforizzata con,CIRCONVALLAZIONE GIANICOLENSE,PIAZZALE ENRICO DUNANT,CIRCONVALLAZIONE GIANICOLENSE,,,Scontro laterale fra veicoli in marcia,Incrocio,Pi� di due carreggiate,Asciutto,Asfaltata,Verticale ed orizzontale,Sereno,Normale,Buona,Ore Diurne,0,0,0,2,"12,45862","41,87276",True
2681243,1,04/02/2016T08:45:00,Strada Urbana,in corrispondenza,del civico n.,VIA GIUSEPPE ZANARDELLI,,22,,Investimento di pedone,Rettilineo,Una carreggiata a doppio senso,Asciutto,Asfaltata,Verticale ed orizzontale,Sereno,Normale,Buona,Ore Diurne,1,0,0,1,,,False
2681569,4,04/02/2016T09:00:00,Strada Urbana,in corrispondenza,del civico n.,PIAZZA MENENIO AGRIPPA,,29,,Investimento di pedone,Curva a visuale libera,Una carreggiata a senso unico di marcia,Asciutto,Asfaltata,Verticale ed orizzontale,Sereno,Normale,Buona,Ore Diurne,1,0,0,1,"12,53584","41,93455",False
2682253,3,04/02/2016T09:10:00,Strada Urbana,da specificare,,VIA NOMENTANA,,,altezza civ. 297,Tamponamento Multiplo,Rettilineo,Pi� di due carreggiate,Asciutto,Asfaltata,Verticale ed orizzontale,Sereno,Normale,Buona,Ore Diurne,0,0,0,4,"12,51228","41,91703",True
2679302,20,04/02/2016T10:10:00,Statale entro l'abitato,in corrispondenza,della chilometrica,VIA CASSIA,,16.5,,Veicolo in marcia contro ostacolo fisso,Rettilineo,Una carreggiata a senso unico di marcia,Asciutto,Asfaltata,Verticale ed orizzontale,Sereno,Normale,Buona,Ore Diurne,1,0,0,0,,,False
2681499,13,04/02/2016T10:45:00,Provinciale,da specificare,,VIA OSTIENSE,,,prossimit� Via Fiumalbo,Veicolo in marcia contro ostacolo accidentale,Rettilineo,Una carreggiata a doppio senso,Asciutto,Asfaltata,Verticale ed orizzontale,Vento forte,Normale,Buona,Ore Diurne,0,0,0,2,"12,39445","41,79399",True
2687516,12,04/02/2016T11:00:00,Provinciale,in corrispondenza,della chilometrica,VIA DEL MARE,,14.5,,Veicolo in marcia contro ostacolo accidentale,Rettilineo,Una carreggiata a doppio senso,Asciutto,Asfaltata,Verticale ed orizzontale,Sereno,Normale,Buona,Ore Diurne,0,0,0,1,"12,48786","41,66404",True
2680924,18,04/02/2016T11:20:00,Strada Urbana,in prossimit�,del civico n.,PIAZZA IRNERIO,,47,,Scontro laterale fra veicoli in marcia,Rettilineo,Due carreggiate,Asciutto,Asfaltata,Verticale,Sereno,Normale,Buona,Ore Diurne,1,0,0,2,"12,42972","41,89845",True
2681460,17,04/02/2016T11:30:00,Strada Urbana,da specificare,,PIAZZA GIUSEPPE MAZZINI,,,fronte civ. 12,Scontro laterale fra veicoli in marcia,Rotatoria,Una carreggiata a senso unico di marcia,Asciutto,Asfaltata,Verticale ed orizzontale,Sereno,Normale,Buona,Ore Diurne,0,0,0,2,"12,46406","41,91609",True
2681849,11,04/02/2016T12:05:00,Strada Urbana,all'intersezione semaforizzata con,VIA PADRE REGINALDO GIULIANI,CIRCONVALLAZIONE OSTIENSE,VIA PADRE REGINALDO GIULIANI,,,Veicolo in marcia contro ostacolo accidentale,Intersezione semaforizzata,Due carreggiate,Asciutto,Asfaltata,Verticale ed orizzontale,Vento forte,Normale,Buona,Ore Diurne,0,0,0,1,"12,49307","41,86714",True
2682016,10,04/02/2016T12:15:00,Statale entro l'abitato,da specificare,,VIA TUSCOLANA,,,fronte capolinea Atac,Veicolo in marcia contro veicolo fermo,Rettilineo,Due carreggiate,Asciutto,Asfaltata,Assente,Sereno,Normale,Buona,Ore Diurne,0,0,0,3,"12,58482","41,84274",True
2685992,12,04/02/2016T12:30:00,Strada Urbana,all'intersezione con,PIAZZALE VENTICINQUE MARZO 1957,VIALE DELL'OCEANO ATLANTICO,PIAZZALE VENTICINQUE MARZO 1957,,,Scontro frontale/laterale SX fra veicoli in marcia,Incrocio,Una carreggiata a senso unico di marcia,Asciutto,Asfaltata,Verticale ed orizzontale,Sereno,Normale,Buona,Ore Diurne,0,0,0,7,"12,47153","41,82012",True
2681503,17,04/02/2016T13:00:00,,all'intersezione con,VIA FRANCESCO CANCELLIERI,VIA CRESCENZIO,VIA FRANCESCO CANCELLIERI,,,Scontro laterale fra veicoli in marcia,,,,,,,,,,1,0,0,1,"12,46339","41,90574",False
2681442,17,04/02/2016T13:10:00,Strada Urbana,in prossimit�,del civico n.,VIA DELLA CAMILLUCCIA,,119,,Scontro laterale fra veicoli in marcia,Rettilineo,Una carreggiata a senso unico di marcia,Asciutto,Asfaltata,Verticale ed orizzontale,Sereno,Normale,Buona,Ore Diurne,0,0,0,3,"12,44485","41,93131",False
2681873,13,04/02/2016T13:15:00,Strada Urbana,in prossimit�,del palo luce n.,VIALE ALESSANDRO RUSPOLI,,8,,Veicolo in marcia contro ostacolo fisso,Curva a visuale libera,Due carreggiate,Asciutto,Asfaltata,Verticale ed orizzontale,Sereno,Scarso,Buona,Ore Diurne,0,0,0,4,"12,34564","41,78792",True
2681341,17,04/02/2016T13:30:00,Strada Urbana,all'intersezione con,VIA FRANCESCO SIVORI,VIA MARCANTONIO BRAGADIN,VIA FRANCESCO SIVORI,,,Scontro frontale/laterale SX fra veicoli in marcia,Intersezione stradale segnalata,Una carreggiata a senso unico di marcia,Asciutto,Asfaltata,Verticale ed orizzontale,Sereno,Normale,Buona,Ore Diurne,1,0,0,1,"12,44708","41,90564",False
2681356,9,04/02/2016T13:35:00,Strada Urbana,all'intersezione con,VIA DON ORIONE,VIA APPIA NUOVA,VIA DON ORIONE,,,Scontro frontale/laterale DX fra veicoli in marcia,Incrocio,Due carreggiate,Asciutto,Asfaltata,Verticale ed orizzontale,Sereno,Normale,Buona,Ore Diurne,1,0,0,1,,,False
2681309,2,04/02/2016T13:40:00,Strada Urbana,all'intersezione semaforizzata con,VIA CHIANA,VIA TAGLIAMENTO,VIA CHIANA,,,Scontro frontale/laterale SX fra veicoli in marcia,Intersezione semaforizzata,Una carreggiata a doppio senso,Asciutto,Asfaltata,Verticale ed orizzontale,Sereno,Normale,Buona,Ore Diurne,0,0,0,2,"12,50315","41,92016",True
2687282,12,04/02/2016T13:40:00,Strada Urbana,da specificare,,VIA CRISTOFORO COLOMBO,,,laterale - dir. Ostia - mt.200 dopo svincolo GRA,Infortunio per caduta del veicolo,Rettilineo,Pi� di due carreggiate,Asciutto,Asfaltata,Verticale ed orizzontale,Sereno,Normale,Buona,Ore Diurne,1,0,0,1,,,False
2681860,8,04/02/2016T14:00:00,Strada Urbana,in prossimit�,del civico n.,VIA DELLE RUPICOLE,,51,,Veicolo in marcia contro ostacolo accidentale,Curva a visuale libera,Una carreggiata a doppio senso,Asciutto,Asfaltata,Assente,Sereno,Scarso,Buona,Ore Diurne,0,0,0,1,"12,59384","41,86087",True
2681161,10,04/02/2016T14:00:00,Statale,all'intersezione semaforizzata con,VIALE GIULIO AGRICOLA,VIA TUSCOLANA,VIALE GIULIO AGRICOLA,,,Tamponamento Multiplo,Incrocio,Due carreggiate,Asciutto,Asfaltata,Verticale ed orizzontale,Sereno,Normale,Buona,Ore Diurne,1,0,0,2,"12,56244","41,85661",False
2682058,10,04/02/2016T14:05:00,Strada Urbana,all'intersezione con,VIA LUCREZIA ROMANA,VIA DELLE CAPANNELLE,VIA LUCREZIA ROMANA,,,Scontro frontale/laterale DX fra veicoli in marcia,Intersezione stradale segnalata,Una carreggiata a doppio senso,Asciutto,Asfaltata,Verticale ed orizzontale,Sereno,Normale,Buona,Ore Diurne,0,0,0,4,"12,57484","41,83681",True
2681912,19,04/02/2016T14:12:00,Strada Urbana,all'intersezione con,VIA FRATELLI GUALANDI,VIA TRIONFALE,VIA FRATELLI GUALANDI,,,Scontro frontale/laterale DX fra veicoli in marcia,Intersezione semaforizzata,Una carreggiata a doppio senso,Asciutto,Asfaltata,Verticale ed orizzontale,Sereno,Intenso,Buona,Ore Diurne,0,0,0,2,"12,42093","41,94177",True
2681972,20,04/02/2016T14:30:00,Strada Urbana,in prossimit�,del civico n.,VIA MAROSTICA,,19,,Veicolo in marcia contro veicolo in sosta,Curva a visuale libera,Una carreggiata a doppio senso,Asciutto,Asfaltata,Assente,Sereno,Scarso,Buona,Ore Diurne,0,0,0,1,"12,47636","41,94856",True
2682055,2,04/02/2016T14:35:00,,all'intersezione con,VIA FRATELLI RUSPOLI,VIA LISBONA,VIA FRATELLI RUSPOLI,,,Scontro frontale/laterale SX fra veicoli in marcia,,,,,,,,,,1,0,0,1,,,False
2681802,9,04/02/2016T14:35:00,,all'intersezione con,VIA CAMILLA,VIA APPIA NUOVA,VIA CAMILLA,,,Investimento di pedone,,,,,,,,,,1,0,0,2,,,False
2682517,12,04/02/2016T14:45:00,Strada Urbana,all'intersezione con,VIA ANTONIO CARRUCCIO,VIA ARDEATINA,VIA ANTONIO CARRUCCIO,,,Tamponamento,Incrocio,Una carreggiata a doppio senso,Asciutto,Asfaltata,Verticale ed orizzontale,Sereno,Normale,Buona,Ore Diurne,2,0,0,2,"12,53456","41,79682",False
2695842,18,04/02/2016T15:00:00,Strada Urbana,da specificare,,LUNGOTEVERE IN AUGUSTA,,,in corrispondenza Ara Pacis,Scontro laterale fra veicoli in marcia,Rettilineo,Una carreggiata a senso unico di marcia,Asciutto,In cubetti di porfido,Verticale ed orizzontale,Sereno,Intenso,Buona,Ore Diurne,0,0,0,3,"12,47478","41,90759",False
2681481,17,04/02/2016T15:00:00,Strada Urbana,da specificare,,VIA CIPRO,,,fronte civ. 1,Veicoli in marcia contro veicolo fermo,Rettilineo,Due carreggiate,Asciutto,Asfaltata,Verticale ed orizzontale,Sereno,Normale,Buona,Ore Diurne,1,0,0,1,"12,44675","41,90713",False
2682271,3,04/02/2016T15:15:00,Strada Urbana,all'intersezione con,VIA DEI LATINI,VIA TIBURTINA,VIA DEI LATINI,,,Scontro frontale/laterale DX fra veicoli in marcia,Intersezione stradale segnalata,Una carreggiata a doppio senso,Asciutto,Asfaltata,Verticale ed orizzontale,Sereno,Normale,Buona,Ore Diurne,0,0,0,3,"12,57323","41,92521",False
2694874,18,04/02/2016T15:15:00,Strada Urbana,all'intersezione con,VIA ARONA,VIA DI CASALOTTI,VIA ARONA,,,Scontro laterale fra veicoli in marcia,Intersezione stradale segnalata,Una carreggiata a doppio senso,Asciutto,Asfaltata,Verticale ed orizzontale,Sereno,Intenso,Buona,Ore Diurne,0,0,0,2,"12,37115","41,91604",True
2681375,1,04/02/2016T15:45:00,Strada Urbana,all'intersezione con,VIA SEBASTIANO GRANDIS,VIA ELENIANA,VIA SEBASTIANO GRANDIS,,,Scontro frontale/laterale DX fra veicoli in marcia,Incrocio,Una carreggiata a doppio senso,Asciutto,Asfaltata,Verticale ed orizzontale,Sereno,Scarso,Buona,Ore Diurne,0,0,0,2,"12,51499","41,88998",False
2681471,12,04/02/2016T15:45:00,Strada Urbana,in prossimit�,del civico n.,PIAZZA SANTO DOMINGO,,14,,Scontro laterale fra veicoli in marcia,Rettilineo,Una carreggiata a doppio senso,Asciutto,Asfaltata,Verticale ed orizzontale,Sereno,Normale,Buona,Ore Diurne,0,0,0,2,"12,4777","41,83786",True
2681449,10,04/02/2016T16:40:00,Strada Urbana,in prossimit�,del civico n.,VIA DECIO MURE,,37,,Scontro frontale/laterale DX fra veicoli in marcia,Curva a visuale libera,Una carreggiata a senso unico di marcia,Asciutto,Asfaltata,Orizzontale,Sereno,Scarso,Buona,Ore Diurne,0,0,0,3,"9,644","45,397",True
2681992,20,04/02/2016T16:40:00,Strada Urbana,all'intersezione con,VIA DI COLLE FEBBRARO,VIA DI BACCANELLO,VIA DI COLLE FEBBRARO,,,Scontro frontale/laterale SX fra veicoli in marcia,Intersezione stradale segnalata,Una carreggiata a doppio senso,Asciutto,Asfaltata,Verticale ed orizzontale,Sereno,Normale,Buona,Ore Diurne,0,0,0,3,"12,35326","42,06276",True
2692294,18,04/02/2016T16:45:00,,in corrispondenza,del civico n.,VIA NAZARETH,,150,,Tamponamento Multiplo,,,,,,,,,,2,0,0,4,,,False
2681369,10,04/02/2016T17:00:00,Statale entro l'abitato,in prossimit�,del civico n.,VIA TUSCOLANA,,975,,Scontro frontale/laterale SX fra veicoli in marcia,Rettilineo,Una carreggiata a senso unico di marcia,Asciutto,Asfaltata,Orizzontale,Sereno,Normale,Buona,Ore Diurne,0,0,0,2,"12,56561","41,85521",True
2682414,12,04/02/2016T17:15:00,Strada Urbana,in corrispondenza,del civico n.,VIA STOCCOLMA,,12,,Scontro laterale fra veicoli in marcia,Rettilineo,Due carreggiate,Asciutto,Strada pavimentata dissestata,Verticale ed orizzontale,Sereno,Scarso,Buona,Sufficiente,0,0,0,3,"12,4528","41,82471",True
2681918,20,04/02/2016T17:20:00,Strada Urbana,in prossimit�,del civico n.,VIA ORIOLO ROMANO,,93,,Scontro laterale fra veicoli in marcia,Curva senza visuale libera,Una carreggiata a doppio senso,Asciutto,Asfaltata,Orizzontale,Nuvoloso,Scarso,Sufficiente,Sufficiente,2,0,0,0,,,False
2681876,13,04/02/2016T17:23:00,Strada Urbana,in prossimit�,del palo luce n.,VIA OSTIENSE,,524,,Scontro laterale fra veicoli in marcia,Rettilineo,Una carreggiata a senso unico di marcia,Asciutto,Asfaltata,Verticale ed orizzontale,Sereno,Intenso,Sufficiente,Sufficiente,1,0,0,2,"12,45895","41,83686",False
2681884,13,04/02/2016T17:30:00,Strada Urbana,da specificare,,VIA DI CASTEL FUSANO,,,in prossimit� di Via Ostiense,Scontro laterale fra veicoli in marcia,Rettilineo,Una carreggiata a doppio senso,Asciutto,Asfaltata,Orizzontale,Nuvoloso,Normale,Buona,Ore Diurne,0,0,0,4,"12,3057","41,75756",False
2681927,20,04/02/2016T17:30:00,Strada Urbana,all'intersezione con,VIA DELLA FARNESINA,VIA DEGLI ORTI DELLA FARNESINA,VIA DELLA FARNESINA,,,Scontro frontale/laterale SX fra veicoli in marcia,Incrocio,Una carreggiata a doppio senso,Asciutto,Asfaltata,Verticale ed orizzontale,Sereno,Normale,Buona,Sufficiente,1,0,0,1,,,False
2682023,20,04/02/2016T17:40:00,Strada Urbana,in prossimit�,del civico n.,VIA CASSIA,,1304,,Scontro frontale/laterale DX fra veicoli in marcia,Curva a visuale libera,Una carreggiata a doppio senso,Asciutto,Asfaltata,Verticale ed orizzontale,Sereno,Intenso,Buona,Ore Diurne,1,0,0,1,,,False
2681852,5,04/02/2016T17:45:00,Strada Urbana,all'intersezione con,VIA VITTORIO VALLETTA,VIA DI CASAL DEI PAZZI,VIA VITTORIO VALLETTA,,,Scontro laterale fra veicoli in marcia,Intersezione stradale segnalata,Una carreggiata a doppio senso,Asciutto,Asfaltata,Verticale ed orizzontale,Sereno,Normale,Sufficiente,Insufficiente,0,0,0,1,,,False
2681559,2,04/02/2016T17:50:00,Strada Urbana,in prossimit�,del civico n.,VIA ALESSANDRIA,,173,,Veicolo in marcia contro veicolo in sosta,Rettilineo,Una carreggiata a senso unico di marcia,Asciutto,Asfaltata,Verticale ed orizzontale,Sereno,Normale,Buona,Ore Diurne,1,0,0,1,,,False
2682189,10,04/02/2016T17:55:00,Strada Urbana,all'intersezione con,LARGO CIRO',VIA SANTA SEVERINA,LARGO CIRO',,,Scontro laterale fra veicoli in marcia,Incrocio,Una carreggiata a senso unico di marcia,Asciutto,Asfaltata,Verticale ed orizzontale,Sereno,Scarso,Buona,Sufficiente,0,0,0,2,"12,56037","41,83471",False
2682054,2,04/02/2016T18:00:00,,in prossimit�,del civico n.,PIAZZA ADDIS ABEBA,,"FR, 24",,Investimento di pedone,,,,,,,,,,1,0,0,1,,,False
2681919,19,04/02/2016T18:20:00,Strada Urbana,in prossimit�,del civico n.,VIALE CORTINA D'AMPEZZO,,29,,Veicolo in marcia contro ostacolo accidentale,Rettilineo,Una carreggiata a doppio senso,Asciutto,Asfaltata,Orizzontale,Sereno,Normale,Buona,Sufficiente,1,0,0,0,"12,45493","41,95248",True
2681910,11,04/02/2016T18:20:00,Strada Urbana,in corrispondenza,del civico n.,VIA DI GROTTA PERFETTA,,591,,Scontro frontale/laterale DX fra veicoli in marcia,Rotatoria,Una carreggiata a doppio senso,Asciutto,Asfaltata,Verticale ed orizzontale,Sereno,Intenso,Buona,Sufficiente,0,0,0,2,"12,5097","41,83636",True
2682599,1,04/02/2016T18:35:00,,in prossimit�,del civico n.,VIA DI S. CROCE IN GERUSALEMME,,103,,Scontro frontale/laterale DX fra veicoli in marcia,,,,,,,,,,2,0,0,0,,,False