_ID,_Gruppo,_DataOraIncidente,_Localizzazione1,_Localizzazione2,_Strada1,_DaSpecificare,_NaturaIncidente,_ParticolaritaStrade,_TipoStrada,_FondoStradale,_Pavimentazione,_Segnaletica,_CondizioneAtmosferica,_Traffico,_Visibilita,_Illuminazione,_NUM_FERITI,_NUM_RISERVATA,_NUM_MORTI,_NUM_ILLESI,_Longitudine,_Latitudine,_CONFERMATO,__prefix,_Strada02,_Strada2,_Chilometrica
2681879,15,04/02/2016T18:45:00,Strada Urbana,da specificare,,VIADOTTO DELLA MAGLIANA,,,RAMPA DI ACCESSO DIR. EUR,Scontro frontale/laterale SX fra veicoli in marcia,Rettilineo,Due carreggiate,Asciutto,Asfaltata,Orizzontale,Sereno,Normale,Buona,Inesistente,0,0,0,2,"12,46221","41,84062",True
2681808,9,04/02/2016T18:45:00,,da specificare,,PIAZZA DI PORTA S. GIOVANNI,,,fr.piazzale Appio,Scontro laterale fra veicoli in marcia,,,,,,,,,,0,0,0,2,,,False
2681832,8,04/02/2016T19:00:00,Strada Urbana,da specificare,,VIALE OXFORD,,,RAMPA DI USCITA DIR CAMBELLOTTI,Veicolo in marcia contro ostacolo accidentale,Curva a visuale libera,Una carreggiata a senso unico di marcia,Asciutto,Asfaltata,Verticale ed orizzontale,Sereno,Normale,Sufficiente,Sufficiente,1,0,0,0,"12,6283","41,85976",False
2681908,5,04/02/2016T19:06:00,Strada Urbana,all'intersezione con,VIA DOMENICO CUCCHIARI,VIA GIOVANNI PITTALUGA,VIA DOMENICO CUCCHIARI,,,Scontro frontale/laterale DX fra veicoli in marcia,Incrocio,Una carreggiata a doppio senso,Asciutto,Asfaltata,Verticale ed orizzontale,Sereno,Normale,Buona,Sufficiente,0,0,0,3,"12,53693","41,89979",True
2684047,1,04/02/2016T19:20:00,Strada Urbana,all'intersezione semaforizzata con,VIA DEI RAMNI,PIAZZALE SISTO V,VIA DEI RAMNI,,,Scontro frontale/laterale DX fra veicoli in marcia,Intersezione semaforizzata,Una carreggiata a doppio senso,Asciutto,Asfaltata,Verticale ed orizzontale,Sereno,Normale,Sufficiente,Sufficiente,0,0,0,2,"12,5097","41,89876",True
2681818,9,04/02/2016T19:20:00,Strada Urbana,da specificare,,PIAZZA RAGUSA,,,fr.civ.68,Tamponamento,Rotatoria,Una carreggiata a senso unico di marcia,Asciutto,Asfaltata,Assente,Sereno,Normale,Sufficiente,Sufficiente,0,0,0,3,"12,52305","41,88123",True
2681898,15,04/02/2016T19:30:00,Strada Urbana,da specificare,,VIADOTTO DELLA MAGLIANA,,,rampa Magliana dir. centro,Tamponamento,Rettilineo,Due carreggiate,Asciutto,Asfaltata,Orizzontale,Sereno,Intenso,Buona,Sufficiente,0,0,0,2,"12,46221","41,84062",True
2682298,16,04/02/2016T20:00:00,,in corrispondenza,del palo luce n.,VIA LEONARDO FIBONACCI,,45,,Veicolo in marcia contro ostacolo fisso,,,,,,,,,,1,0,0,0,,,False
2681827,11,04/02/2016T20:40:00,Strada Urbana,in prossimit�,del palo luce n.,VIA DI GROTTA PERFETTA,,93,,Tamponamento,Curva a visuale libera,Una carreggiata a doppio senso,Asciutto,Asfaltata,Orizzontale,Sereno,Scarso,Buona,Sufficiente,1,0,0,2,"12,50725","41,83836",False
2682034,17,04/02/2016T20:40:00,Strada Urbana,in corrispondenza,del civico n.,VIALE GIUSEPPE MAZZINI,,131,,Investimento di pedone,Rettilineo,Due carreggiate,Asciutto,Asfaltata,Verticale ed orizzontale,Sereno,Scarso,Buona,Sufficiente,1,0,0,1,"12,4558","41,91575",False
2682017,1,04/02/2016T21:05:00,Strada Urbana,all'intersezione con,VIA IPPOLITO NIEVO,PIAZZA IPPOLITO NIEVO,VIA IPPOLITO NIEVO,,,Scontro frontale/laterale DX fra veicoli in marcia,Intersezione semaforizzata,Pi� di due carreggiate,Asciutto,Asfaltata,Verticale ed orizzontale,Sereno,Scarso,Sufficiente,Insufficiente,1,0,0,1,,,False
2681856,8,04/02/2016T21:20:00,Strada Urbana,da specificare,,VIA DI S. VITTORINO,,,200 MT PRIMA DEL CIMITERO S. VITTORINO,Veicolo in marcia contro ostacolo fisso,Rettilineo,Una carreggiata a doppio senso,Asciutto,Asfaltata,Verticale ed orizzontale,Sereno,Scarso,Insufficiente,Inesistente,0,0,0,1,"12,77746","41,92066",True
2695602,18,04/02/2016T22:00:00,Strada Urbana,in prossimit�,del civico n.,VIA EMILIO ALBERTARIO,,52,,Veicolo in marcia contro veicolo fermo,Rettilineo,Una carreggiata a senso unico di marcia,Asciutto,Asfaltata,Assente,Sereno,Scarso,Buona,Sufficiente,0,0,0,3,"12,422","41,90129",True
2681950,5,04/02/2016T23:25:00,Strada Urbana,all'intersezione semaforizzata con,VIA LUCHINO DAL VERME,VIA DI ACQUA BULLICANTE,VIA LUCHINO DAL VERME,,,Scontro frontale fra veicoli in marcia,Intersezione semaforizzata,Una carreggiata a doppio senso,Asciutto,Asfaltata,Verticale ed orizzontale,Sereno,Scarso,Sufficiente,Sufficiente,1,0,0,2,"12,5424","41,88883",True
2682048,2,04/02/2016T23:35:00,Strada Urbana,da specificare,,VIA DEL FORO ITALICO,,,alt. paolo luce 279,Veicolo in marcia contro ostacolo accidentale,Rettilineo,Due carreggiate,Asciutto,Asfaltata,Orizzontale,Sereno,Scarso,Sufficiente,Sufficiente,0,0,0,2,"12,48104","41,94025",True
2684026,1,05/02/2016,Strada Urbana,in prossimit�,del civico n.,VIA RUGGERO BONGHI,,38,,Veicolo in marcia contro veicoli in sosta,Rettilineo,Una carreggiata a senso unico di marcia,Asciutto,Asfaltata,Verticale ed orizzontale,Sereno,Scarso,Buona,Sufficiente,0,0,0,0,,,False
2685579,7,05/02/2016,Strada Urbana,in corrispondenza,del palo luce n.,VIA DEI LARICI,,6,,Veicolo in marcia contro veicoli in sosta,Rettilineo,Una carreggiata a senso unico di marcia,Asciutto,Asfaltata,Verticale,Nuvoloso,Normale,Sufficiente,Sufficiente,0,0,0,0,"12,57322","41,89335",True
2681936,11,05/02/2016T01:00:00,Strada Urbana,all'intersezione con,CIRCONVALLAZIONE OSTIENSE,VIA CAFFARO,CIRCONVALLAZIONE OSTIENSE,,,Veicolo in marcia contro veicoli in sosta,Incrocio,Due carreggiate,Asciutto,Asfaltata,Verticale ed orizzontale,Sereno,Scarso,Insufficiente,Sufficiente,0,0,0,1,"12,48589","41,86568",False
2681977,7,05/02/2016T01:50:00,Strada Urbana,in corrispondenza,del civico n.,VIA COLLATINA,,321,,Scontro frontale/laterale DX fra veicoli in marcia,Rettilineo,Una carreggiata a doppio senso,Asciutto,Asfaltata,Orizzontale,Sereno,Normale,Buona,Sufficiente,1,0,0,2,"12,59584","41,90471",False
2685978,12,05/02/2016T02:45:00,,in prossimit�,del civico n.,VIA PORTUENSE,,68,,Scontro frontale/laterale SX fra veicoli in marcia,,,,,,,,,,1,0,0,1,,,False
2681838,8,05/02/2016T03:15:00,,in corrispondenza,del civico n.,VIA TUSCOLANA,,1140,,Scontro laterale fra veicoli in marcia,,,,,,,,,,1,0,0,1,,,False
2682377,1,05/02/2016T04:20:00,Strada Urbana,all'intersezione con,VIA SEBASTIANO GRANDIS,VIA ELENIANA,VIA SEBASTIANO GRANDIS,,,Scontro laterale fra veicoli in marcia,Intersezione stradale segnalata,Pi� di due carreggiate,Asciutto,Asfaltata,Verticale ed orizzontale,Sereno,Scarso,Sufficiente,Sufficiente,0,0,0,2,,,False
2682063,2,05/02/2016T05:15:00,Strada Urbana,da specificare,,VIALE DEL MURO TORTO,,,altezza paolo luce 17,Ribaltamento senza urto contro ostacolo fisso,Curva senza visuale libera,Due carreggiate,Asciutto,Asfaltata,Orizzontale,Sereno,Scarso,Sufficiente,Sufficiente,2,0,0,0,,,False
2683690,23,05/02/2016T07:06:00,,all'intersezione con,VIA LIDO DI CASTEL PORZIANO,VIA CRISTOFORO COLOMBO,VIA LIDO DI CASTEL PORZIANO,,,Scontro frontale/laterale DX fra veicoli in marcia,,,,,,,,,,0,0,0,2,,,False
2696352,18,05/02/2016T07:10:00,Strada Urbana,all'intersezione con,VIA ODOARDO GIOVE,VIA DI TORREVECCHIA,VIA ODOARDO GIOVE,,,Scontro frontale/laterale DX fra veicoli in marcia,Intersezione stradale segnalata,Una carreggiata a doppio senso,Asciutto,Asfaltata,Verticale ed orizzontale,Sereno,Normale,Buona,Ore Diurne,0,0,0,2,"12,4054","41,91341",True
2686200,12,05/02/2016T07:15:00,Strada Urbana,da specificare,,VIA CRISTOFORO COLOMBO,,,SOTTOVIA MARCONI,Scontro laterale fra veicoli in marcia,Curva a visuale libera,Due carreggiate,Asciutto,Asfaltata,Verticale ed orizzontale,Sereno,Intenso,Buona,Ore Diurne,0,0,0,3,"12,44704","41,80373",True
2682345,1,05/02/2016T07:17:00,Strada Urbana,all'intersezione con,VIA DEL CIRCO MASSIMO,PIAZZALE UGO LA MALFA,VIA DEL CIRCO MASSIMO,,,Scontro frontale/laterale DX fra veicoli in marcia,Incrocio,Una carreggiata a doppio senso,Asciutto,Asfaltata,Verticale ed orizzontale,Sereno,Normale,Buona,Ore Diurne,0,0,0,4,"12,4849","41,88529",False
2682066,2,05/02/2016T07:30:00,Strada Urbana,all'intersezione semaforizzata con,VIALE DI VILLA GRAZIOLI,VIA SALARIA,VIALE DI VILLA GRAZIOLI,,,Scontro laterale fra veicoli in marcia,Intersezione semaforizzata,Una carreggiata a doppio senso,Asciutto,Asfaltata,Verticale ed orizzontale,Sereno,Normale,Buona,Ore Diurne,0,0,0,2,"12,50048","41,92151",True
2685514,5,05/02/2016T07:50:00,Strada Urbana,in prossimit�,del civico n.,VIA DEI MONTI TIBURTINI,,400,,Tamponamento,Rettilineo,Due carreggiate,Asciutto,Asfaltata,Orizzontale,Sereno,Normale,Buona,Ore Diurne,0,0,0,2,"12,53917","41,91836",True
2682425,2,05/02/2016T08:00:00,Strada Urbana,in prossimit�,del civico n.,VIA PO,,20,,Veicolo in marcia contro veicolo in sosta,Rettilineo,Una carreggiata a doppio senso,Asciutto,Asfaltata,Verticale ed orizzontale,Sereno,Normale,Buona,Ore Diurne,0,0,0,1,"12,49419","41,91332",True
2683466,11,05/02/2016T08:10:00,Strada Urbana,da specificare,,VIA COSTANTINO,,,fr. civico 101,Tamponamento,Rettilineo,Una carreggiata a doppio senso,Asciutto,Asfaltata,Verticale ed orizzontale,Sereno,Normale,Buona,Ore Diurne,1,0,0,1,"12,48645","41,85695",True
2685698,12,05/02/2016T08:20:00,Strada Urbana,in corrispondenza,del civico n.,VIA CRISTOFORO COLOMBO,,575,,Scontro laterale fra veicoli in marcia,Rettilineo,Due carreggiate,Asciutto,Asfaltata,Verticale ed orizzontale,Sereno,Intenso,Buona,Ore Diurne,1,0,0,1,"12,47055","41,83196",False
2683486,8,05/02/2016T08:30:00,Strada Urbana,in corrispondenza,del civico n.,VIALE DUILIO CAMBELLOTTI,,133,,Scontro frontale/laterale DX fra veicoli in marcia,Rettilineo,Una carreggiata a senso unico di marcia,Asciutto,Asfaltata,Orizzontale,Sereno,Scarso,Buona,Ore Diurne,1,0,0,2,"12,63143","41,86847",False
2683608,11,05/02/2016T08:30:00,Strada Urbana,in corrispondenza,del civico n.,VIALE ALDO BALLARIN,,146,,Veicolo in marcia contro veicoli in sosta,Curva a visuale libera,Una carreggiata a doppio senso,Asciutto,Asfaltata,Verticale ed orizzontale,Sereno,Scarso,Buona,Ore Diurne,0,0,0,1,"12,49787","41,8348",True
2685561,19,05/02/2016T08:30:00,Strada Urbana,in prossimit�,del civico n.,VIA DI BOCCEA,,1168,,Veicolo in marcia contro veicolo arresto,Rettilineo,Una carreggiata a doppio senso,Asciutto,Asfaltata,Verticale ed orizzontale,Sereno,Normale,Buona,Ore Diurne,1,0,0,4,"12,32215","41,93538",True
2682085,4,05/02/2016T08:40:00,Strada Urbana,all'intersezione con,VIA MONTE ROCCHETTA,VIALE JONIO,VIA MONTE ROCCHETTA,,,Scontro frontale/laterale DX fra veicoli in marcia,Intersezione stradale segnalata,Due carreggiate,Asciutto,Asfaltata,Verticale ed orizzontale,Sereno,Normale,Buona,Ore Diurne,0,0,0,2,"12,53174","41,94734",True
2683504,8,05/02/2016T08:45:00,Strada Urbana,all'intersezione con,VIA BOMPIETRO,VIA ROMETTA,VIA BOMPIETRO,,,Scontro frontale/laterale DX fra veicoli in marcia,Intersezione stradale segnalata,Una carreggiata a doppio senso,Asciutto,Asfaltata,Verticale,Sereno,Scarso,Buona,Ore Diurne,0,0,0,3,"12,68074","41,8675",True
2682182,7,05/02/2016T08:50:00,Strada Urbana,all'intersezione con,PIAZZA TEOFRASTO,VIA FEDERICO DELPINO,PIAZZA TEOFRASTO,,,Scontro frontale/laterale DX fra veicoli in marcia,Incrocio,Una carreggiata a doppio senso,Asciutto,Asfaltata,Verticale ed orizzontale,Sereno,Normale,Buona,Ore Diurne,1,0,0,1,"12,56412","41,89144",True
2683562,10,05/02/2016T09:00:00,Strada Urbana,in prossimit�,del civico n.,VIA FRANCESCO ANTOLISEI,,25,,Scontro frontale/laterale DX fra veicoli in marcia,Rettilineo,Una carreggiata a senso unico di marcia,Asciutto,Asfaltata,Verticale ed orizzontale,Sereno,Normale,Buona,Ore Diurne,0,0,0,2,"12,60664","41,84861",True
2683534,11,05/02/2016T09:25:00,Strada Urbana,in corrispondenza,del civico n.,VIALE PICO DELLA MIRANDOLA,,2,,Scontro frontale/laterale DX fra veicoli in marcia,Rettilineo,Due carreggiate,Asciutto,Asfaltata,Verticale ed orizzontale,Sereno,Normale,Buona,Ore Diurne,1,0,0,3,"12,48747","41,8474",True
2686202,3,05/02/2016T09:30:00,,da specificare,,CIRCONVALLAZIONE NOMENTANA,,,dir. Salaria pross.t� Ponte Via Nomentana,Scontro laterale fra veicoli in marcia,,,,,,,,,,0,0,0,2,,,False
2682694,6,05/02/2016T09:30:00,Strada Urbana,in prossimit�,del civico n.,VIA DI ACQUA BULLICANTE,,255,,Veicolo in marcia contro veicoli in sosta,Rettilineo,Una carreggiata a doppio senso,Asciutto,Asfaltata,Orizzontale,Sereno,Normale,Buona,Ore Diurne,0,0,0,1,"12,54254","41,88831",True
2686170,12,05/02/2016T09:30:00,Strada Urbana,all'intersezione con,VIALE DELL'OCEANO ATLANTICO,VIALE ALGERIA,VIALE DELL'OCEANO ATLANTICO,,,Scontro frontale/laterale DX fra veicoli in marcia,Incrocio,Due carreggiate,Asciutto,Asfaltata,Verticale ed orizzontale,Sereno,Intenso,Buona,Ore Diurne,0,0,0,2,"12,46533","41,82163",True
2685947,3,05/02/2016T09:40:00,Strada Urbana,da specificare,,VIA NOMENTANA,,,fronte civico 92,Infortunio per caduta del veicolo,Rettilineo,Pi� di due carreggiate,Asciutto,Asfaltata,Verticale ed orizzontale,Sereno,Normale,Buona,Ore Diurne,1,0,0,0,"12,51357","41,91741",False
2683483,8,05/02/2016T09:50:00,,in prossimit�,del palo luce n.,VIALE DI TORRE MAURA,,45,,Veicolo in marcia contro ostacolo accidentale,,,,,,,,,,0,0,0,1,,,False
2685542,17,05/02/2016T09:50:00,Strada Urbana,in prossimit�,del civico n.,LUNGOTEVERE DEI MELLINI,,35,,Tamponamento,Rettilineo,Due carreggiate,Asciutto,Asfaltata,,Sereno,Normale,Buona,Ore Diurne,1,0,0,1,"12,47284","41,90748",False
2683497,8,05/02/2016T10:00:00,Strada Urbana,in prossimit�,del civico n.,VIALE DI TORRE MAURA,,78,,Scontro laterale fra veicoli in marcia,Rettilineo,Due carreggiate,Asciutto,Con buche,Orizzontale,Sereno,Normale,Buona,Ore Diurne,1,0,0,2,"12,59022","41,86491",True
2683487,11,05/02/2016T10:00:00,Strada Urbana,da specificare,,VIA DI VIGNA MURATA,,,altezza palo acea n. 44 ( direzione ardeatina),Scontro laterale fra veicoli in marcia,Rettilineo,Una carreggiata a senso unico di marcia,Asciutto,Asfaltata,Verticale,Sereno,Scarso,Buona,Ore Diurne,0,0,0,2,"12,50016","41,82661",True
2683465,11,05/02/2016T10:00:00,Strada Urbana,da specificare,,VIA BENEDETTO CROCE,,,fronte civ 57,Investimento di pedone,Rettilineo,Una carreggiata a senso unico di marcia,Asciutto,Asfaltata,Orizzontale,Sereno,Scarso,Buona,Ore Diurne,1,0,0,1,"12,48486","41,84205",False
2685559,19,05/02/2016T10:30:00,Strada Urbana,in prossimit�,del civico n.,VIA DI TORREVECCHIA,,323,,Scontro laterale fra veicoli in marcia,Rettilineo,Una carreggiata a doppio senso,Asciutto,Asfaltata,Orizzontale,Sereno,Normale,Buona,Ore Diurne,1,0,0,1,"12,41575","41,92687",True
2683476,20,05/02/2016T10:30:00,Strada Urbana,da specificare,,VIA HONDURAS,,,snc,Tamponamento,Curva senza visuale libera,Una carreggiata a senso unico di marcia,Asciutto,Asfaltata,Verticale ed orizzontale,Sereno,Normale,Buona,Ore Diurne,1,0,0,2,,,False
2695991,18,05/02/2016T10:30:00,Strada Urbana,all'intersezione con,VIA CALISTO II,VIA DELLA PINETA SACCHETTI,VIA CALISTO II,,,Scontro frontale/laterale SX fra veicoli in marcia,Intersezione stradale segnalata,Una carreggiata a doppio senso,Asciutto,Asfaltata,Verticale ed orizzontale,Sereno,Normale,Buona,Ore Diurne,1,0,0,1,"12,42398","41,91109",True
2683447,11,05/02/2016T10:45:00,Strada Urbana,all'intersezione con,VIA GALBA,VIALE GIUSTINIANO IMPERATORE,VIA GALBA,,,Scontro frontale/laterale SX fra veicoli in marcia,Incrocio,Due carreggiate,Asciutto,Asfaltata,Assente,Sereno,Normale,Buona,Ore Diurne,1,0,0,1,"12,48694","41,85543",False
2685769,4,05/02/2016T11:00:00,,all'intersezione semaforizzata con,VIA VAL D'AOSTA,VIA NOMENTANA,VIA VAL D'AOSTA,,,Tamponamento,,,,,,,,,,0,0,0,3,"12,55238","41,94111",False
2683512,20,05/02/2016T11:00:00,Strada Urbana,in prossimit�,del palo luce n.,VIA DELLA GIUSTINIANA,,164,,Veicolo in marcia contro ostacolo accidentale,Curva senza visuale libera,Una carreggiata a doppio senso,Asciutto,Asfaltata,Verticale,Sereno,Scarso,Sufficiente,Ore Diurne,0,0,0,1,"12,45002","41,99439",True
2682619,7,05/02/2016T11:05:00,Strada Urbana,all'intersezione con,VIA SENATORE BORLETTI,VIA ARISTIDE STADERINI,VIA SENATORE BORLETTI,,,Scontro frontale/laterale SX fra veicoli in marcia,Incrocio,Una carreggiata a senso unico di marcia,Asciutto,Asfaltata,Verticale,Sereno,Normale,Buona,Ore Diurne,0,1,0,2,"12,58723","41,89163",True
2685848,16,05/02/2016T11:30:00,Strada Urbana,all'intersezione con,VIA AURELIA ANTICA,VIA DI TORRE ROSSA,VIA AURELIA ANTICA,,,Scontro frontale/laterale DX fra veicoli in marcia,Intersezione stradale segnalata,Due carreggiate,Asciutto,Asfaltata,Verticale ed orizzontale,Sereno,Normale,Buona,Ore Diurne,0,0,0,2,"12,42783","41,89288",True
2685524,5,05/02/2016T11:30:00,Strada Urbana,all'intersezione con,VIA DELLE CAVE DI PIETRALATA,VIA FILIPPO MEDA,VIA DELLE CAVE DI PIETRALATA,,,Scontro laterale fra veicoli in marcia,Incrocio,Una carreggiata a doppio senso,Asciutto,Asfaltata,Verticale,Sereno,Normale,Buona,Ore Diurne,0,0,0,3,"12,53994","41,91279",True
2683612,11,05/02/2016T11:30:00,Strada Urbana,in prossimit�,del civico n.,VIA DEL PORTO FLUVIALE,,67,,Scontro frontale fra veicoli in marcia,Rettilineo,Una carreggiata a doppio senso,Asciutto,Asfaltata,Verticale ed orizzontale,Sereno,Normale,Buona,Ore Diurne,0,0,0,2,"12,47576","41,87226",True
2683490,8,05/02/2016T11:40:00,Strada Urbana,da specificare,,VIA DI TOR BELLA MONACA,,,in prossimit� svincolo via Torrenova direzione GRA,Tamponamento Multiplo,Rettilineo,Due carreggiate,Asciutto,Asfaltata,Verticale ed orizzontale,Sereno,Normale,Sufficiente,Ore Diurne,0,0,0,3,,,False
2683479,8,05/02/2016T11:45:00,,in prossimit�,del civico n.,VIA PEDICA DI TOR ANGELA,,19,,Veicolo in marcia contro ostacolo accidentale,,,,,,,,,,1,0,0,0,,,False
2685837,4,05/02/2016T11:45:00,,da specificare,,VIA ALBERTO LIONELLO,,,prossimit� via Wanda Osiris,Investimento di pedone,,,,,,,,,,0,0,0,3,"12,53811","41,97231",False
2683480,8,05/02/2016T12:00:00,Provinciale entro l'abitato,da specificare,,VIA PRENESTINA,,,in prossimit� via AVOLA,Veicolo in marcia contro ostacolo accidentale,Rettilineo,Una carreggiata a doppio senso,Asciutto,Con buche,Orizzontale,Sereno,Normale,Buona,Ore Diurne,0,0,0,1,"12,65786","41,89159",True
2682717,9,05/02/2016T12:10:00,Strada Urbana,in prossimit�,del civico n.,VIA SIRIA,,25,,Scontro laterale fra veicoli in marcia,Rettilineo,Una carreggiata a doppio senso,Asciutto,Asfaltata,Orizzontale,Sereno,Normale,Buona,Ore Diurne,0,0,0,3,"12,51158","41,87471",True
2683494,8,05/02/2016T12:15:00,,in prossimit�,del palo luce n.,VIALE DEI ROMANISTI,,56,,Veicolo in marcia contro ostacolo accidentale,,,,,,,,,,1,0,0,0,"12,57733","41,86753",False
2686218,12,05/02/2016T12:15:00,Strada Urbana,all'intersezione con,VIALE DEGLI EROI DI CEFALONIA,VIA DI MEZZOCAMMINO,VIALE DEGLI EROI DI CEFALONIA,,,Scontro frontale/laterale DX fra veicoli in marcia,Incrocio,Una carreggiata a doppio senso,Asciutto,Asfaltata,Verticale ed orizzontale,Sereno,Normale,Buona,Ore Diurne,0,0,0,2,"12,43536","41,78812",True
2683016,15,05/02/2016T12:25:00,Strada Urbana,in prossimit�,del civico n.,VIA ERNESTO NATHAN,,102,,Veicolo in marcia contro veicolo fermo,Rettilineo,Una carreggiata a doppio senso,Asciutto,Asfaltata,Verticale ed orizzontale,Sereno,Normale,Buona,Ore Diurne,0,0,0,2,"12,45804","41,85145",True
2683527,20,05/02/2016T12:30:00,Strada Urbana,da specificare,,VIA DEL FORO ITALICO,,,direzione stadio olimpico altezza galleria Fleming,Veicolo in marcia contro ostacolo accidentale,Rettilineo,Due carreggiate,Asciutto,Asfaltata,Orizzontale,Sereno,Normale,Sufficiente,Ore Diurne,0,0,0,1,,,False
2683089,10,05/02/2016T12:30:00,Strada Urbana,in prossimit�,del civico n.,PIAZZA DEI CONSOLI,,19,,Scontro laterale fra veicoli in marcia,Rettilineo,Una carreggiata a senso unico di marcia,Asciutto,Asfaltata,Orizzontale,Sereno,Normale,Buona,Ore Diurne,0,0,0,3,"12,55846","41,86193",True
2686085,3,05/02/2016T12:30:00,Strada Urbana,all'intersezione con,VIA GIUSEPPE MARCHI,VIA CARLO FEA,VIA GIUSEPPE MARCHI,,,Scontro frontale/laterale DX fra veicoli in marcia,Intersezione stradale segnalata,Una carreggiata a doppio senso,Asciutto,Asfaltata,Verticale ed orizzontale,Sereno,Scarso,Buona,Ore Diurne,0,0,0,2,"12,51837","41,91899",True
2682537,10,05/02/2016T12:30:00,Strada Urbana,all'intersezione semaforizzata con,VIALE ROLANDO VIGNALI,VIA RAIMONDO SCINTU,VIALE ROLANDO VIGNALI,,,Scontro frontale/laterale DX fra veicoli in marcia,Intersezione semaforizzata,Due carreggiate,Asciutto,Asfaltata,Verticale ed orizzontale,Sereno,Normale,Buona,Ore Diurne,1,0,0,1,"12,57905","41,85596",True
2683305,13,05/02/2016T12:30:00,,all'intersezione con,VIA VINCENZO FERRONI,VIA ERNESTO BOEZI,VIA VINCENZO FERRONI,,,Veicolo in marcia contro ostacolo accidentale,,,,,,,,,,0,0,0,0,,,False
2683306,13,05/02/2016T12:50:00,,da specificare,,VIA DELLA BUSSOLA,,,25,Veicolo in marcia contro ostacolo accidentale,,,,,,,,,,0,0,0,0,,,False
2685571,4,05/02/2016T12:55:00,Strada Urbana,in prossimit�,del civico n.,VIA MONTE RESEGONE,,10,,Scontro laterale fra veicoli in marcia,Rettilineo,Una carreggiata a doppio senso,Asciutto,Asfaltata,Assente,Sereno,Normale,Buona,Ore Diurne,0,0,0,2,"12,53162","41,95218",True
2685511,7,05/02/2016T12:55:00,Strada Urbana,all'intersezione con,VIA DELLE ROSE,VIA DEI CICLAMINI,VIA DELLE ROSE,,,Scontro frontale/laterale SX fra veicoli in marcia,Intersezione stradale segnalata,Una carreggiata a doppio senso,Asciutto,Asfaltata,Verticale ed orizzontale,Sereno,Normale,Buona,Ore Diurne,1,0,0,2,"12,56657","41,89056",True
2684151,1,05/02/2016T13:00:00,Strada Urbana,in corrispondenza,del civico n.,VIA NAPOLEONE III,,26,,Scontro laterale fra veicoli in marcia,Rettilineo,Una carreggiata a doppio senso,Asciutto,Asfaltata,Verticale ed orizzontale,Sereno,Normale,Buona,Ore Diurne,1,0,0,1,,,False
2685568,19,05/02/2016T13:00:00,Strada Urbana,da specificare,,VIA DI TORREVECCHIA,,,fronte civ. 156,Tamponamento Multiplo,Rettilineo,Una carreggiata a doppio senso,Asciutto,Asfaltata,Verticale ed orizzontale,Sereno,Intenso,Buona,Ore Diurne,1,0,0,3,"12,4123","41,92339",True
2685607,17,05/02/2016T13:45:00,Strada Urbana,all'intersezione con,VIA SEBASTIANO VENIERO,VIA LEONE IV,VIA SEBASTIANO VENIERO,,,Scontro frontale/laterale SX fra veicoli in marcia,Incrocio,Una carreggiata a doppio senso,Asciutto,Asfaltata,Verticale ed orizzontale,Sereno,Normale,Buona,Ore Diurne,1,0,0,1,"12,45548","41,90789",False
2688579,2,05/02/2016T13:50:00,,da specificare,,VIA DONATELLO,,,pross. civ. 71,Scontro laterale fra veicoli in marcia,,,,,,,,,,0,0,0,2,,,False
2684075,1,05/02/2016T14:07:00,Strada Urbana,all'intersezione semaforizzata con,PONTE SUBLICIO,LUNGOTEVERE TESTACCIO,PONTE SUBLICIO,,,Scontro frontale/laterale DX fra veicoli in marcia,Intersezione semaforizzata,Una carreggiata a senso unico di marcia,Asciutto,Asfaltata,Verticale ed orizzontale,Sereno,Normale,Buona,Ore Diurne,2,0,0,0,,,False
2682860,10,05/02/2016T14:10:00,Statale,all'intersezione con,VIA SPADOLA,CIRCONVALLAZIONE TUSCOLANA,VIA SPADOLA,,,Veicolo in marcia contro veicolo in sosta,Incrocio,Due carreggiate,Asciutto,Asfaltata,Orizzontale,Sereno,Normale,Buona,Ore Diurne,0,0,0,1,,,False
2683348,13,05/02/2016T14:10:00,Strada Urbana,all'intersezione con,VIA DELLE PRORE,LUNGOMARE DUILIO,VIA DELLE PRORE,,,Scontro laterale fra veicoli in marcia,Intersezione stradale segnalata,Una carreggiata a doppio senso,Asciutto,Asfaltata,Verticale ed orizzontale,Sereno,Normale,Buona,Ore Diurne,0,1,0,1,"12,29619","41,72222",False
2685617,4,05/02/2016T14:30:00,Statale,in corrispondenza,della chilometrica,VIA SALARIA,,19.3,,Tamponamento,Rettilineo,Una carreggiata a doppio senso,Asciutto,Asfaltata,Verticale ed orizzontale,Sereno,Normale,Buona,Ore Diurne,0,0,0,5,"12,50445","41,9554",True
2684117,1,05/02/2016T15:00:00,,in corrispondenza,del civico n.,PIAZZA FARNESE,,51,,Veicolo in marcia contro ostacolo accidentale,,,,,,,,,,1,0,0,1,,,False
2684760,12,05/02/2016T15:10:00,Strada Urbana,all'intersezione con,VIALE IGNAZIO SILONE,VIA FRANCESCO SAPORI,VIALE IGNAZIO SILONE,,,Veicolo in marcia contro ostacolo accidentale,Rotatoria,Una carreggiata a senso unico di marcia,Asciutto,Strada pavimentata dissestata,Verticale ed orizzontale,Sereno,Normale,Buona,Ore Diurne,0,0,0,1,"12,48403","41,81114",True