_ID,_Gruppo,_DataOraIncidente,_Localizzazione1,_Localizzazione2,_Strada1,_DaSpecificare,_NaturaIncidente,_ParticolaritaStrade,_TipoStrada,_FondoStradale,_Pavimentazione,_Segnaletica,_CondizioneAtmosferica,_Traffico,_Visibilita,_Illuminazione,_NUM_FERITI,_NUM_RISERVATA,_NUM_MORTI,_NUM_ILLESI,_Longitudine,_Latitudine,_CONFERMATO,__prefix,_Strada02,_Strada2,_Chilometrica
2685920,12,05/02/2016T15:15:00,Strada Urbana,all'intersezione con,VIA DEI CORAZZIERI,VIA LAURENTINA,VIA DEI CORAZZIERI,,,Investimento di pedone,Intersezione semaforizzata,Due carreggiate,Asciutto,Asfaltata,Verticale ed orizzontale,Sereno,Normale,Buona,Ore Diurne,1,0,0,2,"12,47922","41,82483",True
2695968,18,05/02/2016T15:15:00,,in prossimit�,del civico n.,VIA DI BOCCEA,,496,,Tamponamento,,,,,,,,,,0,0,0,3,"12,38673","41,91442",False
2685530,5,05/02/2016T15:30:00,Strada Urbana,in prossimit�,del civico n.,VIA DEI MONTI TIBURTINI,,481,,Scontro laterale fra veicoli in marcia,Rettilineo,Due carreggiate,Asciutto,Asfaltata,Verticale ed orizzontale,Sereno,Normale,Buona,Ore Diurne,0,0,0,4,"12,54352","41,91697",False
2696638,18,05/02/2016T15:30:00,Strada Urbana,in prossimit�,del civico n.,VIA DI BOCCEA,,496,,Tamponamento,Rettilineo,Una carreggiata a doppio senso,Asciutto,Asfaltata,Verticale ed orizzontale,Sereno,Intenso,Buona,Ore Diurne,0,0,0,4,"12,38673","41,91442",True
2683620,11,05/02/2016T15:35:00,Strada Urbana,in prossimit�,del civico n.,VIA DI VIGNA MURATA,,15,,Scontro laterale fra veicoli in marcia,Curva a visuale libera,Una carreggiata a senso unico di marcia,Asciutto,Asfaltata,Verticale ed orizzontale,Sereno,Normale,Buona,Ore Diurne,0,0,0,3,"12,48099","41,82739",True
2683482,11,05/02/2016T15:40:00,Strada Urbana,in corrispondenza,del palo luce n.,VIADOTTO DELLA MAGLIANA,,22,,Tamponamento Multiplo,Rettilineo,Due carreggiate,Asciutto,Asfaltata,Verticale ed orizzontale,Sereno,Intenso,Buona,Ore Diurne,0,0,0,7,"12,46221","41,84062",False
2685679,4,05/02/2016T15:40:00,Regionale entro l'abitato,in corrispondenza,del civico n.,VIA MONTE MASSICO,,89,,Scontro laterale fra veicoli in marcia,Rettilineo,Una carreggiata a doppio senso,Asciutto,Asfaltata,Verticale,Sereno,Normale,Buona,Ore Diurne,0,0,0,2,"12,52851","41,95146",True
2684766,12,05/02/2016T15:40:00,Strada Urbana,da specificare,,VIALE DELL'AERONAUTICA,,,prossimit� Via dei Pirenei,Scontro laterale fra veicoli in marcia,Rettilineo,Una carreggiata a doppio senso,Asciutto,Asfaltata,Verticale ed orizzontale,Sereno,Normale,Buona,Ore Diurne,0,0,0,4,"12,47392","41,82628",True
2685936,16,05/02/2016T15:50:00,Strada Urbana,all'intersezione semaforizzata con,VIA FRATELLI BONNET,VIA GIACINTO CARINI,VIA FRATELLI BONNET,,,Scontro frontale/laterale SX fra veicoli in marcia,Incrocio,Una carreggiata a doppio senso,Asciutto,Asfaltata,Verticale ed orizzontale,Sereno,Normale,Buona,Ore Diurne,0,0,0,4,"12,46092","41,88483",True
2690653,18,05/02/2016T16:00:00,Strada Urbana,all'intersezione semaforizzata con,CIRCONVALLAZIONE CORNELIA,PIAZZA DEI GIURECONSULTI,CIRCONVALLAZIONE CORNELIA,,,Tamponamento,Intersezione semaforizzata,Due carreggiate,Asciutto,Asfaltata,Verticale ed orizzontale,Sereno,Intenso,Buona,Ore Diurne,0,0,0,2,"12,42572","41,9019",True
2685884,3,05/02/2016T16:00:00,Strada Urbana,all'intersezione semaforizzata con,PIAZZA BOLOGNA,LARGO VENTUNO APRILE,PIAZZA BOLOGNA,,,Tamponamento,Intersezione semaforizzata,Una carreggiata a senso unico di marcia,Asciutto,Asfaltata,Verticale ed orizzontale,Sereno,Normale,Buona,Ore Diurne,0,0,0,3,"12,52052","41,90574",True
2682823,6,05/02/2016T16:00:00,Strada Urbana,in corrispondenza,del civico n.,VIA MUZIO ATTENDOLO,,95,,Scontro laterale fra veicoli in marcia,Rettilineo,Una carreggiata a senso unico di marcia,Asciutto,Asfaltata,Orizzontale,Sereno,Normale,Buona,Ore Diurne,0,0,0,3,"12,53578","41,88887",True
2683594,11,05/02/2016T16:15:00,Strada Urbana,in prossimit�,del civico n.,VIA OSTIENSE,,40A,,Veicolo in marcia contro veicolo arresto,Sottopasso illuminato,Due carreggiate,Asciutto,Asfaltata,Verticale ed orizzontale,Sereno,Normale,Buona,Ore Diurne,0,0,0,4,"12,48019","41,87341",True
2685596,5,05/02/2016T16:20:00,Strada Urbana,all'intersezione con,VIA FOSSOMBRONE,VIA CASAL TIDEI,VIA FOSSOMBRONE,,,Scontro frontale/laterale DX fra veicoli in marcia,Incrocio,Una carreggiata a doppio senso,Asciutto,Asfaltata,Verticale,Sereno,Normale,Buona,Ore Diurne,0,0,0,3,"12,57929","41,94133",True
2685675,7,05/02/2016T16:30:00,Strada Urbana,all'intersezione con,PIAZZA SOR CAPANNA,VIA CASILINA,PIAZZA SOR CAPANNA,,,Scontro laterale fra veicoli in marcia,Incrocio,Una carreggiata a doppio senso,Asciutto,Asfaltata,Verticale ed orizzontale,Sereno,Normale,Buona,Ore Diurne,0,0,0,3,"12,57856","41,87151",True
2683576,10,05/02/2016T16:30:00,Strada Urbana,da specificare,,VIA DI TORRE SPACCATA,,,altezza L.go dei Caduti di El Alamein,Scontro laterale fra veicoli in marcia,Rettilineo,Una carreggiata a doppio senso,Asciutto,Asfaltata,Orizzontale,Sereno,Normale,Buona,Sufficiente,0,0,0,2,"12,57717","41,84952",True
2685739,17,05/02/2016T16:30:00,Strada Urbana,in corrispondenza,del civico n.,VIA FABIO MASSIMO,,80,,Scontro laterale fra veicoli in marcia,Rettilineo,Una carreggiata a senso unico di marcia,Asciutto,Asfaltata,Verticale ed orizzontale,Sereno,Normale,Buona,Ore Diurne,0,0,0,4,"12,46184","41,90975",False
2683035,10,05/02/2016T16:45:00,Provinciale entro l'abitato,in prossimit�,del civico n.,VIA TUSCOLANA,,1359,,Ribaltamento senza urto contro ostacolo fisso,Curva a visuale libera,Due carreggiate,Asciutto,Asfaltata,Verticale ed orizzontale,Sereno,Normale,Buona,Ore Diurne,1,0,0,0,"12,61693","41,83198",False
2683136,19,05/02/2016T16:50:00,Strada Urbana,in corrispondenza,del civico n.,VIA DI TORREVECCHIA,,83,,Investimento di pedone,Rettilineo,Una carreggiata a doppio senso,Asciutto,Asfaltata,Orizzontale,Sereno,Normale,Buona,Ore Diurne,1,0,0,1,"12,42159","41,93552",True
2685843,7,05/02/2016T17:30:00,Strada Urbana,all'intersezione con,VIA BRUNO VISENTINI,VIA GUIDO LAJ,VIA BRUNO VISENTINI,,,Investimento di pedone,Incrocio,Una carreggiata a doppio senso,Asciutto,Asfaltata,Verticale ed orizzontale,Sereno,Scarso,Buona,Ore Diurne,1,0,0,0,"12,5707","41,89545",True
2699003,13,05/02/2016T17:30:00,Strada Urbana,all'intersezione con,VIA ALBERTO FRANCHETTI,VIA ERMANNO WOLF FERRARI,VIA ALBERTO FRANCHETTI,,,Scontro frontale/laterale DX fra veicoli in marcia,Intersezione stradale segnalata,Una carreggiata a doppio senso,Asciutto,Asfaltata,Verticale,Sereno,Normale,Buona,Ore Diurne,0,0,0,4,"12,37794","41,74817",True
2685573,2,05/02/2016T17:50:00,Strada Urbana,da specificare,,CIRCONVALLAZIONE SALARIA,,,uscita rampa batteria nomentana,Veicolo in marcia contro ostacolo accidentale,Curva a visuale libera,Due carreggiate,Asciutto,Asfaltata,Verticale,Sereno,Normale,Buona,Sufficiente,0,0,0,1,"12,52729","41,92956",True
2683473,8,05/02/2016T17:50:00,,in prossimit�,del palo luce n.,VIA CASILINA,,53,,Scontro laterale fra veicoli in marcia,,,,,,,,,,1,0,0,3,"12,60933","41,86405",False
2683138,19,05/02/2016T18:00:00,Strada Urbana,in corrispondenza,del civico n.,VIA MATTIA BATTISTINI,,258,,Scontro frontale/laterale SX fra veicoli in marcia,Rettilineo,Una carreggiata a doppio senso,Asciutto,Asfaltata,Verticale ed orizzontale,Sereno,Normale,Buona,Sufficiente,1,0,0,1,"12,41841","41,91747",True
2683120,6,05/02/2016T18:00:00,Strada Urbana,all'intersezione con,VIA BRACCIO DA MONTONE,VIA ETTORE GIOVENALE,VIA BRACCIO DA MONTONE,,,Investimento di pedone,Incrocio,Una carreggiata a senso unico di marcia,Asciutto,Asfaltata,Verticale ed orizzontale,Sereno,Normale,Sufficiente,Sufficiente,1,0,0,2,,,False
2683419,15,05/02/2016T18:05:00,Strada Urbana,in corrispondenza,del civico n.,VIA DEL PONTE PISANO,,50,,Veicolo in marcia contro ostacolo accidentale,Rettilineo,Una carreggiata a doppio senso,Asciutto,Asfaltata,Orizzontale,Sereno,Normale,Buona,Sufficiente,0,0,0,3,"12,40509","41,84741",True
2685776,17,05/02/2016T18:15:00,Strada Urbana,all'intersezione con,VIA SILVIO PELLICO,VIALE DELLE MILIZIE,VIA SILVIO PELLICO,,,Ribaltamento senza urto contro ostacolo fisso,Intersezione stradale segnalata,Pi� di due carreggiate,Asciutto,Asfaltata,Verticale ed orizzontale,Sereno,Normale,Buona,Sufficiente,0,0,0,1,"12,46084","41,91185",False
2684093,6,05/02/2016T18:30:00,Strada Urbana,all'intersezione con,VIA DI VILLA SERVENTI,VIA CASILINA,VIA DI VILLA SERVENTI,,,Scontro frontale/laterale SX fra veicoli in marcia,Intersezione stradale segnalata,Una carreggiata a doppio senso,Asciutto,Asfaltata,Verticale ed orizzontale,Sereno,Intenso,Buona,Sufficiente,1,0,0,1,,,False
2685716,4,05/02/2016T18:30:00,Strada Urbana,in corrispondenza,del civico n.,VIA ALESSANDRO FORTIS,,5,,Scontro frontale/laterale DX fra veicoli in marcia,Rettilineo,Una carreggiata a senso unico di marcia,Asciutto,Asfaltata,Assente,Sereno,Normale,Buona,Sufficiente,0,0,0,2,"12,52418","41,95771",True
2685745,18,05/02/2016T18:30:00,Strada Urbana,da specificare,,VIA DELLA PINETA SACCHETTI,,,in prossimit� via PIO VI,Tamponamento,Rettilineo,Una carreggiata a doppio senso,Asciutto,Asfaltata,Verticale ed orizzontale,Sereno,Normale,Sufficiente,Sufficiente,0,0,0,1,,,False
2683351,13,05/02/2016T19:02:00,Strada Urbana,da specificare,,VIA OSTIENSE,,,fr Nissan area di cantiere,Veicolo in marcia contro ostacolo fisso,Curva a visuale libera,Una carreggiata a doppio senso,Asciutto,Asfaltata,Verticale ed orizzontale,Sereno,Scarso,Sufficiente,Insufficiente,0,0,0,1,"12,45895","41,83686",True
2684169,1,05/02/2016T19:15:00,Strada Urbana,da specificare,,LUNGOTEVERE TESTACCIO,,,fronte albero N.82,Scontro laterale fra veicoli in marcia,Rettilineo,Una carreggiata a doppio senso,Asciutto,Asfaltata,Verticale ed orizzontale,Sereno,Normale,Sufficiente,Sufficiente,1,0,0,2,,,False
2683445,15,05/02/2016T19:15:00,Strada Urbana,in prossimit�,del civico n.,VIA DI VIGNA CONSORTI,,47/A,,Veicolo in marcia contro veicolo in sosta,Rettilineo,Una carreggiata a doppio senso,Asciutto,Asfaltata,Assente,Sereno,Scarso,Buona,Sufficiente,0,0,0,1,"12,43435","41,84584",True
2685786,4,05/02/2016T19:15:00,Strada Urbana,in prossimit�,del civico n.,VIALE TIRRENO,,288,,Veicolo in marcia contro ostacolo accidentale,Rettilineo,Due carreggiate,Asciutto,Asfaltata,Verticale ed orizzontale,Sereno,Normale,Buona,Sufficiente,1,0,0,3,"12,52712","41,94512",False
2684786,12,05/02/2016T19:30:00,Strada Urbana,da specificare,,VIADOTTO DELLA MAGLIANA,,,direz. Fiumicino prossimit� v. del Cappellaccio,Tamponamento Multiplo,Rettilineo,Due carreggiate,Asciutto,Asfaltata,Verticale ed orizzontale,Sereno,Intenso,Buona,Sufficiente,0,0,0,3,"12,46011","41,83864",True
2685766,2,05/02/2016T19:30:00,Strada Urbana,da specificare,,LUNGOTEVERE DELLE NAVI,,,Via AZUNI,Scontro laterale fra veicoli in marcia,Rettilineo,Una carreggiata a senso unico di marcia,Asciutto,Asfaltata,Verticale ed orizzontale,Sereno,Normale,Sufficiente,Sufficiente,0,0,0,4,"12,47166","41,91702",True
2683862,1,05/02/2016T19:55:00,Strada Urbana,all'intersezione semaforizzata con,VIA BONCOMPAGNI,VIA VITTORIO VENETO,VIA BONCOMPAGNI,,,Infortunio per sola frenata improvvisa,Intersezione semaforizzata,Una carreggiata a doppio senso,Asciutto,Asfaltata,Verticale ed orizzontale,Sereno,Normale,Sufficiente,Sufficiente,1,0,0,1,,,False
2683395,13,05/02/2016T20:15:00,Strada Urbana,all'intersezione con,VIA GIUSEPPE NICOLINI,VIALE DI CASTEL PORZIANO,VIA GIUSEPPE NICOLINI,,,Scontro frontale/laterale DX fra veicoli in marcia,Incrocio,Una carreggiata a senso unico di marcia,Asciutto,Asfaltata,Verticale ed orizzontale,Nuvoloso,Normale,Sufficiente,Sufficiente,0,0,0,2,"12,34914","41,73083",True
2686231,3,05/02/2016T20:30:00,Strada Urbana,da specificare,,VIA TIBURTINA,,,dir Portonaccio circa 250 mt dopo P.le del Verano,Scontro laterale fra veicoli in marcia,Rettilineo,Pi� di due carreggiate,Asciutto,Asfaltata,Assente,Sereno,Scarso,Sufficiente,Sufficiente,0,0,0,3,,,False
2695944,18,05/02/2016T20:50:00,Strada Urbana,in prossimit�,del civico n.,VIA DI BOCCEA,,309,,Tamponamento,Pendenza,Una carreggiata a doppio senso,Asciutto,Asfaltata,Temporanea di cantiere,Sereno,Scarso,Sufficiente,Sufficiente,1,0,0,2,"12,41612","41,90351",True
2683961,6,05/02/2016T21:40:00,Strada Urbana,in prossimit�,del civico n.,LARGO IRPINIA,,20,,Tamponamento,Rettilineo,Una carreggiata a senso unico di marcia,Asciutto,Asfaltata,Verticale ed orizzontale,Sereno,Scarso,Sufficiente,Sufficiente,1,0,0,1,"12,54942","41,89286",True
2683322,2,06/02/2016T00:45:00,Strada Urbana,in prossimit�,del civico n.,LUNGOTEVERE DELL'ACQUA ACETOSA,,111,,Veicolo in marcia contro ostacolo fisso,Rettilineo,Una carreggiata a doppio senso,Asciutto,Asfaltata,Verticale ed orizzontale,Sereno,Normale,Sufficiente,Sufficiente,1,0,0,0,,,False
2683628,11,06/02/2016T01:25:00,Strada Urbana,all'intersezione semaforizzata con,PIAZZA SIDNEY SONNINO,VIALE DI TRASTEVERE,PIAZZA SIDNEY SONNINO,,,Scontro frontale/laterale SX fra veicoli in marcia,Intersezione semaforizzata,Pi� di due carreggiate,Asciutto,Asfaltata,Verticale ed orizzontale,Sereno,Scarso,Buona,Sufficiente,0,0,0,3,"12,47365","41,88857",True
2683449,20,06/02/2016T01:30:00,Strada Urbana,in prossimit�,del palo luce n.,VIA DEI PRATI FISCALI,,7,,Veicolo in marcia contro veicolo in sosta,Rettilineo,Due carreggiate,Asciutto,Asfaltata,Orizzontale,Sereno,Scarso,Buona,Sufficiente,1,0,0,0,,,False
2685921,7,06/02/2016T02:20:00,Strada Urbana,in prossimit�,del palo luce n.,VIALE PALMIRO TOGLIATTI,,109,,Veicolo in marcia contro ostacolo fisso,Rettilineo,Una carreggiata a senso unico di marcia,Asciutto,Asfaltata,Orizzontale,Sereno,Scarso,Sufficiente,Sufficiente,0,0,0,1,"12,56779","41,86927",False
2684004,1,06/02/2016T02:50:00,Strada Urbana,in prossimit�,del civico n.,VIALE CARLO FELICE,,1,,Veicolo in marcia contro veicoli in sosta,Rettilineo,Pi� di due carreggiate,Asciutto,Asfaltata,Verticale ed orizzontale,Sereno,Scarso,Sufficiente,Ore Diurne,0,0,0,1,"12,50876","41,88659",False
2685380,9,06/02/2016T03:45:00,,in corrispondenza,del civico n.,VIA DELLE CAPANNELLE,,219,,Scontro frontale/laterale DX fra veicoli in marcia,,,,,,,,,,6,0,0,0,"12,57488","41,84619",False
2686090,12,06/02/2016T03:45:00,,all'intersezione con,VIA NICOLO' DA PISTOIA,CIRCONVALLAZIONE OSTIENSE,VIA NICOLO' DA PISTOIA,,,Scontro frontale/laterale DX fra veicoli in marcia,,,,,,,,,,2,0,0,2,,,False
2684009,6,06/02/2016T04:00:00,Strada Urbana,da specificare,,VIA PRENESTINA,,,f.c. 60,Veicolo in marcia contro veicoli in sosta,Rettilineo,Pi� di due carreggiate,Asciutto,Asfaltata,Verticale,Sereno,Scarso,Sufficiente,Sufficiente,0,0,0,1,"12,52216","41,89108",True
2686185,3,06/02/2016T05:00:00,Strada Urbana,in corrispondenza,del civico n.,VIA MATILDE DI CANOSSA,,28,,Veicolo in marcia contro veicoli in sosta,Rettilineo,Una carreggiata a senso unico di marcia,Asciutto,Asfaltata,Verticale ed orizzontale,Sereno,Scarso,Buona,Sufficiente,0,0,0,0,,,False
2683651,7,06/02/2016T05:00:00,Strada Urbana,all'intersezione con,VIA LORENZO DELLEANI,VIA GIUSEPPE ROSATI,VIA LORENZO DELLEANI,,,Scontro frontale/laterale DX fra veicoli in marcia,Incrocio,Una carreggiata a senso unico di marcia,Asciutto,Asfaltata,Verticale,Nuvoloso,Scarso,Sufficiente,Sufficiente,0,0,0,0,"12,58939","41,90045",True
2683724,15,06/02/2016T05:05:00,Strada Urbana,all'intersezione con,LUNGOTEVERE DEGLI INVENTORI,PIAZZA ANTONIO MEUCCI,LUNGOTEVERE DEGLI INVENTORI,,,Veicolo in marcia contro veicolo in sosta,Rotatoria,Una carreggiata a senso unico di marcia,Asciutto,Asfaltata,Verticale ed orizzontale,Sereno,Scarso,Sufficiente,Sufficiente,0,0,0,5,"12,46385","41,86155",True
2684193,1,06/02/2016T05:45:00,Strada Urbana,da specificare,,VIA ELENIANA,,,P.ZZALE LABICANO,Veicolo in marcia contro ostacolo fisso,Curva a visuale libera,Una carreggiata a senso unico di marcia,Asciutto,Asfaltata,Verticale ed orizzontale,Sereno,Scarso,Buona,Sufficiente,0,0,0,4,,,False
2684663,20,06/02/2016T06:30:00,,in prossimit�,del civico n.,VIALE DI TOR DI QUINTO,,151,,Veicolo in marcia contro ostacolo fisso,,,,,,,,,,1,0,0,1,,,False
2685794,4,06/02/2016T06:30:00,Strada Urbana,in prossimit�,del civico n.,VIA GIOVANNI CONTI,,16,,Scontro frontale/laterale DX fra veicoli in marcia,Rettilineo,Due carreggiate,Asciutto,Asfaltata,Verticale ed orizzontale,Sereno,Scarso,Buona,Insufficiente,1,0,0,1,"12,52775","41,95147",False
2696550,18,06/02/2016T07:10:00,Strada Urbana,in prossimit�,del civico n.,VIA ADRIANO I,,83,,Veicolo in marcia contro veicolo in sosta,Curva senza visuale libera,Una carreggiata a senso unico di marcia,Asciutto,Asfaltata,Assente,Sereno,Scarso,Buona,Ore Diurne,0,0,0,2,"12,41472","41,90492",True
2686221,12,06/02/2016T08:15:00,Strada Urbana,da specificare,,PIAZZA GUGLIELMO MARCONI,,,direzione G.R.A.,Scontro laterale fra veicoli in marcia,Rotatoria,Due carreggiate,Asciutto,Asfaltata,Verticale ed orizzontale,Sereno,Normale,Buona,Ore Diurne,0,0,0,2,"12,47048","41,83331",True
2684601,20,06/02/2016T09:15:00,Strada Urbana,da specificare,,VIA TIBERINA,,,altezza civico 150 direzione fuori citt�,Tamponamento,Rettilineo,Una carreggiata a doppio senso,Asciutto,Asfaltata,Verticale ed orizzontale,Sereno,Normale,Buona,Ore Diurne,1,0,0,1,,,False
2683734,15,06/02/2016T09:20:00,Strada Urbana,all'intersezione con,VIA DELL'IMPRUNETA,VIA DELLA MAGLIANA,VIA DELL'IMPRUNETA,,,Scontro laterale fra veicoli in marcia,Intersezione semaforizzata,Una carreggiata a doppio senso,Asciutto,Asfaltata,Verticale ed orizzontale,Sereno,Normale,Buona,Ore Diurne,0,0,0,4,"12,42401","41,83394",True
2685804,17,06/02/2016T09:20:00,Strada Urbana,all'intersezione con,VIA TRIONFALE,CIRCONVALLAZIONE TRIONFALE,VIA TRIONFALE,,,Scontro frontale/laterale DX fra veicoli in marcia,Intersezione semaforizzata,Due carreggiate,Asciutto,Asfaltata,Verticale ed orizzontale,Sereno,Normale,Buona,Ore Diurne,1,0,0,2,,,False
2683995,6,06/02/2016T09:25:00,Strada Urbana,all'intersezione con,VIA GIOVANNI MAGGI,VIA LEONARDO BUFALINI,VIA GIOVANNI MAGGI,,,Infortunio per sola frenata improvvisa,Intersezione stradale segnalata,Due carreggiate,Asciutto,Asfaltata,Verticale ed orizzontale,Sereno,Normale,Buona,Ore Diurne,1,0,0,1,,,False
2685461,5,06/02/2016T09:30:00,,da specificare,,VIA TIBURTINA,,,civico 915,Veicolo in marcia contro veicolo arresto,,,,,,,,,,1,0,0,0,,,False
2684591,13,06/02/2016T10:00:00,Strada Urbana,da specificare,,VIA AGOSTINO SCAPARRO,,,in prossimit� di Via F. Paolini,Scontro laterale fra veicoli in marcia,Rettilineo,Una carreggiata a senso unico di marcia,Asciutto,Asfaltata,Verticale ed orizzontale,Sereno,Scarso,Buona,Ore Diurne,0,0,0,2,"12,28747","41,73176",True
2684592,13,06/02/2016T10:05:00,Strada Urbana,all'intersezione con,VIA ERMANNO WOLF FERRARI,VIALE DI CASTEL PORZIANO,VIA ERMANNO WOLF FERRARI,,,Scontro frontale/laterale DX fra veicoli in marcia,Incrocio,Una carreggiata a doppio senso,Asciutto,Asfaltata,Verticale ed orizzontale,Sereno,Normale,Buona,Ore Diurne,1,0,0,1,"12,38264","41,74015",False
2684214,1,06/02/2016T10:20:00,Strada Urbana,all'intersezione semaforizzata con,VIALE ENRICO DE NICOLA,PIAZZA DEI CINQUECENTO,VIALE ENRICO DE NICOLA,,,Scontro laterale fra veicoli in marcia,Intersezione semaforizzata,Una carreggiata a senso unico di marcia,Asciutto,Asfaltata,Verticale ed orizzontale,Sereno,Normale,Buona,Ore Diurne,1,0,0,1,"12,5002","41,90162",False
2685652,8,06/02/2016T10:45:00,Strada Urbana,all'intersezione con,VIA PIETRO BELON,VIA CASILINA,VIA PIETRO BELON,,,Scontro laterale fra veicoli in marcia,Incrocio,Una carreggiata a doppio senso,Asciutto,Asfaltata,Verticale ed orizzontale,Sereno,Normale,Buona,Ore Diurne,1,0,0,1,"12,59037","41,86751",False
2685645,8,06/02/2016T11:00:00,Strada Urbana,da specificare,,VIA DEL PONTE DI PANTANO,,,prossimit� Via Casilina,Scontro laterale fra veicoli in marcia,Rettilineo,Una carreggiata a doppio senso,Asciutto,Asfaltata,Verticale ed orizzontale,Nevicata in atto,Scarso,Buona,Ore Diurne,0,0,0,3,"12,70145","41,86466",False
2686167,12,06/02/2016T11:30:00,Strada Urbana,in prossimit�,del civico n.,VIA DI TOR PAGNOTTA,,392,,Scontro laterale fra veicoli in marcia,Rettilineo,Una carreggiata a doppio senso,Asciutto,Asfaltata,Verticale ed orizzontale,Sereno,Scarso,Buona,Ore Diurne,0,0,0,3,"12,52461","41,80833",True
2684687,1,06/02/2016T11:45:00,Strada Urbana,in prossimit�,del civico n.,VIA DI S. CROCE IN GERUSALEMME,,11,,Scontro frontale/laterale SX fra veicoli in marcia,Rettilineo,Una carreggiata a doppio senso,Asciutto,Asfaltata,Orizzontale,,,,,1,0,0,1,,,False
2683870,15,06/02/2016T12:00:00,Strada Urbana,all'intersezione con,VIA ALESSANDRO BRISSE,VIA PORTUENSE,VIA ALESSANDRO BRISSE,,,Scontro frontale/laterale SX fra veicoli in marcia,Intersezione stradale segnalata,Una carreggiata a doppio senso,Asciutto,Asfaltata,Verticale ed orizzontale,Sereno,Normale,Buona,Ore Diurne,0,0,0,3,"12,40939","41,84342",True
2685831,17,06/02/2016T12:15:00,,da specificare,,VIA CRESCENZIO,,,in corrsipondenza p.za risorgimento,Infortunio per sola frenata improvvisa,,,,,,,,,,1,0,0,1,"12,45889","41,90598",False
2685756,2,06/02/2016T12:15:00,Strada Urbana,in corrispondenza,del civico n.,VIA DI S. COSTANZA,,fr. 40,,Veicolo in marcia contro veicoli in sosta,Rettilineo,Una carreggiata a doppio senso,Asciutto,Asfaltata,Verticale ed orizzontale,Sereno,Normale,Buona,Ore Diurne,0,0,0,0,"12,51505","41,92219",True
2685604,5,06/02/2016T12:35:00,Strada Urbana,da specificare,,NUOVA CIRCONVALLAZIONE INTERNA,,,dir. Nomentana 200 mt prima dell'uscita Nomentana,Tamponamento Multiplo,Rettilineo,Due carreggiate,Asciutto,Asfaltata,Orizzontale,Sereno,Normale,Buona,Ore Diurne,0,0,0,4,"12,53006","41,91545",False
2685211,15,06/02/2016T13:00:00,Strada Urbana,all'intersezione con,VIA CHIUSDINO,VIA DELLE VIGNE,VIA CHIUSDINO,,,Scontro frontale/laterale DX fra veicoli in marcia,Incrocio,Una carreggiata a doppio senso,Asciutto,Asfaltata,Verticale ed orizzontale,Sereno,Scarso,Buona,Ore Diurne,0,0,0,3,"12,42195","41,84034",True
2686210,3,06/02/2016T13:00:00,Strada Urbana,all'intersezione con,CIRCONVALLAZIONE NOMENTANA,VIA SALENTO,CIRCONVALLAZIONE NOMENTANA,,,Scontro laterale fra veicoli in marcia,Intersezione stradale segnalata,Una carreggiata a senso unico di marcia,Asciutto,Asfaltata,Verticale ed orizzontale,Sereno,Scarso,Buona,Ore Diurne,0,0,0,2,"12,52463","41,91764",True
2684238,1,06/02/2016T13:10:00,Strada Urbana,all'intersezione con,VIA GAETA,VIA GOITO,VIA GAETA,,,Scontro frontale/laterale SX fra veicoli in marcia,Incrocio,Una carreggiata a doppio senso,Asciutto,Asfaltata,Verticale ed orizzontale,Sereno,Normale,Buona,Ore Diurne,0,0,0,3,"12,50027","41,90612",False
2686129,23,06/02/2016T13:10:00,Strada Urbana,in prossimit�,del palo luce n.,PONTE SUBLICIO,,7,,Veicolo in marcia contro veicolo arresto,Rettilineo,Una carreggiata a doppio senso,Asciutto,Asfaltata,Verticale ed orizzontale,Sereno,Normale,Buona,Ore Diurne,0,0,0,3,"12,47538","41,88313",True
2685869,4,06/02/2016T13:15:00,Strada Urbana,in prossimit�,del civico n.,VIA NOMENTANA,,1012,,Tamponamento Multiplo,Rettilineo,Una carreggiata a doppio senso,Asciutto,Asfaltata,Verticale ed orizzontale,Sereno,Normale,Buona,Ore Diurne,1,0,0,3,"12,56678","41,94676",False
2685591,5,06/02/2016T13:20:00,Strada Urbana,da specificare,,VIA TIBURTINA,,,intersezione GRA,Scontro laterale fra veicoli in marcia,Rettilineo,Una carreggiata a doppio senso,Asciutto,Asfaltata,Assente,Sereno,Normale,Buona,Ore Diurne,0,0,0,3,"12,60248","41,93354",True
2685479,5,06/02/2016T13:25:00,Strada Urbana,da specificare,,VIA TIBURTINA,,,altezza G.R.A.,Scontro laterale fra veicoli in marcia,Rettilineo,Una carreggiata a doppio senso,Asciutto,Asfaltata,Verticale ed orizzontale,Sereno,Normale,Buona,Ore Diurne,0,0,0,3,,,False