_ID,_Gruppo,_DataOraIncidente,_Localizzazione1,_Localizzazione2,_Strada1,_DaSpecificare,_NaturaIncidente,_ParticolaritaStrade,_TipoStrada,_FondoStradale,_Pavimentazione,_Segnaletica,_CondizioneAtmosferica,_Traffico,_Visibilita,_Illuminazione,_NUM_FERITI,_NUM_RISERVATA,_NUM_MORTI,_NUM_ILLESI,_Longitudine,_Latitudine,_CONFERMATO,__prefix,_Strada02,_Strada2,_Chilometrica
2686156,12,06/02/2016T13:40:00,Strada Urbana,da specificare,,PIAZZALE VENTICINQUE MARZO 1957,,,direzione G.R.A.,Tamponamento Multiplo,Rettilineo,Pi� di due carreggiate,Asciutto,Asfaltata,Verticale ed orizzontale,Sereno,Intenso,Buona,Ore Diurne,1,0,0,6,,,False
2685732,8,06/02/2016T14:00:00,Strada Urbana,da specificare,,VIALE DI TORRE MAURA,,,ALTEZZA VIA ROMANISTI,Veicolo in marcia contro ostacolo accidentale,Rettilineo,Una carreggiata a senso unico di marcia,Asciutto,Asfaltata,Verticale ed orizzontale,Sereno,Scarso,Buona,Ore Diurne,0,0,0,2,"12,59217","41,86022",True
2685659,8,06/02/2016T14:00:00,Strada Urbana,in prossimit�,del palo luce n.,VIA CASILINA,,536,,Scontro laterale fra veicoli in marcia,Rettilineo,Due carreggiate,Asciutto,Asfaltata,Orizzontale,Sereno,Normale,Buona,Ore Diurne,0,0,0,2,"12,60933","41,86405",True
2686335,12,06/02/2016T14:50:00,Strada Urbana,all'intersezione con,VIA DI TOR PAGNOTTA,VIA LAURENTINA,VIA DI TOR PAGNOTTA,,,Tamponamento Multiplo,Intersezione semaforizzata,Due carreggiate,Asciutto,Asfaltata,Verticale ed orizzontale,Sereno,Normale,Buona,Ore Diurne,0,0,0,6,"12,48205","41,8034",True
2685762,2,06/02/2016T15:00:00,Strada Urbana,all'intersezione con,VIA ARCHIANO,VIA FOGLIANO,VIA ARCHIANO,,,Scontro frontale/laterale DX fra veicoli in marcia,Incrocio,Una carreggiata a senso unico di marcia,Asciutto,Asfaltata,Verticale ed orizzontale,Sereno,Normale,Buona,Ore Diurne,0,0,0,4,"12,50612","41,92545",True
2684684,20,06/02/2016T15:10:00,Provinciale,in prossimit�,della chilometrica,VIA BRACCIANENSE,,5.7,,Scontro frontale/laterale SX fra veicoli in marcia,Rettilineo,Una carreggiata a doppio senso,Asciutto,Asfaltata,Verticale ed orizzontale,Sereno,Normale,Buona,Ore Diurne,1,0,0,1,,,False
2697070,18,06/02/2016T15:15:00,Strada Urbana,all'intersezione semaforizzata con,VIA ORMISDA,VIA GREGORIO VII,VIA ORMISDA,,,Scontro laterale fra veicoli in marcia,Intersezione semaforizzata,Pi� di due carreggiate,Asciutto,Asfaltata,Verticale,Sereno,Normale,Buona,Ore Diurne,0,0,0,3,"12,44518","41,89576",True
2686001,12,06/02/2016T15:30:00,Provinciale entro l'abitato,all'intersezione con,VIA DI CASTEL DI LEVA,VIA LAURENTINA,VIA DI CASTEL DI LEVA,,,Scontro laterale fra veicoli in marcia,Rotatoria,Una carreggiata a senso unico di marcia,Asciutto,Asfaltata,Verticale ed orizzontale,Sereno,Normale,Buona,Ore Diurne,0,0,0,2,"12,48209","41,7882",True
2686269,16,06/02/2016T15:30:00,Strada Urbana,da specificare,,VIA LEONE XIII,,,altezza fermata ATAC Spina,Tamponamento,Rettilineo,Due carreggiate,Asciutto,Asfaltata,Orizzontale,Sereno,Normale,Buona,Ore Diurne,0,0,0,2,"12,44038","41,88562",True
2696859,18,06/02/2016T15:45:00,Strada Urbana,in prossimit�,del civico n.,VIA DI CASAL SELCE,,267/d,,Tamponamento,Rettilineo,Una carreggiata a doppio senso,Asciutto,Asfaltata,Orizzontale,Sereno,Scarso,Buona,Ore Diurne,0,0,0,2,"12,34907","41,90911",False
2686374,12,06/02/2016T16:00:00,Strada Urbana,da specificare,,VIA CRISTOFORO COLOMBO,,,DIREZIONE ROMA ALTEZZA LARGO PELLA,Scontro laterale fra veicoli in marcia,Rettilineo,Una carreggiata a senso unico di marcia,Asciutto,Asfaltata,Verticale ed orizzontale,Sereno,Normale,Buona,Ore Diurne,0,0,0,4,"12,46885","41,8299",False
2684970,10,06/02/2016T16:00:00,,in corrispondenza,del civico n.,PIAZZA DI CINECITTA',,60,,Investimento di pedone,,,,,,,,,,0,0,0,2,,,False
2684229,9,06/02/2016T16:10:00,,all'intersezione semaforizzata con,VIA MONSELICE,VIA TUSCOLANA,VIA MONSELICE,,,Scontro frontale/laterale DX fra veicoli in marcia,,,,,,,,,,1,0,0,1,,,False
2686243,3,06/02/2016T16:15:00,Strada Urbana,da specificare,,PIAZZALE DI PORTA PIA,,,prossimit� Via Ancona,Scontro laterale fra veicoli in marcia,Rettilineo,Una carreggiata a senso unico di marcia,Asciutto,Asfaltata,Verticale ed orizzontale,Sereno,Scarso,Buona,Ore Diurne,0,0,0,3,"12,50185","41,90982",True
2684593,13,06/02/2016T16:30:00,Strada Urbana,in corrispondenza,del civico n.,VIA FRANCESCO CILEA,,5,,Tamponamento,Rettilineo,Una carreggiata a doppio senso,Asciutto,Asfaltata,Assente,Sereno,Normale,Buona,Ore Diurne,0,0,0,2,"12,37559","41,73905",True
2686275,16,06/02/2016T16:40:00,Strada Urbana,in corrispondenza,del civico n.,VIA ALESSANDRO POERIO,,98,,Veicolo in marcia contro veicolo in sosta,Rettilineo,Una carreggiata a senso unico di marcia,Asciutto,Asfaltata,Verticale ed orizzontale,Sereno,Normale,Buona,Ore Diurne,0,0,0,1,"12,46286","41,87739",False
2685466,5,06/02/2016T16:40:00,Strada Urbana,in corrispondenza,del civico n.,VIA PIETRO CAMPILLI,,17,,Scontro laterale fra veicoli in marcia,Rettilineo,Una carreggiata a doppio senso,Asciutto,Asfaltata,Verticale ed orizzontale,Sereno,Scarso,Buona,Ore Diurne,0,0,0,2,"12,57746","41,91546",True
2696704,18,06/02/2016T17:00:00,Strada Urbana,in prossimit�,del civico n.,VIA NAZARETH,,35,,Tamponamento Multiplo,Rettilineo,Una carreggiata a doppio senso,Asciutto,Asfaltata,Verticale ed orizzontale,Sereno,Normale,Buona,Ore Diurne,0,0,0,3,"12,40644","41,90758",False
2685110,10,06/02/2016T17:10:00,,in corrispondenza,del civico n.,VIA ANAGNINA,,458,,Tamponamento Multiplo,,,,,,,,,,0,0,0,6,,,False
2685891,4,06/02/2016T17:15:00,Strada Urbana,in corrispondenza,del civico n.,VIA DELLE VIGNE NUOVE,,70,,Tamponamento,Rettilineo,Una carreggiata a doppio senso,Asciutto,Asfaltata,Verticale ed orizzontale,Sereno,Normale,Sufficiente,Sufficiente,0,0,0,2,"12,53733","41,94753",False
2685919,12,06/02/2016T17:40:00,Provinciale,da specificare,,VIA LAURENTINA,,,prossimit� via Agerola,Scontro frontale/laterale SX fra veicoli in marcia,Curva a visuale libera,Una carreggiata a doppio senso,Asciutto,Asfaltata,Temporanea di cantiere,Sereno,Normale,Sufficiente,Inesistente,3,0,0,1,"12,50151","41,75161",False
2685381,9,06/02/2016T17:50:00,Strada Urbana,all'intersezione con,VIALE DELLE MURA LATINE,VIA CAMERIA,VIALE DELLE MURA LATINE,,,Scontro laterale fra veicoli in marcia,Incrocio,Una carreggiata a senso unico di marcia,Asciutto,Asfaltata,Verticale ed orizzontale,Sereno,Normale,Buona,Sufficiente,0,0,0,7,"12,50309","41,87517",True
2685177,10,06/02/2016T18:00:00,Strada Urbana,all'intersezione con,VIA DEI SETTE METRI,VIA DEL CASALE AGOSTINELLI,VIA DEI SETTE METRI,,,Tamponamento,Incrocio,Una carreggiata a doppio senso,Asciutto,Asfaltata,Verticale ed orizzontale,Sereno,Normale,Sufficiente,Sufficiente,0,0,0,5,"12,60449","41,81319",False
2685615,5,06/02/2016T18:30:00,,all'intersezione con,VIA PIETRO OTTOBONI,VIA TIBURTINA,VIA PIETRO OTTOBONI,,,Scontro frontale/laterale DX fra veicoli in marcia,,,,,,,,,,1,0,0,0,,,False
2685623,8,06/02/2016T18:30:00,Strada Urbana,da specificare,,VIA GIORGIO GRAPPELLI,,,alt. ingresso ROMA EST,Tamponamento,Rettilineo,Una carreggiata a senso unico di marcia,Asciutto,Asfaltata,Verticale ed orizzontale,Sereno,Normale,Sufficiente,Sufficiente,0,0,0,3,"12,66026","41,91204",True
2685981,2,06/02/2016T19:15:00,,all'intersezione semaforizzata con,VIA NORVEGIA,VIALE XVII OLIMPIADE,VIA NORVEGIA,,,Scontro frontale/laterale SX fra veicoli in marcia,,,,,,,,,,3,0,0,0,,,False
2684691,1,06/02/2016T19:45:00,Strada Urbana,all'intersezione con,VIA MARGHERA,VIA DEI MILLE,VIA MARGHERA,,,Scontro frontale/laterale DX fra veicoli in marcia,Intersezione non regolata/non segnalata,Una carreggiata a senso unico di marcia,Asciutto,Asfaltata,Verticale ed orizzontale,Sereno,Normale,Buona,Sufficiente,0,0,0,2,"12,5043","41,9029",True
2685616,8,06/02/2016T20:30:00,,in prossimit�,del civico n.,VIA CASINA,,1665,,Tamponamento,,,,,,,,,,0,0,0,1,"12,64505","41,86245",False
2684597,13,06/02/2016T20:50:00,Strada Urbana,all'intersezione con,VIA GIOVANNI DELLA PENNA,VIA CARLO CASINI,VIA GIOVANNI DELLA PENNA,,,Scontro frontale/laterale DX fra veicoli in marcia,Incrocio,Una carreggiata a senso unico di marcia,Asciutto,Asfaltata,Verticale,Sereno,Scarso,Sufficiente,Sufficiente,4,0,0,1,"12,33998","41,77787",False
2684600,13,06/02/2016T21:00:00,Strada Urbana,all'intersezione con,VIA CASTELLUCCHIO,VIA CREMOSANO,VIA CASTELLUCCHIO,,,Scontro frontale/laterale SX fra veicoli in marcia,Incrocio,Una carreggiata a doppio senso,Asciutto,Asfaltata,Assente,Sereno,Scarso,Buona,Sufficiente,3,0,0,1,"12,32758","41,78222",False
2696858,18,06/02/2016T21:55:00,Strada Urbana,in prossimit�,del civico n.,VIA GREGORIO VII,,438,,Veicolo in marcia contro ostacolo fisso,Rettilineo,Pi� di due carreggiate,Asciutto,Asfaltata,Verticale ed orizzontale,Sereno,Scarso,Sufficiente,Sufficiente,0,0,0,1,"12,43378","41,89377",False
2684700,13,06/02/2016T22:00:00,Strada Urbana,da specificare,,VIALE DEI ROMAGNOLI,,,altezza V Collettore Primario,Scontro frontale/laterale SX fra veicoli in marcia,Rettilineo,Una carreggiata a doppio senso,Asciutto,Asfaltata,Verticale,Sereno,,,,1,0,0,3,"12,31072","41,76432",False
2696717,18,06/02/2016T22:00:00,Strada Urbana,in prossimit�,del civico n.,PIAZZA PIO XI,,70,,Veicolo in marcia contro ostacolo accidentale,Rettilineo,Pi� di due carreggiate,Viscido da liquidi oleosi,Asfaltata,Verticale ed orizzontale,Sereno,Normale,Sufficiente,Sufficiente,1,0,0,0,"12,43758","41,89487",False
2696964,18,06/02/2016T22:01:00,Strada Urbana,in prossimit�,del civico n.,PIAZZA PIO XI,,67,,Veicolo in marcia contro ostacolo accidentale,Rettilineo,Pi� di due carreggiate,Viscido da liquidi oleosi,Asfaltata,Verticale ed orizzontale,Sereno,Normale,Sufficiente,Sufficiente,1,0,0,0,"12,43747","41,89481",False
2686169,17,06/02/2016T22:10:00,Strada Urbana,all'intersezione semaforizzata con,VIALE DEI CAVALIERI DI VITTORIO VENETO,VIA TRIONFALE,VIALE DEI CAVALIERI DI VITTORIO VENETO,,,Scontro laterale fra veicoli in marcia,Intersezione semaforizzata,Una carreggiata a doppio senso,Asciutto,Asfaltata,Verticale ed orizzontale,Sereno,Scarso,Buona,Sufficiente,2,0,0,3,"12,44798","41,92165",False
2685469,11,06/02/2016T22:40:00,Strada Urbana,all'intersezione con,VIA DELLE GONDOLE,VIA DELLE BALENIERE,VIA DELLE GONDOLE,,,Scontro frontale/laterale SX fra veicoli in marcia,Intersezione stradale segnalata,Due carreggiate,Asciutto,Asfaltata,Verticale ed orizzontale,Sereno,Scarso,Sufficiente,Sufficiente,2,0,0,0,"12,27948","41,73814",False
2686018,12,06/02/2016T22:45:00,Strada Urbana,all'intersezione con,VIALE DELL'INDUSTRIA,VIA DELLE TRE FONTANE,VIALE DELL'INDUSTRIA,,,Scontro frontale/laterale DX fra veicoli in marcia,Incrocio,Due carreggiate,Asciutto,Asfaltata,Verticale ed orizzontale,Sereno,Normale,Sufficiente,Sufficiente,1,0,0,3,"12,47502","41,83689",False
2685983,2,06/02/2016T22:50:00,Strada Urbana,in corrispondenza,del civico n.,VIA TAGLIAMENTO,,fr. 5E,,Scontro frontale/laterale DX fra veicoli in marcia,Rettilineo,Una carreggiata a doppio senso,Asciutto,Asfaltata,Verticale ed orizzontale,Sereno,Scarso,Sufficiente,Sufficiente,0,0,0,4,"12,50099","41,91871",True
2685490,11,06/02/2016T23:00:00,Strada Urbana,all'intersezione con,VIA CRISTOFORO COLOMBO,VIA ROSA GUARNIERI CARDUCCI,VIA CRISTOFORO COLOMBO,,,Veicolo in marcia contro veicoli in sosta,Incrocio,Pi� di due carreggiate,Asciutto,Asfaltata,Verticale ed orizzontale,Nuvoloso,Scarso,Buona,Ore Diurne,0,0,0,1,"12,48994","41,85783",False
2684651,6,06/02/2016T23:17:00,Strada Urbana,in prossimit�,del civico n.,VIA TOR DE' SCHIAVI,,386,,Scontro laterale fra veicoli in marcia,Rettilineo,Due carreggiate,Asciutto,Asfaltata,Assente,Sereno,Scarso,Sufficiente,Sufficiente,0,0,0,5,"12,55989","41,89279",True
2686410,12,07/02/2016T00:10:00,Strada Urbana,all'intersezione con,VIALE EUROPA,VIALE BEETHOVEN,VIALE EUROPA,,,Tamponamento,Incrocio,Due carreggiate,Asciutto,Asfaltata,Verticale ed orizzontale,Sereno,Normale,Sufficiente,Sufficiente,0,0,0,2,"12,46611","41,83174",True
2685987,7,07/02/2016T00:20:00,Strada Urbana,all'intersezione semaforizzata con,VIA QUINTILIO VARO,VIALE TITO LABIENO,VIA QUINTILIO VARO,,,Scontro frontale/laterale SX fra veicoli in marcia,Intersezione semaforizzata,Due carreggiate,Asciutto,Asfaltata,Verticale ed orizzontale,Sereno,Scarso,Buona,Sufficiente,0,0,0,3,"12,56641","41,85283",True
2685382,9,07/02/2016T00:20:00,,all'intersezione semaforizzata con,VIA DI PORTA FURBA,VIA TUSCOLANA,VIA DI PORTA FURBA,,,Scontro frontale/laterale SX fra veicoli in marcia,,,,,,,,,,0,0,0,3,"12,53801","41,86904",False
2685994,4,07/02/2016T01:00:00,Strada Urbana,in prossimit�,del civico n.,VIA NOMENTANA,,522,,Veicolo in marcia contro veicoli in sosta,Rettilineo,Una carreggiata a doppio senso,Asciutto,Asfaltata,Verticale ed orizzontale,Nuvoloso,Normale,Buona,Sufficiente,0,0,0,0,"12,53797","41,93591",False
2684693,20,07/02/2016T01:10:00,Strada Urbana,in prossimit�,del civico n.,VIALE DI TOR DI QUINTO,,110,,Scontro laterale fra veicoli in marcia,Rettilineo,Pi� di due carreggiate,Asciutto,Asfaltata,Verticale ed orizzontale,Sereno,Scarso,Buona,Sufficiente,0,0,0,3,,,False
2684473,2,07/02/2016T01:15:00,Strada Urbana,all'intersezione con,VIA RUGGERO LEONCAVALLO,VIALE ARRIGO BOITO,VIA RUGGERO LEONCAVALLO,,,Scontro frontale/laterale SX fra veicoli in marcia,Incrocio,Una carreggiata a senso unico di marcia,Asciutto,Asfaltata,Verticale ed orizzontale,Sereno,Scarso,Sufficiente,Sufficiente,0,0,0,3,"12,51256","41,93667",True
2684681,6,07/02/2016T01:15:00,Strada Urbana,all'intersezione semaforizzata con,VIA DEI DURANTINI,VIA TIBURTINA,VIA DEI DURANTINI,,,Scontro laterale fra veicoli in marcia,Intersezione semaforizzata,Due carreggiate,Asciutto,Asfaltata,Verticale ed orizzontale,Sereno,Scarso,Sufficiente,Sufficiente,1,0,0,1,,,False
2686074,3,07/02/2016T01:30:00,Strada Urbana,da specificare,,VIALE REGINA MARGHERITA,,,fronte civ. 233,Veicolo in marcia contro ostacolo fisso,Rettilineo,Una carreggiata a senso unico di marcia,Asciutto,Asfaltata,Verticale ed orizzontale,Sereno,Normale,Sufficiente,Sufficiente,0,0,0,1,"12,50648","41,91299",False
2687641,12,07/02/2016T01:45:00,Strada Urbana,da specificare,,LARGO GAETANO LA LOGGIA,,,Via portuense per Via Colli Portuensi,Scontro frontale/laterale DX fra veicoli in marcia,Rettilineo,Due carreggiate,Asciutto,Asfaltata,Verticale ed orizzontale,Sereno,Scarso,Sufficiente,Sufficiente,1,0,0,1,"12,44609","41,85582",False
2688328,9,07/02/2016T02:00:00,,da specificare,,VIA CESARE BARONIO,,,altezza capolinea 628,Veicolo in marcia contro veicolo in sosta,,,,,,,,,,0,0,0,0,,,False
2685687,8,07/02/2016T02:00:00,,all'intersezione con,VIA DEGLI ORAFI,VIA CASILINA,VIA DEGLI ORAFI,,,Fuoriuscita dalla sede stradale,,,,,,,,,,0,0,0,0,,,False
2686427,12,07/02/2016T02:45:00,Strada Urbana,in corrispondenza,del civico n.,VIA TOMMASO ARCIDIACONO,,25,,Veicolo in marcia contro veicoli in sosta,Rettilineo,Una carreggiata a doppio senso,Asciutto,Asfaltata,Verticale ed orizzontale,Sereno,Scarso,Buona,Sufficiente,0,0,0,1,,,False
2684682,1,07/02/2016T03:10:00,Strada Urbana,in prossimit�,del palo luce n.,LUNGOTEVERE AVENTINO,,4,,Veicolo in marcia contro ostacolo fisso,Curva a visuale libera,Una carreggiata a senso unico di marcia,Asciutto,Asfaltata,Verticale ed orizzontale,Nuvoloso,Scarso,Buona,Sufficiente,1,0,0,0,,,False
2684903,1,07/02/2016T04:00:00,,in prossimit�,del civico n.,PIAZZA ALBANIA,,26,,Veicolo in marcia contro veicoli in sosta,,,,,,,,,,0,0,0,0,,,False
2685581,19,07/02/2016T04:10:00,Strada Urbana,in corrispondenza,del civico n.,VIA PROBA PETRONIA,,27,,Veicolo in marcia contro veicoli in sosta,Rettilineo,Una carreggiata a doppio senso,Asciutto,Asfaltata,Assente,Sereno,Scarso,Buona,Sufficiente,0,0,0,1,"12,43719","41,91114",True
2685833,7,07/02/2016T04:30:00,Strada Urbana,in prossimit�,del civico n.,VIA TIBURTINA,,1488,,Scontro laterale fra veicoli in marcia,Rettilineo,Una carreggiata a doppio senso,Asciutto,Asfaltata,Orizzontale,Sereno,Scarso,Buona,Sufficiente,0,0,0,2,"12,6352","41,94066",True
2685676,8,07/02/2016T04:30:00,Strada Urbana,all'intersezione con,VIA ERNESTO BREDA,VIA AMBROGIO NECCHI,VIA ERNESTO BREDA,,,Scontro frontale/laterale DX fra veicoli in marcia,Incrocio,Una carreggiata a senso unico di marcia,Asciutto,Asfaltata,Verticale ed orizzontale,Sereno,Scarso,Buona,Sufficiente,1,0,0,3,"12,64294","41,86183",False
2685863,7,07/02/2016T05:30:00,Strada Urbana,all'intersezione con,VIA CASILINA,VIALE PALMIRO TOGLIATTI,VIA CASILINA,,,Tamponamento,Intersezione semaforizzata,Una carreggiata a senso unico di marcia,Asciutto,Asfaltata,Verticale ed orizzontale,Nuvoloso,Normale,Sufficiente,Sufficiente,0,0,0,4,"12,56964","41,87413",True
2685468,11,07/02/2016T07:00:00,Strada Urbana,in prossimit�,del civico n.,VIALE DEL TINTORETTO,,290,,Veicolo in marcia contro veicolo in sosta,Curva senza visuale libera,Due carreggiate,Asciutto,Asfaltata,Verticale ed orizzontale,Nuvoloso,Scarso,Buona,Sufficiente,0,0,0,1,"12,48982","41,83315",True
2685903,4,07/02/2016T09:30:00,Strada Urbana,all'intersezione con,VIALE FRANCESCO PASINETTI,VIA DELLE VIGNE NUOVE,VIALE FRANCESCO PASINETTI,,,Scontro laterale fra veicoli in marcia,Rotatoria,Una carreggiata a senso unico di marcia,Asciutto,Asfaltata,Verticale ed orizzontale,Nuvoloso,Scarso,Buona,Ore Diurne,0,0,0,5,"12,53608","41,96231",True
2685239,10,07/02/2016T10:30:00,Strada Urbana,all'intersezione con,VIA TUSCOLANA,VIA DI TORRE SPACCATA,VIA TUSCOLANA,,,Tamponamento,Intersezione stradale segnalata,Una carreggiata a senso unico di marcia,Asciutto,Asfaltata,Verticale ed orizzontale,Sereno,Scarso,Buona,Ore Diurne,0,0,0,4,"12,5761","41,84874",False
2685186,20,07/02/2016T10:30:00,Strada Urbana,in corrispondenza,del civico n.,VIA DELLA GIUSTINIANA,,154,,Veicolo in marcia contro veicolo in sosta,Rettilineo,Una carreggiata a doppio senso,Asciutto,Asfaltata,Assente,Sereno,Normale,Buona,Ore Diurne,0,0,0,1,,,False
2685505,11,07/02/2016T11:15:00,Strada Urbana,all'intersezione con,PIAZZA DEL GAZOMETRO,VIA OSTIENSE,PIAZZA DEL GAZOMETRO,,,Scontro frontale/laterale DX fra veicoli in marcia,Intersezione non regolata/non segnalata,Pi� di due carreggiate,Asciutto,Asfaltata,Assente,Nuvoloso,Normale,Buona,Ore Diurne,0,0,0,6,"12,47967","41,87028",True
2685097,13,07/02/2016T12:00:00,Strada Urbana,da specificare,,VIALE CHARLES LENORMANT,,,fronte civico 242,Scontro laterale fra veicoli in marcia,Rettilineo,Una carreggiata a senso unico di marcia,Asciutto,Asfaltata,Verticale ed orizzontale,Nuvoloso,Scarso,Buona,Ore Diurne,0,0,0,2,"12,32929","41,77281",True
2685682,8,07/02/2016T13:30:00,Provinciale entro l'abitato,da specificare,,VIA POLENSE,,,alt. VIA CASTIGLIONE,Tamponamento,Rettilineo,Una carreggiata a doppio senso,Asciutto,Asfaltata,Verticale ed orizzontale,Sereno,Normale,Buona,Ore Diurne,2,0,0,1,"12,70292","41,89532",False
2685913,7,07/02/2016T13:40:00,Strada Urbana,in prossimit�,del civico n.,VIALE PALMIRO TOGLIATTI,,1206,,Scontro laterale fra veicoli in marcia,Rettilineo,Una carreggiata a senso unico di marcia,Asciutto,Asfaltata,Verticale ed orizzontale,Nuvoloso,Normale,Buona,Ore Diurne,0,0,0,2,"12,57579","41,89753",False
2686522,15,07/02/2016T14:00:00,Comunale extraurbana,da specificare,,VIA BENIAMINO FIAMMA,,,USCITA AREA PARCHEGGIO P7,Veicolo in marcia contro ostacolo accidentale,Rettilineo,Due carreggiate,Asciutto,Asfaltata,Assente,Sereno,Scarso,Buona,Ore Diurne,0,0,0,1,"12,33878","41,80999",True
2685630,6,07/02/2016T14:15:00,Strada Urbana,all'intersezione con,VIA CHERSO,VIA COLLATINA,VIA CHERSO,,,Scontro frontale/laterale DX fra veicoli in marcia,Incrocio,Una carreggiata a doppio senso,Asciutto,Asfaltata,Verticale,Sereno,Scarso,Buona,Ore Diurne,0,0,0,2,"12,56271","41,89605",True
2685293,13,07/02/2016T14:30:00,Strada Urbana,da specificare,,VIA DOMENICO BAFFIGO,,,via mario mastrangelo,Scontro frontale/laterale DX fra veicoli in marcia,Rettilineo,Una carreggiata a doppio senso,Asciutto,Asfaltata,Verticale ed orizzontale,Nuvoloso,Scarso,Buona,Ore Diurne,0,0,0,2,"12,25761","41,73844",True
2685213,15,07/02/2016T14:35:00,Strada Urbana,da specificare,,VIADOTTO DELLA MAGLIANA,,,dir.EUR DOPO RAMPA ACCESSO DA V.DELLA MAGLIANA,Tamponamento Multiplo,Curva a visuale libera,Due carreggiate,Asciutto,Asfaltata,Verticale ed orizzontale,Sereno,Normale,Buona,Ore Diurne,0,0,0,4,"12,46221","41,84062",True
2685383,9,07/02/2016T14:40:00,Strada Urbana,da specificare,,PIAZZALE LABICANO,,,fronte VIA CASILINA,Tamponamento,Rettilineo,Pi� di due carreggiate,Asciutto,Asfaltata,Orizzontale,Nuvoloso,Normale,Buona,Ore Diurne,1,0,0,2,"12,51548","41,89107",False
2685258,10,07/02/2016T15:15:00,Strada Urbana,in prossimit�,del civico n.,VIA VITTORIO RAGUSA,,120,,Scontro laterale fra veicoli in marcia,Rettilineo,Una carreggiata a senso unico di marcia,Asciutto,Asfaltata,Verticale,Nuvoloso,Normale,Buona,Ore Diurne,0,0,0,1,"12,60773","41,84864",True
2686077,4,07/02/2016T15:20:00,Strada Urbana,in prossimit�,del civico n.,VIA DEI PRATI FISCALI,,251,,Tamponamento,Rettilineo,Due carreggiate,Asciutto,Asfaltata,Verticale ed orizzontale,Nuvoloso,Normale,Buona,Ore Diurne,1,0,0,1,"12,51577","41,946",False
2687104,1,07/02/2016T16:10:00,Strada Urbana,in corrispondenza,del civico n.,VIA DEI MILLE,,25/b,,Scontro laterale fra veicoli in marcia,Rettilineo,Una carreggiata a senso unico di marcia,Asciutto,Asfaltata,Verticale ed orizzontale,Sereno,Scarso,Buona,Ore Diurne,0,0,0,3,,,False
2686017,2,07/02/2016T16:15:00,,da specificare,,VIALE DEL MUSEO BORGHESE,,,alt. 9� albero a destra da P.zza M. Borghese,Infortunio per sola frenata improvvisa,,,,,,,,,,1,0,0,1,,,False
2685278,20,07/02/2016T17:00:00,Strada Urbana,in prossimit�,del civico n.,VIA FEDERICO MASTRIGLI,,29,,Veicolo in marcia contro veicolo in sosta,Rettilineo,Una carreggiata a doppio senso,Asciutto,Asfaltata,Verticale,Nuvoloso,Scarso,Buona,Sufficiente,0,0,0,2,"12,44784","41,95915",True
2685385,9,07/02/2016T17:00:00,Strada Urbana,in corrispondenza,del civico n.,VIA APPIA NUOVA,,213,,Veicolo in marcia contro veicolo in sosta,Rettilineo,Una carreggiata a senso unico di marcia,Asciutto,Asfaltata,Verticale ed orizzontale,Nuvoloso,Normale,Buona,Ore Diurne,0,0,0,1,"12,51681","41,87977",True
2685305,13,07/02/2016T17:00:00,Strada Urbana,all'intersezione con,VIA DELLA CACCIUTA,VIALE DI CASTEL PORZIANO,VIA DELLA CACCIUTA,,,Scontro frontale/laterale SX fra veicoli in marcia,Incrocio,Una carreggiata a doppio senso,Asciutto,Asfaltata,Verticale,Nuvoloso,Normale,Sufficiente,Sufficiente,1,0,0,2,"12,34914","41,73083",False
2685311,13,07/02/2016T17:30:00,Strada Urbana,all'intersezione con,VIALE PRASSILLA,VIA APELLE,VIALE PRASSILLA,,,Veicolo in marcia contro veicolo in sosta,Incrocio,Una carreggiata a senso unico di marcia,Asciutto,Asfaltata,Verticale ed orizzontale,Nuvoloso,Normale,Buona,Sufficiente,0,0,0,5,"12,35611","41,75147",False
2685693,8,07/02/2016T18:00:00,Comunale extraurbana,in prossimit�,del civico n.,VIA UDITORE,,7,,Veicolo in marcia contro veicoli in sosta,Rettilineo,Una carreggiata a doppio senso,Asciutto,Asfaltata,Assente,Sereno,Scarso,Insufficiente,Inesistente,0,0,0,1,"12,72055","41,85091",True
2697118,23,07/02/2016T18:00:00,Strada Urbana,in prossimit�,del civico n.,PIAZZA LAURO DE BOSIS,,3,,Veicolo in marcia contro veicoli in sosta,Rettilineo,Una carreggiata a doppio senso,Asciutto,Asfaltata,Assente,Sereno,Scarso,Buona,Sufficiente,0,0,0,1,"12,45882","41,93109",False
2686009,2,07/02/2016T18:05:00,Strada Urbana,all'intersezione con,VIA RAFFAELE STERN,LUNGOTEVERE FLAMINIO,VIA RAFFAELE STERN,,,Scontro frontale/laterale SX fra veicoli in marcia,Intersezione semaforizzata,Una carreggiata a doppio senso,Asciutto,Asfaltata,Verticale ed orizzontale,Sereno,Normale,Buona,Sufficiente,0,0,0,6,"12,46532","41,92401",True
2685230,9,07/02/2016T18:30:00,Strada Urbana,in corrispondenza,del civico n.,VIA APPIA NUOVA,,421,,Veicolo in marcia contro veicoli in arresto,Rettilineo,Due carreggiate,Asciutto,Asfaltata,Assente,Nuvoloso,Intenso,Sufficiente,Sufficiente,0,0,0,3,,,False