_ID,_Gruppo,_DataOraIncidente,_Localizzazione1,_Localizzazione2,_Strada1,_DaSpecificare,_NaturaIncidente,_ParticolaritaStrade,_TipoStrada,_FondoStradale,_Pavimentazione,_Segnaletica,_CondizioneAtmosferica,_Traffico,_Visibilita,_Illuminazione,_NUM_FERITI,_NUM_RISERVATA,_NUM_MORTI,_NUM_ILLESI,_Longitudine,_Latitudine,_CONFERMATO,__prefix,_Strada02,_Strada2,_Chilometrica
2685725,8,07/02/2016T19:00:00,Strada Urbana,da specificare,,VIA CASILINA,,,INVR. DI MARCIA METRO TORREANGELA,Veicolo in marcia contro ostacolo accidentale,Rettilineo,Una carreggiata a doppio senso,Asciutto,Asfaltata,Verticale,Sereno,Scarso,Buona,Sufficiente,0,0,0,2,"12,60933","41,86405",True
2685324,20,07/02/2016T20:45:00,Strada Urbana,da specificare,,VIALE DI TOR DI QUINTO,,,direzione GRA altezza rampa tangenziale ,Scontro laterale fra veicoli in marcia,Rettilineo,Due carreggiate,Asciutto,Asfaltata,Orizzontale,Sereno,Normale,Sufficiente,Sufficiente,0,0,0,3,,,False
2697242,18,07/02/2016T21:00:00,Strada Urbana,all'intersezione con,VIA ADRIANO I,VIA PIO VII,VIA ADRIANO I,,,Scontro frontale/laterale DX fra veicoli in marcia,Intersezione stradale segnalata,Una carreggiata a senso unico di marcia,Asciutto,Asfaltata,Verticale ed orizzontale,Sereno,Scarso,Buona,Sufficiente,2,0,0,1,"12,41612","41,90425",False
2685813,6,07/02/2016T21:15:00,Strada Urbana,all'intersezione con,VIA CONTE DI CARMAGNOLA,VIA MUZIO ATTENDOLO,VIA CONTE DI CARMAGNOLA,,,Scontro frontale/laterale DX fra veicoli in marcia,Incrocio,Una carreggiata a senso unico di marcia,Asciutto,Asfaltata,Verticale ed orizzontale,Sereno,Scarso,Buona,Sufficiente,0,0,0,5,"12,53561","41,89037",True
2685585,5,07/02/2016T21:30:00,Strada Urbana,in prossimit�,del civico n.,VIA TIBURTINA,,648,,Scontro laterale fra veicoli in marcia,Rettilineo,Due carreggiate,Asciutto,Asfaltata,Verticale ed orizzontale,Sereno,Scarso,Buona,Sufficiente,0,0,0,2,"12,54791","41,90991",True
2685642,20,07/02/2016T22:10:00,Strada Urbana,in corrispondenza,del civico n.,VIA TIBERINA,,11,,Investimento di pedone,Rettilineo,Una carreggiata a doppio senso,Asciutto,Asfaltata,Assente,Sereno,Scarso,Buona,Sufficiente,1,0,0,1,,,False
2685436,9,07/02/2016T23:00:00,,in corrispondenza,del civico n.,VIA TUSCOLANA,,374,,Tamponamento,,,,,,,,,,1,0,0,1,"12,52866","41,87458",False
2686068,3,07/02/2016T23:30:00,,all'intersezione semaforizzata con,PIAZZALE VALERIO MASSIMO,VIA TIBURTINA,PIAZZALE VALERIO MASSIMO,,,Scontro frontale/laterale SX fra veicoli in marcia,,,,,,,,,,1,0,0,2,,,False
2685700,8,08/02/2016T04:20:00,Strada Urbana,in prossimit�,del civico n.,VIA DI TORRENOVA,,39/B,,Tamponamento,Rettilineo,Una carreggiata a doppio senso,Bagnato (pioggia),Asfaltata,Verticale ed orizzontale,Pioggia in atto,Scarso,Buona,Sufficiente,0,0,0,2,"12,618","41,86595",False
2686019,2,08/02/2016T05:40:00,,all'intersezione con,VIA CERESIO,VIA CRATI,VIA CERESIO,,,Scontro frontale/laterale DX fra veicoli in marcia,,,,,,,,,,1,0,0,1,"12,50921","41,92715",False
2686793,9,08/02/2016T06:25:00,,all'intersezione con,VIA ARDEA,LARGO MAGNAGRECIA,VIA ARDEA,,,Scontro laterale fra veicoli in marcia,,,,,,,,,,0,0,0,2,,,False
2687962,12,08/02/2016T06:30:00,Provinciale,da specificare,,VIA LAURENTINA,,,"alt. km. 15,000 (dir. Roma)",Veicolo in marcia contro ostacolo fisso,Curva senza visuale libera,Una carreggiata a doppio senso,Bagnato (pioggia),Asfaltata,Temporanea di cantiere,Pioggia in atto,Normale,Buona,Inesistente,0,0,0,1,"12,49964","41,75815",True
2687984,12,08/02/2016T06:45:00,Provinciale,da specificare,,VIA LAURENTINA,,,"alt. km. 15,000 (dir. Roma)",Veicolo in marcia contro veicolo fermo,Curva senza visuale libera,Una carreggiata a doppio senso,Bagnato (pioggia),Asfaltata,Temporanea di cantiere,Pioggia in atto,Normale,Buona,Inesistente,0,0,0,3,"12,4993","41,75725",True
2686837,9,08/02/2016T07:00:00,,all'intersezione con,VIA VETULONIA,VIA ACAIA,VIA VETULONIA,,,Scontro frontale/laterale DX fra veicoli in marcia,,,,,,,,,,0,0,0,3,,,False
2687719,1,08/02/2016T07:05:00,Strada Urbana,in prossimit�,del civico n.,PIAZZA DI S. GIOVANNI IN LATERANO,,18/A,,Infortunio per sola frenata improvvisa,Rettilineo,Una carreggiata a senso unico di marcia,Bagnato (pioggia),Asfaltata,Verticale ed orizzontale,Pioggia in atto,Normale,Buona,Sufficiente,1,0,0,0,,,False
2686964,20,08/02/2016T07:05:00,Strada Urbana,da specificare,,GALLERIA GIOVANNI XXIII,,,dir. Pineta Sacchetti dopo uscita Via M. Fani,Veicolo in marcia contro ostacolo fisso,Galleria illuminata,Una carreggiata a senso unico di marcia,Bagnato (umidit� in atto),Asfaltata,Verticale ed orizzontale,Nuvoloso,Intenso,Sufficiente,,0,0,0,1,,,False
2686286,16,08/02/2016T07:10:00,,da specificare,,VIA DI DONNA OLIMPIA,,,prossimit� fronte civico 240,Tamponamento Multiplo,,,,,,,,,,0,0,0,3,,,False
2687047,2,08/02/2016T07:15:00,,da specificare,,SOTTOVIA IGNAZIO GUIDI,,,dir. nomentana fr. NH Vittorio Veneto.,Veicolo in marcia contro ostacolo fisso,,,,,,,,,,0,0,0,3,,,False
2686845,19,08/02/2016T07:15:00,Strada Urbana,in corrispondenza,del civico n.,VIA ENRICO PESTALOZZI,,32,,Tamponamento Multiplo,Rettilineo,Una carreggiata a senso unico di marcia,Bagnato (pioggia),Asfaltata,Orizzontale,Pioggia in atto,Intenso,Buona,Ore Diurne,1,0,0,2,"12,42576","41,93621",True
2687476,1,08/02/2016T07:20:00,Strada Urbana,all'intersezione semaforizzata con,VIALE DELLE TERME DI CARACALLA,PIAZZALE NUMA POMPILIO,VIALE DELLE TERME DI CARACALLA,,,Tamponamento,Intersezione semaforizzata,Una carreggiata a doppio senso,Bagnato (pioggia),Asfaltata,Verticale ed orizzontale,Pioggia in atto,Normale,Buona,Ore Diurne,2,0,0,1,,,False
2687382,1,08/02/2016T07:24:00,Strada Urbana,da specificare,,VIA GARIBALDI,,,ALL'ALTEZZA BELVEDERE N. SCATOLI,Veicolo in marcia contro ostacolo fisso,Curva senza visuale libera,Una carreggiata a doppio senso,Asciutto,In cubetti di porfido,Verticale ed orizzontale,Nuvoloso,Scarso,Sufficiente,Sufficiente,0,0,0,0,"12,46412","41,88906",False
2687363,2,08/02/2016T07:30:00,Strada Urbana,in corrispondenza,del civico n.,VIALE LIBIA,,233,,Investimento di pedone,Rettilineo,Una carreggiata a senso unico di marcia,Bagnato (pioggia),Asfaltata,Verticale ed orizzontale,Nuvoloso,Intenso,Buona,Ore Diurne,0,0,0,2,"12,52046","41,93295",True
2686154,3,08/02/2016T07:40:00,Strada Urbana,all'intersezione con,PIAZZA DEI SICULI,VIA DEI RAMNI,PIAZZA DEI SICULI,,,Scontro frontale/laterale SX fra veicoli in marcia,Rotatoria,Una carreggiata a doppio senso,Bagnato (umidit� in atto),Asfaltata,Verticale ed orizzontale,Nuvoloso,Scarso,Buona,Ore Diurne,0,0,0,4,"12,51098","41,89926",True
2686756,13,08/02/2016T08:05:00,Provinciale,in prossimit�,della chilometrica,VIA LITORANEA,,8.5,,Veicolo in marcia contro ostacolo fisso,Curva a visuale libera,Una carreggiata a doppio senso,Bagnato (pioggia),Asfaltata,Verticale ed orizzontale,Nuvoloso,Normale,Buona,Ore Diurne,0,0,0,1,"12,37354","41,68762",True
2687005,19,08/02/2016T08:10:00,Strada Urbana,in prossimit�,della chilometrica,GALLERIA GIOVANNI XXIII,,2.6,,Fuoriuscita dalla sede stradale,Rettilineo,Una carreggiata a senso unico di marcia,Bagnato (pioggia),Asfaltata,Verticale ed orizzontale,Pioggia in atto,Normale,Buona,Ore Diurne,0,0,0,1,"12,44462","41,94111",True
2686864,19,08/02/2016T08:10:00,Strada Urbana,in corrispondenza,del civico n.,GALLERIA GIOVANNI XXIII,,2.600,,Tamponamento Multiplo,Rettilineo,Una carreggiata a senso unico di marcia,Bagnato (pioggia),Asfaltata,Verticale ed orizzontale,Pioggia in atto,Intenso,Sufficiente,Ore Diurne,2,0,0,7,"12,44559","41,94108",True
2687367,2,08/02/2016T08:15:00,Strada Urbana,in prossimit�,del civico n.,VIA ANTONIO BERTOLONI,,54,,Veicolo in marcia contro ostacolo accidentale,Rettilineo,Una carreggiata a doppio senso,Bagnato (pioggia),Asfaltata,Verticale ed orizzontale,Nuvoloso,Normale,Buona,Ore Diurne,0,0,0,1,"12,48586","41,92489",True
2687191,4,08/02/2016T08:50:00,Strada Urbana,in corrispondenza,del civico n.,VIA GARGANO,,7,,Scontro laterale fra veicoli in marcia,Rettilineo,Una carreggiata a doppio senso,Bagnato (pioggia),Asfaltata,Verticale ed orizzontale,Pioggia in atto,Intenso,Buona,Ore Diurne,1,0,0,3,"12,5343","41,93568",False
2687009,4,08/02/2016T08:50:00,Strada Urbana,all'intersezione con,VIA DELLE ISOLE CURZOLANE,VIA DELLE VIGNE NUOVE,VIA DELLE ISOLE CURZOLANE,,,Scontro laterale fra veicoli in marcia,Intersezione non regolata/non segnalata,Una carreggiata a doppio senso,Bagnato (umidit� in atto),Asfaltata,Verticale ed orizzontale,Nuvoloso,Normale,Buona,Ore Diurne,0,0,0,3,"12,53712","41,94754",True
2686954,20,08/02/2016T09:00:00,,da specificare,,VIA BRACCIANENSE NUOVA,,,"(altezza km 0+400 , direzone centro citt�)",Ribaltamento senza urto contro ostacolo fisso,,,Bagnato (pioggia),Asfaltata,Verticale ed orizzontale,Nuvoloso,Scarso,Buona,,1,0,0,0,,,False
2686770,13,08/02/2016T09:00:00,Strada Urbana,in corrispondenza,del civico n.,VIA TANCREDI CHIARALUCE,,250,,Scontro frontale/laterale DX fra veicoli in marcia,Rettilineo,Una carreggiata a doppio senso,Bagnato (pioggia),Asfaltata,Assente,Nuvoloso,Normale,Buona,Ore Diurne,1,0,0,1,"12,26752","41,74584",False
2687417,1,08/02/2016T09:15:00,Strada Urbana,in corrispondenza,del palo luce n.,VIALE LUIGI EINAUDI,,14,,Infortunio per sola frenata improvvisa,Rettilineo,Una carreggiata a senso unico di marcia,Bagnato (pioggia),In cubetti di porfido,Verticale ed orizzontale,Pioggia in atto,Normale,Buona,Ore Diurne,0,0,0,1,,,False
2685632,18,08/02/2016T09:20:00,Strada Urbana,in corrispondenza,del civico n.,VIA DI BOCCEA,,303,,Tamponamento,Rettilineo,Una carreggiata a doppio senso,Bagnato (pioggia),Asfaltata,Verticale ed orizzontale,Pioggia in atto,Normale,Buona,Ore Diurne,1,0,0,1,"12,41418","41,9031",False
2686832,11,08/02/2016T09:30:00,Strada Urbana,da specificare,,VIA CRISTOFORO COLOMBO,,,intersezione VIALE GIUSTINIANO IMPERATORE,Scontro frontale fra veicoli in marcia,Rettilineo,Pi� di due carreggiate,Bagnato (pioggia),Asfaltata,Verticale ed orizzontale,Pioggia in atto,Normale,Buona,Ore Diurne,0,0,0,2,"12,48911","41,85357",True
2686986,3,08/02/2016T09:45:00,,all'intersezione con,VIALE DELLE PROVINCIE,VIA CATANIA,VIALE DELLE PROVINCIE,,,Scontro frontale/laterale DX fra veicoli in marcia,,,,,,,,,,1,0,0,2,,,False
2687042,4,08/02/2016T09:50:00,Strada Urbana,in prossimit�,del civico n.,VIA DARIO NICCODEMI,,69,,Scontro frontale/laterale DX fra veicoli in marcia,Rettilineo,Una carreggiata a doppio senso,Bagnato (pioggia),Asfaltata,Verticale ed orizzontale,Pioggia in atto,Normale,Buona,Ore Diurne,0,0,0,2,"12,54865","41,95485",True
2686771,8,08/02/2016T10:00:00,Strada Urbana,in prossimit�,del palo luce n.,VIA DI TOR BELLA MONACA,,27,,Veicolo in marcia contro ostacolo fisso,Curva a visuale libera,Una carreggiata a senso unico di marcia,Bagnato (pioggia),Asfaltata,Orizzontale,Pioggia in atto,Scarso,Buona,Ore Diurne,1,0,0,0,"12,62813","41,87636",True
2686536,15,08/02/2016T10:00:00,Strada Urbana,da specificare,,AUTOSTRADA ROMA AEROPORTO DI FIUMICINO,,,"km. 0,200 DIREZIONE FIUMICINO",Veicolo in marcia contro ostacolo fisso,Curva a visuale libera,Due carreggiate,Asciutto,Asfaltata,Orizzontale,Nuvoloso,Normale,Buona,Ore Diurne,0,0,0,2,"12,44023","41,83153",True
2686855,17,08/02/2016T10:10:00,Strada Urbana,da specificare,,LUNGOTEVERE IN SASSIA,,,sottopas.rampadirez.v.gregorioVIIalt.lampada107/3,Veicolo in marcia contro ostacolo fisso,Sottopasso illuminato,Una carreggiata a senso unico di marcia,Bagnato (umidit� in atto),Asfaltata,Verticale ed orizzontale,Nuvoloso,Normale,Buona,Ore Diurne,0,0,0,1,"12,46319","41,90104",False
2686824,20,08/02/2016T10:15:00,,in prossimit�,del civico n.,VIA BRACCIANENSE,,73,,Veicolo in marcia contro veicolo in sosta,,,,,,,,,,3,0,0,1,,,False
2687368,2,08/02/2016T10:30:00,,da specificare,,SOTTOVIA IGNAZIO GUIDI,,,fr. NH Vittorio Veneto-dir.Nomentana,Scontro frontale/laterale DX fra veicoli in marcia,,,,,,,,,,2,0,0,0,,,False
2685975,12,08/02/2016T10:30:00,Provinciale,in corrispondenza,della chilometrica,VIA LAURENTINA,,17,,Veicolo in marcia contro ostacolo fisso,Pendenza,Una carreggiata a doppio senso,Bagnato (umidit� in atto),Asfaltata,Verticale ed orizzontale,Nuvoloso,Normale,Buona,Ore Diurne,0,0,0,1,"12,50492","41,73551",True
2687390,1,08/02/2016T10:30:00,Strada Urbana,all'intersezione con,VIA DI S. STEFANO ROTONDO,VIA DELLA NAVICELLA,VIA DI S. STEFANO ROTONDO,,,Infortunio per sola frenata improvvisa,Incrocio,Una carreggiata a doppio senso,Bagnato (pioggia),Asfaltata,Verticale ed orizzontale,Nuvoloso,Normale,Buona,Ore Diurne,1,0,0,1,,,False
2687020,1,08/02/2016T10:35:00,Strada Urbana,da specificare,,VIA AURORA,,,IN PROSS. VIA PORTA PINCIANA,Veicolo in marcia contro veicolo in sosta,Rettilineo,Una carreggiata a senso unico di marcia,Bagnato (umidit� in atto),Asfaltata,Verticale ed orizzontale,Nuvoloso,Normale,Buona,Ore Diurne,0,0,0,1,,,False
2687046,19,08/02/2016T10:40:00,Strada Urbana,in corrispondenza,del civico n.,VIA DI TORREVECCHIA,,493,,Veicolo in marcia contro veicolo in sosta,Rettilineo,Una carreggiata a doppio senso,Asciutto,Asfaltata,Orizzontale,Nuvoloso,Normale,Buona,Ore Diurne,0,0,0,0,"12,41328","41,92431",True
2686690,5,08/02/2016T10:55:00,Strada Urbana,in prossimit�,del civico n.,PIAZZA RICCARDO BALSAMO CRIVELLI,,76,,Tamponamento,Rettilineo,Due carreggiate,Bagnato (pioggia),Asfaltata,Orizzontale,Nuvoloso,Intenso,Buona,Ore Diurne,1,0,0,1,"12,5517","41,90538",False
2686902,16,08/02/2016T11:05:00,Strada Urbana,in corrispondenza,del civico n.,VIA PORTUENSE,,96b,,Scontro laterale fra veicoli in marcia,Rettilineo,Una carreggiata a doppio senso,Asciutto,Asfaltata,Orizzontale,Sereno,Normale,Buona,Ore Diurne,0,0,0,3,"12,4659","41,87152",True
2686775,13,08/02/2016T11:15:00,Strada Urbana,all'intersezione con,VIA SALORNO,VIA TORCEGNO,VIA SALORNO,,,Scontro frontale/laterale DX fra veicoli in marcia,Incrocio,Una carreggiata a doppio senso,Bagnato (pioggia),Asfaltata,Verticale,Nuvoloso,Scarso,Buona,Ore Diurne,0,0,0,2,"12,3759","41,73234",True
2686762,11,08/02/2016T11:45:00,Strada Urbana,in corrispondenza,del civico n.,VIA OSTIENSE,,196 A,,Tamponamento,Rettilineo,Una carreggiata a doppio senso,Bagnato (umidit� in atto),Asfaltata,Verticale ed orizzontale,Nuvoloso,Normale,Buona,Ore Diurne,1,0,0,1,"12,47698","41,85543",True
2686749,8,08/02/2016T11:50:00,Strada Urbana,in prossimit�,del civico n.,VIA DEL COLLE DELLA LITE,,2,,Scontro frontale/laterale SX fra veicoli in marcia,Curva senza visuale libera,Una carreggiata a doppio senso,Bagnato (umidit� in atto),Asfaltata,Verticale ed orizzontale,Nuvoloso,Normale,Buona,Ore Diurne,0,0,0,3,"12,71221","41,86062",True
2686733,8,08/02/2016T11:50:00,Statale entro l'abitato,da specificare,,VIA CASILINA,,,IN PROS. VIA GIGLIOLI,Tamponamento,Rettilineo,Una carreggiata a doppio senso,Bagnato (pioggia),Asfaltata,Verticale ed orizzontale,Pioggia in atto,Normale,Sufficiente,Ore Diurne,0,0,0,2,"12,60933","41,86405",True
2685932,10,08/02/2016T12:00:00,Statale,da specificare,,VIA APPIA NUOVA,,,alt. svincolo GRA carr.ta esterna.,Infortunio per caduta del veicolo,Rettilineo,Una carreggiata a senso unico di marcia,Bagnato (pioggia),Asfaltata,Verticale ed orizzontale,Nuvoloso,Normale,Buona,Ore Diurne,1,0,0,0,"12,57531","41,81235",True
2685912,7,08/02/2016T12:00:00,Strada Urbana,all'intersezione con,VIA PRENESTINA,VIA DEL MAGGIOLINO,VIA PRENESTINA,,,Veicolo in marcia contro ostacolo fisso,Incrocio,Due carreggiate,Bagnato (umidit� in atto),Asfaltata,Orizzontale,Nuvoloso,Intenso,Buona,Ore Diurne,0,0,0,1,"12,60659","41,89385",True
2686784,8,08/02/2016T12:20:00,Strada Urbana,in prossimit�,del civico n.,VIA MASSA DI SAN GIULIANO,,553,,Investimento di pedone,Rettilineo,Una carreggiata a doppio senso,Bagnato (pioggia),Asfaltata,Verticale ed orizzontale,Nuvoloso,Normale,Buona,Ore Diurne,2,0,0,1,"12,6841","41,91672",False
2687400,13,08/02/2016T13:00:00,Strada Urbana,all'intersezione con,VIA MENIPPO,VIA ARISTONICO D'ALESSANDRIA,VIA MENIPPO,,,Scontro frontale/laterale DX fra veicoli in marcia,Incrocio,Una carreggiata a senso unico di marcia,Asciutto,Asfaltata,Verticale ed orizzontale,Sereno,Normale,Buona,Ore Diurne,1,0,0,1,"12,36172","41,75813",False
2686740,11,08/02/2016T13:15:00,Strada Urbana,in corrispondenza,del civico n.,VIA ARDEATINA,,588,,Scontro laterale fra veicoli in marcia,Rettilineo,Una carreggiata a doppio senso,Asciutto,Asfaltata,Orizzontale,Sereno,Normale,Sufficiente,Ore Diurne,2,0,0,4,"12,5181","41,82609",False
2687357,1,08/02/2016T13:45:00,Strada Urbana,all'intersezione con,PIAZZA CELIMONTANA,LARGO DELLA SANITA' MILITARE,PIAZZA CELIMONTANA,,,Scontro frontale/laterale SX fra veicoli in marcia,Incrocio,Una carreggiata a doppio senso,Asciutto,Asfaltata,Verticale ed orizzontale,Sereno,Scarso,Buona,Ore Diurne,0,0,0,2,"12,49539","41,88617",False
2686191,19,08/02/2016T13:50:00,Strada Urbana,da specificare,,VIA DELLA VALLE DEI FONTANILI,,,pross. via Guicciardi,Tamponamento,Rettilineo,Una carreggiata a doppio senso,Bagnato (umidit� in atto),Asfaltata,Orizzontale,Nuvoloso,Normale,Buona,Ore Diurne,0,0,0,4,"12,40912","41,92784",True
2698163,18,08/02/2016T14:05:00,Strada Urbana,in prossimit�,del civico n.,VIA DI TORRE ROSSA,,35,,Veicolo in marcia contro veicoli in sosta,Rettilineo,Una carreggiata a doppio senso,Asciutto,Asfaltata,Verticale ed orizzontale,Sereno,Scarso,Buona,Ore Diurne,0,0,0,1,"12,42858","41,8939",False
2687011,12,08/02/2016T14:25:00,Provinciale entro l'abitato,in corrispondenza,del civico n.,VIA ARDEATINA,,1432,,Investimento di pedone,Rettilineo,Una carreggiata a doppio senso,Asciutto,Asfaltata,Verticale ed orizzontale,Sereno,Normale,Buona,Ore Diurne,1,0,0,2,"12,55876","41,76292",False
2686967,4,08/02/2016T14:30:00,Statale entro l'abitato,in prossimit�,del civico n.,VIA SALARIA,,981,,Scontro laterale fra veicoli in marcia,Rettilineo,Due carreggiate,Asciutto,Asfaltata,Orizzontale,Sereno,Normale,Buona,Ore Diurne,0,0,0,2,"12,50589","41,96896",True
2686781,13,08/02/2016T14:30:00,Strada Urbana,in corrispondenza,del civico n.,VIA AGOSTINO CHIGI,,194,,Veicolo in marcia contro ostacolo fisso,Rettilineo,Una carreggiata a doppio senso,Asciutto,Asfaltata,Assente,Sereno,Normale,Buona,Ore Diurne,0,0,0,2,"12,31619","41,76443",True
2686739,8,08/02/2016T15:00:00,,all'intersezione con,VIALE PAOLO FERDINANDO QUAGLIA,VIA DI TOR BELLA MONACA,VIALE PAOLO FERDINANDO QUAGLIA,,,Scontro frontale/laterale SX fra veicoli in marcia,,,,,,,,,,2,0,0,1,,,False
2686788,13,08/02/2016T16:00:00,,da specificare,,VIALE DESIDERATO PIETRI,,,in corrispondenza di Via Calenzana,Veicolo in marcia contro ostacolo fisso,,,,,,,,,,0,0,0,1,"12,28893","41,72802",False
2687016,19,08/02/2016T16:10:00,Strada Urbana,in corrispondenza,del civico n.,VIA PRISCIANO,,67,,Scontro frontale/laterale SX fra veicoli in marcia,Rettilineo,Una carreggiata a doppio senso,Asciutto,Asfaltata,Orizzontale,Sereno,Normale,Buona,Ore Diurne,1,0,0,1,"12,44705","41,92587",True
2687066,19,08/02/2016T16:15:00,Strada Urbana,in corrispondenza,del civico n.,VIA DI TORREVECCHIA,,572B,,Investimento di pedone,Rettilineo,Una carreggiata a doppio senso,Asciutto,Asfaltata,Orizzontale,Nuvoloso,Intenso,Buona,Ore Diurne,1,0,0,2,"12,41249","41,9236",True
2687088,4,08/02/2016T16:25:00,Strada Urbana,all'intersezione con,VIA MONTE ROCCHETTA,VIALE JONIO,VIA MONTE ROCCHETTA,,,Scontro frontale/laterale DX fra veicoli in marcia,Intersezione stradale segnalata,Una carreggiata a senso unico di marcia,Asciutto,Asfaltata,Verticale ed orizzontale,Sereno,Normale,Buona,Ore Diurne,1,0,0,1,"12,53135","41,94568",False
2687176,12,08/02/2016T17:30:00,Strada Urbana,in corrispondenza,del civico n.,VIALE DELL'OCEANO PACIFICO,,16,,Scontro laterale fra veicoli in marcia,Rettilineo,Una carreggiata a doppio senso,Asciutto,Asfaltata,Orizzontale,Sereno,Normale,Buona,Ore Diurne,1,0,0,1,,,False
2686752,8,08/02/2016T17:30:00,Strada Urbana,in prossimit�,del civico n.,VIA CASILINA,,1665,,Scontro laterale fra veicoli in marcia,Rettilineo,Pi� di due carreggiate,Asciutto,Asfaltata,Verticale ed orizzontale,Nuvoloso,Intenso,Buona,Sufficiente,1,0,0,4,"12,67353","41,86421",False
2686452,10,08/02/2016T17:40:00,Statale,in corrispondenza,del civico n.,VIA ANAGNINA,,261,,Tamponamento,Rettilineo,Pi� di due carreggiate,Asciutto,Asfaltata,Verticale ed orizzontale,Nuvoloso,Normale,Buona,Sufficiente,0,0,0,2,,,False
2687050,2,08/02/2016T17:45:00,,da specificare,,VIA NEMORENSE,,,alt. piazza S. Emerenziana,Scontro laterale fra veicoli in marcia,,,,,,,,,,1,0,0,1,,,False
2686927,3,08/02/2016T17:45:00,Strada Urbana,da specificare,,VIALE DELL'UNIVERSITA',,,pross.t� fronte civ. 30,Scontro laterale fra veicoli in marcia,Rettilineo,Una carreggiata a doppio senso,Asciutto,Asfaltata,Verticale ed orizzontale,Sereno,Normale,Sufficiente,Sufficiente,0,0,0,2,"12,51179","41,90433",False
2687208,1,08/02/2016T17:55:00,Strada Urbana,all'intersezione semaforizzata con,VIA DEL GIANICOLO,PIAZZA DELLA ROVERE,VIA DEL GIANICOLO,,,Scontro laterale fra veicoli in marcia,Intersezione semaforizzata,Una carreggiata a doppio senso,Asciutto,Asfaltata,Verticale ed orizzontale,Nuvoloso,Normale,Buona,Sufficiente,0,0,0,2,"12,46241","41,89956",False
2686736,8,08/02/2016T18:00:00,Strada Urbana,da specificare,,VIALE FRANCESCO CALTAGIRONE,,,ALT. VIA L. GASTINELLI,Scontro frontale/laterale DX fra veicoli in marcia,Rettilineo,Due carreggiate,Asciutto,Asfaltata,Verticale ed orizzontale,Sereno,Normale,Sufficiente,Sufficiente,0,0,0,4,"12,65512","41,909",True
2687743,12,08/02/2016T18:10:00,Provinciale entro l'abitato,da specificare,,VIA PONTINA,,,direzione Pomezia km 11.600,Tamponamento,Rettilineo,Due carreggiate,Asciutto,Asfaltata,Verticale,Sereno,Normale,Buona,Ore Diurne,2,0,0,1,"12,45106","41,79235",False
2687371,2,08/02/2016T19:05:00,Strada Urbana,all'intersezione con,VIA NINO OXILIA,VIALE PARIOLI,VIA NINO OXILIA,,,Scontro frontale/laterale SX fra veicoli in marcia,Incrocio,Una carreggiata a doppio senso,Asciutto,Asfaltata,Verticale ed orizzontale,Sereno,Intenso,Buona,Sufficiente,0,0,0,4,"12,49015","41,92454",True
2687061,2,08/02/2016T19:13:00,Strada Urbana,in prossimit�,del civico n.,VIALE SOMALIA,,137,,Veicolo in marcia contro veicolo in sosta,Rettilineo,Una carreggiata a doppio senso,Asciutto,Asfaltata,Verticale ed orizzontale,Sereno,Normale,Buona,Sufficiente,0,0,0,1,"12,51708","41,93562",True
2687571,12,08/02/2016T19:20:00,Strada Urbana,da specificare,,VIA OSTIENSE,,,dir. Ostia altezza svincolo G.R.A. - Firenze,Scontro laterale fra veicoli in marcia,Curva a visuale libera,Una carreggiata a senso unico di marcia,Asciutto,Asfaltata,Verticale ed orizzontale,Sereno,Normale,Insufficiente,Insufficiente,0,0,0,3,,,False
2687781,12,08/02/2016T20:00:00,Strada Urbana,all'intersezione con,PIAZZA DEL SOLE,VIALE DEGLI ASTRI,PIAZZA DEL SOLE,,,Scontro frontale/laterale SX fra veicoli in marcia,Intersezione stradale segnalata,Una carreggiata a doppio senso,Asciutto,Asfaltata,Verticale ed orizzontale,Sereno,Normale,Sufficiente,Sufficiente,0,0,0,2,"12,44847","41,81293",False
2686807,9,08/02/2016T20:25:00,,all'intersezione con,VIA LUCREZIA ROMANA,VIA DELLE CAPANNELLE,VIA LUCREZIA ROMANA,,,Scontro frontale fra veicoli in marcia,,,,,,,,,,1,0,0,0,,,False
2687043,2,08/02/2016T20:30:00,,all'intersezione con,VIA FILIPPO MARCHETTI,VIALE ARRIGO BOITO,VIA FILIPPO MARCHETTI,,,Scontro frontale/laterale SX fra veicoli in marcia,,,,,,,,,,2,0,0,1,,,False
2686729,6,08/02/2016T20:30:00,Strada Urbana,da specificare,,VIALE CASTRENSE,,,fronte Via Altamura,Tamponamento,Rettilineo,Una carreggiata a senso unico di marcia,Asciutto,Asfaltata,Verticale,Sereno,Scarso,Sufficiente,Sufficiente,1,0,0,1,,,False
2688619,16,08/02/2016T20:45:00,Strada Urbana,da specificare,,VIA DEL CASALE LUMBROSO,,,50 mt prima di Via della Tenuta S. Cecilia,Ribaltamento senza urto contro ostacolo fisso,Rettilineo,Una carreggiata a doppio senso,Asciutto,Asfaltata,Assente,Sereno,Scarso,Sufficiente,Inesistente,0,0,0,1,"12,35492","41,86274",True