_ID,_Gruppo,_DataOraIncidente,_Localizzazione1,_Localizzazione2,_Strada1,_DaSpecificare,_NaturaIncidente,_ParticolaritaStrade,_TipoStrada,_FondoStradale,_Pavimentazione,_Segnaletica,_CondizioneAtmosferica,_Traffico,_Visibilita,_Illuminazione,_NUM_FERITI,_NUM_RISERVATA,_NUM_MORTI,_NUM_ILLESI,_Longitudine,_Latitudine,_CONFERMATO,__prefix,_Strada02,_Strada2,_Chilometrica
2686838,9,08/02/2016T21:00:00,Strada Urbana,in corrispondenza,del civico n.,VIA SELINUNTE,,2,,Veicolo in marcia contro veicoli in sosta,Rettilineo,Una carreggiata a doppio senso,Asciutto,Asfaltata,Verticale ed orizzontale,Nuvoloso,Normale,Sufficiente,Sufficiente,0,0,0,1,"12,55187","41,85549",False
2686758,8,08/02/2016T21:10:00,Strada Urbana,da specificare,,VIA TUSCOLANA,,,PROX GRA DIR CASILINA,Scontro laterale fra veicoli in marcia,Rettilineo,Una carreggiata a senso unico di marcia,Asciutto,Asfaltata,Verticale,Sereno,Normale,Insufficiente,Inesistente,0,0,0,2,"12,57887","41,84638",True
2686745,11,08/02/2016T22:50:00,Strada Urbana,da specificare,,VIA APPIA PIGNATELLI,,,altezza fr. civ.452,Tamponamento,Rettilineo,Una carreggiata a doppio senso,Bagnato (umidit� in atto),Asfaltata,Orizzontale,Nuvoloso,Scarso,Buona,Sufficiente,2,0,0,0,"12,5357","41,84614",False
2686704,6,08/02/2016T22:55:00,Strada Urbana,all'intersezione con,VIA GIUSEPPE DONATI,VIA DIEGO ANGELI,VIA GIUSEPPE DONATI,,,Scontro frontale/laterale SX fra veicoli in marcia,Incrocio,Una carreggiata a doppio senso,Asciutto,Asfaltata,Verticale ed orizzontale,Nuvoloso,Scarso,Buona,Sufficiente,1,0,0,3,,,False
2687056,2,08/02/2016T23:15:00,Strada Urbana,all'intersezione con,VIA ARNO,VIA GARIGLIANO,VIA ARNO,,,Scontro frontale/laterale DX fra veicoli in marcia,Incrocio,Una carreggiata a senso unico di marcia,Asciutto,Asfaltata,Verticale ed orizzontale,Nuvoloso,Scarso,Sufficiente,Sufficiente,0,0,0,2,"12,50013","41,91928",True
2687622,8,09/02/2016T00:15:00,,in prossimit�,del civico n.,VIA CASILINA,,900,,Investimento di pedone,,,,,,,,,,0,0,1,1,,,False
2686846,10,09/02/2016T01:00:00,Strada Urbana,all'intersezione semaforizzata con,VIALE DELLA VENEZIA GIULIA,VIALE DELLA SERENISSIMA,VIALE DELLA VENEZIA GIULIA,,,Scontro frontale/laterale SX fra veicoli in marcia,Intersezione semaforizzata,Due carreggiate,Bagnato (umidit� in atto),Asfaltata,Verticale ed orizzontale,Nuvoloso,Scarso,Sufficiente,Sufficiente,0,0,0,3,"12,55859","41,89675",False
2688593,16,09/02/2016T01:30:00,Strada Urbana,all'intersezione con,VIA CARLO PORTA,VIA PORTUENSE,VIA CARLO PORTA,,,Scontro frontale/laterale DX fra veicoli in marcia,Incrocio,Una carreggiata a senso unico di marcia,Bagnato (pioggia),Asfaltata,Verticale,Nuvoloso,Scarso,Buona,Sufficiente,0,0,0,2,"12,40939","41,84342",True
2687654,1,09/02/2016T05:35:00,Strada Urbana,all'intersezione semaforizzata con,VIA DURAZZO,VIALE ANGELICO,VIA DURAZZO,,,Veicolo in marcia contro ostacolo fisso,Intersezione semaforizzata,Una carreggiata a doppio senso,Asciutto,Asfaltata,Verticale ed orizzontale,Sereno,Scarso,Sufficiente,Sufficiente,2,0,0,0,,,False
2688318,5,09/02/2016T06:00:00,Strada Urbana,in corrispondenza,del civico n.,VIA DI PORTONACCIO,,23,,Scontro laterale fra veicoli in marcia,Rettilineo,Una carreggiata a doppio senso,Asciutto,Asfaltata,Orizzontale,Nuvoloso,Normale,Sufficiente,Sufficiente,0,0,0,2,"12,53583","41,90489",True
2689090,17,09/02/2016T07:00:00,Strada Urbana,in corrispondenza,del civico n.,VIALE GIULIO CESARE,,103/105,,Scontro laterale fra veicoli in marcia,Rettilineo,Pi� di due carreggiate,Bagnato (umidit� in atto),Asfaltata,Verticale ed orizzontale,Nuvoloso,Scarso,Buona,Ore Diurne,0,0,0,2,,,False
2688364,20,09/02/2016T07:05:00,Provinciale,in corrispondenza,del civico n.,VIA TIBERINA,,286,,Investimento di pedone,Curva senza visuale libera,Una carreggiata a doppio senso,Asciutto,Asfaltata,Verticale ed orizzontale,Nuvoloso,Scarso,Buona,Ore Diurne,1,0,0,2,,,False
2688368,13,09/02/2016T07:40:00,,all'intersezione con,VIA DEL VILLAGGIO DI S. FRANCESCO,VIALE DEI ROMAGNOLI,VIA DEL VILLAGGIO DI S. FRANCESCO,,,Scontro frontale/laterale SX fra veicoli in marcia,,,,,,,,,,0,0,0,3,,,False
2687001,7,09/02/2016T07:50:00,Strada Urbana,da specificare,,VIA DELLE ROBINIE,,,via dei cembri,Scontro laterale fra veicoli in marcia,Rettilineo,Una carreggiata a doppio senso,Bagnato (umidit� in atto),Asfaltata,Orizzontale,Nuvoloso,Scarso,Buona,Ore Diurne,0,0,0,3,"12,57183","41,88249",True
2688776,16,09/02/2016T07:55:00,Strada Urbana,all'intersezione con,VIA GIOVANNI FILIPPO INGRASSIA,VIA DAMASO CERQUETTI,VIA GIOVANNI FILIPPO INGRASSIA,,,Veicolo in marcia contro veicoli in sosta,Incrocio,Pi� di due carreggiate,Bagnato (umidit� in atto),Asfaltata,Verticale ed orizzontale,Nuvoloso,Normale,Buona,Ore Diurne,0,0,0,1,"12,45638","41,87282",True
2686912,19,09/02/2016T08:00:00,Strada Urbana,da specificare,,VIA ALESSIO ASCALESI,,,pross. via L. Jacobini,Investimento di pedone,Rettilineo,Una carreggiata a senso unico di marcia,Asciutto,Asfaltata,Verticale ed orizzontale,Nuvoloso,Normale,Buona,Ore Diurne,1,0,0,2,"12,41446","41,9201",True
2688840,23,09/02/2016T08:10:00,Strada Urbana,in corrispondenza,del civico n.,VIA ERMANNO WOLF FERRARI,,336,,Scontro laterale fra veicoli in marcia,Rettilineo,Una carreggiata a doppio senso,Asciutto,Asfaltata,Orizzontale,Sereno,Normale,Buona,Ore Diurne,0,0,0,2,"12,37083","41,75412",True
2687021,1,09/02/2016T08:15:00,Strada Urbana,da specificare,,VIA DELLE TERME DECIANE,,,all'altezza pianta n.25,Veicolo in marcia contro ostacolo accidentale,Curva a visuale libera,Una carreggiata a doppio senso,Asciutto,Asfaltata,Verticale ed orizzontale,Nuvoloso,Scarso,Buona,Ore Diurne,0,0,0,1,"12,48507","41,88379",True
2688539,16,09/02/2016T08:20:00,,all'intersezione con,VIA ARCANGELO ILVENTO,VIA VIRGINIA AGNELLI,VIA ARCANGELO ILVENTO,,,Scontro laterale fra veicoli in marcia,,,,,,,,,,0,0,0,2,,,False
2687953,9,09/02/2016T08:30:00,Strada Urbana,in prossimit�,del civico n.,VIA CENEDA,,8,,Veicolo in marcia contro veicoli in sosta,Rettilineo,Una carreggiata a senso unico di marcia,Asciutto,Asfaltata,Verticale ed orizzontale,Nuvoloso,Normale,Buona,Ore Diurne,0,0,0,0,"12,51288","41,88028",True
2689333,17,09/02/2016T08:30:00,Strada Urbana,da specificare,,PIAZZA DELLE CINQUE GIORNATE,,,all'altezza di lungotevere michelangelo,Infortunio per sola frenata improvvisa,Rettilineo,Pi� di due carreggiate,Asciutto,Asfaltata,Verticale ed orizzontale,Nuvoloso,Intenso,Buona,Ore Diurne,0,0,0,2,,,False
2688666,4,09/02/2016T08:35:00,Strada Urbana,in corrispondenza,del civico n.,VIA DI CASAL BOCCONE,,190,,Tamponamento Multiplo,Rettilineo,Due carreggiate,Bagnato (umidit� in atto),Asfaltata,Verticale ed orizzontale,Nuvoloso,Normale,Buona,Ore Diurne,1,0,0,5,"12,55509","41,96184",False
2687788,1,09/02/2016T08:45:00,Strada Urbana,in corrispondenza,del civico n.,VIA RASELLA,,152,,Tamponamento,Rettilineo,Una carreggiata a senso unico di marcia,Asciutto,In cubetti di porfido,Verticale ed orizzontale,Nuvoloso,Scarso,Buona,Ore Diurne,0,0,0,2,"12,48832","41,90263",False
2687220,9,09/02/2016T08:45:00,,in prossimit�,del civico n.,VIA RIMINI,,37,,Tamponamento,,,,,,,,,,1,0,0,1,,,False
2688294,8,09/02/2016T08:45:00,Strada Urbana,all'intersezione con,VIA DELL'ACQUA VERGINE,VIA COLLATINA,VIA DELL'ACQUA VERGINE,,,Scontro laterale fra veicoli in marcia,Intersezione non regolata/non segnalata,Una carreggiata a doppio senso,Asciutto,Asfaltata,Verticale ed orizzontale,Sereno,Normale,Buona,Ore Diurne,0,0,0,4,"12,61053","41,90604",True
2688335,20,09/02/2016T09:00:00,Strada Urbana,all'intersezione con,VIA DI PRATO CORAZZA,VIA DELLA STAZIONE DI CESANO,VIA DI PRATO CORAZZA,,,Scontro frontale/laterale SX fra veicoli in marcia,Intersezione stradale segnalata,Una carreggiata a doppio senso,Asciutto,Asfaltata,Verticale ed orizzontale,Nuvoloso,Scarso,Buona,Ore Diurne,2,0,0,1,,,False
2688299,8,09/02/2016T09:00:00,,in prossimit�,del palo luce n.,VIALE DI TORRE MAURA,,46,,Tamponamento,,,,,,,,,,1,0,0,1,,,False
2687054,10,09/02/2016T09:05:00,Strada Urbana,all'intersezione con,VIA VESTRICIO SPURINNA,VIA SCRIBONIO CURIONE,VIA VESTRICIO SPURINNA,,,Scontro frontale/laterale DX fra veicoli in marcia,Incrocio,Due carreggiate,Asciutto,Asfaltata,Verticale ed orizzontale,Nuvoloso,Normale,Buona,Ore Diurne,1,0,0,1,,,False
2687274,2,09/02/2016T09:25:00,Strada Urbana,in prossimit�,del civico n.,VIA FILIPPO CIVININI,,80,,Veicolo in marcia contro veicolo fermo,Rettilineo,Una carreggiata a doppio senso,Asciutto,Asfaltata,Verticale ed orizzontale,Nuvoloso,Normale,Buona,Ore Diurne,1,0,0,1,,,False
2687364,19,09/02/2016T10:00:00,Strada Urbana,in prossimit�,del civico n.,VIA CARLO LIVI,,35,,Scontro laterale fra veicoli in marcia,Rettilineo,Una carreggiata a senso unico di marcia,Asciutto,Asfaltata,Orizzontale,Nuvoloso,Normale,Buona,Ore Diurne,1,0,0,1,"12,4187","41,93572",True
2688297,11,09/02/2016T10:15:00,Strada Urbana,in corrispondenza,del civico n.,VIA OSTIENSE,,71,,Veicolo in marcia contro veicolo in sosta,Rettilineo,Pi� di due carreggiate,Asciutto,Asfaltata,Verticale ed orizzontale,Nuvoloso,Normale,Buona,Ore Diurne,0,0,0,1,"12,48063","41,87282",True
2687373,10,09/02/2016T10:30:00,Statale entro l'abitato,in prossimit�,del civico n.,VIA TUSCOLANA,,1189,,Tamponamento,Rettilineo,Due carreggiate,Asciutto,Asfaltata,Verticale ed orizzontale,Sereno,Normale,Buona,Ore Diurne,0,0,0,2,,,False
2687405,9,09/02/2016T10:30:00,Strada Urbana,in prossimit�,del civico n.,VIA ALFREDO BACCARINI,,32,,Veicolo in marcia contro ostacolo accidentale,Rettilineo,Una carreggiata a doppio senso,Asciutto,Asfaltata,Verticale ed orizzontale,Sereno,Normale,Buona,Ore Diurne,0,0,0,1,,,False
2698173,18,09/02/2016T10:50:00,Strada Urbana,da specificare,,VIA PAOLO II,,,fronte civico n.7,Veicolo in marcia contro veicolo in sosta,Rettilineo,Una carreggiata a senso unico di marcia,Asciutto,Asfaltata,Verticale ed orizzontale,Sereno,Scarso,Buona,Ore Diurne,0,0,0,2,"12,45388","41,89841",True
2688446,13,09/02/2016T11:15:00,Strada Urbana,in corrispondenza,del civico n.,VIA DEL COLLETTORE PRIMARIO,,73,,Veicolo in marcia contro ostacolo accidentale,Rettilineo,Una carreggiata a doppio senso,Asciutto,Asfaltata,Assente,Sereno,Normale,Buona,Ore Diurne,0,0,0,1,"12,30956","41,7672",False
2688691,4,09/02/2016T11:20:00,Provinciale entro l'abitato,in corrispondenza,del civico n.,VIA NOMENTANA,,960,,Tamponamento,Rettilineo,Una carreggiata a doppio senso,Asciutto,Asfaltata,Orizzontale,Nuvoloso,Normale,Buona,Ore Diurne,1,0,0,2,"12,56155","41,94479",False
2687698,12,09/02/2016T11:30:00,Strada Urbana,da specificare,,VIA CRISTOFORO COLOMBO,,,direzione G.R.A. corsia laterale altezza civi. 494,Tamponamento,Rettilineo,Pi� di due carreggiate,Asciutto,Asfaltata,Verticale ed orizzontale,Sereno,Normale,Buona,Ore Diurne,0,0,0,3,"12,45086","41,80617",True
2687361,6,09/02/2016T11:30:00,Strada Urbana,all'intersezione con,VIA ALBERTO DA GIUSSANO,PIAZZA DEI CONDOTTIERI,VIA ALBERTO DA GIUSSANO,,,Scontro frontale/laterale SX fra veicoli in marcia,Incrocio,Una carreggiata a doppio senso,Asciutto,Asfaltata,Verticale ed orizzontale,Nuvoloso,Normale,Buona,Ore Diurne,0,0,0,3,"12,53494","41,88828",True
2688667,16,09/02/2016T12:05:00,Strada Urbana,all'intersezione con,VIA FONTEIANA,PIAZZA FONTEIANA,VIA FONTEIANA,,,Scontro frontale/laterale DX fra veicoli in marcia,Incrocio,Una carreggiata a doppio senso,Asciutto,Asfaltata,Verticale ed orizzontale,Sereno,Normale,Buona,Ore Diurne,0,0,0,3,"12,4543","41,88036",True
2689001,17,09/02/2016T12:15:00,Strada Urbana,all'intersezione semaforizzata con,LUNGOTEVERE GUGLIELMO OBERDAN,PIAZZA MONTE GRAPPA,LUNGOTEVERE GUGLIELMO OBERDAN,,,Scontro frontale/laterale DX fra veicoli in marcia,Intersezione semaforizzata,Pi� di due carreggiate,Asciutto,Asfaltata,Verticale ed orizzontale,Sereno,Normale,Buona,Ore Diurne,1,0,0,2,,,False
2688239,10,09/02/2016T12:20:00,,in prossimit�,del civico n.,VIA TUSCOLANA,,625,,Tamponamento,,,,,,,,,,0,0,0,4,"12,55123","41,86301",False
2689178,16,09/02/2016T12:25:00,,all'intersezione semaforizzata con,VIA DEL FORTE BRAVETTA,CIRCONVALLAZIONE GIANICOLENSE,VIA DEL FORTE BRAVETTA,,,Veicolo in marcia contro ostacolo fisso,,,,,,,,,,0,0,0,1,"12,44956","41,87247",False
2688481,13,09/02/2016T12:30:00,Strada Urbana,in corrispondenza,del civico n.,VIA CESARE PASCUCCI,,174,,Veicolo in marcia contro ostacolo accidentale,Rettilineo,Una carreggiata a senso unico di marcia,Asciutto,Strada pavimentata dissestata,Assente,Sereno,Intenso,Buona,Ore Diurne,0,0,0,1,"12,36205","41,74502",False
2687524,10,09/02/2016T12:40:00,Strada Urbana,da specificare,,VIALE APPIO CLAUDIO,,,prossimit� via Taurianova,Scontro laterale fra veicoli in marcia,Rettilineo,Una carreggiata a doppio senso,Asciutto,Asfaltata,Orizzontale,Nuvoloso,Normale,Buona,Ore Diurne,0,0,0,5,"12,55459","41,83838",True
2687673,12,09/02/2016T12:50:00,Strada Urbana,all'intersezione con,VIALE AMERICA,VIALE BEETHOVEN,VIALE AMERICA,,,Veicolo in marcia contro ostacolo accidentale,Incrocio,Una carreggiata a doppio senso,Asciutto,Asfaltata,Verticale ed orizzontale,Sereno,Normale,Buona,Ore Diurne,0,0,0,1,"12,46555","41,83067",True
2690610,18,09/02/2016T13:00:00,Strada Urbana,all'intersezione con,VIA GIAMBATTISTA SORIA,VIA MATTIA BATTISTINI,VIA GIAMBATTISTA SORIA,,,Scontro frontale/laterale DX fra veicoli in marcia,Incrocio,Una carreggiata a doppio senso,Asciutto,Asfaltata,Verticale ed orizzontale,Sereno,Intenso,Buona,Ore Diurne,1,0,0,2,"12,41843","41,91376",False
2687940,1,09/02/2016T14:07:00,Strada Urbana,all'intersezione semaforizzata con,VIA DI S. GREGORIO,PIAZZA DI PORTA CAPENA,VIA DI S. GREGORIO,,,Scontro frontale/laterale DX fra veicoli in marcia,Intersezione semaforizzata,Pi� di due carreggiate,Asciutto,Asfaltata,Verticale ed orizzontale,Nuvoloso,Normale,Buona,Ore Diurne,0,0,0,2,,,False
2689113,15,09/02/2016T14:20:00,Strada Urbana,da specificare,,VIA DELLA MAGLIANA,,,PROX. RAMPA IMMISSIONE VIADOTTO MAGLIANA DIR. EUR,Scontro laterale fra veicoli in marcia,Rettilineo,Due carreggiate,Asciutto,Asfaltata,Verticale ed orizzontale,Sereno,Normale,Buona,Ore Diurne,0,0,0,2,"12,42401","41,83394",True
2688378,13,09/02/2016T14:30:00,,da specificare,,VIA CESARE LAURENTI,,,in prossimit� di via Capo Palinuro,Scontro frontale/laterale SX fra veicoli in marcia,,,,,,,,,,0,0,0,2,,,False
2689131,17,09/02/2016T14:30:00,Strada Urbana,da specificare,,PIAZZA GIUSEPPE MAZZINI,,,fronte Via Settembrini,Scontro laterale fra veicoli in marcia,Rotatoria,Una carreggiata a senso unico di marcia,Asciutto,Asfaltata,Verticale ed orizzontale,Nuvoloso,Normale,Buona,Ore Diurne,0,0,0,5,"12,46409","41,91562",True
2687843,12,09/02/2016T15:00:00,Strada Urbana,da specificare,,VIALE DEI CADUTI NELLA GUERRA DI LIBERAZIONE,,,fronte civico 312,Veicolo in marcia contro veicoli in sosta,Rettilineo,Una carreggiata a senso unico di marcia,Asciutto,Asfaltata,Verticale ed orizzontale,Nuvoloso,Normale,Buona,Ore Diurne,0,0,0,3,"12,44558","41,78752",True
2687926,1,09/02/2016T15:03:00,Strada Urbana,in corrispondenza,del palo luce n.,VIALE MANZONI,,3,,Investimento di pedone,Rettilineo,Pi� di due carreggiate,Asciutto,Asfaltata,Verticale ed orizzontale,Nuvoloso,Normale,Buona,Ore Diurne,1,0,0,1,,,False
2689075,17,09/02/2016T15:15:00,Strada Urbana,all'intersezione con,PIAZZA DEI TRIBUNALI,VIA TRIBONIANO,PIAZZA DEI TRIBUNALI,,,Scontro laterale fra veicoli in marcia,Incrocio,Una carreggiata a senso unico di marcia,Asciutto,Asfaltata,Verticale ed orizzontale,Nuvoloso,Normale,Buona,Ore Diurne,0,0,0,4,"12,46989","41,90304",True
2688270,13,09/02/2016T15:20:00,Strada Urbana,all'intersezione con,VIA ISOLE SALOMONE,VIA DELLE CAROLINE,VIA ISOLE SALOMONE,,,Scontro frontale/laterale DX fra veicoli in marcia,Incrocio,Una carreggiata a doppio senso,Asciutto,Asfaltata,Verticale ed orizzontale,Sereno,Normale,Buona,Ore Diurne,0,0,0,1,"12,27554","41,73995",False
2687954,1,09/02/2016T16:40:00,Strada Urbana,all'intersezione con,VIA CESARE BATTISTI,PIAZZA VENEZIA,VIA CESARE BATTISTI,,,Scontro laterale fra veicoli in marcia,Incrocio,Una carreggiata a doppio senso,Asciutto,In cubetti di porfido,Verticale ed orizzontale,Sereno,Intenso,Buona,Ore Diurne,0,0,0,3,"12,48261","41,89647",True
2688418,7,09/02/2016T16:40:00,Strada Urbana,in corrispondenza,del civico n.,VIA DELLE AZALEE,,103,,Veicolo in marcia contro veicoli in sosta,Rettilineo,Una carreggiata a senso unico di marcia,Asciutto,Asfaltata,Orizzontale,Sereno,Normale,Buona,Ore Diurne,0,0,0,3,"12,56938","41,88221",False
2688311,8,09/02/2016T17:00:00,Strada Urbana,in corrispondenza,del palo luce n.,VIA PERANO,,7,,Tamponamento Multiplo,Rettilineo,Una carreggiata a doppio senso,Asciutto,Asfaltata,Assente,Nuvoloso,Normale,Sufficiente,Sufficiente,0,0,0,4,"12,68628","41,90636",True
2688316,8,09/02/2016T17:15:00,,in corrispondenza,del civico n.,VIA CASILINA,,1739,,Tamponamento,,,,,,,,,,1,0,0,1,,,False
2688326,9,09/02/2016T18:00:00,,in prossimit�,del civico n.,VIA ORVIETO,,48,,Veicolo in marcia contro veicolo in sosta,,,,,,,,,,0,0,0,0,"12,51704","41,88499",False
2689048,17,09/02/2016T18:10:00,Strada Urbana,da specificare,,VIA FILIPPO CORRIDONI,,,in prossimit� di Piazza Baisizza,Tamponamento Multiplo,Rettilineo,Due carreggiate,Bagnato (umidit� in atto),Asfaltata,Verticale ed orizzontale,Nuvoloso,Scarso,Buona,Sufficiente,0,0,0,4,,,False
2688304,11,09/02/2016T18:30:00,Strada Urbana,in corrispondenza,del civico n.,VIA MARIO BIANCHINI,,51,,Scontro frontale/laterale DX fra veicoli in marcia,Rettilineo,Una carreggiata a doppio senso,Asciutto,Asfaltata,Verticale ed orizzontale,Nuvoloso,Normale,Sufficiente,Sufficiente,0,0,0,3,"12,50071","41,83461",True
2688285,1,09/02/2016T18:35:00,Strada Urbana,all'intersezione con,VIA LUISA DI SAVOIA,VIA MARIA ADELAIDE,VIA LUISA DI SAVOIA,,,Scontro laterale fra veicoli in marcia,Incrocio,Una carreggiata a senso unico di marcia,Asciutto,Asfaltata,Verticale ed orizzontale,Sereno,Intenso,Buona,Sufficiente,0,0,0,3,,,False
2688227,15,09/02/2016T18:45:00,Strada Urbana,da specificare,,VIA MARINO MAZZACURATI,,,prossimit� Via V. Lavezzari,Veicolo in marcia contro ostacolo fisso,Pendenza,Una carreggiata a senso unico di marcia,Asciutto,Asfaltata,Verticale ed orizzontale,Nuvoloso,Scarso,Buona,Sufficiente,0,0,1,0,"12,41518","41,85419",False
2689293,12,09/02/2016T19:00:00,Strada Urbana,da specificare,,VIALE AMERICA,,,prossimit� V.le Beethoven direzione via U.Tupini,Investimento di pedone,Rettilineo,Una carreggiata a doppio senso,Bagnato (pioggia),Asfaltata,Verticale ed orizzontale,Pioggia in atto,Normale,Buona,Sufficiente,1,0,0,1,"12,4672","41,82997",False
2688457,13,09/02/2016T19:10:00,Strada Urbana,all'intersezione con,VIA DELLE SIRENE,CORSO DUCA DI GENOVA,VIA DELLE SIRENE,,,Scontro laterale fra veicoli in marcia,Incrocio,Una carreggiata a doppio senso,Asciutto,Asfaltata,Verticale ed orizzontale,Sereno,Normale,Buona,Sufficiente,0,0,0,3,"12,27145","41,73394",False
2688251,10,09/02/2016T19:25:00,Strada Urbana,in prossimit�,del civico n.,VIA CALTAGIRONE,,13,,Investimento di pedone,Rettilineo,Una carreggiata a senso unico di marcia,Asciutto,Asfaltata,Verticale,Nuvoloso,Normale,Sufficiente,Sufficiente,1,0,0,1,"12,51864","41,88748",True
2690939,12,09/02/2016T19:30:00,Strada Urbana,in prossimit�,del civico n.,VIA LAURENTINA,,1772,,Veicolo in marcia contro ostacolo accidentale,Rettilineo,Una carreggiata a doppio senso,Asciutto,Asfaltata,Temporanea di cantiere,Nuvoloso,Scarso,Insufficiente,Inesistente,0,0,0,2,"12,48537","41,8139",True
2691752,9,09/02/2016T19:30:00,,all'intersezione con,VIA BEATA MARIA DE MATTIAS,PIAZZA EPIRO,VIA BEATA MARIA DE MATTIAS,,,Investimento di pedone,,,,,,,,,,1,0,0,0,,,False
2688069,12,09/02/2016T20:25:00,Provinciale entro l'abitato,all'intersezione con,VIA MONTE DEL FINOCCHIO,VIA OSTIENSE,VIA MONTE DEL FINOCCHIO,,,Tamponamento,Intersezione non regolata/non segnalata,Una carreggiata a doppio senso,Bagnato (umidit� in atto),Asfaltata,Verticale ed orizzontale,Nuvoloso,Normale,Sufficiente,Insufficiente,0,0,0,1,"12,45394","41,83302",False
2688595,2,09/02/2016T20:45:00,,da specificare,,VIA DEL FORO ITALICO,,,dir. san giovanni fr. foce dell'Aniene,Tamponamento,,,,,,,,,,2,0,0,0,,,False
2688429,20,09/02/2016T20:55:00,,da specificare,,VIA CASSIA,,,direzione G.R.A. altezza via Lucio Cassio,Tamponamento,,,,,,,,,,2,0,0,0,,,False
2688343,19,09/02/2016T21:20:00,Strada Urbana,in prossimit�,del civico n.,VIA DI CASAL DEL MARMO,,128,,Scontro frontale fra veicoli in marcia,Curva senza visuale libera,Una carreggiata a doppio senso,Bagnato (pioggia),Asfaltata,Orizzontale,Pioggia in atto,Scarso,Buona,Sufficiente,1,0,0,1,"12,40581","41,9603",False
2688249,6,09/02/2016T22:15:00,,all'intersezione con,VIA DEGLI ANGELI,VIA DI TOR PIGNATTARA,VIA DEGLI ANGELI,,,Scontro frontale/laterale DX fra veicoli in marcia,,,,,,,,,,0,0,0,2,,,False
2688332,5,09/02/2016T22:30:00,Strada Urbana,da specificare,,VIA RINALDO D'AQUINO,,,p.t� uscita S. Alessandro / inversione di marcia,Veicolo in marcia contro ostacolo fisso,Rettilineo,Due carreggiate,Bagnato (pioggia),Asfaltata,Verticale ed orizzontale,Pioggia in atto,Scarso,Sufficiente,Sufficiente,1,0,0,0,"12,59936","41,95016",False
2698782,18,09/02/2016T23:00:00,Strada Urbana,da specificare,,VIA DI BOCCEA,,,fronte VIA BRUSASCO,Veicolo in marcia contro ostacolo fisso,Rettilineo,Due carreggiate,Bagnato (umidit� in atto),Asfaltata,Verticale ed orizzontale,Nuvoloso,Scarso,Buona,Sufficiente,0,0,0,3,"12,39188","41,91186",False
2689025,17,09/02/2016T23:00:00,Strada Urbana,in prossimit�,del civico n.,VIA COLA DI RIENZO,,146,,Tamponamento,Rettilineo,Una carreggiata a doppio senso,Bagnato (pioggia),In cubetti di porfido,Verticale ed orizzontale,Nuvoloso,Scarso,Sufficiente,Sufficiente,1,0,0,1,,,False
2688737,4,09/02/2016T23:30:00,Strada Urbana,da specificare,,PIAZZALE JONIO,,,fronte civico 10,Scontro laterale fra veicoli in marcia,Rettilineo,Due carreggiate,Bagnato (pioggia),Asfaltata,Orizzontale,Pioggia in atto,Scarso,Sufficiente,Sufficiente,2,0,0,0,"12,52647","41,94529",False
2688323,8,10/02/2016T00:10:00,Statale entro l'abitato,in prossimit�,del civico n.,VIA CASILINA,,1604,,Veicolo in marcia contro ostacolo fisso,Rettilineo,Una carreggiata a doppio senso,Bagnato (pioggia),Asfaltata,Verticale ed orizzontale,Nuvoloso,Scarso,Buona,Sufficiente,1,0,0,0,,,False
2688356,20,10/02/2016T00:30:00,Regionale,in prossimit�,della chilometrica,VIA FLAMINIA,,13.4,,Scontro laterale fra veicoli in marcia,Rettilineo,Due carreggiate,Bagnato (umidit� in atto),Asfaltata,Verticale ed orizzontale,,,,,2,0,0,0,,,False
2690608,17,10/02/2016T01:10:00,Strada Urbana,in corrispondenza,del civico n.,VIA DELLA CONCILIAZIONE,,41,,Veicolo in marcia contro ostacolo fisso,Rettilineo,Pi� di due carreggiate,Bagnato (umidit� in atto),In cubetti di porfido,Verticale ed orizzontale,Nuvoloso,Scarso,Buona,Sufficiente,0,0,0,1,"12,4605","41,90209",True
2688382,1,10/02/2016T01:30:00,,in prossimit�,del palo luce n.,VIA DI S. GREGORIO,,14,,Veicolo in marcia contro ostacolo fisso,,,,,,,,,,0,0,0,2,,,False
2688419,20,10/02/2016T03:00:00,Strada Urbana,in prossimit�,del civico n.,VIALE DI TOR DI QUINTO,,58,,Veicolo in marcia contro ostacolo fisso,Curva a visuale libera,Una carreggiata a doppio senso,Bagnato (pioggia),Asfaltata,Orizzontale,Pioggia in atto,Scarso,Sufficiente,Inesistente,1,0,0,0,,,False
2688309,5,10/02/2016T03:00:00,Strada Urbana,da specificare,,VIA RINALDO D'AQUINO,,,in prossimit� di VIA DANTE DA MAIANO,Veicolo in marcia contro ostacolo fisso,Rettilineo,Due carreggiate,Bagnato (pioggia),Asfaltata,Verticale ed orizzontale,Pioggia in atto,Scarso,Sufficiente,Insufficiente,0,0,0,0,"12,60815","41,95947",False
2688268,6,10/02/2016T04:15:00,Strada Urbana,all'intersezione con,VIA DELLO SCALO PRENESTINO,VIA DI PORTONACCIO,VIA DELLO SCALO PRENESTINO,,,Scontro frontale/laterale SX fra veicoli in marcia,Intersezione non regolata/non segnalata,Due carreggiate,Bagnato (pioggia),Asfaltata,Orizzontale,Sereno,Scarso,Buona,Sufficiente,0,0,0,4,"12,54061","41,89724",True