_ID,_Gruppo,_DataOraIncidente,_Localizzazione1,_Localizzazione2,_Strada1,_DaSpecificare,_NaturaIncidente,_ParticolaritaStrade,_TipoStrada,_FondoStradale,_Pavimentazione,_Segnaletica,_CondizioneAtmosferica,_Traffico,_Visibilita,_Illuminazione,_NUM_FERITI,_NUM_RISERVATA,_NUM_MORTI,_NUM_ILLESI,_Longitudine,_Latitudine,_CONFERMATO,__prefix,_Strada02,_Strada2,_Chilometrica
2688334,8,10/02/2016T04:45:00,Strada Urbana,da specificare,,VIA DELLA TENUTA DEL CAVALIERE,,,prima ponte Aniene dir. Lunghezza,Veicolo in marcia contro ostacolo accidentale,Rettilineo,Una carreggiata a doppio senso,Asciutto,Asfaltata,Verticale ed orizzontale,Sereno,Scarso,Sufficiente,Sufficiente,0,0,0,1,"12,65441","41,93634",False
2689300,16,10/02/2016T06:15:00,Strada Urbana,in corrispondenza,del civico n.,VIA ANTON GIULIO BARRILI,,24,,Tamponamento,Rettilineo,Una carreggiata a senso unico di marcia,Bagnato (umidit� in atto),Asfaltata,Verticale ed orizzontale,Nuvoloso,Normale,Buona,Ore Diurne,0,0,0,2,"12,46053","41,87715",True
2688646,7,10/02/2016T06:30:00,Strada Urbana,in corrispondenza,del palo luce n.,VIA DI TOR TRE TESTE,,61,,Scontro frontale fra veicoli in marcia,Curva a visuale libera,Una carreggiata a doppio senso,Bagnato (umidit� in atto),Asfaltata,Orizzontale,Nuvoloso,Normale,Buona,Ore Diurne,2,0,0,0,"12,59182","41,88445",True
2689822,11,10/02/2016T07:45:00,Strada Urbana,in prossimit�,del civico n.,VIA DEL SERAFICO,,1,,Scontro frontale/laterale DX fra veicoli in marcia,Rettilineo,Una carreggiata a doppio senso,Bagnato (umidit� in atto),Asfaltata,Orizzontale,Nuvoloso,Normale,Buona,Ore Diurne,1,0,0,1,"12,48115","41,82963",False
2688714,2,10/02/2016T07:45:00,Strada Urbana,in corrispondenza,del civico n.,VIALE LIBIA,,154,,Scontro laterale fra veicoli in marcia,Rettilineo,Due carreggiate,Bagnato (umidit� in atto),Asfaltata,Verticale ed orizzontale,Nuvoloso,Normale,Buona,Ore Diurne,0,0,0,2,"12,51943","41,93181",True
2688404,6,10/02/2016T07:55:00,Strada Urbana,in prossimit�,del civico n.,VIA TEANO,,251,,Scontro frontale/laterale DX fra veicoli in marcia,Rettilineo,Due carreggiate,Bagnato (umidit� in atto),Asfaltata,Orizzontale,Nuvoloso,Normale,Buona,Ore Diurne,1,0,0,1,"12,55077","41,88962",True
2689795,5,10/02/2016T08:00:00,Strada Urbana,da specificare,,VIA DI MARCO SIMONE,,,intersezione con S.S. 48,Scontro frontale/laterale SX fra veicoli in marcia,Rettilineo,Una carreggiata a doppio senso,Asciutto,Asfaltata,Verticale ed orizzontale,Nuvoloso,Normale,Buona,Ore Diurne,0,0,0,4,"12,64571","41,94694",True
2689775,8,10/02/2016T08:00:00,,all'intersezione con,VIALE DELLA SORBONA,VIA DI TOR VERGATA,VIALE DELLA SORBONA,,,Tamponamento,,,,,,,,,,1,0,0,1,,,False
2690010,7,10/02/2016T08:05:00,Strada Urbana,da specificare,,VIA PRENESTINA,,,altezza Via Longoni (rotatoria Prenestina bis),Scontro laterale fra veicoli in marcia,Rotatoria,Una carreggiata a senso unico di marcia,Bagnato (umidit� in atto),Asfaltata,Orizzontale,Nuvoloso,Normale,Buona,Ore Diurne,0,0,0,2,"12,60425","41,89324",True
2689738,11,10/02/2016T08:15:00,Strada Urbana,in prossimit�,del civico n.,VIA LAURENTINA,,456,,Tamponamento,Rettilineo,Due carreggiate,Bagnato (umidit� in atto),Asfaltata,Verticale ed orizzontale,Nuvoloso,Intenso,Buona,Ore Diurne,1,0,0,2,"12,48058","41,83195",False
2689815,5,10/02/2016T08:15:00,Strada Urbana,all'intersezione con,VIA MOROZZO DELLA ROCCA,VIA DI CASAL BERTONE,VIA MOROZZO DELLA ROCCA,,,Scontro frontale/laterale DX fra veicoli in marcia,Incrocio,Una carreggiata a doppio senso,Bagnato (pioggia),Asfaltata,Verticale ed orizzontale,Nuvoloso,Normale,Buona,Ore Diurne,0,0,0,4,"12,53443","41,89774",True
2690136,2,10/02/2016T08:20:00,Strada Urbana,in corrispondenza,del civico n.,VIA ANTONIO GRAMSCI,,45,,Veicolo in marcia contro ostacolo accidentale,Rettilineo,Una carreggiata a senso unico di marcia,Asciutto,Asfaltata,Verticale ed orizzontale,Sereno,Normale,Buona,Ore Diurne,0,0,0,1,"12,47885","41,91968",True
2689892,4,10/02/2016T08:20:00,Strada Urbana,in prossimit�,del civico n.,PIAZZA SEMPIONE,,19 F,,Scontro laterale fra veicoli in marcia,Curva a visuale libera,Una carreggiata a senso unico di marcia,Asciutto,Asfaltata,Verticale ed orizzontale,Nuvoloso,Normale,Buona,Ore Diurne,0,0,0,2,"12,53551","41,93572",True
2689781,8,10/02/2016T08:30:00,Strada Urbana,in prossimit�,del civico n.,VIA DEL FOSSO DELL'OSA,,302,,Tamponamento,Rettilineo,Una carreggiata a doppio senso,Bagnato (pioggia),Asfaltata,Verticale ed orizzontale,Nuvoloso,Normale,Buona,Ore Diurne,1,0,0,5,"12,68663","41,90078",False
2691477,12,10/02/2016T08:40:00,,all'intersezione con,VIA FRANCESCO DE SUPPE',VIALE LUCA GAURICO,VIA FRANCESCO DE SUPPE',,,Scontro frontale/laterale DX fra veicoli in marcia,,,,,,,,,,1,0,0,1,"12,48526","41,82452",False
2688500,9,10/02/2016T09:00:00,,in corrispondenza,del civico n.,VIA ACAIA,,72,,Tamponamento,,,,,,,,,,1,0,0,1,,,False
2690133,17,10/02/2016T09:20:00,,all'intersezione con,VIA ENRICO TAZZOLI,VIA GIUSEPPE FERRARI,VIA ENRICO TAZZOLI,,,Investimento di pedone,,,,,,,,,,0,0,0,2,"12,46416","41,91474",False
2689316,1,10/02/2016T09:30:00,Strada Urbana,all'intersezione semaforizzata con,CORSO VITTORIO EMANUELE II,LARGO DI TORRE ARGENTINA,CORSO VITTORIO EMANUELE II,,,Scontro frontale/laterale SX fra veicoli in marcia,Intersezione semaforizzata,Due carreggiate,Asciutto,Asfaltata,Verticale ed orizzontale,Nuvoloso,Normale,Buona,Ore Diurne,2,0,0,0,,,False
2689755,5,10/02/2016T09:30:00,Strada Urbana,in prossimit�,del civico n.,VIA PIERO CALEFFI,,5,,Scontro frontale/laterale DX fra veicoli in marcia,Rettilineo,Una carreggiata a doppio senso,Asciutto,Asfaltata,Verticale,Nuvoloso,Normale,Buona,Ore Diurne,1,0,0,1,"12,56845","41,91162",True
2692216,12,10/02/2016T09:45:00,Statale,da specificare,,VIA OSTIENSE,,,direzione Roma alt km 11.200,Scontro laterale fra veicoli in marcia,Rettilineo,Due carreggiate,Asciutto,Asfaltata,Verticale ed orizzontale,Sereno,Normale,Buona,Ore Diurne,1,0,0,4,"12,45895","41,83686",False
2689972,17,10/02/2016T09:45:00,Strada Urbana,in prossimit�,del civico n.,VIA DELLA CONCILIAZIONE,,41,,Veicolo in marcia contro ostacolo fisso,Rettilineo,Pi� di due carreggiate,Asciutto,Acciotolata,Verticale ed orizzontale,Sereno,Scarso,Buona,Ore Diurne,0,0,0,1,"12,46054","41,90232",True
2690070,4,10/02/2016T09:50:00,Strada Urbana,in corrispondenza,del civico n.,VIA DEI PRATI FISCALI,,15,,Scontro laterale fra veicoli in marcia,Rettilineo,Due carreggiate,Asciutto,Asfaltata,Verticale ed orizzontale,Sereno,Normale,Buona,Ore Diurne,0,0,0,2,"12,52471","41,94622",True
2688827,19,10/02/2016T10:05:00,Strada Urbana,in prossimit�,del civico n.,VIA DI TORREVECCHIA,,156,,Investimento di pedone,Rettilineo,Una carreggiata a doppio senso,Asciutto,Asfaltata,Orizzontale,Sereno,Intenso,Buona,Ore Diurne,1,0,0,1,"12,41962","41,93136",True
2690059,17,10/02/2016T10:30:00,Strada Urbana,da specificare,,PIAZZALE CLODIO,,,fronte civico 28,Investimento di pedone,Rettilineo,Una carreggiata a senso unico di marcia,Asciutto,Asfaltata,Verticale,Nebbia,Normale,Buona,Ore Diurne,1,0,0,1,"12,45544","41,91686",False
2688862,19,10/02/2016T10:30:00,Strada Urbana,in corrispondenza,del civico n.,VIA FEDERICO BORROMEO,,3,,Veicolo in marcia contro ostacolo accidentale,Rettilineo,Una carreggiata a doppio senso,Asciutto,Asfaltata,Assente,Sereno,Normale,Buona,Ore Diurne,0,0,0,1,"12,41461","41,91433",True
2689301,16,10/02/2016T10:45:00,Strada Urbana,da specificare,,VIA SILVESTRI,,,fronte palo ACEA 86,Infortunio per sola frenata improvvisa,Curva a visuale libera,Una carreggiata a doppio senso,Asciutto,Asfaltata,Orizzontale,Nuvoloso,Normale,Buona,Ore Diurne,0,0,0,3,"12,61592","41,84841",True
2688803,7,10/02/2016T10:45:00,Strada Urbana,all'intersezione con,VIA DEI GLICINI,VIA DEI CASTANI,VIA DEI GLICINI,,,Scontro frontale/laterale SX fra veicoli in marcia,Incrocio,Una carreggiata a doppio senso,Bagnato (umidit� in atto),Asfaltata,Verticale ed orizzontale,Sereno,Normale,Buona,Ore Diurne,1,0,0,1,"12,56649","41,87956",False
2690183,2,10/02/2016T11:00:00,Strada Urbana,da specificare,,PONTE SALARIO,,,fr. cancello laghetto Villa Ada,Veicolo in marcia contro ostacolo accidentale,Rettilineo,Una carreggiata a senso unico di marcia,Asciutto,Asfaltata,Verticale ed orizzontale,Nuvoloso,Scarso,Buona,Ore Diurne,0,0,0,1,"12,50219","41,93549",True
2689330,16,10/02/2016T11:15:00,,in prossimit�,del civico n.,VIA DELLA CASETTA MATTEI,,401,,Scontro frontale/laterale SX fra veicoli in marcia,,,,,,,,,,0,0,0,2,"12,42203","41,86404",False
2689849,4,10/02/2016T11:50:00,Strada Urbana,in corrispondenza,del civico n.,VIALE ADRIATICO,,136,,Tamponamento,Rettilineo,Due carreggiate,Bagnato (pioggia),Asfaltata,Verticale ed orizzontale,Pioggia in atto,Normale,Buona,Ore Diurne,1,0,0,0,"12,53672","41,94186",False
2684605,13,10/02/2016T12:20:00,Strada Urbana,all'intersezione con,VIA DEL CANALE DELLA LINGUA,VIALE DI CASTEL PORZIANO,VIA DEL CANALE DELLA LINGUA,,,Scontro frontale fra veicoli in marcia,Incrocio,Una carreggiata a doppio senso,Asciutto,Asfaltata,Verticale ed orizzontale,Nuvoloso,Intenso,Buona,Ore Diurne,0,0,0,2,"12,35067","41,73209",True
2689911,7,10/02/2016T12:30:00,Strada Urbana,in corrispondenza,del civico n.,VIA FEDERICO DELPINO,,160,,Scontro laterale fra veicoli in marcia,Rettilineo,Due carreggiate,Asciutto,Asfaltata,Assente,Sereno,Normale,Buona,Ore Diurne,0,0,0,2,"12,56554","41,89163",True
2690189,2,10/02/2016T12:40:00,,da specificare,,CORSO DI FRANCIA,,,rampa uscita M.llo PILSUDSKI dir. VIA FLAMINIA,Ribaltamento senza urto contro ostacolo fisso,,,,,,,,,,1,0,0,0,,,False
2690197,2,10/02/2016T12:50:00,Strada Urbana,da specificare,,VIALE GIOACCHINO ROSSINI,,,in corrispondenza del civico 55 di Via Paisiello,Investimento di pedone,Rettilineo,Una carreggiata a doppio senso,Asciutto,Asfaltata,Verticale,Nuvoloso,Normale,Buona,Ore Diurne,1,0,0,1,,,False
2690104,17,10/02/2016T12:50:00,Strada Urbana,da specificare,,VIALE VATICANO,,,fronte 97,Scontro frontale/laterale DX fra veicoli in marcia,Rettilineo,Una carreggiata a doppio senso,Bagnato (brina),Asfaltata,Verticale ed orizzontale,Nuvoloso,Normale,Buona,Ore Diurne,0,0,0,2,"12,44872","41,90434",False
2690579,16,10/02/2016T12:55:00,Strada Urbana,da specificare,,CIRCONVALLAZIONE GIANICOLENSE,,,in prossimit� di via Forte Bravetta,Scontro laterale fra veicoli in marcia,Rettilineo,Una carreggiata a senso unico di marcia,Asciutto,Asfaltata,Verticale ed orizzontale,Sereno,Normale,Buona,Ore Diurne,0,0,0,1,"12,43866","41,87755",False
2689805,11,10/02/2016T13:10:00,Strada Urbana,da specificare,,VIA ANDREA MILLEVOI,,,prossimit� via della Cecchignola,Infortunio per caduta del veicolo,Rettilineo,Una carreggiata a senso unico di marcia,Bagnato (pioggia),Asfaltata,Verticale ed orizzontale,Pioggia in atto,Normale,Buona,Ore Diurne,1,0,0,0,,,False
2697958,18,10/02/2016T13:15:00,Strada Urbana,da specificare,,VIA DOMENICO TARDINI,,,in prossimit� di Via Nostra Signora di Lourdes,Scontro laterale fra veicoli in marcia,Rettilineo,Una carreggiata a senso unico di marcia,Asciutto,Asfaltata,Verticale ed orizzontale,Sereno,Normale,Buona,Ore Diurne,0,0,0,2,"12,42553","41,90359",True
2689798,20,10/02/2016T13:15:00,Strada Urbana,all'intersezione con,VIA FRASSINETO,VIA INVERIGO,VIA FRASSINETO,,,Scontro frontale/laterale DX fra veicoli in marcia,Incrocio,Una carreggiata a doppio senso,Asciutto,Asfaltata,Verticale ed orizzontale,Sereno,Scarso,Buona,Ore Diurne,0,0,0,2,"12,47995","42,00301",True
2690201,2,10/02/2016T13:30:00,,all'intersezione con,VIA LUCRINO,VIALE ERITREA,VIA LUCRINO,,,Investimento di pedone,,,,,,,,,,1,0,0,0,"12,51573","41,92825",False
2689342,13,10/02/2016T13:30:00,Strada Urbana,all'intersezione semaforizzata con,VIA DI ACILIA,VIA DI VALLE PORCINA,VIA DI ACILIA,,,Scontro frontale/laterale SX fra veicoli in marcia,Intersezione semaforizzata,Una carreggiata a doppio senso,Asciutto,Asfaltata,Verticale ed orizzontale,Sereno,Normale,Buona,Ore Diurne,1,0,0,1,"12,36634","41,78167",False
2689359,1,10/02/2016T13:30:00,Strada Urbana,in prossimit�,del palo luce n.,PIAZZA DELLA BOCCA DELLA VERITA',,3,,Infortunio per sola frenata improvvisa,Rettilineo,Una carreggiata a senso unico di marcia,Asciutto,In cubetti di porfido,Verticale ed orizzontale,Sereno,Normale,Buona,Ore Diurne,0,0,0,2,,,False
2689771,8,10/02/2016T13:30:00,,da specificare,,VIA DI TOR BELLA MONACA,,,alt. campi sportivi,Scontro laterale fra veicoli in marcia,,,,,,,,,,1,0,0,2,,,False
2689757,8,10/02/2016T13:40:00,Strada Urbana,da specificare,,VIALE DI TORRE MAURA,,,direz. Ciamarra pross. Via Torre Spaccata,Veicolo in marcia contro ostacolo accidentale,Rettilineo,Due carreggiate,Asciutto,Asfaltata,Verticale,Nuvoloso,Scarso,Buona,Ore Diurne,0,0,0,1,"12,59217","41,86022",True
2689769,8,10/02/2016T13:40:00,Strada Urbana,all'intersezione con,VIA CELESTINO ROSATELLI,VIA COLLATINA,VIA CELESTINO ROSATELLI,,,Scontro frontale/laterale DX fra veicoli in marcia,Intersezione stradale segnalata,Una carreggiata a doppio senso,Asciutto,Asfaltata,Verticale ed orizzontale,Sereno,Normale,Buona,Ore Diurne,1,0,0,1,"12,66136","41,92087",False
2691261,12,10/02/2016T14:00:00,Strada Urbana,all'intersezione con,VIA GIUSEPPE TOMASI DI LAMPEDUSA,VIA MASSIMO BONTEMPELLI,VIA GIUSEPPE TOMASI DI LAMPEDUSA,,,Scontro laterale fra veicoli in marcia,Intersezione stradale segnalata,Due carreggiate,Asciutto,Asfaltata,Verticale ed orizzontale,Sereno,Scarso,Buona,Ore Diurne,1,0,0,1,"12,46863","41,81674",False
2689768,5,10/02/2016T14:00:00,,all'intersezione con,VIA PIEVEBOVIGLIANA,LARGO CAMERANO,VIA PIEVEBOVIGLIANA,,,Scontro frontale/laterale DX fra veicoli in marcia,,,,,,,,,,1,0,0,0,"12,58699","41,9394",False
2690204,1,10/02/2016T14:15:00,Strada Urbana,da specificare,,LUNGOTEVERE AVENTINO,,,INTERSEZ. LARGO A. PETRUCCI,Scontro laterale fra veicoli in marcia,Rettilineo,Una carreggiata a senso unico di marcia,Asciutto,Asfaltata,Verticale ed orizzontale,Nuvoloso,Normale,Buona,Ore Diurne,1,0,0,1,,,False
2689862,20,10/02/2016T14:15:00,,da specificare,,VIA DEL FORO ITALICO,,,interno galleria Farnesina ,Veicolo in marcia contro ostacolo fisso,,,,,,,,,,1,0,0,0,,,False
2690804,16,10/02/2016T14:15:00,Strada Urbana,in prossimit�,del civico n.,VIA DELLA PISANA,,353,,Tamponamento Multiplo,Rettilineo,Una carreggiata a doppio senso,Asciutto,Asfaltata,Orizzontale,Sereno,Intenso,Buona,Ore Diurne,0,0,0,4,"12,41254","41,8708",False
2693213,16,10/02/2016T14:20:00,Strada Urbana,all'intersezione semaforizzata con,VIA BERNARDINO PASSERI,VIA ETTORE ROLLI,VIA BERNARDINO PASSERI,,,Scontro frontale fra veicoli in marcia,Intersezione semaforizzata,Una carreggiata a doppio senso,Asciutto,Asfaltata,Verticale ed orizzontale,Sereno,Normale,Buona,Ore Diurne,0,0,0,2,"12,46773","41,87555",True
2689918,20,10/02/2016T14:30:00,Strada Urbana,in prossimit�,del civico n.,CORSO DI FRANCIA,,228,,Veicolo in marcia contro veicolo in sosta,Curva a visuale libera,Pi� di due carreggiate,Asciutto,Asfaltata,Assente,Sereno,Scarso,Buona,Ore Diurne,0,0,0,0,,,False
2696840,16,10/02/2016T14:30:00,Strada Urbana,in prossimit�,del civico n.,VIA SILVESTRI,,195,,Veicolo in marcia contro veicoli in sosta,Rettilineo,Una carreggiata a doppio senso,Asciutto,Asfaltata,Verticale ed orizzontale,Nuvoloso,Normale,Buona,Ore Diurne,0,0,0,0,"12,43205","41,87734",True
2690225,1,10/02/2016T14:40:00,Strada Urbana,all'intersezione semaforizzata con,VIA RAFFAELE PERSICHETTI,PIAZZALE OSTIENSE,VIA RAFFAELE PERSICHETTI,,,Scontro laterale fra veicoli in marcia,Intersezione semaforizzata,Pi� di due carreggiate,Asciutto,Asfaltata,Verticale ed orizzontale,Nuvoloso,Normale,Buona,Ore Diurne,1,0,0,1,,,False
2689955,4,10/02/2016T14:45:00,Strada Urbana,da specificare,,VIALE SORA LELLA,,,prossimit� via Rossellini,Veicolo in marcia contro veicolo in sosta,Rettilineo,Due carreggiate,Asciutto,Asfaltata,Verticale ed orizzontale,Sereno,Scarso,Buona,Ore Diurne,2,0,0,1,"12,83935","41,83236",False
2689482,19,10/02/2016T14:45:00,Strada Urbana,in prossimit�,del civico n.,VIA DEI MONTI DI PRIMAVALLE,,121,,Investimento di pedone,Rettilineo,Una carreggiata a doppio senso,Asciutto,Asfaltata,Verticale ed orizzontale,Sereno,Normale,Buona,Ore Diurne,1,0,1,0,"12,41304","41,91004",True
2690562,1,10/02/2016T14:58:00,Strada Urbana,in prossimit�,del civico n.,VIA DRUSO,,41,,Scontro frontale/laterale SX fra veicoli in marcia,Rettilineo,Una carreggiata a doppio senso,Asciutto,Asfaltata,Verticale ed orizzontale,Sereno,Intenso,Buona,Ore Diurne,0,0,0,6,,,False
2690885,16,10/02/2016T15:00:00,Strada Urbana,all'intersezione con,VIA PAOLO ORANO,VIA DEL CASALE LUMBROSO,VIA PAOLO ORANO,,,Scontro frontale/laterale DX fra veicoli in marcia,Intersezione stradale segnalata,Due carreggiate,Asciutto,Asfaltata,Verticale ed orizzontale,Sereno,Normale,Buona,Ore Diurne,0,0,0,2,"12,35492","41,86274",True
2698997,18,10/02/2016T15:05:00,Strada Urbana,in corrispondenza,del civico n.,VIA DEI MONTI DI CRETA,,15,,Veicolo in marcia contro veicolo in sosta,Rettilineo,Una carreggiata a senso unico di marcia,Asciutto,Asfaltata,Verticale ed orizzontale,Sereno,Normale,Buona,Ore Diurne,0,0,0,0,"12,42764","41,90158",True
2690943,12,10/02/2016T15:20:00,Strada Urbana,in prossimit�,del civico n.,VIA IRIS VERSARI,,248,,Veicolo in marcia contro ostacolo accidentale,Curva a visuale libera,Una carreggiata a senso unico di marcia,Asciutto,Con buche,Verticale ed orizzontale,Sereno,Scarso,Buona,Ore Diurne,0,0,0,1,"12,4423","41,7957",True
2689976,7,10/02/2016T15:20:00,Strada Urbana,all'intersezione con,VIA PUBLIO DE TOMMASI,VIA ACHILLE VERTUNNI,VIA PUBLIO DE TOMMASI,,,Scontro frontale/laterale SX fra veicoli in marcia,Incrocio,Una carreggiata a doppio senso,Asciutto,Asfaltata,Verticale ed orizzontale,Sereno,Normale,Buona,Ore Diurne,0,0,0,4,"12,61299","41,90958",False
2689817,10,10/02/2016T15:40:00,Statale,in corrispondenza,del civico n.,VIA TUSCOLANA,,1976,,Tamponamento,Rettilineo,Due carreggiate,Asciutto,Asfaltata,Verticale ed orizzontale,Sereno,Normale,Buona,Ore Diurne,0,0,0,2,"12,60229","41,83589",True
2690859,16,10/02/2016T15:50:00,,da specificare,,VIALE DEI COLLI PORTUENSI,,,in corrispondenza fronte civico 62/A,Scontro laterale fra veicoli in marcia,,,,,,,,,,1,0,0,2,"12,44402","41,86649",False
2689959,3,10/02/2016T16:00:00,Strada Urbana,in corrispondenza,del civico n.,VIALE IPPOCRATE,,105,,Scontro laterale fra veicoli in marcia,Rettilineo,Due carreggiate,Asciutto,Asfaltata,Verticale ed orizzontale,Sereno,Normale,Buona,Ore Diurne,0,0,0,3,"12,51807","41,90728",False
2689492,15,10/02/2016T16:00:00,Strada Urbana,da specificare,,VIA VITTORIO LAVEZZARI,,,AREA PARCH. FR. INGR. CENTRO COMM. CASETTA MATTEI,Veicolo in marcia contro veicolo in sosta,Rettilineo,Una carreggiata a doppio senso,Asciutto,Asfaltata,Orizzontale,Sereno,Scarso,Buona,Ore Diurne,0,0,0,1,,,False
2690143,4,10/02/2016T16:05:00,Strada Urbana,da specificare,,PIAZZA PAOLO CARCANO,,,fr. via Filippo Cordova,Veicolo in marcia contro veicolo in sosta,Curva a visuale libera,Una carreggiata a senso unico di marcia,Asciutto,Asfaltata,Verticale ed orizzontale,Sereno,Scarso,Buona,Ore Diurne,0,0,0,1,"12,52557","41,95843",True
2689895,20,10/02/2016T16:15:00,Regionale entro l'abitato,in corrispondenza,del civico n.,VIA CASSIA,,1776,,Scontro frontale/laterale SX fra veicoli in marcia,Rettilineo,Una carreggiata a doppio senso,Asciutto,Asfaltata,Verticale ed orizzontale,Sereno,Intenso,Buona,Ore Diurne,1,0,0,1,,,False
2689828,7,10/02/2016T16:15:00,Strada Urbana,all'intersezione con,PIAZZALE DELLE GARDENIE,VIALE DELLE GARDENIE,PIAZZALE DELLE GARDENIE,,,Investimento di pedone,Incrocio,Una carreggiata a doppio senso,Asciutto,Asfaltata,Verticale ed orizzontale,Sereno,Normale,Buona,Ore Diurne,1,0,0,1,,,False
2689749,15,10/02/2016T16:25:00,Strada Urbana,in prossimit�,del civico n.,VIA PORTUENSE,,328,,Scontro frontale/laterale DX fra veicoli in marcia,Rettilineo,Una carreggiata a doppio senso,Asciutto,Asfaltata,Orizzontale,Nuvoloso,Normale,Buona,Ore Diurne,0,0,0,6,"12,45487","41,86359",True
2689767,8,10/02/2016T16:30:00,Strada Urbana,da specificare,,VIA CARPINONE,,,20 m dopo Via Giovanni Casoni,Scontro frontale/laterale DX fra veicoli in marcia,Rettilineo,Una carreggiata a doppio senso,Asciutto,Asfaltata,Assente,Sereno,Normale,Buona,Ore Diurne,0,0,0,2,"12,67126","41,91691",True
2689939,20,10/02/2016T16:40:00,Strada Urbana,in corrispondenza,del civico n.,CORSO DI FRANCIA,,228,,Veicolo in marcia contro veicolo in sosta,Curva a visuale libera,Pi� di due carreggiate,Asciutto,Asfaltata,Assente,Sereno,Scarso,Buona,Ore Diurne,0,0,0,1,,,False
2689915,4,10/02/2016T16:45:00,Strada Urbana,all'intersezione semaforizzata con,VIA DEI COLLI DELLA SERPENTARA,VIA VIRGILIO TALLI,VIA DEI COLLI DELLA SERPENTARA,,,Tamponamento,Intersezione semaforizzata,Due carreggiate,Asciutto,Asfaltata,Verticale ed orizzontale,Sereno,Normale,Buona,Ore Diurne,0,0,0,2,"12,52311","41,96455",True
2690082,7,10/02/2016T17:00:00,,all'intersezione con,VIA MOLFETTA,VIALE PALMIRO TOGLIATTI,VIA MOLFETTA,,,Scontro frontale/laterale SX fra veicoli in marcia,,,,,,,,,,0,0,0,2,,,False
2698832,18,10/02/2016T17:00:00,Statale entro l'abitato,da specificare,,VIA AURELIA,,,prossimit� fronte civico 791,Veicolo in marcia contro ostacolo fisso,Rettilineo,Due carreggiate,Asciutto,Asfaltata,Verticale ed orizzontale,Sereno,Normale,Buona,Ore Diurne,0,0,0,2,"12,4138","41,89218",False
2690586,17,10/02/2016T17:00:00,Strada Urbana,in corrispondenza,del civico n.,VIALE ANGELICO,,78,,Veicolo in marcia contro veicolo in sosta,Rettilineo,Pi� di due carreggiate,Asciutto,Asfaltata,Verticale ed orizzontale,Sereno,Scarso,Buona,Ore Diurne,0,0,0,0,"12,45882","41,92028",False
2690222,4,10/02/2016T17:20:00,Strada Urbana,all'intersezione semaforizzata con,VIA UMBERTO FRACCHIA,VIA RENATO FUCINI,VIA UMBERTO FRACCHIA,,,Scontro laterale fra veicoli in marcia,Intersezione semaforizzata,Due carreggiate,Asciutto,Asfaltata,Verticale ed orizzontale,Sereno,Intenso,Buona,Ore Diurne,0,0,0,3,"12,54901","41,95059",True
2699122,18,10/02/2016T18:00:00,Strada Urbana,all'intersezione semaforizzata con,VIA NICOLA COVIELLO,VIA AURELIA,VIA NICOLA COVIELLO,,,Scontro frontale/laterale DX fra veicoli in marcia,Intersezione semaforizzata,Pi� di due carreggiate,Asciutto,Asfaltata,Verticale ed orizzontale,Sereno,Normale,Buona,Sufficiente,0,0,0,2,"12,4138","41,89218",True
2690112,1,10/02/2016T18:00:00,Strada Urbana,in corrispondenza,del civico n.,VIA GINORI,,15,,Veicolo in marcia contro veicolo in sosta,Rettilineo,Una carreggiata a senso unico di marcia,Asciutto,Asfaltata,Verticale ed orizzontale,Sereno,Normale,Buona,Sufficiente,0,0,0,0,,,False
2698852,18,10/02/2016T18:15:00,Strada Urbana,da specificare,,CIRCONVALLAZIONE CORNELIA,,,in pross. p.za Giureconsulti dir. Pineta Sacchetti,Scontro frontale fra veicoli in marcia,Rettilineo,Pi� di due carreggiate,Asciutto,Asfaltata,Verticale ed orizzontale,Sereno,Normale,Buona,Sufficiente,1,0,0,2,"12,42587","41,90196",False
2695144,17,10/02/2016T18:15:00,,in prossimit�,del civico n.,VIA ANDREA DORIA,,59,,Investimento di pedone,,,,,,,,,,1,0,0,2,"12,45099","41,90946",False
2689990,7,10/02/2016T18:15:00,,in corrispondenza,del civico n.,VIA DEI PLATANI,,58,,Investimento di pedone,,,,,,,,,,1,0,0,1,,,False
2690064,1,10/02/2016T18:20:00,Strada Urbana,in prossimit�,del civico n.,LARGO DELL'AMBA ARADAM,,1,,Scontro laterale fra veicoli in marcia,Rettilineo,Due carreggiate,Asciutto,Asfaltata,Verticale ed orizzontale,Nuvoloso,Intenso,Sufficiente,Sufficiente,0,0,0,3,,,False
2689801,9,10/02/2016T18:45:00,,all'intersezione con,VIA SATRICO,VIA POPULONIA,VIA SATRICO,,,Scontro frontale/laterale DX fra veicoli in marcia,,,,,,,,,,1,0,0,3,,,False
2689759,11,10/02/2016T18:50:00,Strada Urbana,all'intersezione con,VIA DEL GAZOMETRO,PIAZZA DEL GAZOMETRO,VIA DEL GAZOMETRO,,,Tamponamento,Incrocio,Una carreggiata a doppio senso,Asciutto,Asfaltata,Verticale ed orizzontale,Sereno,Normale,Buona,Sufficiente,0,0,0,4,"12,47973","41,87059",True
2689838,5,10/02/2016T19:00:00,,in prossimit�,del civico n.,VIA DI GROTTA DI GREGNA,,89,,Investimento di pedone,,,,,,,,,,1,0,0,0,"12,56546","41,90651",False