_ID,_Gruppo,_DataOraIncidente,_Localizzazione1,_Localizzazione2,_Strada1,_DaSpecificare,_NaturaIncidente,_ParticolaritaStrade,_TipoStrada,_FondoStradale,_Pavimentazione,_Segnaletica,_CondizioneAtmosferica,_Traffico,_Visibilita,_Illuminazione,_NUM_FERITI,_NUM_RISERVATA,_NUM_MORTI,_NUM_ILLESI,_Longitudine,_Latitudine,_CONFERMATO,__prefix,_Strada02,_Strada2,_Chilometrica
2690182,9,10/02/2016T19:10:00,Strada Urbana,in corrispondenza,del civico n.,VIA APPIA NUOVA,,419,,Scontro frontale/laterale DX fra veicoli in marcia,Rettilineo,Due carreggiate,Asciutto,Asfaltata,Verticale ed orizzontale,Sereno,Intenso,Buona,Sufficiente,0,0,0,3,"12,5242","41,8741",True
2690062,7,10/02/2016T19:10:00,,da specificare,,VIALE PALMIRO TOGLIATTI,,,altezza fermata atac n. 80215,Investimento di pedone,,,,,,,,,,0,0,0,2,,,False
2690515,1,10/02/2016T19:20:00,Strada Urbana,all'intersezione semaforizzata con,VIA VENTI SETTEMBRE,VIA PIAVE,VIA VENTI SETTEMBRE,,,Investimento di pedone,Intersezione semaforizzata,Una carreggiata a doppio senso,Asciutto,Asfaltata,Verticale ed orizzontale,Sereno,Normale,Sufficiente,Sufficiente,1,0,0,1,,,False
2690138,1,10/02/2016T19:25:00,Strada Urbana,in prossimit�,del civico n.,LARGO CHIGI,,7,,Investimento di pedone,Rettilineo,Una carreggiata a doppio senso,Asciutto,Asfaltata,Verticale ed orizzontale,Sereno,Normale,Sufficiente,Sufficiente,1,0,0,1,,,False
2691745,2,10/02/2016T19:30:00,Strada Urbana,in prossimit�,del civico n.,VIA CARLO DOLCI,,6,,Veicolo in marcia contro ostacolo accidentale,Rettilineo,Una carreggiata a senso unico di marcia,Asciutto,In cubetti di porfido,Assente,Sereno,Scarso,Buona,Sufficiente,0,0,0,1,"12,47344","41,92376",True
2689965,20,10/02/2016T20:15:00,Strada Urbana,in prossimit�,del civico n.,VIA CONCESIO,,21,,Tamponamento Multiplo,Rettilineo,Una carreggiata a doppio senso,Asciutto,Asfaltata,Verticale ed orizzontale,Sereno,Normale,Sufficiente,Insufficiente,3,0,0,2,"12,48581","42,00323",True
2689754,8,10/02/2016T20:30:00,Strada Urbana,da specificare,,VIALE OXFORD,,,rampa di immissione direz. PTV,Veicolo in marcia contro ostacolo accidentale,Curva a visuale libera,Una carreggiata a senso unico di marcia,Asciutto,Asfaltata,Verticale ed orizzontale,Sereno,Scarso,Sufficiente,Sufficiente,0,0,0,1,"12,6283","41,85976",True
2689751,8,10/02/2016T20:35:00,Strada Urbana,da specificare,,VIALE OXFORD,,,rampa di immissione direz. PTV,Veicolo in marcia contro ostacolo accidentale,Curva a visuale libera,Una carreggiata a senso unico di marcia,Asciutto,Asfaltata,Verticale ed orizzontale,Sereno,Normale,Sufficiente,Sufficiente,0,0,0,1,"12,6283","41,85976",True
2689820,2,10/02/2016T20:35:00,Strada Urbana,da specificare,,CORSO D'ITALIA,,,altezza via Campania.,Veicolo in marcia contro ostacolo accidentale,Curva a visuale libera,Una carreggiata a senso unico di marcia,Asciutto,Asfaltata,Verticale ed orizzontale,Sereno,Normale,Sufficiente,Sufficiente,0,0,0,2,"12,49135","41,91057",True
2690565,12,10/02/2016T20:45:00,Strada Urbana,all'intersezione con,VIALE DELL'OCEANO ATLANTICO,VIA RHODESIA,VIALE DELL'OCEANO ATLANTICO,,,Tamponamento,Incrocio,Una carreggiata a doppio senso,Asciutto,Asfaltata,Verticale ed orizzontale,Sereno,Normale,Buona,Sufficiente,1,0,0,2,"12,47054","41,82012",False
2689808,13,10/02/2016T21:10:00,Strada Urbana,in prossimit�,del civico n.,VIA DI PRATO CORNELIO,,67-65,,Veicolo in marcia contro ostacolo fisso,Rettilineo,Una carreggiata a doppio senso,Asciutto,Con buche,Assente,Sereno,Scarso,Buona,Sufficiente,0,0,0,1,"12,36438","41,77446",True
2690370,12,10/02/2016T21:35:00,Strada Urbana,in prossimit�,del civico n.,VIALE CAMILLO SABATINI,,132,,Veicolo in marcia contro veicolo in sosta,Rettilineo,Una carreggiata a doppio senso,Asciutto,Asfaltata,Verticale ed orizzontale,Sereno,Normale,Sufficiente,Sufficiente,0,0,0,1,"12,43995","41,81813",True
2689763,8,10/02/2016T21:50:00,Strada Urbana,da specificare,,VIA ROCCALUMERA,,,pross. inters. Via Casteldaccia,Veicolo in marcia contro ostacolo accidentale,Rettilineo,Una carreggiata a doppio senso,Asciutto,Asfaltata,Verticale ed orizzontale,Nuvoloso,Scarso,Sufficiente,Sufficiente,0,0,0,1,"12,6664","41,88297",True
2690950,12,10/02/2016T22:00:00,,in prossimit�,del civico n.,VIA MASSIMO TROISI,,40,,Scontro laterale fra veicoli in marcia,,,,,,,,,,0,0,0,2,"12,3934","41,78618",False
2690857,16,10/02/2016T22:45:00,,in corrispondenza,del palo luce n.,VIALE DEI COLLI PORTUENSI,,FC 152,,Veicolo in marcia contro veicolo in sosta,,,,,,,,,,0,0,0,1,,,False
2690158,7,10/02/2016T23:00:00,Strada Urbana,da specificare,,VIALE PALMIRO TOGLIATTI,,,altezza Via dell'Incoronata,Tamponamento,Rettilineo,Due carreggiate,Bagnato (pioggia),Asfaltata,Verticale ed orizzontale,Pioggia in atto,Normale,Buona,Sufficiente,0,0,0,2,"12,57386","41,88822",False
2689825,5,11/02/2016T00:30:00,,all'intersezione con,VIA RENZO DA CERI,VIA LUCHINO DAL VERME,VIA RENZO DA CERI,,,Scontro frontale/laterale SX fra veicoli in marcia,,,,,,,,,,1,0,0,0,"12,53868","41,88868",False
2690046,4,11/02/2016T02:10:00,Strada Urbana,in corrispondenza,del civico n.,VIA DI SETTEBAGNI,,320,,Scontro frontale/laterale DX fra veicoli in marcia,Rettilineo,Una carreggiata a doppio senso,Bagnato (umidit� in atto),Strada pavimentata dissestata,Verticale ed orizzontale,Pioggia in atto,Normale,Buona,Sufficiente,2,0,0,1,"12,54651","41,96719",False
2691574,8,11/02/2016T04:00:00,Strada Urbana,all'intersezione con,VIA TERMINI IMERESE,VIA MILENA,VIA TERMINI IMERESE,,,Veicolo in marcia contro veicoli in sosta,Incrocio,Una carreggiata a doppio senso,Bagnato (pioggia),Asfaltata,Assente,Pioggia in atto,Scarso,Insufficiente,Inesistente,0,0,0,0,"12,65722","41,87371",True
2689873,11,11/02/2016T05:00:00,Strada Urbana,in prossimit�,del civico n.,VIA DEL SERAFICO,,129,,Veicolo in marcia contro veicolo in sosta,Rettilineo,Due carreggiate,Bagnato (umidit� in atto),Asfaltata,Verticale ed orizzontale,Nuvoloso,Scarso,Buona,Sufficiente,0,0,0,1,"12,49","41,83072",False
2689793,2,11/02/2016T05:20:00,Strada Urbana,da specificare,,GALLERIA GIOVANNI XXIII,,,svincolo Pineta sacchetti,Veicolo in marcia contro ostacolo fisso,Curva a visuale libera,Una carreggiata a senso unico di marcia,Asciutto,Asfaltata,Verticale,Pioggia in atto,Scarso,Sufficiente,Sufficiente,1,0,0,0,,,False
2691578,8,11/02/2016T06:45:00,,all'intersezione con,VIA DI TOR BELLA MONACA,VIA CASILINA,VIA DI TOR BELLA MONACA,,,Investimento di pedone,,,,,,,,,,1,0,0,1,,,False
2691381,13,11/02/2016T07:10:00,Strada Urbana,all'intersezione con,VIA MAR DEI CORALLI,VIA DEI PESCATORI,VIA MAR DEI CORALLI,,,Scontro frontale/laterale SX fra veicoli in marcia,Incrocio,Una carreggiata a doppio senso,Bagnato (pioggia),Asfaltata,Orizzontale,Pioggia in atto,Normale,Buona,Sufficiente,1,0,0,1,"12,30457","41,72752",False
2689941,9,11/02/2016T07:10:00,Strada Urbana,in prossimit�,del civico n.,VIA ACAIA,,13,,Scontro laterale fra veicoli in marcia,Rettilineo,Una carreggiata a doppio senso,Asciutto,Asfaltata,Verticale ed orizzontale,Nuvoloso,Normale,Buona,Ore Diurne,0,0,0,2,,,False
2689946,4,11/02/2016T07:45:00,Strada Urbana,in corrispondenza,del civico n.,VIA CARLO LORENZINI,,35,,Scontro frontale/laterale SX fra veicoli in marcia,Curva a visuale libera,Una carreggiata a doppio senso,Bagnato (pioggia),Asfaltata,Assente,Pioggia in atto,Normale,Buona,Ore Diurne,0,0,0,2,"12,55598","41,94484",False
2690694,9,11/02/2016T07:45:00,,all'intersezione con,VIA LATINA,VIA NUMANZIA,VIA LATINA,,,Scontro laterale fra veicoli in marcia,,,,,,,,,,0,0,0,2,"12,51181","41,87372",False
2691585,8,11/02/2016T08:00:00,,da specificare,,VIA DI VERMICINO,,,alt. via S. Giovanni Apostolo,Tamponamento,,,,,,,,,,1,0,0,2,,,False
2689923,10,11/02/2016T08:00:00,Strada Urbana,all'intersezione con,VIA FRANCESCO GENTILE,VIALE BRUNO RIZZIERI,VIA FRANCESCO GENTILE,,,Scontro laterale fra veicoli in marcia,Rotatoria,Una carreggiata a senso unico di marcia,Asciutto,Asfaltata,Verticale ed orizzontale,Nuvoloso,Normale,Buona,Ore Diurne,0,0,0,3,"12,58611","41,85248",True
2690633,1,11/02/2016T08:25:00,Strada Urbana,all'intersezione con,PIAZZA DELLA BOCCA DELLA VERITA',VIA DEI CERCHI,PIAZZA DELLA BOCCA DELLA VERITA',,,Investimento di pedone,Incrocio,Una carreggiata a senso unico di marcia,Bagnato (pioggia),In cubetti di porfido,Verticale ed orizzontale,Pioggia in atto,Normale,Buona,Ore Diurne,0,0,0,2,,,False
2690129,4,11/02/2016T08:30:00,Provinciale entro l'abitato,all'intersezione con,VIA ETTORE ROMAGNOLI,VIA NOMENTANA,VIA ETTORE ROMAGNOLI,,,Infortunio per sola frenata improvvisa,Incrocio,Una carreggiata a doppio senso,Bagnato (pioggia),Asfaltata,Verticale ed orizzontale,Pioggia in atto,Intenso,Buona,Ore Diurne,0,0,0,1,"12,54635","41,93844",False
2690832,9,11/02/2016T08:30:00,,in prossimit�,del civico n.,VIA APPIA NUOVA,,763,,Veicolo in marcia contro ostacolo fisso,,,,,,,,,,1,0,0,0,"12,5352","41,85923",False
2691691,4,11/02/2016T08:40:00,Statale entro l'abitato,in prossimit�,del civico n.,VIA SALARIA,,1041,,Scontro laterale fra veicoli in marcia,Rettilineo,Due carreggiate,Bagnato (pioggia),Asfaltata,Verticale ed orizzontale,Nuvoloso,Intenso,Buona,Ore Diurne,0,0,0,2,"12,50471","41,97297",False
2691266,5,11/02/2016T08:45:00,,da specificare,,VIA TIBURTINA,,,all'intersezione con la rampa di uscita del GRA,Tamponamento,,,,,,,,,,0,0,0,0,"12,60155","41,93343",False
2693210,16,11/02/2016T08:50:00,Strada Urbana,in corrispondenza,del civico n.,VIA DEI CARRARESI,,21A,,Veicolo in marcia contro ostacolo fisso,Rettilineo,Una carreggiata a senso unico di marcia,Bagnato (umidit� in atto),Asfaltata,Assente,Nuvoloso,Normale,Buona,Ore Diurne,0,0,0,1,"12,42412","41,88195",True
2690879,15,11/02/2016T08:50:00,,in prossimit�,del civico n.,VIA PORTUENSE,,321/G,,Investimento di pedone,,,,,,,,,,1,0,0,1,"12,46141","41,8655",False
2691263,10,11/02/2016T08:50:00,Strada Urbana,da specificare,,VIA TUSCOLANA,,,sotto GRA dir. Roma centro alt. civ. 1874/B,Tamponamento,Rettilineo,Due carreggiate,Bagnato (pioggia),Asfaltata,Verticale ed orizzontale,Nuvoloso,Intenso,Sufficiente,Ore Diurne,0,0,0,2,"12,57887","41,84638",True
2696681,1,11/02/2016T08:50:00,Strada Urbana,in corrispondenza,del civico n.,VIA LATINA,,69/c,,Scontro laterale fra veicoli in marcia,Rettilineo,Una carreggiata a senso unico di marcia,Bagnato (pioggia),Asfaltata,Assente,Pioggia in atto,Intenso,Buona,Ore Diurne,0,0,0,2,"12,51334","41,87346",False
2692261,1,11/02/2016T08:55:00,Strada Urbana,in prossimit�,del civico n.,VIA EMANUELE FILIBERTO,,161,,Veicolo in marcia contro ostacolo accidentale,Rettilineo,Una carreggiata a doppio senso,Bagnato (pioggia),Asfaltata,Verticale ed orizzontale,Pioggia in atto,Normale,Buona,Ore Diurne,1,0,0,0,,,False
2691622,8,11/02/2016T09:00:00,,in prossimit�,del palo luce n.,VIALE OXFORD,,10,,Scontro frontale/laterale SX fra veicoli in marcia,,,,,,,,,,1,0,0,2,,,False
2690200,1,11/02/2016T09:00:00,Strada Urbana,all'intersezione con,VIA DEL CORSO,VIA DEI SABINI,VIA DEL CORSO,,,Scontro laterale fra veicoli in marcia,Incrocio,Una carreggiata a senso unico di marcia,Bagnato (pioggia),Asfaltata,Verticale ed orizzontale,Nuvoloso,Normale,Buona,Ore Diurne,0,0,0,2,"12,48163","41,90085",True
2690009,1,11/02/2016T09:05:00,Strada Urbana,in prossimit�,del palo luce n.,VIA DI S. GIOVANNI IN LATERANO,,28,,Scontro frontale/laterale SX fra veicoli in marcia,Rettilineo,Una carreggiata a doppio senso,Bagnato (pioggia),In cubetti di porfido,Orizzontale,Nuvoloso,Normale,Buona,Ore Diurne,0,0,0,3,"12,50044","41,8882",True
2692224,17,11/02/2016T09:15:00,Strada Urbana,all'intersezione semaforizzata con,VIA MARCANTONIO COLONNA,VIALE GIULIO CESARE,VIA MARCANTONIO COLONNA,,,Scontro laterale fra veicoli in marcia,Intersezione semaforizzata,Pi� di due carreggiate,Asciutto,Asfaltata,Verticale ed orizzontale,Sereno,Normale,Buona,Ore Diurne,0,0,0,2,"12,46621","41,91131",False
2690317,2,11/02/2016T09:30:00,Strada Urbana,in prossimit�,del civico n.,VIA SCIPIO SLATAPER,,13,,Scontro frontale/laterale DX fra veicoli in marcia,Rettilineo,Una carreggiata a senso unico di marcia,Bagnato (pioggia),Asfaltata,Verticale ed orizzontale,Nuvoloso,Scarso,Buona,Ore Diurne,0,0,0,2,,,False
2699686,18,11/02/2016T09:45:00,Strada Urbana,in corrispondenza,del civico n.,VIA DELLA PINETA SACCHETTI,,47,,Ribaltamento senza urto contro ostacolo fisso,Rettilineo,Una carreggiata a doppio senso,Bagnato (pioggia),Asfaltata,Orizzontale,Nuvoloso,Normale,Buona,Ore Diurne,1,0,0,1,"12,42648","41,92678",False
2692172,17,11/02/2016T10:00:00,Strada Urbana,da specificare,,PIAZZALE DEGLI EROI,,,FRONTE CIVICO 14,Tamponamento,Rettilineo,Una carreggiata a doppio senso,Asciutto,Asfaltata,Verticale ed orizzontale,Sereno,Normale,Sufficiente,Ore Diurne,0,0,0,2,"12,44847","41,90904",False
2691366,19,11/02/2016T10:10:00,Strada Urbana,all'intersezione con,VIA VITTORIO CODELUPPI,VIA VINCENZO VIARA DE RICCI,VIA VITTORIO CODELUPPI,,,Veicolo in marcia contro ostacolo accidentale,Intersezione non regolata/non segnalata,Una carreggiata a senso unico di marcia,Asciutto,Asfaltata,Assente,Sereno,Normale,Buona,Ore Diurne,0,0,0,1,"12,41246","41,92771",False
2690604,1,11/02/2016T10:40:00,Strada Urbana,all'intersezione con,VIA DEL CORSO,PIAZZA VENEZIA,VIA DEL CORSO,,,Tamponamento,Incrocio,Una carreggiata a doppio senso,Sdrucciolevole (fango),In cubetti di porfido,Verticale ed orizzontale,Sereno,Normale,Buona,Ore Diurne,0,0,0,4,,,False
2699042,18,11/02/2016T10:40:00,Strada Urbana,in corrispondenza,del civico n.,VIA AURELIA,,424,,Scontro frontale/laterale DX fra veicoli in marcia,Rettilineo,Due carreggiate,Asciutto,Asfaltata,Verticale ed orizzontale,Sereno,Normale,Buona,Ore Diurne,0,0,0,2,"12,42815","41,89868",False
2691727,4,11/02/2016T10:55:00,Strada Urbana,in prossimit�,del civico n.,VIA TERESA BOETTI VALVASSURA,,112,,Investimento di pedone,Rettilineo,Una carreggiata a senso unico di marcia,Bagnato (umidit� in atto),Asfaltata,Assente,Nuvoloso,Scarso,Buona,Ore Diurne,1,0,0,2,"12,53512","41,96016",False
2690413,12,11/02/2016T11:30:00,Provinciale,in prossimit�,della chilometrica,VIA DI PRATICA,,6.1,,Scontro frontale fra veicoli in marcia,Rettilineo,Una carreggiata a doppio senso,Asciutto,Asfaltata,Verticale ed orizzontale,Sereno,Normale,Buona,Ore Diurne,1,0,0,1,,,False
2690367,7,11/02/2016T11:50:00,Strada Urbana,da specificare,,VIA PIETRO FUMAROLI,,,alteza uscita PITTARELLO,Tamponamento,Rettilineo,Una carreggiata a senso unico di marcia,Asciutto,Asfaltata,Verticale ed orizzontale,Sereno,Normale,Buona,Ore Diurne,0,0,0,2,"12,59095","41,89148",True
2691329,11,11/02/2016T11:50:00,Strada Urbana,da specificare,,VIALE GUGLIELMO MARCONI,,,prossimit� Via Caduti senza Croce,Scontro laterale fra veicoli in marcia,Rettilineo,Due carreggiate,Asciutto,Asfaltata,Verticale ed orizzontale,Sereno,Normale,Buona,Ore Diurne,1,0,0,2,"12,47124","41,85748",True
2690320,10,11/02/2016T12:05:00,Strada Urbana,all'intersezione con,VIALE TITO LABIENO,PIAZZA DI CINECITTA',VIALE TITO LABIENO,,,Scontro frontale/laterale SX fra veicoli in marcia,Intersezione semaforizzata,Due carreggiate,Asciutto,Asfaltata,Verticale ed orizzontale,Sereno,Normale,Buona,Ore Diurne,0,0,0,4,"12,5676","41,85349",False
2692332,1,11/02/2016T12:10:00,Strada Urbana,in prossimit�,del palo luce n.,PASSEGGIATA DEL GIANICOLO,,11,,Scontro laterale fra veicoli in marcia,Curva senza visuale libera,Una carreggiata a doppio senso,Asciutto,Asfaltata,Verticale ed orizzontale,Sereno,Normale,Buona,Ore Diurne,1,0,0,4,,,False
2691661,17,11/02/2016T12:15:00,,da specificare,,GALLERIA PRINCIPE AMEDEO SAVOIA AOSTA,,,.,Scontro laterale fra veicoli in marcia,,,,,,,,,,0,0,0,2,,,False
2691632,8,11/02/2016T13:00:00,Strada Urbana,da specificare,,VIA DI TOR BELLA MONACA,,,inversione di marcia altezza via p.f.quaglia,Scontro laterale fra veicoli in marcia,Rettilineo,Due carreggiate,Asciutto,Asfaltata,Verticale ed orizzontale,Sereno,Normale,Buona,Ore Diurne,0,0,0,6,"12,63815","41,86688",True
2692840,12,11/02/2016T13:30:00,Strada Urbana,in prossimit�,del civico n.,PIAZZALE LUIGI STURZO,,32,,Veicolo in marcia contro veicoli in sosta,Rettilineo,Una carreggiata a doppio senso,Asciutto,Asfaltata,Verticale ed orizzontale,Sereno,Scarso,Buona,Ore Diurne,0,0,0,1,"12,46734","41,83421",True
2690645,18,11/02/2016T14:20:00,Strada Urbana,all'intersezione con,VIA PIO IX,VIA MARTINO V,VIA PIO IX,,,Scontro frontale/laterale SX fra veicoli in marcia,Intersezione stradale segnalata,Una carreggiata a senso unico di marcia,Asciutto,Asfaltata,Verticale ed orizzontale,Sereno,Normale,Buona,Ore Diurne,1,0,0,1,,,False
2690596,10,11/02/2016T14:25:00,Strada Urbana,all'intersezione con,VIA ULDERICO MAZZOLANI,PIAZZA FABIO SABATINI,VIA ULDERICO MAZZOLANI,,,Scontro laterale fra veicoli in marcia,Rotatoria,Una carreggiata a senso unico di marcia,Asciutto,Asfaltata,Assente,Sereno,Normale,Buona,Ore Diurne,0,0,0,4,"12,59144","41,84655",True
2691377,19,11/02/2016T14:45:00,Strada Urbana,in corrispondenza,del civico n.,VIA COGOLETO,,45,,Investimento di pedone,Rettilineo,Una carreggiata a doppio senso,Asciutto,Asfaltata,Verticale,Sereno,Normale,Buona,Ore Diurne,1,0,0,2,"12,42329","41,92909",True
2691561,3,11/02/2016T14:45:00,Strada Urbana,in prossimit�,del civico n.,VIALE DELL'UNIVERSITA',,1,,Tamponamento,Rettilineo,Una carreggiata a senso unico di marcia,Asciutto,Asfaltata,Verticale ed orizzontale,Nuvoloso,Scarso,Buona,Ore Diurne,0,0,0,3,"12,5076","41,90327",False
2691634,8,11/02/2016T14:50:00,Provinciale entro l'abitato,all'intersezione con,VIA CERVINARA,VIA PRENESTINA,VIA CERVINARA,,,Tamponamento,Intersezione non regolata/non segnalata,Una carreggiata a doppio senso,Asciutto,Asfaltata,Verticale ed orizzontale,Sereno,Intenso,Buona,Ore Diurne,0,0,0,2,,,False
2691531,4,11/02/2016T14:55:00,Strada Urbana,in corrispondenza,del civico n.,VIA VALLE BORBERA,,55,,Veicolo in marcia contro veicolo in sosta,Rettilineo,Una carreggiata a senso unico di marcia,Asciutto,Asfaltata,Assente,Sereno,Scarso,Buona,Ore Diurne,0,0,0,1,"12,52924","41,93562",True
2690658,15,11/02/2016T15:00:00,Strada Urbana,in prossimit�,del civico n.,VIA TIRONE,,11,,Veicolo in marcia contro veicoli in sosta,Rettilineo,Una carreggiata a senso unico di marcia,Asciutto,Lastricata,Orizzontale,Sereno,Scarso,Buona,Ore Diurne,0,0,0,0,"12,47202","41,86787",True
2691350,11,11/02/2016T15:00:00,Strada Urbana,all'intersezione semaforizzata con,CIRCONVALLAZIONE OSTIENSE,VIA OSTIENSE,CIRCONVALLAZIONE OSTIENSE,,,Scontro frontale/laterale DX fra veicoli in marcia,Intersezione semaforizzata,Pi� di due carreggiate,Asciutto,Asfaltata,Verticale ed orizzontale,Nuvoloso,Normale,Buona,Ore Diurne,0,0,0,2,"12,49222","41,86734",False
2700110,18,11/02/2016T15:10:00,Strada Urbana,da specificare,,VIA GREGORIO XI,,,fronte civico 165 in prossimit� via G. Del Vecchio,Investimento di pedone,Rettilineo,Due carreggiate,Asciutto,Asfaltata,Verticale ed orizzontale,Sereno,Scarso,Buona,Ore Diurne,1,0,0,1,"12,40825","41,89216",False
2691728,17,11/02/2016T15:15:00,Strada Urbana,in corrispondenza,del civico n.,VIA TERENZIO,,13,,Tamponamento Multiplo,Rettilineo,Una carreggiata a senso unico di marcia,Asciutto,Asfaltata,Verticale ed orizzontale,Sereno,Normale,Buona,Ore Diurne,0,0,0,4,"12,46295","41,90693",True
2691325,9,11/02/2016T15:30:00,,in prossimit�,del palo luce n.,VIA TUSCOLANA,,118,,Scontro laterale fra veicoli in marcia,,,,,,,,,,1,0,0,1,,,False
2691367,13,11/02/2016T15:35:00,Strada Urbana,all'intersezione con,VIALE ALFREDO ZAMBRINI,VIA ANTONIO ZOTTI,VIALE ALFREDO ZAMBRINI,,,Scontro frontale/laterale SX fra veicoli in marcia,Incrocio,Una carreggiata a doppio senso,Asciutto,Asfaltata,Verticale ed orizzontale,Nuvoloso,Normale,Sufficiente,Ore Diurne,0,0,0,2,"12,26766","41,7369",True
2691520,17,11/02/2016T15:50:00,Strada Urbana,da specificare,,PIAZZA GIUSEPPE MAZZINI,,,fronte civ. 3,Investimento di pedone,Curva a visuale libera,Una carreggiata a senso unico di marcia,Asciutto,Asfaltata,Orizzontale,Sereno,Normale,Buona,Ore Diurne,1,0,0,1,,,False
2691359,11,11/02/2016T16:10:00,Strada Urbana,in prossimit�,del civico n.,VIA DEL PORTO FLUVIALE,,9,,Scontro laterale fra veicoli in marcia,Rettilineo,Una carreggiata a doppio senso,Asciutto,Asfaltata,Verticale ed orizzontale,Sereno,Normale,Buona,Ore Diurne,0,0,0,3,"12,47953","41,87239",True
2691352,9,11/02/2016T16:15:00,,in prossimit�,del civico n.,VIA S. DOMENICO SAVIO,,29,,Veicolo in marcia contro veicolo fermo,,,,,,,,,,0,0,0,1,,,False
2691369,6,11/02/2016T16:25:00,Strada Urbana,da specificare,,VIA PRENESTINA,,,f.c. 270,Tamponamento,Rettilineo,Pi� di due carreggiate,Asciutto,Asfaltata,Verticale ed orizzontale,Sereno,Normale,Buona,Ore Diurne,1,0,0,1,"12,54726","41,8933",False
2691364,9,11/02/2016T16:30:00,,da specificare,,VIA MACEDONIA,,,fronte VIA CENTURIPE,Investimento di pedone,,,,,,,,,,1,0,0,1,,,False
2690926,18,11/02/2016T16:50:00,Strada Urbana,in corrispondenza,del civico n.,VIA BALDO DEGLI UBALDI,,34,,Scontro laterale fra veicoli in marcia,Rettilineo,Una carreggiata a senso unico di marcia,Asciutto,Asfaltata,Verticale ed orizzontale,Sereno,Normale,Buona,Ore Diurne,0,0,0,2,"12,43098","41,89846",True
2691271,5,11/02/2016T17:00:00,,da specificare,,VIA TIBURTINA,,,altezza Portonaccio,Scontro frontale/laterale DX fra veicoli in marcia,,,,,,,,,,1,0,0,1,"12,5343","41,90832",False
2691606,3,11/02/2016T17:15:00,Strada Urbana,all'intersezione con,PIAZZALE DI S. LORENZO,PIAZZALE DEL VERANO,PIAZZALE DI S. LORENZO,,,Scontro laterale fra veicoli in marcia,Intersezione stradale segnalata,Una carreggiata a senso unico di marcia,Asciutto,Asfaltata,Verticale ed orizzontale,Sereno,Normale,Sufficiente,Sufficiente,1,0,0,1,,,False
2691639,8,11/02/2016T17:30:00,Strada Urbana,all'intersezione con,VIALE ANTONIO CIAMARRA,VIA DEL FOSSO DI S. MAURA,VIALE ANTONIO CIAMARRA,,,Tamponamento,Intersezione semaforizzata,Due carreggiate,Asciutto,Asfaltata,Verticale ed orizzontale,Nuvoloso,Normale,Sufficiente,Ore Diurne,1,0,0,0,"12,59427","41,858",True
2690894,10,11/02/2016T18:10:00,Strada Urbana,in prossimit�,del civico n.,PIAZZA QUINTO CURZIO,,41,,Investimento di pedone,Rotatoria,Una carreggiata a senso unico di marcia,Asciutto,Asfaltata,Orizzontale,Sereno,Normale,Buona,Insufficiente,1,0,0,1,,,False
2690960,12,11/02/2016T18:20:00,Strada Urbana,in prossimit�,del civico n.,VIA CLEMENTE REBORA,,27,,Scontro laterale fra veicoli in marcia,Strettoia,Una carreggiata a doppio senso,Asciutto,Asfaltata,Verticale ed orizzontale,Sereno,Scarso,Buona,Sufficiente,0,0,0,2,"12,4786","41,80803",True
2690976,1,11/02/2016T18:25:00,Strada Urbana,in prossimit�,del civico n.,VIALE CASTRO PRETORIO,,55,,Veicolo in marcia contro veicolo arresto,Curva a visuale libera,Una carreggiata a doppio senso,Asciutto,Asfaltata,Verticale ed orizzontale,Sereno,Normale,Buona,Sufficiente,0,0,1,1,"12,50689","41,90405",True
2691729,2,11/02/2016T18:30:00,,all'intersezione con,VIA GIOVANNI BATTISTA MARTINI,PIAZZA GIUSEPPE VERDI,VIA GIOVANNI BATTISTA MARTINI,,,Ribaltamento senza urto contro ostacolo fisso,,,,,,,,,,1,0,0,0,,,False
2691486,17,11/02/2016T18:30:00,Strada Urbana,all'intersezione semaforizzata con,VIALE DEGLI AMMIRAGLI,VIA CIPRO,VIALE DEGLI AMMIRAGLI,,,Scontro frontale/laterale DX fra veicoli in marcia,Intersezione semaforizzata,Due carreggiate,Asciutto,Asfaltata,Verticale ed orizzontale,Sereno,Normale,Buona,Sufficiente,0,0,0,3,"12,44488","41,90531",True
2691260,6,11/02/2016T19:30:00,Strada Urbana,in corrispondenza,del civico n.,VIA DI ACQUA BULLICANTE,,70,,Investimento di pedone,Rettilineo,Una carreggiata a doppio senso,Asciutto,Asfaltata,Verticale ed orizzontale,Sereno,Scarso,,Sufficiente,0,0,0,1,,,False
2691264,10,11/02/2016T19:40:00,Strada Urbana,in prossimit�,del civico n.,VIA ANAGNINA,,590,,Veicolo in marcia contro ostacolo fisso,Rettilineo,Una carreggiata a senso unico di marcia,Asciutto,Asfaltata,Verticale ed orizzontale,Sereno,Scarso,Buona,Sufficiente,0,0,0,0,"12,63776","41,80324",True