_ID,_Gruppo,_DataOraIncidente,_Localizzazione1,_Localizzazione2,_Strada1,_DaSpecificare,_NaturaIncidente,_ParticolaritaStrade,_TipoStrada,_FondoStradale,_Pavimentazione,_Segnaletica,_CondizioneAtmosferica,_Traffico,_Visibilita,_Illuminazione,_NUM_FERITI,_NUM_RISERVATA,_NUM_MORTI,_NUM_ILLESI,_Longitudine,_Latitudine,_CONFERMATO,__prefix,_Strada02,_Strada2,_Chilometrica
2690961,15,11/02/2016T19:45:00,Strada Urbana,all'intersezione semaforizzata con,VIA DI AFFOGALASINO,VIA PORTUENSE,VIA DI AFFOGALASINO,,,Scontro frontale/laterale SX fra veicoli in marcia,Intersezione semaforizzata,Una carreggiata a doppio senso,Asciutto,Asfaltata,Verticale ed orizzontale,Sereno,Normale,Buona,Sufficiente,0,0,0,5,"12,40939","41,84342",True
2691437,13,11/02/2016T20:10:00,Strada Urbana,all'intersezione con,VIA CASTELLUCCHIO,VIA CREMOSANO,VIA CASTELLUCCHIO,,,Scontro laterale fra veicoli in marcia,Incrocio,Una carreggiata a doppio senso,Asciutto,Asfaltata,Assente,Sereno,Scarso,Sufficiente,Sufficiente,1,0,0,1,"12,3276","41,78221",False
2691642,8,11/02/2016T20:10:00,,in prossimit�,del palo luce n.,VIA DELLE RUPICOLE,,91,,Veicolo in marcia contro ostacolo accidentale,,,,,,,,,,0,0,0,1,,,False
2691501,7,11/02/2016T20:20:00,Strada Urbana,in prossimit�,del civico n.,VIA DELLE NESPOLE,,116,,Veicolo in marcia contro ostacolo accidentale,Rettilineo,Una carreggiata a doppio senso,Asciutto,Asfaltata,Verticale ed orizzontale,Sereno,Scarso,Buona,Sufficiente,0,0,0,1,"12,58495","41,87774",True
2691387,13,11/02/2016T20:20:00,,all'intersezione con,VIA DEI MARTIRI OSTIENSI,VIA DELLA GENTE SALINATORIA,VIA DEI MARTIRI OSTIENSI,,,Investimento di pedone,,,,,,,,,,0,0,0,3,,,False
2691348,5,11/02/2016T20:25:00,Strada Urbana,da specificare,,VIA RINALDO D'AQUINO,,,circa 200 mt dall'innesto del GRA,Scontro frontale/laterale DX fra veicoli in marcia,Rettilineo,Due carreggiate,Asciutto,Asfaltata,Verticale ed orizzontale,Sereno,Intenso,Buona,Sufficiente,0,0,0,2,"12,60008","41,95088",True
2691321,20,11/02/2016T20:30:00,Strada Urbana,in prossimit�,del civico n.,VIA DELLA GIUSTINIANA,,951,,Veicolo in marcia contro ostacolo accidentale,Curva senza visuale libera,Una carreggiata a doppio senso,Asciutto,Asfaltata,Assente,Sereno,Normale,Sufficiente,Sufficiente,0,0,0,2,"12,42274","41,994",True
2691646,8,11/02/2016T21:15:00,Strada Urbana,in corrispondenza,del civico n.,VIA DI VERMICINO,,176,,Scontro frontale fra veicoli in marcia,Rettilineo,Una carreggiata a doppio senso,Asciutto,Asfaltata,Verticale ed orizzontale,Sereno,Normale,Insufficiente,Insufficiente,1,0,0,2,"12,6722","41,85158",True
2691528,13,11/02/2016T22:10:00,Strada Urbana,all'intersezione con,VIA FRANCO MEZZADRA,CORSO DUCA DI GENOVA,VIA FRANCO MEZZADRA,,,Scontro frontale/laterale SX fra veicoli in marcia,Incrocio,Una carreggiata a doppio senso,Asciutto,Asfaltata,Verticale ed orizzontale,Nuvoloso,Scarso,Buona,Sufficiente,0,0,0,2,"12,27003","41,73441",True
2691270,10,11/02/2016T23:20:00,,in prossimit�,del civico n.,VIA DI CIAMPINO,,70,,Scontro frontale fra veicoli in marcia,,,,,,,,,,1,0,0,0,"12,5811","41,81016",False
2692297,1,11/02/2016T23:35:00,Strada Urbana,all'intersezione con,VIA ALEARDO ALEARDI,VIA MERULANA,VIA ALEARDO ALEARDI,,,Scontro laterale fra veicoli in marcia,Incrocio,Una carreggiata a doppio senso,Bagnato (pioggia),Asfaltata,Verticale ed orizzontale,Pioggia in atto,Normale,Sufficiente,Sufficiente,1,0,0,1,,,False
2692867,4,12/02/2016,Strada Urbana,da specificare,,VIA DELLA BUFALOTTA,,,prossimit� via della Cecchina,Veicolo in marcia contro veicolo in sosta,Rettilineo,Una carreggiata a doppio senso,Asciutto,Asfaltata,Verticale ed orizzontale,Nuvoloso,Normale,Buona,Sufficiente,0,0,0,0,"12,54958","41,96665",False
2691532,7,12/02/2016,Strada Urbana,in prossimit�,del civico n.,VIA DEI PIOPPI,,66,,Veicolo in marcia contro veicoli in sosta,Rettilineo,Due carreggiate,Bagnato (pioggia),Asfaltata,Orizzontale,Pioggia in atto,Scarso,Buona,Sufficiente,0,0,0,0,"12,57198","41,87807",False
2692196,1,12/02/2016T00:05:00,Strada Urbana,all'intersezione semaforizzata con,VIA BUCCARI,VIA TRIONFALE,VIA BUCCARI,,,Scontro frontale/laterale SX fra veicoli in marcia,Intersezione semaforizzata,Una carreggiata a senso unico di marcia,Asciutto,Asfaltata,Verticale ed orizzontale,Nuvoloso,Scarso,Buona,Sufficiente,1,0,0,1,,,False
2695561,17,12/02/2016T00:15:00,Strada Urbana,all'intersezione semaforizzata con,PIAZZA DELLA ROVERE,LUNGOTEVERE IN SASSIA,PIAZZA DELLA ROVERE,,,Scontro frontale/laterale SX fra veicoli in marcia,Intersezione semaforizzata,Una carreggiata a senso unico di marcia,Asciutto,Asfaltata,Verticale ed orizzontale,Nuvoloso,Normale,Sufficiente,Sufficiente,1,0,0,6,,,False
2693318,20,12/02/2016T01:40:00,Provinciale entro l'abitato,all'intersezione con,VIA MONTE PELOSO,VIA CASSIA,VIA MONTE PELOSO,,,Veicolo in marcia contro ostacolo fisso,Incrocio,Una carreggiata a doppio senso,Bagnato (pioggia),Asfaltata,Orizzontale,Pioggia in atto,Scarso,Sufficiente,Sufficiente,0,0,0,1,,,False
2691659,13,12/02/2016T02:00:00,,da specificare,,VIA DEL PONTE DI TOR BOACCIANA,,,40 m SS296,Veicolo in marcia contro ostacolo fisso,,,,,,,,,,0,0,0,1,,,False
2691374,11,12/02/2016T02:30:00,Strada Urbana,in corrispondenza,del civico n.,VIA DELLE VIGNE,,62,,Veicolo in marcia contro ostacolo fisso,Rettilineo,Una carreggiata a doppio senso,Bagnato (pioggia),Lastricata,Assente,Pioggia in atto,Scarso,Buona,Sufficiente,0,0,0,1,"12,42158","41,83667",True
2692873,12,12/02/2016T03:00:00,,da specificare,,PIAZZA ANTONIO MEUCCI,,,prossimit� via della Magliana,Scontro frontale fra veicoli in marcia,,,,,,,,,,2,0,0,0,"12,46318","41,86155",False
2692315,1,12/02/2016T03:45:00,Strada Urbana,in prossimit�,del civico n.,CAMPO DE' FIORI,,14,,Veicolo in marcia contro ostacolo fisso,Rettilineo,Una carreggiata a senso unico di marcia,Bagnato (pioggia),In cubetti di porfido,Verticale ed orizzontale,Pioggia in atto,Scarso,Buona,Sufficiente,0,0,0,2,,,False
2691483,7,12/02/2016T05:00:00,,all'intersezione con,VIA DELLE ROBINIE,VIA DEI CASTANI,VIA DELLE ROBINIE,,,Scontro frontale/laterale SX fra veicoli in marcia,,,,,,,,,,1,0,0,1,"12,56672","41,88267",False
2691357,10,12/02/2016T05:40:00,Strada Urbana,da specificare,,VIA ENRICO SCHLIEMANN,,,all'intersezione con il GRA,Scontro frontale/laterale DX fra veicoli in marcia,Rettilineo,Una carreggiata a senso unico di marcia,Bagnato (umidit� in atto),Asfaltata,Verticale ed orizzontale,Nuvoloso,Normale,Sufficiente,Sufficiente,0,0,0,3,"12,58254","41,82534",True
2692765,13,12/02/2016T06:10:00,Strada Urbana,da specificare,,VIA GUIDO CALZA,,,direzione Fiumicino,Tamponamento Multiplo,Curva a visuale libera,Due carreggiate,Bagnato (umidit� in atto),Asfaltata,Verticale ed orizzontale,Nuvoloso,Normale,Buona,Ore Diurne,1,0,0,2,"12,28742","41,74874",False
2693209,20,12/02/2016T07:30:00,Strada Urbana,all'intersezione con,VIA COSTANTINO NIGRA,VIALE PAOLO BOSELLI,VIA COSTANTINO NIGRA,,,Tamponamento,,,Bagnato (pioggia),Asfaltata,Verticale ed orizzontale,Nuvoloso,Scarso,Buona,,1,0,0,1,,,False
2692395,9,12/02/2016T07:45:00,,in prossimit�,del civico n.,VIA ACIREALE,,3,,Veicolo in marcia contro ostacolo fisso,,,,,,,,,,0,0,0,1,,,False
2692367,9,12/02/2016T07:45:00,Strada Urbana,in prossimit�,del civico n.,VIA CILICIA,,1,,Tamponamento Multiplo,Rettilineo,Due carreggiate,Bagnato (pioggia),Asfaltata,Verticale ed orizzontale,Nuvoloso,Intenso,Buona,Ore Diurne,0,0,0,3,"12,50617","41,8738",True
2694930,16,12/02/2016T08:05:00,,da specificare,,LARGO ALFREDO ORIANI,,,altezza Via F.D.Guerrazzi,Infortunio per caduta del veicolo,,,,,,,,,,0,0,0,3,,,False
2694731,5,12/02/2016T08:10:00,,da specificare,,VIALE PALMIRO TOGLIATTI,,,alt. Ponte Mammolo dir. Prenestina,Infortunio per sola frenata improvvisa,,,,,,,,,,0,0,0,0,"12,56644","41,92137",False
2692917,12,12/02/2016T08:15:00,,da specificare,,VIA CRISTOFORO COLOMBO,,,prossimit� fermata bus n�74333 p.le Nervi,Investimento di pedone,,,,,,,,,,1,0,0,2,,,False
2692881,12,12/02/2016T08:15:00,Strada Urbana,all'intersezione con,VIALE ITALO CALVINO,VIA DI ACQUA ACETOSA OSTIENSE,VIALE ITALO CALVINO,,,Infortunio per caduta del veicolo,Incrocio,Una carreggiata a doppio senso,Bagnato (umidit� in atto),Asfaltata,Verticale ed orizzontale,Sereno,Normale,Buona,Ore Diurne,1,0,0,3,,,False
2692870,4,12/02/2016T08:25:00,Strada Urbana,all'intersezione con,VIA MONTE S. VICINO,VIA MONTE MASSICO,VIA MONTE S. VICINO,,,Scontro laterale fra veicoli in marcia,Incrocio,Una carreggiata a doppio senso,Asciutto,Asfaltata,Assente,Sereno,Normale,Buona,Ore Diurne,0,0,0,3,"12,53196","41,9513",True
2692804,13,12/02/2016T08:25:00,Strada Urbana,in prossimit�,del civico n.,VIALE CARDINAL GINNASI,,11,,Scontro frontale/laterale SX fra veicoli in marcia,Rettilineo,Una carreggiata a doppio senso,Asciutto,Asfaltata,Assente,Nuvoloso,Normale,Buona,Ore Diurne,0,0,0,2,"12,28186","41,73207",False
2692802,11,12/02/2016T08:30:00,Strada Urbana,all'intersezione con,G.R.A. bretella corsia interna ,VIA ARDEATINA,G.R.A. bretella corsia interna ,,,Scontro frontale/laterale SX fra veicoli in marcia,Incrocio,Pi� di due carreggiate,Asciutto,Asfaltata,Verticale ed orizzontale,Nuvoloso,Normale,Buona,Ore Diurne,0,0,0,2,"12,52822","41,80219",True
2692878,8,12/02/2016T08:30:00,Strada Urbana,all'intersezione con,VIALE PIETRO ANDERLONI,VIA AMICO ASPERTINI,VIALE PIETRO ANDERLONI,,,Scontro laterale fra veicoli in marcia,Incrocio,Una carreggiata a doppio senso,Asciutto,Asfaltata,Verticale ed orizzontale,Nuvoloso,Normale,Buona,Ore Diurne,0,0,0,2,"12,6299","41,87275",False
2695063,2,12/02/2016T08:35:00,Strada Urbana,in corrispondenza,del civico n.,PIAZZA GONDAR,,18,,Scontro laterale fra veicoli in marcia,Rettilineo,Due carreggiate,Asciutto,Asfaltata,Verticale ed orizzontale,Nuvoloso,Normale,Buona,Ore Diurne,0,0,0,3,"12,52092","41,93331",False
2692829,6,12/02/2016T08:50:00,Strada Urbana,da specificare,,PIAZZALE PRENESTINO,,,fronte civico 7,Infortunio per caduta del veicolo,Rettilineo,Pi� di due carreggiate,Bagnato (umidit� in atto),Asfaltata,Verticale ed orizzontale,Nuvoloso,Intenso,Buona,Ore Diurne,1,0,0,1,,,False
2695253,16,12/02/2016T09:10:00,Strada Urbana,in corrispondenza,del civico n.,VIA VINCENZO TIZZANI,,80,,Scontro frontale/laterale SX fra veicoli in marcia,Curva senza visuale libera,Una carreggiata a senso unico di marcia,Bagnato (umidit� in atto),Asfaltata,Verticale,Nuvoloso,Scarso,Buona,Ore Diurne,0,0,0,2,"12,442","41,87068",True
2693265,20,12/02/2016T09:20:00,,in prossimit�,del civico n.,VIA CONCESIO,,4,,Scontro frontale fra veicoli in marcia,,,Bagnato (pioggia),Asfaltata,Verticale ed orizzontale,Nuvoloso,Normale,Buona,,1,0,0,2,,,False
2691901,15,12/02/2016T09:35:00,Strada Urbana,da specificare,,VIADOTTO DELLA MAGLIANA,,,rampa immissione Viadotto dir. EUR,Scontro laterale fra veicoli in marcia,Rettilineo,Due carreggiate,Asciutto,Asfaltata,Orizzontale,Sereno,Intenso,Buona,Ore Diurne,0,0,0,2,"12,45101","41,83835",True
2692969,4,12/02/2016T09:50:00,Strada Urbana,in prossimit�,del civico n.,VIA DELLA BUFALOTTA,,451,,Veicolo in marcia contro ostacolo accidentale,Curva a visuale libera,Una carreggiata a doppio senso,Asciutto,Asfaltata,Verticale ed orizzontale,Sereno,Normale,Buona,Ore Diurne,0,0,0,2,"12,54605","41,95865",True
2693301,20,12/02/2016T10:15:00,Strada Urbana,da specificare,,VIA DEL FORO ITALICO,,,dir. stadio rampa uscita V.le Tor di Quinto,Tamponamento,Rettilineo,Una carreggiata a senso unico di marcia,Asciutto,Asfaltata,,Nuvoloso,Intenso,Buona,Ore Diurne,0,0,0,2,,,False
2692373,9,12/02/2016T10:15:00,Strada Urbana,all'intersezione con,VIA VULCI,VIA LUSITANIA,VIA VULCI,,,Tamponamento,Intersezione stradale segnalata,Una carreggiata a senso unico di marcia,Asciutto,Asfaltata,Verticale,Nuvoloso,Scarso,Buona,Ore Diurne,0,0,0,2,"12,50429","41,87707",True
2695164,2,12/02/2016T10:20:00,Strada Urbana,da specificare,,VIALE LIEGI,,,pross. 3/A,Scontro laterale fra veicoli in marcia,Rettilineo,Una carreggiata a doppio senso,Asciutto,Asfaltata,Verticale ed orizzontale,Nuvoloso,Normale,Buona,Ore Diurne,0,0,0,2,"12,49809","41,91981",True
2692806,12,12/02/2016T10:30:00,Strada Urbana,in corrispondenza,del civico n.,VIALE UMBERTO TUPINI,,100,,Veicolo in marcia contro veicolo in sosta,Rettilineo,Una carreggiata a doppio senso,Asciutto,Asfaltata,Verticale ed orizzontale,Sereno,Normale,Buona,Ore Diurne,0,0,0,1,"12,46239","41,83397",True
2691839,19,12/02/2016T10:50:00,Strada Urbana,all'intersezione con,VIA MASSIMI,VIA DELLA BALDUINA,VIA MASSIMI,,,Tamponamento Multiplo,Incrocio,Una carreggiata a doppio senso,Asciutto,Asfaltata,Verticale ed orizzontale,Nuvoloso,Scarso,Buona,Ore Diurne,0,0,0,4,"12,4426","41,92801",True
2692743,8,12/02/2016T11:00:00,Strada Urbana,all'intersezione con,VIA MODOLO,VIA ESTERZILI,VIA MODOLO,,,Tamponamento Multiplo,Incrocio,Una carreggiata a doppio senso,Asciutto,Asfaltata,Verticale ed orizzontale,Nuvoloso,Scarso,Buona,Ore Diurne,0,0,0,4,"12,68427","41,88803",True
2692127,9,12/02/2016T11:05:00,Strada Urbana,in corrispondenza,del civico n.,VIA APPIA NUOVA,,266,,Scontro laterale fra veicoli in marcia,Rettilineo,Due carreggiate,Asciutto,Asfaltata,Orizzontale,Sereno,Normale,Buona,Ore Diurne,0,0,0,2,,,False
2692833,12,12/02/2016T11:20:00,Strada Urbana,in prossimit�,del civico n.,VIA GIUSEPPE TOMASI DI LAMPEDUSA,,9,,Veicolo in marcia contro veicolo in sosta,Pendenza,Una carreggiata a doppio senso,Asciutto,Asfaltata,Verticale,Sereno,Scarso,Buona,Ore Diurne,0,0,0,1,"12,47325","41,81605",False
2695193,3,12/02/2016T11:30:00,Strada Urbana,in corrispondenza,del civico n.,VIA NOMENTANA,,90,,Tamponamento,Rettilineo,Pi� di due carreggiate,Asciutto,Asfaltata,Verticale ed orizzontale,Nuvoloso,Normale,Buona,Ore Diurne,0,0,0,3,"12,51336","41,91725",True
2692186,10,12/02/2016T12:25:00,Strada Urbana,da specificare,,VIA DELLE CAPANNELLE,,,prossimit� Palo Acea 93,Veicolo in marcia contro veicoli in sosta,Rettilineo,Una carreggiata a doppio senso,Asciutto,Asfaltata,Orizzontale,Nuvoloso,Normale,Buona,Ore Diurne,1,0,0,0,,,False
2692879,6,12/02/2016T12:35:00,Strada Urbana,da specificare,,VIA DEI GORDIANI,,,altezza VIA CHECCO DURANTE,Scontro laterale fra veicoli in marcia,Rettilineo,Una carreggiata a doppio senso,Asciutto,Asfaltata,Verticale ed orizzontale,Sereno,Normale,Buona,Ore Diurne,0,0,0,2,"12,55437","41,88136",True
2694783,1,12/02/2016T12:50:00,Strada Urbana,all'intersezione semaforizzata con,VIA GALVANI,VIA NICOLA ZABAGLIA,VIA GALVANI,,,Scontro laterale fra veicoli in marcia,Intersezione semaforizzata,Una carreggiata a doppio senso,Asciutto,Asfaltata,Verticale ed orizzontale,Nuvoloso,Normale,Buona,Ore Diurne,1,0,0,1,,,False
2692057,4,12/02/2016T13:20:00,Provinciale,da specificare,,VIA NOMENTANA,,,fronte rampa GRA carreggiata interna,Scontro frontale/laterale DX fra veicoli in marcia,Rettilineo,Due carreggiate,Bagnato (pioggia),Asfaltata,Verticale ed orizzontale,Nuvoloso,Normale,Buona,Ore Diurne,1,0,0,1,,,False
2695712,17,12/02/2016T13:30:00,Strada Urbana,in prossimit�,del civico n.,VIA FILIPPO CORRIDONI,,7,,Veicolo in marcia contro veicolo in sosta,Rettilineo,Due carreggiate,Bagnato (pioggia),Asfaltata,Verticale ed orizzontale,Nuvoloso,Normale,Buona,Ore Diurne,0,0,0,1,"12,46076","41,9201",False
2695276,16,12/02/2016T14:00:00,,in corrispondenza,del civico n.,VIA SILVESTRI,,10,,Scontro laterale fra veicoli in marcia,,,,,,,,,,0,0,0,3,,,False
2692201,9,12/02/2016T14:25:00,Strada Urbana,in prossimit�,del civico n.,VIA DELL'ARCO DI TRAVERTINO,,11,,Scontro laterale fra veicoli in marcia,Rettilineo,Due carreggiate,Bagnato (pioggia),Asfaltata,Orizzontale,Nuvoloso,Normale,Buona,Ore Diurne,0,0,0,2,,,False
2695142,19,12/02/2016T14:35:00,Strada Urbana,in prossimit�,del civico n.,VIA TRIONFALE,,8644,,Infortunio per sola frenata improvvisa,Rettilineo,Una carreggiata a senso unico di marcia,Bagnato (pioggia),Asfaltata,Verticale ed orizzontale,Pioggia in atto,Intenso,Sufficiente,Ore Diurne,1,0,0,1,"12,42421","41,9398",True
2692851,8,12/02/2016T14:40:00,Strada Urbana,all'intersezione con,VIA CAMPI SALENTINA,VIA GAGLIANO DEL CAPO,VIA CAMPI SALENTINA,,,Scontro frontale/laterale DX fra veicoli in marcia,Intersezione stradale segnalata,Una carreggiata a doppio senso,Asciutto,Asfaltata,Verticale ed orizzontale,Sereno,Normale,Buona,Ore Diurne,0,0,0,3,"12,65196","41,8551",True
2694801,17,12/02/2016T14:45:00,Strada Urbana,all'intersezione semaforizzata con,PIAZZA DELLE CINQUE GIORNATE,VIA LUIGI SETTEMBRINI,PIAZZA DELLE CINQUE GIORNATE,,,Scontro laterale fra veicoli in marcia,Intersezione semaforizzata,Due carreggiate,Bagnato (umidit� in atto),Asfaltata,Verticale ed orizzontale,Nuvoloso,Normale,Buona,Ore Diurne,1,0,0,1,"12,46922","41,91386",False
2699962,18,12/02/2016T14:45:00,Strada Urbana,in corrispondenza,del civico n.,VIA DI BOCCEA,,250,,Tamponamento,Rettilineo,Una carreggiata a doppio senso,Bagnato (umidit� in atto),Asfaltata,Verticale ed orizzontale,Nuvoloso,Intenso,Buona,Ore Diurne,0,0,0,2,"12,41957","41,90357",False
2700071,18,12/02/2016T14:50:00,Statale,in prossimit�,della chilometrica,VIA AURELIA,,10,,Tamponamento Multiplo,Rettilineo,Due carreggiate,Bagnato (umidit� in atto),Asfaltata,Verticale ed orizzontale,Nuvoloso,Normale,Buona,Ore Diurne,0,0,0,3,"12,4138","41,89218",True
2695325,16,12/02/2016T15:10:00,Strada Urbana,all'intersezione con,VIA PANFILO CASTALDI,VIA ETTORE ROLLI,VIA PANFILO CASTALDI,,,Tamponamento,Incrocio,Una carreggiata a doppio senso,Bagnato (umidit� in atto),Asfaltata,Verticale ed orizzontale,Nuvoloso,Intenso,Buona,Ore Diurne,0,0,0,2,"12,46761","41,87428",False
2694928,19,12/02/2016T15:40:00,Strada Urbana,all'intersezione con,VIA CLEMENTE XII,VIA ALESSANDRO VII,VIA CLEMENTE XII,,,Scontro frontale/laterale SX fra veicoli in marcia,Incrocio,Una carreggiata a senso unico di marcia,Bagnato (pioggia),Asfaltata,Verticale,Nuvoloso,Scarso,Buona,Ore Diurne,0,0,0,2,"12,42225","41,92136",True
2692159,6,12/02/2016T15:40:00,Strada Urbana,in prossimit�,del civico n.,VIALE DELL'ACQUEDOTTO ALESSANDRINO,,142,,Scontro laterale fra veicoli in marcia,Curva a visuale libera,Una carreggiata a senso unico di marcia,Bagnato (pioggia),Asfaltata,Orizzontale,Nuvoloso,Normale,Buona,Ore Diurne,1,0,0,1,"12,54677","41,87633",True
2693416,1,12/02/2016T15:55:00,Strada Urbana,in corrispondenza,del civico n.,PIAZZA DI PORTA MAGGIORE,,f. 25,,Scontro laterale fra veicoli in marcia,Rettilineo,Una carreggiata a senso unico di marcia,Asciutto,Asfaltata,Verticale ed orizzontale,Sereno,Normale,Buona,Ore Diurne,1,0,0,4,,,False
2692365,7,12/02/2016T16:00:00,Strada Urbana,in prossimit�,del civico n.,VIALE PALMIRO TOGLIATTI,,824,,Scontro laterale fra veicoli in marcia,Rettilineo,Due carreggiate,Asciutto,Asfaltata,Verticale ed orizzontale,Nuvoloso,Normale,Buona,Ore Diurne,0,0,0,3,"12,57366","41,88653",False
2695221,2,12/02/2016T16:15:00,Strada Urbana,da specificare,,VIA DEL FORO ITALICO,,,pross. rampa uscita via Salaria gra,Scontro laterale fra veicoli in marcia,Rettilineo,Pi� di due carreggiate,Asciutto,Asfaltata,Verticale ed orizzontale,Sereno,Normale,Buona,Ore Diurne,0,0,0,2,"12,51087","41,93823",False
2692264,6,12/02/2016T16:15:00,Strada Urbana,in corrispondenza,del civico n.,VIA SESTIO MENAS,,38,,Scontro frontale/laterale SX fra veicoli in marcia,Rettilineo,Una carreggiata a doppio senso,Bagnato (pioggia),Asfaltata,Verticale,Nuvoloso,Normale,Buona,Ore Diurne,0,0,0,4,"12,55262","41,86617",True
2693339,1,12/02/2016T16:20:00,Strada Urbana,in prossimit�,del civico n.,PIAZZA DI S. GIOVANNI IN LATERANO,,4,,Veicolo in marcia contro veicolo in sosta,Curva a visuale libera,Una carreggiata a doppio senso,Asciutto,Asfaltata,Verticale ed orizzontale,Nuvoloso,Intenso,Buona,Ore Diurne,0,0,0,1,,,False
2692303,2,12/02/2016T16:30:00,Strada Urbana,in prossimit�,del civico n.,VIA NOMENTANA,,fr. 373,,Infortunio per sola frenata improvvisa,Rettilineo,Una carreggiata a doppio senso,Asciutto,Asfaltata,Verticale ed orizzontale,Sereno,Normale,Buona,Ore Diurne,0,1,0,1,,,False
2695026,19,12/02/2016T16:45:00,Strada Urbana,in prossimit�,del civico n.,VIA DI BOCCEA,,1042,,Veicolo in marcia contro ostacolo fisso,Rettilineo,Una carreggiata a doppio senso,Bagnato (pioggia),Asfaltata,Assente,Nuvoloso,Scarso,Sufficiente,Ore Diurne,0,0,0,1,"12,33201","41,93368",True
2692889,8,12/02/2016T16:45:00,,da specificare,,VIA DI TOR VERGATA,,,ALTEZZA VIA M. PASTORE,Tamponamento,,,,,,,,,,1,0,0,2,"12,62161","41,84548",False
2695605,17,12/02/2016T16:45:00,,all'intersezione con,VIA POMPEO MAGNO,VIA MARCANTONIO COLONNA,VIA POMPEO MAGNO,,,Scontro laterale fra veicoli in marcia,,,,,,,,,,0,0,0,2,,,False
2695145,19,12/02/2016T16:50:00,Strada Urbana,all'intersezione con,VIA DECIO FILIPPONI,VIA MASSIMI,VIA DECIO FILIPPONI,,,Scontro frontale/laterale SX fra veicoli in marcia,Incrocio,Una carreggiata a doppio senso,Asciutto,Asfaltata,Verticale ed orizzontale,Sereno,Normale,Buona,Ore Diurne,2,0,0,1,"12,44217","41,92828",True
2692811,11,12/02/2016T17:00:00,Strada Urbana,da specificare,,LARGO LEONARDO DA VINCI,,,prossimit� VIA CHIABRERA,Scontro frontale fra veicoli in marcia,Rettilineo,Pi� di due carreggiate,Asciutto,Asfaltata,Verticale ed orizzontale,Nuvoloso,Intenso,Sufficiente,Sufficiente,0,0,0,2,,,False
2694879,17,12/02/2016T17:10:00,Strada Urbana,in prossimit�,del civico n.,PIAZZA ADRIANA,,15,,Scontro laterale fra veicoli in marcia,Rettilineo,Una carreggiata a senso unico di marcia,Asciutto,Asfaltata,Verticale ed orizzontale,Nuvoloso,Intenso,Buona,Ore Diurne,0,0,0,3,"12,46677","41,90508",False
2692442,7,12/02/2016T17:10:00,Strada Urbana,in prossimit�,del civico n.,VIA DEGLI OLIVI,,51,,Veicolo in marcia contro veicolo fermo,Rettilineo,Una carreggiata a senso unico di marcia,Asciutto,Asfaltata,Verticale,Nuvoloso,Normale,Buona,Ore Diurne,0,0,0,3,"12,56617","41,88676",True
2693007,12,12/02/2016T17:10:00,Provinciale entro l'abitato,all'intersezione con,VIA CESARE FRUGONI,VIA OSTIENSE,VIA CESARE FRUGONI,,,Scontro laterale fra veicoli in marcia,Incrocio,Una carreggiata a doppio senso,Asciutto,Asfaltata,Verticale ed orizzontale,Nuvoloso,Intenso,Buona,Ore Diurne,1,0,0,2,"12,45895","41,83686",False
2694738,5,12/02/2016T17:15:00,Strada Urbana,in prossimit�,del palo luce n.,VIA RINALDO D'AQUINO,,102,,Tamponamento,Rettilineo,Una carreggiata a senso unico di marcia,Asciutto,Asfaltata,Verticale ed orizzontale,Nuvoloso,Normale,Sufficiente,Inesistente,0,0,0,3,"12,61085","41,96467",True
2692379,6,12/02/2016T17:35:00,Strada Urbana,in corrispondenza,del civico n.,VIA COLLATINA,,104,,Investimento di pedone,Rettilineo,Una carreggiata a doppio senso,Asciutto,Asfaltata,Orizzontale,Nuvoloso,Intenso,Buona,Ore Diurne,1,0,0,1,"12,56499","41,89953",True
2696528,8,12/02/2016T17:45:00,,in corrispondenza,del civico n.,VIALE S. RITA DA CASCIA,,50,,Veicolo in marcia contro ostacolo accidentale,,,,,,,,,,0,0,0,1,,,False
2695497,23,12/02/2016T17:45:00,Strada Urbana,all'intersezione con,PIAZZA DELLE CINQUE SCOLE,LUNGOTEVERE DE' CENCI,PIAZZA DELLE CINQUE SCOLE,,,Tamponamento,Intersezione stradale segnalata,Una carreggiata a senso unico di marcia,Asciutto,Asfaltata,Orizzontale,Nuvoloso,Normale,Buona,Sufficiente,0,0,0,2,"12,47647","41,892",True
2692862,13,12/02/2016T18:00:00,Strada Urbana,in corrispondenza,del civico n.,LUNGOMARE PAOLO TOSCANELLI,,86,,Scontro laterale fra veicoli in marcia,Rettilineo,Due carreggiate,Bagnato (pioggia),Asfaltata,Orizzontale,Nuvoloso,Normale,Buona,Sufficiente,0,0,0,4,"12,27889","41,72901",False
2692459,7,12/02/2016T18:15:00,Strada Urbana,all'intersezione con,VIA WALTER TOBAGI,VIA DI TOR TRE TESTE,VIA WALTER TOBAGI,,,Scontro frontale/laterale DX fra veicoli in marcia,Intersezione stradale segnalata,Una carreggiata a doppio senso,Bagnato (pioggia),Asfaltata,Verticale ed orizzontale,Pioggia in atto,Intenso,Sufficiente,Sufficiente,0,0,0,2,"12,59335","41,8837",True
2692752,11,12/02/2016T18:20:00,Strada Urbana,in prossimit�,del civico n.,VIA MARIO MUSCO,,22,,Veicolo in marcia contro veicolo in sosta,Rettilineo,Una carreggiata a senso unico di marcia,Bagnato (pioggia),Asfaltata,Verticale ed orizzontale,Nuvoloso,Intenso,Buona,Sufficiente,0,0,0,2,"12,48728","41,84859",True