_ID,_Gruppo,_DataOraIncidente,_Localizzazione1,_Localizzazione2,_Strada1,_DaSpecificare,_NaturaIncidente,_ParticolaritaStrade,_TipoStrada,_FondoStradale,_Pavimentazione,_Segnaletica,_CondizioneAtmosferica,_Traffico,_Visibilita,_Illuminazione,_NUM_FERITI,_NUM_RISERVATA,_NUM_MORTI,_NUM_ILLESI,_Longitudine,_Latitudine,_CONFERMATO,__prefix,_Strada02,_Strada2,_Chilometrica
2692792,11,12/02/2016T18:25:00,Strada Urbana,in prossimit�,del civico n.,VIA DI S. GALLA,,1,,Infortunio per caduta del veicolo,Rettilineo,Una carreggiata a doppio senso,Bagnato (umidit� in atto),Asfaltata,Verticale ed orizzontale,Nuvoloso,Normale,Sufficiente,Sufficiente,2,0,0,1,"12,48885","41,86824",True
2692826,11,12/02/2016T18:30:00,Strada Urbana,da specificare,,VIA DI GROTTA PERFETTA,,,altezza palo ACEA 74,Tamponamento Multiplo,Rettilineo,Una carreggiata a doppio senso,Bagnato (pioggia),Asfaltata,Verticale ed orizzontale,Pioggia in atto,Intenso,Sufficiente,Sufficiente,1,0,0,4,"12,50158","41,84057",False
2709719,3,12/02/2016T18:30:00,,in prossimit�,del civico n.,VIALE DELL'UNIVERSITA',,33,,Investimento di pedone,,,,,,,,,,0,0,1,0,,,False
2692945,12,12/02/2016T18:40:00,Comunale extraurbana,da specificare,,VIA DI PORTA MEDAGLIA,,,altezza via Ardeatina,Veicolo in marcia contro ostacolo accidentale,Curva a visuale libera,Una carreggiata a doppio senso,Bagnato (pioggia),Asfaltata,Verticale,Pioggia in atto,Scarso,Insufficiente,Inesistente,0,0,0,1,"12,52794","41,75623",True
2695104,19,12/02/2016T18:40:00,Strada Urbana,all'intersezione con,VIA MONTEBRUNO,VIA DI TORREVECCHIA,VIA MONTEBRUNO,,,Scontro frontale/laterale DX fra veicoli in marcia,Incrocio,Una carreggiata a doppio senso,Bagnato (pioggia),Asfaltata,Verticale ed orizzontale,Pioggia in atto,Normale,Sufficiente,Sufficiente,0,0,0,3,"12,41925","41,93118",False
2693325,20,12/02/2016T18:45:00,Strada Urbana,da specificare,,LARGO VILLY DE LUCA,,,fronte civico n. 4,Veicolo in marcia contro veicolo in sosta,Rettilineo,Una carreggiata a senso unico di marcia,Bagnato (pioggia),Asfaltata,Verticale ed orizzontale,Pioggia in atto,Scarso,Sufficiente,Sufficiente,0,0,0,1,,,False
2694935,17,12/02/2016T19:00:00,Strada Urbana,in prossimit�,del civico n.,VIA COLA DI RIENZO,,166,,Investimento di pedone,Rettilineo,Una carreggiata a doppio senso,Bagnato (pioggia),In cubetti di porfido,Verticale ed orizzontale,Pioggia in atto,Normale,Sufficiente,Sufficiente,1,0,0,1,"12,46414","41,90768",False
2693035,12,12/02/2016T19:15:00,Provinciale,all'intersezione con,VIA DI CASTEL DI LEVA,VIA LAURENTINA,VIA DI CASTEL DI LEVA,,,Scontro laterale fra veicoli in marcia,Rotatoria,Una carreggiata a senso unico di marcia,Bagnato (pioggia),Asfaltata,Verticale ed orizzontale,Pioggia in atto,Intenso,Buona,Sufficiente,0,0,0,3,"12,48264","41,7879",True
2692880,13,12/02/2016T19:20:00,Strada Urbana,da specificare,,VIALE DEI ROMAGNOLI,,,altezza bivio sottopasso Acilia dir.Ostia,Veicolo in marcia contro ostacolo accidentale,Rettilineo,Una carreggiata a senso unico di marcia,Bagnato (pioggia),Con buche,Orizzontale,Pioggia in atto,Normale,Buona,Sufficiente,0,0,0,1,"12,36254","41,78463",False
2692824,8,12/02/2016T19:25:00,Strada Urbana,in prossimit�,del civico n.,VIA DI TORRENOVA,,207,,Scontro frontale fra veicoli in marcia,Rettilineo,Una carreggiata a doppio senso,Bagnato (pioggia),Asfaltata,Assente,Pioggia in atto,Normale,Sufficiente,Sufficiente,0,0,0,2,"12,61855","41,87721",True
2692906,8,12/02/2016T19:35:00,Strada Urbana,in prossimit�,del civico n.,VIA DI VERMICINO,,169,,Veicolo in marcia contro veicoli fermi,Rettilineo,Una carreggiata a doppio senso,Bagnato (pioggia),Asfaltata,Verticale ed orizzontale,Pioggia in atto,Intenso,Sufficiente,Sufficiente,2,0,0,3,"12,67306","41,85258",False
2694932,10,12/02/2016T19:50:00,Strada Urbana,in corrispondenza,del civico n.,VIALE DEI CONSOLI,,143,,Veicolo in marcia contro veicolo arresto,Rettilineo,Una carreggiata a senso unico di marcia,Bagnato (pioggia),Asfaltata,Orizzontale,Pioggia in atto,Normale,Buona,Sufficiente,0,0,0,3,"12,55222","41,86408",True
2694842,15,12/02/2016T19:50:00,Provinciale,da specificare,,VIA PORTUENSE,,,prima del n.c. 1133,Veicolo in marcia contro ostacolo fisso,Rettilineo,Una carreggiata a doppio senso,Bagnato (pioggia),Asfaltata,Orizzontale,Pioggia in atto,Normale,Insufficiente,Inesistente,0,0,0,1,"12,40939","41,84342",True
2695488,23,12/02/2016T20:00:00,Strada Urbana,da specificare,,VIALE DEI ROMAGNOLI,,,intersezione via Monti di San Paolo,Tamponamento,Rettilineo,Una carreggiata a senso unico di marcia,Bagnato (pioggia),Asfaltata,Verticale ed orizzontale,Pioggia in atto,Scarso,Buona,Sufficiente,0,0,0,2,"12,32203","41,76901",True
2693022,12,12/02/2016T20:10:00,Strada Urbana,all'intersezione semaforizzata con,VIALE DELL'OCEANO PACIFICO,VIA CRISTOFORO COLOMBO,VIALE DELL'OCEANO PACIFICO,,,Scontro frontale/laterale SX fra veicoli in marcia,Intersezione semaforizzata,Una carreggiata a doppio senso,Bagnato (pioggia),Asfaltata,Verticale ed orizzontale,Pioggia in atto,Intenso,Buona,Sufficiente,0,0,0,4,"12,46267","41,81797",True
2692929,13,12/02/2016T20:24:00,Strada Urbana,da specificare,,VIALE DEI ROMAGNOLI,,,circa 50 m dopo V.le Monti di San Paolo,Veicolo in marcia contro ostacolo accidentale,Pendenza,Una carreggiata a senso unico di marcia,Bagnato (pioggia),Asfaltata,Orizzontale,Pioggia in atto,Normale,Sufficiente,Sufficiente,0,0,0,1,"12,36186","41,78411",True
2692779,8,12/02/2016T20:30:00,,in prossimit�,del civico n.,VIA ACQUAVIVA D'ISERNIA,,57,,Veicolo in marcia contro ostacolo accidentale,,,,,,,,,,0,0,0,2,"12,66935","41,9192",False
2692793,8,12/02/2016T20:35:00,,in prossimit�,del civico n.,VIA ACQUAVIVA D'ISERNIA,,57,,Veicolo in marcia contro ostacolo accidentale,,,,,,,,,,0,0,0,1,"12,66935","41,9192",False
2699731,18,12/02/2016T20:40:00,,in prossimit�,del civico n.,VIA GREGORIO VII,,186,,Investimento di pedone,,,,,,,,,,1,0,0,1,"12,44321","41,89631",False
2692951,13,12/02/2016T20:45:00,Strada Urbana,da specificare,,VIALE DEI ROMAGNOLI,,,50 m dopo intersezione con v.le Monti di S.Paolo,Veicolo in marcia contro ostacolo accidentale,Pendenza,Una carreggiata a senso unico di marcia,Bagnato (pioggia),Asfaltata,Orizzontale,Pioggia in atto,Normale,Sufficiente,Sufficiente,0,0,0,2,"12,32203","41,76901",True
2695171,2,12/02/2016T20:50:00,,all'intersezione semaforizzata con,VIA DELLE VALLI,PIAZZA GONDAR,VIA DELLE VALLI,,,Scontro laterale fra veicoli in marcia,,,,,,,,,,0,0,0,2,,,False
2694729,1,12/02/2016T21:00:00,Strada Urbana,all'intersezione con,VIA FOSCOLO,PIAZZA VITTORIO EMANUELE II,VIA FOSCOLO,,,Scontro laterale fra veicoli in marcia,Incrocio,Una carreggiata a doppio senso,Bagnato (pioggia),Asfaltata,Verticale ed orizzontale,Pioggia in atto,Normale,Sufficiente,Sufficiente,0,0,0,2,,,False
2692774,8,12/02/2016T21:00:00,,da specificare,,VIA CASILINA,,,IN PROSSIMITA' DI VIA SILICELLA,Veicolo in marcia contro ostacolo accidentale,,,,,,,,,,0,0,0,1,"12,59886","41,86552",False
2695344,16,12/02/2016T21:00:00,Strada Urbana,in prossimit�,del civico n.,VIA CAMILLO SERAFINI,,10,,Scontro frontale/laterale SX fra veicoli in marcia,Rettilineo,Una carreggiata a doppio senso,Bagnato (pioggia),Asfaltata,Orizzontale,Pioggia in atto,Normale,Sufficiente,Insufficiente,0,0,0,3,"12,42711","41,87933",False
2692979,13,12/02/2016T21:20:00,Strada Urbana,da specificare,,VIALE DEI ROMAGNOLI,,,50 m dopo v.le Monti di S.Paolo,Veicolo in marcia contro ostacolo accidentale,Pendenza,Una carreggiata a senso unico di marcia,Bagnato (pioggia),Asfaltata,Orizzontale,Pioggia in atto,Normale,Buona,Sufficiente,0,0,0,1,"12,36289","41,78488",True
2693037,13,12/02/2016T21:21:00,Strada Urbana,da specificare,,VIALE DEI ROMAGNOLI,,,50 m dopo v.le Monti di S.Paolo,Veicolo in marcia contro ostacolo accidentale,Pendenza,Una carreggiata a senso unico di marcia,Bagnato (pioggia),Asfaltata,Orizzontale,Pioggia in atto,Normale,Buona,Sufficiente,0,0,0,1,"12,36323","41,78488",True
2694959,17,12/02/2016T21:30:00,Strada Urbana,in prossimit�,del civico n.,VIALE ANGELICO,,54,,Veicolo in marcia contro veicolo in sosta,Rettilineo,Pi� di due carreggiate,Bagnato (pioggia),Asfaltata,Verticale ed orizzontale,Pioggia in atto,Scarso,Buona,Sufficiente,0,0,0,2,"12,45876","41,9191",False
2694864,10,12/02/2016T21:30:00,,in corrispondenza,del civico n.,VIA TUSCOLANA,,984,,Investimento di pedone,,,,,,,,,,2,0,0,0,,,False
2694978,10,12/02/2016T21:45:00,Strada Urbana,in prossimit�,del civico n.,VIA TUSCOLANA,,1528,,Scontro laterale fra veicoli in marcia,Rettilineo,Una carreggiata a senso unico di marcia,Bagnato (pioggia),Asfaltata,Orizzontale,Pioggia in atto,Scarso,Buona,Sufficiente,0,0,0,3,"12,57153","41,85106",True
2694923,19,12/02/2016T23:00:00,Strada Urbana,da specificare,,GALLERIA GIOVANNI XXIII,,,rettilineo dopo uscita Via Cortina D'Ampezzo ,Ribaltamento senza urto contro ostacolo fisso,Galleria illuminata,Una carreggiata a senso unico di marcia,Bagnato (umidit� in atto),Asfaltata,Orizzontale,Nuvoloso,Scarso,Buona,Sufficiente,0,0,0,1,"12,43402","41,93818",True
2695386,16,12/02/2016T23:30:00,,all'intersezione con,PIAZZA GUGLIELMO MARCONI,VIA CRISTOFORO COLOMBO,PIAZZA GUGLIELMO MARCONI,,,Investimento di pedone,,,,,,,,,,0,0,0,4,,,False
2695449,7,12/02/2016T23:30:00,Statale entro l'abitato,all'intersezione con,VIA ROCCA D'EVANDRO,VIA PRENESTINA,VIA ROCCA D'EVANDRO,,,Scontro frontale/laterale SX fra veicoli in marcia,Incrocio,Una carreggiata a doppio senso,Bagnato (pioggia),Asfaltata,Verticale ed orizzontale,Pioggia in atto,Normale,Sufficiente,Sufficiente,0,0,0,2,"12,63144","41,89267",False
2694366,12,13/02/2016,,in corrispondenza,del civico n.,VIA MAR DELLA CINA,,254,,Veicolo in marcia contro veicoli in sosta,,,,,,,,,,0,0,0,1,"12,43748","41,81061",False
2699809,18,13/02/2016T00:30:00,,da specificare,,VIA AURELIA,,,in corrispondenza fronte civ. 747,Scontro laterale fra veicoli in marcia,,,,,,,,,,0,0,0,5,,,False
2695318,19,13/02/2016T01:40:00,Strada Urbana,da specificare,,VIA FLAMINIA NUOVA,,,usc. sottopas. per Via Flaminia dir. Tor di Quinto,Fuoriuscita dalla sede stradale,Curva a visuale libera,Una carreggiata a senso unico di marcia,Bagnato (pioggia),Asfaltata,Assente,Pioggia in atto,Scarso,Buona,Sufficiente,1,0,0,0,,,False
2695214,3,13/02/2016T01:45:00,Strada Urbana,in prossimit�,del civico n.,VIALE LIEGI,,50,,Veicolo in marcia contro veicolo in sosta,Rettilineo,Pi� di due carreggiate,Bagnato (pioggia),Asfaltata,Assente,Pioggia in atto,Scarso,Sufficiente,Sufficiente,0,0,0,1,"12,4948","41,92177",False
2695402,1,13/02/2016T03:25:00,Strada Urbana,all'intersezione semaforizzata con,VIA FARINI,VIA GIOBERTI,VIA FARINI,,,Scontro frontale/laterale SX fra veicoli in marcia,Intersezione semaforizzata,Una carreggiata a senso unico di marcia,Bagnato (pioggia),Asfaltata,Verticale ed orizzontale,Pioggia in atto,Scarso,Buona,Sufficiente,0,0,0,3,,,False
2692761,8,13/02/2016T04:00:00,Statale entro l'abitato,in prossimit�,del civico n.,VIA TIBURTINA,,1120,,Veicolo in marcia contro ostacolo fisso,Rettilineo,Una carreggiata a doppio senso,Bagnato (pioggia),Asfaltata,Verticale,Nuvoloso,Scarso,Insufficiente,Insufficiente,0,0,0,1,"12,59088","41,93306",False
2695226,3,13/02/2016T05:20:00,Strada Urbana,da specificare,,CORSO D'ITALIA,,,altezza galoppatoio,Veicolo in marcia contro veicolo fermo,Curva a visuale libera,Due carreggiate,Bagnato (pioggia),Asfaltata,Assente,Pioggia in atto,Scarso,Sufficiente,Sufficiente,0,0,0,2,"12,49719","41,91087",False
2692750,11,13/02/2016T05:30:00,Strada Urbana,all'intersezione con,VIALE GIUSTINIANO IMPERATORE,VIA OSTIENSE,VIALE GIUSTINIANO IMPERATORE,,,Scontro frontale/laterale DX fra veicoli in marcia,Intersezione semaforizzata,Una carreggiata a senso unico di marcia,Bagnato (pioggia),Asfaltata,Verticale ed orizzontale,Pioggia in atto,Scarso,Sufficiente,Sufficiente,1,0,0,1,"12,47741","41,85698",False
2692843,6,13/02/2016T06:15:00,Strada Urbana,all'intersezione con,VIA FRONTINO,VIA AUGUSTO DULCERI,VIA FRONTINO,,,Scontro laterale fra veicoli in marcia,Incrocio,Una carreggiata a doppio senso,Bagnato (umidit� in atto),Asfaltata,Verticale ed orizzontale,Sereno,Scarso,Sufficiente,Sufficiente,0,0,0,2,"12,53881","41,88403",True
2695052,4,13/02/2016T06:35:00,Provinciale,in prossimit�,del civico n.,VIA NOMENTANA,,1341,,Infortunio per sola frenata improvvisa,Curva a visuale libera,Una carreggiata a doppio senso,Bagnato (umidit� in atto),Asfaltata,Verticale ed orizzontale,Sereno,Scarso,Buona,Ore Diurne,0,0,0,1,"12,59752","41,96538",True
2700289,18,13/02/2016T06:45:00,Strada Urbana,da specificare,,VIA DI TORREVECCHIA,,,prossimit� 1027 fronte via Monterosso al Mare,Scontro frontale fra veicoli in marcia,Rettilineo,Una carreggiata a doppio senso,Bagnato (umidit� in atto),Asfaltata,Verticale ed orizzontale,Nuvoloso,Scarso,Sufficiente,Ore Diurne,1,0,0,1,"12,40462","41,91302",True
2694697,8,13/02/2016T07:00:00,,da specificare,,VIA DI LUNGHEZZINA,,,fronte palo luce n. 323,Fuoriuscita dalla sede stradale,,,,,,,,,,0,0,0,1,,,False
2694768,12,13/02/2016T07:30:00,Strada Urbana,in prossimit�,del palo luce n.,VIA CRISTOFORO COLOMBO,,487,,Veicolo in marcia contro ostacolo fisso,Curva a visuale libera,Due carreggiate,Bagnato (pioggia),Asfaltata,Verticale ed orizzontale,Nuvoloso,Normale,Buona,Ore Diurne,0,0,0,1,"12,46979","41,82842",True
2693861,20,13/02/2016T07:30:00,Strada Urbana,in corrispondenza,del civico n.,VIALE DI TOR DI QUINTO,,153,,Veicolo in marcia contro ostacolo fisso,Curva senza visuale libera,Pi� di due carreggiate,Bagnato (pioggia),Asfaltata,Orizzontale,Sereno,Scarso,Buona,Ore Diurne,1,0,0,0,,,False
2693874,20,13/02/2016T07:40:00,Strada Urbana,da specificare,,VIA FLAMINIA,,,prossimit� sottopasso Euclide direzione Roma ,Veicolo in marcia contro ostacolo fisso,Curva senza visuale libera,Una carreggiata a senso unico di marcia,Bagnato (pioggia),Asfaltata,Verticale ed orizzontale,Sereno,Scarso,Buona,Ore Diurne,0,0,0,2,,,False
2694985,10,13/02/2016T07:45:00,Strada Urbana,all'intersezione semaforizzata con,VIALE PALMIRO TOGLIATTI,VIA TUSCOLANA,VIALE PALMIRO TOGLIATTI,,,Tamponamento Multiplo,Intersezione semaforizzata,Una carreggiata a senso unico di marcia,Bagnato (pioggia),Asfaltata,Verticale ed orizzontale,Sereno,Normale,Buona,Ore Diurne,1,0,0,3,"12,56986","41,85245",False
2692890,2,13/02/2016T08:15:00,Strada Urbana,in corrispondenza,del palo luce n.,CIRCONVALLAZIONE SALARIA,,295,,Veicolo in marcia contro ostacolo fisso,Curva a visuale libera,Due carreggiate,Bagnato (umidit� in atto),Asfaltata,Verticale ed orizzontale,Sereno,Normale,Buona,Ore Diurne,0,0,0,1,"12,51764","41,93858",True
2694763,5,13/02/2016T08:30:00,Strada Urbana,da specificare,,VIALE PALMIRO TOGLIATTI,,,altezza cavalcavia direzione A24,Veicolo in marcia contro ostacolo fisso,Curva a visuale libera,Una carreggiata a senso unico di marcia,Bagnato (umidit� in atto),Asfaltata,Verticale ed orizzontale,Sereno,Scarso,Buona,Ore Diurne,0,0,0,3,"12,57296","41,90852",True
2693805,13,13/02/2016T09:00:00,Strada Urbana,da specificare,,VIA DI DRAGONE,,,altezza via di Bagnolo,Veicolo in marcia contro veicolo in sosta,Rettilineo,Una carreggiata a doppio senso,Bagnato (pioggia),Asfaltata,Assente,Nuvoloso,Normale,Sufficiente,Ore Diurne,2,0,0,1,"12,33258","41,78343",False
2695361,19,13/02/2016T09:00:00,Strada Urbana,all'intersezione con,VIA GARLENDA,VIA VEZZANO LIGURE,VIA GARLENDA,,,Veicolo in marcia contro veicolo in sosta,Incrocio,Una carreggiata a doppio senso,Bagnato (pioggia),Asfaltata,Verticale ed orizzontale,Sereno,Scarso,Buona,Ore Diurne,0,0,0,1,"12,4183","41,93243",True
2693406,1,13/02/2016T09:00:00,Strada Urbana,all'intersezione con,PIAZZA DELLA CONSOLAZIONE,VICO JUGARIO,PIAZZA DELLA CONSOLAZIONE,,,Scontro frontale/laterale SX fra veicoli in marcia,Intersezione stradale segnalata,Una carreggiata a doppio senso,Bagnato (umidit� in atto),In cubetti di porfido,Verticale ed orizzontale,Nuvoloso,Scarso,Buona,Ore Diurne,0,0,0,3,,,False
2694725,11,13/02/2016T09:10:00,Strada Urbana,all'intersezione semaforizzata con,VIALE SETTIMIA SPIZZICHINO,VIA GIROLAMO BENZONI,VIALE SETTIMIA SPIZZICHINO,,,Scontro frontale/laterale DX fra veicoli in marcia,Intersezione semaforizzata,Una carreggiata a doppio senso,Bagnato (umidit� in atto),Asfaltata,Verticale ed orizzontale,Grandine in atto,Normale,Buona,Inesistente,0,0,0,2,"12,48433","41,86738",False
2695021,12,13/02/2016T09:20:00,Strada Urbana,da specificare,,VIA CRISTOFORO COLOMBO,,,PROX. V.LE AMERICA  ,Veicolo in marcia contro ostacolo fisso,Curva senza visuale libera,Due carreggiate,Bagnato (pioggia),Asfaltata,Verticale ed orizzontale,Nuvoloso,Normale,Buona,Ore Diurne,0,0,0,1,"12,46833","41,82907",True
2695016,10,13/02/2016T09:20:00,Strada Urbana,da specificare,,VIA TUSCOLANA,,,alt cav gra dir rm-centro,Veicolo in marcia contro ostacolo fisso,Sottopasso non illuminato,Due carreggiate,Bagnato (umidit� in atto),Asfaltata,Verticale,Nuvoloso,Normale,Buona,Ore Diurne,0,0,0,1,"12,59261","41,83998",True
2694892,3,13/02/2016T09:30:00,Strada Urbana,in prossimit�,del civico n.,VIA NOMENTANA,,1,,Scontro frontale/laterale SX fra veicoli in marcia,Curva a visuale libera,Due carreggiate,Bagnato (pioggia),Asfaltata,Verticale,Nuvoloso,Normale,Buona,Ore Diurne,1,0,0,1,"12,50208","41,90996",False
2695027,10,13/02/2016T09:45:00,Strada Urbana,in prossimit�,del civico n.,VIA TUSCOLANA,,1359,,Tamponamento,Rettilineo,Una carreggiata a senso unico di marcia,Asciutto,Asfaltata,Verticale ed orizzontale,Sereno,Normale,Buona,Ore Diurne,0,0,0,4,"12,61703","41,83203",True
2694848,15,13/02/2016T10:15:00,Strada Urbana,in corrispondenza,del civico n.,VIA SILVESTRO GHERARDI,,50,,Scontro frontale/laterale SX fra veicoli in marcia,Rettilineo,Una carreggiata a senso unico di marcia,Bagnato (pioggia),Asfaltata,Orizzontale,Nuvoloso,Normale,Buona,Ore Diurne,0,0,0,2,"12,47143","41,86249",True
2694687,8,13/02/2016T10:30:00,Strada Urbana,all'intersezione con,VIA GIOVANNI CICALI,VIA COLLATINA,VIA GIOVANNI CICALI,,,Scontro laterale fra veicoli in marcia,Rotatoria,Due carreggiate,Asciutto,Asfaltata,Verticale ed orizzontale,Nuvoloso,Normale,Buona,Ore Diurne,0,0,0,3,"12,6496","41,91222",False
2695749,17,13/02/2016T10:30:00,Strada Urbana,all'intersezione semaforizzata con,LUNGOTEVERE GUGLIELMO OBERDAN,PIAZZA MONTE GRAPPA,LUNGOTEVERE GUGLIELMO OBERDAN,,,Scontro laterale fra veicoli in marcia,Intersezione semaforizzata,Una carreggiata a senso unico di marcia,Asciutto,Asfaltata,Verticale ed orizzontale,Sereno,Normale,Buona,Ore Diurne,1,0,0,1,,,False
2694686,11,13/02/2016T10:40:00,Strada Urbana,all'intersezione con,VIA ANDREA MANTEGNA,VIA DEI GEORGOFILI,VIA ANDREA MANTEGNA,,,Scontro frontale/laterale SX fra veicoli in marcia,Incrocio,Una carreggiata a senso unico di marcia,Bagnato (pioggia),Asfaltata,Verticale ed orizzontale,Sereno,Normale,Buona,Ore Diurne,1,0,0,1,"12,49264","41,85286",True
2693349,1,13/02/2016T10:40:00,Strada Urbana,in prossimit�,del civico n.,VIA PRINCIPE EUGENIO,,102,,Investimento di pedone,,,,,,,,,,2,0,0,1,,,False
2693888,20,13/02/2016T11:00:00,Provinciale,all'intersezione con,VIA CASSIA,VIA VEIENTANA NUOVA,VIA CASSIA,,,Tamponamento Multiplo,Intersezione non regolata/non segnalata,Una carreggiata a senso unico di marcia,Asciutto,Asfaltata,Verticale ed orizzontale,Sereno,Normale,Buona,Ore Diurne,0,0,0,3,,,False
2695251,12,13/02/2016T11:30:00,,all'intersezione con,VIALE DEL CICLISMO,VIALE DELLA TECNICA,VIALE DEL CICLISMO,,,Scontro frontale/laterale SX fra veicoli in marcia,,,,,,,,,,1,0,0,4,,,False
2694692,8,13/02/2016T11:30:00,,da specificare,,VIA DI PASSOLOMBARDO,,,prima del ponte direzione Tuscolana,Veicolo in marcia contro ostacolo accidentale,,,,,,,,,,0,0,0,2,,,False
2693936,20,13/02/2016T11:45:00,Strada Urbana,in corrispondenza,del civico n.,CORSO DI FRANCIA,,115,,Tamponamento,Rettilineo,Due carreggiate,Asciutto,Asfaltata,Verticale ed orizzontale,Sereno,Normale,Buona,Ore Diurne,1,0,0,1,,,False
2693374,1,13/02/2016T11:45:00,Strada Urbana,all'intersezione semaforizzata con,VIA DEI CERCHI,VIA DI S. GREGORIO,VIA DEI CERCHI,,,Scontro laterale fra veicoli in marcia,Incrocio,Una carreggiata a senso unico di marcia,Asciutto,Acciotolata,Verticale ed orizzontale,Sereno,Normale,Buona,Ore Diurne,0,0,0,3,,,False
2694861,15,13/02/2016T11:50:00,Strada Urbana,in prossimit�,del civico n.,VIA DELLA PISANA,,421/433,,Scontro laterale fra veicoli in marcia,Rettilineo,Una carreggiata a doppio senso,Asciutto,Asfaltata,Orizzontale,Nuvoloso,Scarso,Buona,Ore Diurne,0,0,0,3,"12,40721","41,86391",False
2694690,11,13/02/2016T12:00:00,Strada Urbana,all'intersezione semaforizzata con,VIA ALESSANDRO SEVERO,VIA CRISTOFORO COLOMBO,VIA ALESSANDRO SEVERO,,,Scontro laterale fra veicoli in marcia,Intersezione semaforizzata,Pi� di due carreggiate,Asciutto,Asfaltata,Orizzontale,Sereno,Normale,Buona,Ore Diurne,0,0,0,4,"12,48807","41,85262",True
2694745,20,13/02/2016T12:15:00,Altra strada,da specificare,,VIALE MAURIZIO BARENDSON,,,altezza Gran Teatro,Scontro laterale fra veicoli in marcia,Rettilineo,Una carreggiata a senso unico di marcia,Asciutto,Asfaltata,Verticale ed orizzontale,Sereno,Scarso,Buona,Ore Diurne,1,0,0,2,,,False
2695210,19,13/02/2016T12:30:00,Strada Urbana,in corrispondenza,del civico n.,LARGO MILLESIMO,,5,,Scontro laterale fra veicoli in marcia,Rettilineo,Una carreggiata a doppio senso,Asciutto,Asfaltata,Verticale ed orizzontale,Sereno,Normale,Buona,Ore Diurne,0,0,0,2,"12,42026","41,9319",True
2695182,7,13/02/2016T12:30:00,Strada Urbana,in corrispondenza,del civico n.,VIA DEI LARICI,,7,,Veicolo in marcia contro ostacolo fisso,Rettilineo,Una carreggiata a senso unico di marcia,Asciutto,Asfaltata,Verticale,Nuvoloso,Scarso,Buona,Ore Diurne,0,0,0,3,"12,5733","41,89339",False
2694769,5,13/02/2016T12:35:00,Strada Urbana,da specificare,,VIA TIBURTINA,,,altezza VIA DEL CASALE DI S. BASILIO,Scontro laterale fra veicoli in marcia,Rettilineo,Due carreggiate,Asciutto,Asfaltata,Orizzontale,Sereno,Normale,Buona,Ore Diurne,0,0,0,2,"12,5843","41,93244",True
2693840,13,13/02/2016T12:45:00,,all'intersezione con,VIA DELLA PARANZELLA,VIA DEI BRAGOZZI,VIA DELLA PARANZELLA,,,Scontro frontale/laterale DX fra veicoli in marcia,,,,,,,,,,0,0,0,2,,,False
2694721,11,13/02/2016T13:10:00,Strada Urbana,da specificare,,VIA CRISTOFORO COLOMBO,,,altezza VIA PALOS,Scontro laterale fra veicoli in marcia,Rettilineo,Pi� di due carreggiate,Asciutto,Asfaltata,Verticale ed orizzontale,Sereno,Normale,Buona,Ore Diurne,0,0,0,5,"12,49649","41,8699",True
2695343,1,13/02/2016T13:10:00,Strada Urbana,in corrispondenza,del civico n.,VIA QUATTRO NOVEMBRE,,137 b,,Veicolo in marcia contro ostacolo accidentale,Rettilineo,Una carreggiata a doppio senso,Asciutto,In cubetti di porfido,Verticale ed orizzontale,Nuvoloso,Normale,Buona,Ore Diurne,0,0,0,1,,,False
2693689,6,13/02/2016T13:30:00,Strada Urbana,all'intersezione con,VIA DEI GLICINI,VIALE DELLA PRIMAVERA,VIA DEI GLICINI,,,Scontro frontale/laterale DX fra veicoli in marcia,Incrocio,Una carreggiata a doppio senso,Asciutto,Asfaltata,Verticale,Sereno,Normale,Buona,Ore Diurne,0,0,0,2,"12,56013","41,88006",True
2693329,10,13/02/2016T13:40:00,Strada Urbana,in prossimit�,del palo luce n.,VIALE PALMIRO TOGLIATTI,,93,,Scontro laterale fra veicoli in marcia,Curva a visuale libera,Una carreggiata a senso unico di marcia,Asciutto,Asfaltata,Assente,Sereno,Scarso,Buona,Ore Diurne,0,0,0,4,"12,57075","41,85346",True
2695061,4,13/02/2016T14:10:00,,in prossimit�,del civico n.,VIALE JONIO,,354,,Scontro frontale/laterale SX fra veicoli in marcia,,,,,,,,,,1,0,0,2,"12,52833","41,94595",False
2694894,4,13/02/2016T14:15:00,Strada Urbana,in prossimit�,del civico n.,VIA VAL DI LANZO,,188,,Veicolo in marcia contro ostacolo accidentale,Rettilineo,Una carreggiata a doppio senso,Asciutto,Asfaltata,Verticale ed orizzontale,Nuvoloso,Normale,Buona,Ore Diurne,0,0,0,2,"12,52173","41,9454",True