_ID,_Gruppo,_DataOraIncidente,_Localizzazione1,_Localizzazione2,_Strada1,_DaSpecificare,_NaturaIncidente,_ParticolaritaStrade,_TipoStrada,_FondoStradale,_Pavimentazione,_Segnaletica,_CondizioneAtmosferica,_Traffico,_Visibilita,_Illuminazione,_NUM_FERITI,_NUM_RISERVATA,_NUM_MORTI,_NUM_ILLESI,_Longitudine,_Latitudine,_CONFERMATO,__prefix,_Strada02,_Strada2,_Chilometrica
2696464,1,13/02/2016T14:50:00,Strada Urbana,in corrispondenza,del civico n.,VIA DEL QUIRINALE,,23,,Tamponamento,Rettilineo,Una carreggiata a doppio senso,Asciutto,Asfaltata,Verticale ed orizzontale,Nuvoloso,Normale,Buona,Ore Diurne,1,0,0,2,,,False
2694713,11,13/02/2016T15:00:00,Strada Urbana,in corrispondenza,del civico n.,VIA ARDEATINA,,933,,Scontro frontale/laterale DX fra veicoli in marcia,Rettilineo,Una carreggiata a doppio senso,Asciutto,Asfaltata,Verticale ed orizzontale,Sereno,Scarso,Buona,Ore Diurne,1,0,0,1,"12,53564","41,79885",True
2694863,15,13/02/2016T15:10:00,,da specificare,,VIA DELLA MAGLIANA,,,DIR. TRULLO alt. svincolo per inversione di marcia,Scontro laterale fra veicoli in marcia,,,,,,,,,,1,0,0,1,,,False
2694722,4,13/02/2016T15:30:00,Strada Urbana,all'intersezione con,VIA LUIGI CAPUANA,VIA RENATO FUCINI,VIA LUIGI CAPUANA,,,Scontro frontale/laterale DX fra veicoli in marcia,Incrocio,Due carreggiate,Asciutto,Asfaltata,Verticale ed orizzontale,Sereno,Normale,Sufficiente,Ore Diurne,0,0,0,2,"12,54952","41,94986",False
2693866,13,13/02/2016T15:45:00,Strada Urbana,in prossimit�,del civico n.,VIA ARISTIDE CARABELLI,,54,,Veicolo in marcia contro veicoli in sosta,Rettilineo,Una carreggiata a doppio senso,Bagnato (pioggia),Asfaltata,Orizzontale,Nuvoloso,Normale,Buona,Ore Diurne,0,0,0,0,"12,26927","41,73853",False
2694676,9,13/02/2016T15:55:00,,da specificare,,PIAZZALE LABICANO,,,FRONTE VIA CASILINA,Veicolo in marcia contro ostacolo accidentale,,,,,,,,,,1,0,0,0,,,False
2694948,9,13/02/2016T16:00:00,Strada Urbana,da specificare,,PIAZZALE LABICANO,,,fronte via casilina,Veicolo in marcia contro ostacolo accidentale,Rettilineo,Pi� di due carreggiate,Viscido da liquidi oleosi,Asfaltata,Verticale ed orizzontale,Nuvoloso,Scarso,Buona,Ore Diurne,1,0,0,0,"12,51559","41,89125",True
2694728,5,13/02/2016T16:30:00,Strada Urbana,in prossimit�,del civico n.,VIA PAN,,40,,Veicolo in marcia contro veicolo in sosta,Curva senza visuale libera,Una carreggiata a senso unico di marcia,Asciutto,Asfaltata,Orizzontale,Sereno,Scarso,Buona,Ore Diurne,0,0,0,2,"12,55451","41,91504",False
2695453,1,13/02/2016T16:30:00,Strada Urbana,all'intersezione con,PIAZZA DELL'EMPORIO,LUNGOTEVERE AVENTINO,PIAZZA DELL'EMPORIO,,,Tamponamento,Incrocio,Una carreggiata a senso unico di marcia,Asciutto,Asfaltata,Verticale ed orizzontale,Nuvoloso,Normale,Buona,Ore Diurne,2,0,0,3,,,False
2695050,10,13/02/2016T16:40:00,Strada Urbana,in prossimit�,del civico n.,VIALE ANICIO GALLO,,3,,Scontro laterale fra veicoli in marcia,Rettilineo,Due carreggiate,Asciutto,Asfaltata,Verticale ed orizzontale,Sereno,Normale,Buona,Ore Diurne,1,0,0,3,"12,56095","41,85466",True
2695074,10,13/02/2016T17:00:00,Strada Urbana,all'intersezione con,VIA SORANO,VIA VENOSA,VIA SORANO,,,Scontro frontale/laterale SX fra veicoli in marcia,Incrocio,Una carreggiata a doppio senso,Asciutto,Asfaltata,Assente,Nuvoloso,Scarso,Buona,Ore Diurne,0,0,0,2,"12,54536","41,84238",True
2694684,8,13/02/2016T17:15:00,Strada Urbana,all'intersezione semaforizzata con,VIA GIUSEPPE GINANNI,VIA WALTER TOBAGI,VIA GIUSEPPE GINANNI,,,Investimento di pedone,Intersezione stradale segnalata,Una carreggiata a doppio senso,Asciutto,Asfaltata,Verticale ed orizzontale,Nuvoloso,Normale,Buona,Ore Diurne,1,0,0,0,"12,59738","41,87507",False
2700520,18,13/02/2016T17:30:00,Strada Urbana,in prossimit�,del civico n.,VIA AURELIA,,674/a,,Veicolo in marcia contro ostacolo accidentale,Rettilineo,Due carreggiate,Asciutto,Asfaltata,Verticale ed orizzontale,Nuvoloso,Normale,Sufficiente,Ore Diurne,0,0,0,3,"12,41575","41,89387",True
2695387,19,13/02/2016T17:35:00,Strada Urbana,all'intersezione con,VIA MATTIA BATTISTINI,VIA DEL FORTE BRASCHI,VIA MATTIA BATTISTINI,,,Scontro laterale fra veicoli in marcia,Incrocio,Una carreggiata a doppio senso,Asciutto,Asfaltata,Verticale ed orizzontale,Nuvoloso,Normale,Buona,Sufficiente,0,0,0,3,"12,42092","41,91438",True
2694917,4,13/02/2016T18:00:00,,in prossimit�,del civico n.,PIAZZA DELL'ATENEO SALESIANO,,1,,Scontro frontale fra veicoli in marcia,,,,,,,,,,1,0,0,3,"12,52222","41,95942",False
2695380,17,13/02/2016T18:30:00,Strada Urbana,in corrispondenza,del civico n.,VIA COSTANTINO MORIN,,17,,Veicoli in marcia contro veicolo fermo,Rettilineo,Una carreggiata a senso unico di marcia,Asciutto,Asfaltata,Verticale ed orizzontale,Sereno,Normale,Sufficiente,Sufficiente,0,0,0,5,"12,4553","41,91236",False
2695029,10,13/02/2016T18:35:00,Strada Urbana,da specificare,,VIA QUINTILIO VARO,,,fronte civico 41,Veicolo in marcia contro veicolo fermo,Rettilineo,Una carreggiata a senso unico di marcia,Asciutto,Asfaltata,Verticale ed orizzontale,Sereno,Scarso,Buona,Sufficiente,0,0,0,2,"12,56269","41,85504",True
2695096,7,13/02/2016T19:10:00,,all'intersezione con,VIA PRENESTINA NUOVA,VIA PRENESTINA,VIA PRENESTINA NUOVA,,,Scontro frontale/laterale SX fra veicoli in marcia,,,,,,,,,,0,0,0,4,,,False
2694682,8,13/02/2016T19:15:00,Strada Urbana,all'intersezione con,VIA GIAN CRISTOFORO ROMANO,VIA CASILINA,VIA GIAN CRISTOFORO ROMANO,,,Scontro frontale/laterale SX fra veicoli in marcia,Incrocio,Una carreggiata a doppio senso,Asciutto,Asfaltata,Verticale ed orizzontale,Sereno,Normale,Buona,Sufficiente,1,0,0,3,"12,60649","41,86409",False
2694558,6,13/02/2016T20:00:00,Strada Urbana,in prossimit�,del civico n.,VIA ROBERTO MALATESTA,,251,,Investimento di pedone,Rettilineo,Due carreggiate,Asciutto,Asfaltata,Verticale ed orizzontale,Nuvoloso,Scarso,Buona,Sufficiente,0,0,0,2,,,False
2695204,17,13/02/2016T20:40:00,,da specificare,,VIA VIRGILIO,,,alt. via cassiodoro ,Scontro frontale/laterale SX fra veicoli in marcia,,,,,,,,,,0,0,0,3,"12,46586","41,90613",False
2696501,1,13/02/2016T20:45:00,Strada Urbana,in prossimit�,del civico n.,VIA MARMORATA,,171,,Tamponamento,Rettilineo,Una carreggiata a doppio senso,Asciutto,Asfaltata,Verticale ed orizzontale,Nuvoloso,Normale,Sufficiente,Sufficiente,0,0,0,2,,,False
2695086,10,13/02/2016T20:50:00,Strada Urbana,da specificare,,VIA LA SPEZIA,,,prossimit� civico 39,Veicolo in marcia contro veicolo fermo,Rettilineo,Una carreggiata a senso unico di marcia,Asciutto,Asfaltata,Orizzontale,Sereno,Scarso,Sufficiente,Sufficiente,1,0,0,2,"12,51531","41,88637",False
2695257,3,13/02/2016T21:45:00,Strada Urbana,in prossimit�,del civico n.,VIA PAVIA,,38,,Scontro frontale fra veicoli in marcia,Rettilineo,Una carreggiata a doppio senso,Asciutto,Asfaltata,Orizzontale,Sereno,Scarso,Buona,Sufficiente,0,0,0,2,"12,51754","41,90815",False
2694560,6,13/02/2016T23:30:00,Strada Urbana,da specificare,,VIA CASILINA,,,in prossimit� di VIA SEGNI,Veicolo in marcia contro veicoli in sosta,Rettilineo,Pi� di due carreggiate,Asciutto,Asfaltata,Orizzontale,Sereno,Scarso,Sufficiente,Sufficiente,0,0,0,1,"12,54731","41,87831",False
2696517,1,13/02/2016T23:30:00,Strada Urbana,all'intersezione semaforizzata con,VIALE GUIDO BACCELLI,LARGO DELLE TERME DI CARACALLA,VIALE GUIDO BACCELLI,,,Scontro laterale fra veicoli in marcia,Intersezione semaforizzata,Pi� di due carreggiate,Asciutto,Asfaltata,Verticale ed orizzontale,Nuvoloso,Scarso,Buona,Sufficiente,0,0,0,2,"12,49632","41,87486",True
2693892,13,13/02/2016T23:30:00,Strada Urbana,all'intersezione con,PIAZZA ANTIFANE,VIA ZENODOTO DI EFESO,PIAZZA ANTIFANE,,,Veicolo in marcia contro veicolo in sosta,Incrocio,Una carreggiata a doppio senso,Asciutto,Asfaltata,Verticale ed orizzontale,Sereno,Scarso,Sufficiente,Sufficiente,0,0,0,3,"12,3458","41,7458",True
2694741,5,14/02/2016T00:05:00,Strada Urbana,all'intersezione con,VIA DEI CASTANI,VIA DELLE PALME,VIA DEI CASTANI,,,Scontro frontale/laterale SX fra veicoli in marcia,Incrocio,Una carreggiata a doppio senso,Asciutto,Asfaltata,Verticale ed orizzontale,Sereno,Scarso,Buona,Sufficiente,0,0,0,4,"12,56503","41,88934",True
2694561,6,14/02/2016T00:10:00,Strada Urbana,all'intersezione semaforizzata con,VIA TOR DE' SCHIAVI,VIA CASILINA,VIA TOR DE' SCHIAVI,,,Scontro frontale/laterale DX fra veicoli in marcia,Intersezione semaforizzata,Pi� di due carreggiate,Asciutto,Asfaltata,Verticale ed orizzontale,Sereno,Scarso,Buona,Sufficiente,1,0,0,5,,,False
2694810,11,14/02/2016T01:00:00,Strada Urbana,da specificare,,VIALE ERMINIO SPALLA,,,alt. fr. civ.386,Veicolo in marcia contro ostacolo fisso,Curva senza visuale libera,Due carreggiate,Asciutto,Asfaltata,Verticale ed orizzontale,Sereno,Scarso,Buona,Sufficiente,1,0,0,1,"12,50788","41,83246",False
2695340,19,14/02/2016T01:30:00,Strada Urbana,in corrispondenza,del civico n.,VIA DI SELVA CANDIDA,,322,,Veicolo in marcia contro ostacolo accidentale,Rettilineo,Una carreggiata a doppio senso,Bagnato (umidit� in atto),Asfaltata,Assente,Nuvoloso,Scarso,Buona,Sufficiente,0,0,0,4,"12,37777","41,93651",False
2695441,16,14/02/2016T02:30:00,Strada Urbana,da specificare,,VIA PORTUENSE,,,ALTEZZA PALO ACEA 108,Veicolo in marcia contro veicoli in sosta,Rettilineo,Una carreggiata a doppio senso,Asciutto,Asfaltata,Verticale ed orizzontale,Sereno,Scarso,Buona,Sufficiente,0,0,0,1,"12,45368","41,86285",True
2695102,10,14/02/2016T03:10:00,Strada Urbana,da specificare,,VIA CASILINA,,,altezza via del Mandrione,Veicolo in marcia contro ostacolo fisso,Rettilineo,Una carreggiata a senso unico di marcia,Asciutto,Asfaltata,Verticale ed orizzontale,Sereno,Scarso,Sufficiente,Sufficiente,0,0,0,3,"12,53088","41,88434",False
2695315,3,14/02/2016T03:50:00,,da specificare,,VIA TIBURTINA,,,alt.Cir.ne Tiburtina imbocco Tang dir S. Giovanni,Veicolo in marcia contro ostacolo fisso,,,,,,,,,,0,0,0,0,,,False
2693934,13,14/02/2016T03:50:00,Strada Urbana,all'intersezione con,VIA CAPO SOPRANO,PIAZZA GREGORIO RONCA,VIA CAPO SOPRANO,,,Scontro frontale/laterale DX fra veicoli in marcia,Incrocio,Due carreggiate,Asciutto,Asfaltata,Verticale ed orizzontale,Sereno,Scarso,Sufficiente,Sufficiente,3,0,0,2,"12,28628","41,73362",False
2696559,1,14/02/2016T04:50:00,Strada Urbana,all'intersezione semaforizzata con,VIALE REGINA MARGHERITA,VIA NOMENTANA,VIALE REGINA MARGHERITA,,,Scontro frontale/laterale DX fra veicoli in marcia,Intersezione semaforizzata,,Asciutto,Asfaltata,Verticale ed orizzontale,Sereno,Scarso,Buona,Sufficiente,1,0,0,4,,,False
2694868,13,14/02/2016T07:00:00,,in prossimit�,del civico n.,LUNGOMARE PAOLO TOSCANELLI,,46,,Veicolo in marcia contro veicoli in sosta,,,,,,,,,,0,0,0,1,,,False
2694778,20,14/02/2016T07:40:00,Strada Urbana,da specificare,,VIA CASSIA,,,prossimit� Via Ronciglione Palo Acea 21,Veicolo in marcia contro ostacolo fisso,Rettilineo,Una carreggiata a senso unico di marcia,Bagnato (pioggia),Asfaltata,Verticale ed orizzontale,Pioggia in atto,Scarso,Buona,Ore Diurne,0,0,0,1,,,False
2694568,6,14/02/2016T07:50:00,Strada Urbana,in corrispondenza,del civico n.,VIA DI CENTOCELLE,,108,,Scontro laterale fra veicoli in marcia,Curva senza visuale libera,Una carreggiata a senso unico di marcia,Asciutto,Asfaltata,Verticale ed orizzontale,Nuvoloso,Scarso,Buona,Ore Diurne,0,0,0,3,"12,54976","41,87373",True
2695362,3,14/02/2016T08:40:00,Strada Urbana,in prossimit�,del civico n.,VIALE DELLO SCALO S. LORENZO,,38,,Veicolo in marcia contro ostacolo fisso,Rettilineo,Una carreggiata a senso unico di marcia,Bagnato (umidit� in atto),Asfaltata,Verticale ed orizzontale,Sereno,Scarso,Buona,Ore Diurne,0,0,0,2,"12,51818","41,89519",False
2695133,10,14/02/2016T09:00:00,Strada Urbana,da specificare,,VIA ANAGNINA,,,rampa collegamento con via tuscolana centro,Fuoriuscita dalla sede stradale,Curva senza visuale libera,Una carreggiata a senso unico di marcia,Bagnato (pioggia),Asfaltata,Verticale ed orizzontale,Pioggia in atto,Normale,Buona,Ore Diurne,0,0,0,2,"12,59175","41,83964",True
2694954,13,14/02/2016T10:15:00,Strada Urbana,all'intersezione con,VIA ALBERTO GALLI,VIA GINO BONICHI,VIA ALBERTO GALLI,,,Scontro frontale/laterale SX fra veicoli in marcia,Incrocio,Una carreggiata a doppio senso,Bagnato (pioggia),Asfaltata,Assente,Nuvoloso,Normale,Buona,Ore Diurne,0,0,0,4,"12,35832","41,77732",False
2694734,8,14/02/2016T10:30:00,Statale entro l'abitato,in prossimit�,del civico n.,VIA CASILINA,,1797u,,Scontro laterale fra veicoli in marcia,Rettilineo,Una carreggiata a doppio senso,Bagnato (pioggia),Asfaltata,Verticale ed orizzontale,Nuvoloso,Scarso,Buona,Ore Diurne,0,0,0,2,"12,6768","41,86374",True
2694664,9,14/02/2016T10:40:00,,all'intersezione semaforizzata con,VIALE CASTRENSE,PIAZZALE APPIO,VIALE CASTRENSE,,,Scontro frontale fra veicoli in marcia,,,,,,,,,,0,0,0,3,,,False
2694832,20,14/02/2016T10:50:00,Provinciale,in prossimit�,del civico n.,VIA BRACCIANENSE,,850,,Veicolo in marcia contro ostacolo accidentale,Rettilineo,Una carreggiata a doppio senso,Bagnato (pioggia),Con buche,Verticale ed orizzontale,Nuvoloso,Normale,Buona,Ore Diurne,0,0,0,1,,,False
2694084,12,14/02/2016T10:50:00,Strada Urbana,da specificare,,VIADOTTO DELLA MAGLIANA,,,altezza via del Cappellaccio,Veicolo in marcia contro ostacolo fisso,Curva senza visuale libera,Due carreggiate,Bagnato (pioggia),Asfaltata,Verticale ed orizzontale,Nuvoloso,Normale,Buona,Ore Diurne,1,0,0,0,"12,45998","41,83853",False
2694804,20,14/02/2016T12:00:00,Provinciale,in corrispondenza,del civico n.,VIA BRACCIANENSE,,f.c. 763,,Veicolo in marcia contro ostacolo accidentale,Rettilineo,Una carreggiata a doppio senso,Bagnato (pioggia),Strada pavimentata dissestata,,Nuvoloso,Scarso,Buona,Ore Diurne,0,0,0,2,,,False
2700607,18,14/02/2016T12:40:00,Strada Urbana,all'intersezione con,VIA GREGORIO XI,VIA DI BOCCEA,VIA GREGORIO XI,,,Scontro frontale/laterale DX fra veicoli in marcia,Intersezione stradale segnalata,Una carreggiata a doppio senso,Asciutto,Asfaltata,Verticale ed orizzontale,Nuvoloso,Normale,Buona,Ore Diurne,0,0,0,3,"12,42194","41,90314",True
2694873,15,14/02/2016T12:45:00,,all'intersezione con,VIA DEI PRATI DEI PAPA,VIA BORGHESANO LUCCHESE,VIA DEI PRATI DEI PAPA,,,Veicolo in marcia contro ostacolo fisso,,,,,,,,,,1,0,0,1,,,False
2694881,15,14/02/2016T12:45:00,Strada Urbana,da specificare,,VIALE GUGLIELMO MARCONI,,,fronte civico 76,Scontro frontale/laterale DX fra veicoli in marcia,Rettilineo,Due carreggiate,Asciutto,Asfaltata,Orizzontale,Nuvoloso,Scarso,Buona,Ore Diurne,0,0,0,2,"12,47127","41,85745",True
2696934,2,14/02/2016T13:00:00,Strada Urbana,all'intersezione con,VIALE DEL VIGNOLA,VIA FLAMINIA,VIALE DEL VIGNOLA,,,Veicolo in marcia contro veicolo fermo,Incrocio,Una carreggiata a senso unico di marcia,Asciutto,Asfaltata,Orizzontale,Nuvoloso,Normale,Buona,Ore Diurne,0,0,0,2,"12,47068","41,92419",True
2695041,17,14/02/2016T13:15:00,Strada Urbana,da specificare,,LUNGOTEVERE DELLA VITTORIA,,,15 mt dopo palina ATAC n. 78060,Investimento di pedone,Rettilineo,Una carreggiata a doppio senso,Bagnato (umidit� in atto),Asfaltata,Orizzontale,Nuvoloso,Normale,Buona,Ore Diurne,1,0,0,2,"12,46178","41,9227",False
2695170,17,14/02/2016T13:20:00,Strada Urbana,in prossimit�,del civico n.,VIA IGEA,,21,,Investimento di pedone,Rettilineo,Una carreggiata a doppio senso,Asciutto,Asfaltata,Verticale ed orizzontale,Nuvoloso,Scarso,Buona,Ore Diurne,0,0,0,2,"12,44098","41,93445",False
2695151,10,14/02/2016T13:30:00,Strada Urbana,da specificare,,VIA BERNARDINO ALIMENA,,,rotonda  via e. carnevale,Scontro frontale/laterale DX fra veicoli in marcia,Rotatoria,Due carreggiate,Asciutto,Asfaltata,Verticale ed orizzontale,Nuvoloso,Scarso,Buona,Ore Diurne,0,0,0,2,"12,60405","41,8474",False
2694564,6,14/02/2016T13:50:00,Strada Urbana,all'intersezione semaforizzata con,VIALE DELLA SERENISSIMA,VIA PRENESTINA,VIALE DELLA SERENISSIMA,,,Tamponamento,Incrocio,Pi� di due carreggiate,Bagnato (umidit� in atto),Asfaltata,Verticale ed orizzontale,Nuvoloso,Normale,Buona,Ore Diurne,0,0,0,3,,,False
2694726,8,14/02/2016T16:00:00,Strada Urbana,in prossimit�,del civico n.,VIALE PAOLO FERDINANDO QUAGLIA,,56,,Veicolo in marcia contro veicoli in sosta,Rettilineo,Una carreggiata a doppio senso,Bagnato (pioggia),Asfaltata,Orizzontale,Nuvoloso,Normale,Buona,Ore Diurne,0,0,0,1,"12,64094","41,86838",True
2694357,16,14/02/2016T16:30:00,Strada Urbana,in prossimit�,del civico n.,VIA VINCENZO USSANI,,90,,Scontro laterale fra veicoli in marcia,Pendenza,Una carreggiata a doppio senso,Asciutto,Asfaltata,Orizzontale,Nuvoloso,Normale,Buona,Ore Diurne,0,0,0,2,"12,44143","41,85829",True
2695228,4,14/02/2016T16:50:00,Strada Urbana,all'intersezione con,VIA CARLO BERTINAZZI,LARGO LUCHINO VISCONTI,VIA CARLO BERTINAZZI,,,Scontro frontale/laterale SX fra veicoli in marcia,Intersezione non regolata/non segnalata,Due carreggiate,Bagnato (pioggia),Asfaltata,Assente,Nuvoloso,Scarso,Buona,Ore Diurne,0,0,0,6,"12,53535","41,96562",True
2694748,5,14/02/2016T17:30:00,Strada Urbana,da specificare,,PIAZZA TOMMASO DE CRISTOFORIS,,,rotatoria,Scontro laterale fra veicoli in marcia,Rettilineo,Una carreggiata a senso unico di marcia,Bagnato (pioggia),Asfaltata,Verticale ed orizzontale,Pioggia in atto,Scarso,Buona,Sufficiente,0,0,0,3,"12,53475","41,90045",False
2694773,20,14/02/2016T17:40:00,Strada Urbana,da specificare,,VIA DELLA STAZIONE DI CESANO,,,Pross. palo Acea nr. 329,Scontro laterale fra veicoli in marcia,Curva senza visuale libera,Una carreggiata a doppio senso,Bagnato (pioggia),Asfaltata,Orizzontale,Pioggia in atto,Scarso,Sufficiente,Ore Diurne,0,0,0,3,"12,32734","42,06248",True
2694670,9,14/02/2016T17:50:00,,da specificare,,LARGO MAGNAGRECIA,,,prox via magnagrecia,Scontro frontale/laterale SX fra veicoli in marcia,,,,,,,,,,0,0,0,2,,,False
2694565,6,14/02/2016T18:00:00,Strada Urbana,in corrispondenza,del civico n.,VIA CASILINA,,253,,Scontro frontale/laterale DX fra veicoli in marcia,Rettilineo,Due carreggiate,Bagnato (pioggia),Asfaltata,Verticale ed orizzontale,Pioggia in atto,Normale,,,0,0,0,2,,,False
2695234,3,14/02/2016T18:00:00,Strada Urbana,da specificare,,PIAZZALE DELLE PROVINCIE,,,altezza Viale Ippocrate,Scontro laterale fra veicoli in marcia,Rotatoria,Una carreggiata a senso unico di marcia,Bagnato (pioggia),Asfaltata,Verticale ed orizzontale,Pioggia in atto,Intenso,Sufficiente,Sufficiente,0,0,0,4,"12,52116","41,90942",True
2695337,16,14/02/2016T18:20:00,Strada Urbana,da specificare,,VIA LUIGI MERCANTINI,,,in prossimit� Via delle Mura Gianicolensi,Tamponamento,Pendenza,Una carreggiata a senso unico di marcia,Bagnato (pioggia),Asfaltata,Verticale,Pioggia in atto,Normale,Insufficiente,Insufficiente,0,0,0,2,"12,46114","41,88726",True
2694755,11,14/02/2016T18:30:00,Strada Urbana,all'intersezione con,VIA CASAMARI,VIA LAURENTINA,VIA CASAMARI,,,Scontro laterale fra veicoli in marcia,Incrocio,Una carreggiata a doppio senso,Bagnato (pioggia),Asfaltata,Verticale ed orizzontale,Nuvoloso,Normale,Buona,Sufficiente,0,0,0,4,"12,47833","41,84873",False
2695320,19,14/02/2016T19:05:00,Strada Urbana,in corrispondenza,del civico n.,VIA DELLA BALDUINA,,35,,Veicolo in marcia contro ostacolo accidentale,Rettilineo,Una carreggiata a doppio senso,Bagnato (pioggia),Asfaltata,Assente,Pioggia in atto,Scarso,Sufficiente,Sufficiente,0,0,0,1,"12,44207","41,91557",True
2694673,9,14/02/2016T19:15:00,Strada Urbana,da specificare,,VIA CILICIA,,,alt.civ.53,Veicolo in marcia contro ostacolo fisso,Rettilineo,Due carreggiate,Bagnato (pioggia),Asfaltata,Verticale ed orizzontale,Pioggia in atto,Normale,Sufficiente,Sufficiente,0,0,0,4,"12,50171","41,87115",False
2694717,8,14/02/2016T19:25:00,,in prossimit�,del civico n.,VIA RAOUL CHIODELLI,,36,,Veicolo in marcia contro ostacolo accidentale,,,,,,,,,,0,0,0,1,,,False
2695195,13,14/02/2016T19:30:00,Strada Urbana,in prossimit�,del civico n.,VIA DI DRAGONE,,63,,Veicolo in marcia contro ostacolo accidentale,Rettilineo,Una carreggiata a doppio senso,Bagnato (pioggia),Asfaltata,Verticale,Pioggia in atto,Normale,Sufficiente,Sufficiente,0,0,0,4,"12,33795","41,77639",False
2694704,8,14/02/2016T19:30:00,,in prossimit�,del civico n.,VIALE DEI ROMANISTI,,123,,Veicolo in marcia contro ostacolo accidentale,,,,,,,,,,0,0,0,4,,,False
2694678,9,14/02/2016T19:40:00,Strada Urbana,da specificare,,VIA CILICIA,,,alt.civ.53,Veicolo in marcia contro ostacolo fisso,Rettilineo,Una carreggiata a senso unico di marcia,Bagnato (pioggia),Asfaltata,Assente,Pioggia in atto,Normale,Sufficiente,Sufficiente,0,0,0,1,"12,50171","41,87115",False
2694715,8,14/02/2016T19:50:00,Strada Urbana,in prossimit�,del civico n.,VIA RAOUL CHIODELLI,,210,,Veicolo in marcia contro ostacolo accidentale,Rettilineo,Due carreggiate,Bagnato (pioggia),Asfaltata,Verticale ed orizzontale,Nuvoloso,Normale,Sufficiente,Sufficiente,0,0,0,1,,,False
2694760,11,14/02/2016T19:50:00,Strada Urbana,all'intersezione con,VIA GABRIELLO CHIABRERA,VIA SILVIO D'AMICO,VIA GABRIELLO CHIABRERA,,,Scontro frontale/laterale DX fra veicoli in marcia,Intersezione non regolata/non segnalata,Due carreggiate,Bagnato (pioggia),Asfaltata,Verticale ed orizzontale,Pioggia in atto,Scarso,Buona,Sufficiente,0,0,0,3,"12,47965","41,85112",False
2695153,12,14/02/2016T19:50:00,Strada Urbana,all'intersezione con,VIA ABIGAILLE ZANETTA,VIA BEATA SAVINA PETRILLI,VIA ABIGAILLE ZANETTA,,,Scontro laterale fra veicoli in marcia,Incrocio,Una carreggiata a senso unico di marcia,Bagnato (umidit� in atto),Asfaltata,Verticale ed orizzontale,Nuvoloso,Scarso,Sufficiente,Sufficiente,0,0,0,5,"12,50542","41,81443",True
2694982,5,14/02/2016T20:10:00,Comunale extraurbana,da specificare,,VIA BELMONTE IN SABINA,,,200 mt. prima gra dir. centro,Veicolo in marcia contro ostacolo fisso,Rettilineo,Due carreggiate,Bagnato (pioggia),Asfaltata,Verticale ed orizzontale,Pioggia in atto,Scarso,Insufficiente,Insufficiente,0,0,0,1,"12,59329","41,94672",True
2694683,9,14/02/2016T20:15:00,,da specificare,,VIA CILICIA,,,alt.civ.55,Veicolo in marcia contro ostacolo fisso,,,,,,,,,,0,0,0,4,,,False
2695098,4,14/02/2016T20:20:00,Strada Urbana,all'intersezione con,VIA DELLE LUCARIE,VICOLO DELLE LUCARIE,VIA DELLE LUCARIE,,,Veicolo in marcia contro veicolo in sosta,Intersezione stradale segnalata,Una carreggiata a senso unico di marcia,Bagnato (umidit� in atto),Asfaltata,Verticale,Nuvoloso,Scarso,Buona,Sufficiente,0,0,0,1,"12,52314","42,00441",True
2696554,8,14/02/2016T20:30:00,,all'intersezione con,VIA TIFEO,VIA ATLANTE,VIA TIFEO,,,Scontro frontale/laterale DX fra veicoli in marcia,,,,,,,,,,2,0,0,1,,,False
2694503,6,14/02/2016T20:40:00,Strada Urbana,in prossimit�,del civico n.,VIA DEI GELSI,,141,,Scontro laterale fra veicoli in marcia,Rettilineo,Una carreggiata a doppio senso,Bagnato (pioggia),Asfaltata,Assente,Pioggia in atto,Scarso,Sufficiente,Sufficiente,1,0,0,0,,,False
2694685,9,14/02/2016T20:45:00,,in prossimit�,del civico n.,VIA CILICIA,,55,,Veicolo in marcia contro ostacolo fisso,,,,,,,,,,0,0,0,2,,,False
2694792,20,14/02/2016T20:45:00,Strada Urbana,all'intersezione con,VIA DELLA FARNESINA,VIA DEGLI ORTI DELLA FARNESINA,VIA DELLA FARNESINA,,,Scontro laterale fra veicoli in marcia,Incrocio,Una carreggiata a doppio senso,Bagnato (pioggia),Asfaltata,Orizzontale,Nuvoloso,Normale,Sufficiente,Sufficiente,0,0,0,2,,,False
2697190,9,14/02/2016T20:50:00,,in corrispondenza,del civico n.,VIA CILICIA,,55,,Veicolo in marcia contro ostacolo fisso,,,,,,,,,,0,0,0,1,,,False
2695039,7,14/02/2016T21:00:00,Strada Urbana,in prossimit�,del civico n.,VIA DON PRIMO MAZZOLARI,,312,,Scontro frontale/laterale SX fra veicoli in marcia,Rettilineo,Una carreggiata a doppio senso,Bagnato (pioggia),Asfaltata,Assente,Pioggia in atto,Scarso,Sufficiente,Sufficiente,2,0,0,1,"12,6705","41,89916",False
2694569,6,14/02/2016T21:15:00,Strada Urbana,all'intersezione con,VIA DELLE PALME,VIA DEI CICLAMINI,VIA DELLE PALME,,,Scontro frontale/laterale DX fra veicoli in marcia,Incrocio,Una carreggiata a doppio senso,Bagnato (pioggia),Asfaltata,Verticale ed orizzontale,Pioggia in atto,Scarso,Sufficiente,Sufficiente,1,0,0,2,"12,56692","41,88971",False