_ID,_Gruppo,_DataOraIncidente,_Localizzazione1,_Localizzazione2,_Strada1,_DaSpecificare,_NaturaIncidente,_ParticolaritaStrade,_TipoStrada,_FondoStradale,_Pavimentazione,_Segnaletica,_CondizioneAtmosferica,_Traffico,_Visibilita,_Illuminazione,_NUM_FERITI,_NUM_RISERVATA,_NUM_MORTI,_NUM_ILLESI,_Longitudine,_Latitudine,_CONFERMATO,__prefix,_Strada02,_Strada2,_Chilometrica
2695232,10,14/02/2016T21:35:00,Strada Urbana,da specificare,,VIALE ROLANDO VIGNALI,,,prossimit� via Marco Dino Rossi,Scontro frontale/laterale DX fra veicoli in marcia,Rettilineo,Una carreggiata a senso unico di marcia,Bagnato (pioggia),Asfaltata,Assente,Nuvoloso,Scarso,Buona,Sufficiente,1,0,0,1,"12,57967","41,85624",True
2695335,10,14/02/2016T21:50:00,Strada Urbana,all'intersezione con,VIA DI S. MARIA AUSILIATRICE,VIA TUSCOLANA,VIA DI S. MARIA AUSILIATRICE,,,Scontro frontale/laterale DX fra veicoli in marcia,Incrocio,Due carreggiate,Bagnato (pioggia),Asfaltata,Verticale ed orizzontale,Pioggia in atto,Scarso,Buona,Sufficiente,1,0,0,5,"12,52966","41,87408",False
2695329,2,14/02/2016T22:30:00,Strada Urbana,da specificare,,VIA DEL FORO ITALICO,,,alt. fermata ATAC n. 73950 dir. Stadio,Veicolo in marcia contro ostacolo fisso,Rettilineo,Una carreggiata a senso unico di marcia,Bagnato (pioggia),Asfaltata,Verticale ed orizzontale,Pioggia in atto,Scarso,Sufficiente,Sufficiente,0,0,0,1,"12,49029","41,93939",False
2695197,12,14/02/2016T22:50:00,,all'intersezione con,VIA OSTIENSE,VIA CESARE FRUGONI,VIA OSTIENSE,,,Scontro laterale fra veicoli in marcia,,,,,,,,,,0,0,0,4,,,False
2695280,3,14/02/2016T23:00:00,,da specificare,,VIALE DELLA PRIMAVERA,,,pross.t�  Tor de Schiavi,Scontro frontale/laterale DX fra veicoli in marcia,,,,,,,,,,1,0,0,4,,,False
2695556,13,15/02/2016T00:20:00,,da specificare,,LUNGOMARE PAOLO TOSCANELLI,,,in prox di via dei Navicellari,Veicolo in marcia contro veicoli in sosta,,,,,,,,,,0,0,0,0,,,False
2695244,13,15/02/2016T01:10:00,Strada Urbana,da specificare,,VIA AGOSTINO CHIGI,,,in prossimit� di via L. Cicognara,Veicolo in marcia contro ostacolo accidentale,Rettilineo,Una carreggiata a doppio senso,Bagnato (pioggia),Asfaltata,Assente,Nuvoloso,Scarso,Buona,Sufficiente,0,0,0,1,"12,31418","41,76354",False
2695125,7,15/02/2016T01:15:00,Strada Urbana,all'intersezione con,VIA SILICELLA,VIA CASILINA,VIA SILICELLA,,,Veicolo in marcia contro ostacolo fisso,Intersezione stradale segnalata,Una carreggiata a doppio senso,Bagnato (pioggia),Asfaltata,Verticale ed orizzontale,Pioggia in atto,Scarso,Sufficiente,Sufficiente,0,0,1,0,"12,59891","41,86577",False
2695359,10,15/02/2016T01:40:00,Strada Urbana,all'intersezione semaforizzata con,VIA POGGI D'ORO,VIA DELLE CAVE,VIA POGGI D'ORO,,,Scontro frontale/laterale SX fra veicoli in marcia,Intersezione semaforizzata,Due carreggiate,Bagnato (pioggia),Asfaltata,Verticale ed orizzontale,Pioggia in atto,Scarso,Sufficiente,Sufficiente,2,0,0,2,"12,52965","41,87159",False
2695455,16,15/02/2016T01:45:00,Strada Urbana,in prossimit�,del civico n.,VIA DELLA MAGLIANA,,42,,Scontro frontale/laterale SX fra veicoli in marcia,Rettilineo,Una carreggiata a doppio senso,Bagnato (pioggia),Asfaltata,Orizzontale,Pioggia in atto,Normale,Sufficiente,Sufficiente,3,0,0,3,"12,46037","41,85915",False
2695051,12,15/02/2016T02:15:00,Strada Urbana,da specificare,,VIALE DI VAL FIORITA,,,dir. Laurentina altezza svincolo Metro Magliana,Veicolo in marcia contro veicolo in sosta,Curva a visuale libera,Una carreggiata a doppio senso,Bagnato (pioggia),Asfaltata,Verticale ed orizzontale,Pioggia in atto,Scarso,Sufficiente,Sufficiente,0,0,0,1,,,False
2695507,23,15/02/2016T02:45:00,,da specificare,,VIA OSTIENSE,,,direzione G.r.a. altezza rampa accesso g.r.a.,Scontro frontale/laterale SX fra veicoli in marcia,,,,,,,,,,0,0,0,2,,,False
2695332,2,15/02/2016T03:25:00,Strada Urbana,da specificare,,CORSO D'ITALIA,,,pross. SOTTOVIA IGNAZIO GUIDI,Veicolo in marcia contro ostacolo fisso,Curva a visuale libera,Due carreggiate,Bagnato (pioggia),Asfaltata,Verticale ed orizzontale,Pioggia in atto,Scarso,Buona,Sufficiente,0,0,0,1,"12,49398","41,91112",True
2696743,1,15/02/2016T04:45:00,Strada Urbana,in prossimit�,del civico n.,PASSEGGIATA DI RIPETTA,,22,,Veicolo in marcia contro veicolo in sosta,Rettilineo,Una carreggiata a senso unico alternato,Bagnato (pioggia),In cubetti di porfido,Verticale ed orizzontale,Pioggia in atto,Scarso,Sufficiente,Sufficiente,0,0,0,0,"12,47472","41,90833",False
2694830,20,15/02/2016T05:20:00,,da specificare,,GALLERIA GIOVANNI XXIII,,,prossimit� entrata da Via Mario Fani,Ribaltamento senza urto contro ostacolo fisso,Curva senza visuale libera,Una carreggiata a senso unico di marcia,Bagnato (umidit� in atto),Asfaltata,Orizzontale,,Scarso,Sufficiente,,1,0,0,1,,,False
2697189,12,15/02/2016T05:25:00,Regionale,da specificare,,VIA PONTINA NUOVA,,,alt. km. 13.100 (dir. Pomezia),Veicolo in marcia contro ostacolo accidentale,Rettilineo,Due carreggiate,Bagnato (pioggia),Asfaltata,Verticale ed orizzontale,Pioggia in atto,Normale,Insufficiente,Inesistente,0,0,0,1,"12,45654","41,80612",True
2697202,12,15/02/2016T05:30:00,Regionale,da specificare,,VIA PONTINA NUOVA,,,alt. km. 13.100 (dir. Pomezia),Veicolo in marcia contro ostacolo accidentale,Rettilineo,Due carreggiate,Bagnato (pioggia),Asfaltata,Verticale ed orizzontale,Pioggia in atto,Normale,Insufficiente,Inesistente,0,0,0,1,"12,45791","41,80945",True
2697211,12,15/02/2016T05:35:00,Regionale,da specificare,,VIA PONTINA NUOVA,,,alt. km. 13.100 (dir. Pomezia),Veicolo in marcia contro ostacolo accidentale,Rettilineo,Due carreggiate,Bagnato (pioggia),Asfaltata,Verticale ed orizzontale,Pioggia in atto,Normale,Insufficiente,Inesistente,0,0,0,1,"12,45929","41,8097",True
2697220,12,15/02/2016T05:40:00,Regionale,da specificare,,VIA PONTINA NUOVA,,,alt. km. 13.100 (dir. Pomezia),Veicolo in marcia contro ostacolo accidentale,Rettilineo,Due carreggiate,Bagnato (pioggia),Asfaltata,Verticale ed orizzontale,Pioggia in atto,Normale,Insufficiente,Inesistente,0,0,0,1,"12,45654","41,81073",True
2697227,12,15/02/2016T05:45:00,Regionale,da specificare,,VIA PONTINA NUOVA,,,alt. km. 13.100 (dir. Pomezia),Veicolo in marcia contro ostacolo accidentale,Rettilineo,Due carreggiate,Bagnato (pioggia),Asfaltata,Verticale ed orizzontale,Pioggia in atto,Normale,Insufficiente,Inesistente,0,0,0,1,"12,45791","41,8097",True
2697231,12,15/02/2016T05:50:00,Regionale,da specificare,,VIA PONTINA NUOVA,,,alt. km. 13.100 (dir. Pomezia),Veicolo in marcia contro ostacolo accidentale,Rettilineo,Due carreggiate,Bagnato (pioggia),Asfaltata,Verticale ed orizzontale,Pioggia in atto,Normale,Insufficiente,Inesistente,0,0,0,2,"12,45929","41,81188",False
2696264,10,15/02/2016T06:15:00,Strada Urbana,da specificare,,VIA ANAGNINA,,,TERMINAL ANAGNINA ALTEZZA CAPOLINEA,Veicolo in marcia contro ostacolo accidentale,Rettilineo,Una carreggiata a senso unico di marcia,Bagnato (pioggia),Asfaltata,Verticale ed orizzontale,Pioggia in atto,Scarso,Sufficiente,Ore Diurne,5,0,0,1,"12,5878","41,84264",False
2695163,19,15/02/2016T06:15:00,Strada Urbana,in corrispondenza,del civico n.,VIA TRIONFALE,,9293,,Veicolo in marcia contro ostacolo fisso,Rettilineo,Una carreggiata a doppio senso,Bagnato (pioggia),Asfaltata,Orizzontale,Nuvoloso,Normale,Buona,Ore Diurne,0,0,0,1,"12,41884","41,94385",True
2697234,12,15/02/2016T06:25:00,Regionale,da specificare,,VIA PONTINA NUOVA,,,alt. km. 13.100 (dir. Pomezia),Veicolo in marcia contro ostacolo accidentale,Rettilineo,Due carreggiate,Bagnato (pioggia),Asfaltata,Verticale ed orizzontale,Pioggia in atto,Normale,Insufficiente,Inesistente,0,0,0,1,"12,45791","41,80996",True
2697235,12,15/02/2016T06:30:00,Regionale,da specificare,,VIA PONTINA NUOVA,,,alt. km. 13.100 (dir. Pomezia),Veicolo in marcia contro ostacolo accidentale,Rettilineo,Due carreggiate,Bagnato (pioggia),Asfaltata,Verticale ed orizzontale,Pioggia in atto,Normale,Insufficiente,Inesistente,0,0,0,1,"12,47165","41,83733",True
2697237,12,15/02/2016T06:35:00,Regionale,da specificare,,VIA PONTINA NUOVA,,,alt. km. 13.100 (dir. Pomezia),Veicolo in marcia contro ostacolo accidentale,Rettilineo,Due carreggiate,Bagnato (pioggia),Asfaltata,Verticale ed orizzontale,Pioggia in atto,Normale,Insufficiente,Inesistente,0,0,0,1,"12,45738","41,80864",True
2695581,16,15/02/2016T06:40:00,Strada Urbana,da specificare,,VIA DI MALAGROTTA,,,FRONTE CIVICO 300/A,Veicolo in marcia contro ostacolo fisso,Rettilineo,Una carreggiata a doppio senso,Bagnato (umidit� in atto),Asfaltata,Orizzontale,Nuvoloso,Normale,Buona,Ore Diurne,0,0,0,1,"12,32935","41,86468",True
2696261,5,15/02/2016T06:45:00,Strada Urbana,da specificare,,VIA BELMONTE IN SABINA,,,altezza ponte cavalcavia direzione G.R.A.,Veicolo in marcia contro ostacolo accidentale,Rettilineo,Una carreggiata a senso unico di marcia,Bagnato (pioggia),Asfaltata,Assente,Pioggia in atto,Normale,Sufficiente,Sufficiente,0,0,0,2,"12,59851","41,9491",True
2696376,13,15/02/2016T06:50:00,Strada Urbana,in corrispondenza,del civico n.,VIA DI PONTE LADRONE,,32,,Veicolo in marcia contro ostacolo accidentale,Rettilineo,Una carreggiata a doppio senso,Bagnato (pioggia),Con buche,Assente,Pioggia in atto,Normale,Buona,Insufficiente,0,0,0,1,"12,37689","41,78733",True
2695042,17,15/02/2016T07:00:00,Strada Urbana,all'intersezione con,BORGO S. ANGELO,VIA DELLA TRASPONTINA,BORGO S. ANGELO,,,Scontro frontale/laterale SX fra veicoli in marcia,Incrocio,Due carreggiate,Bagnato (pioggia),Acciotolata,Verticale ed orizzontale,Nuvoloso,Normale,Buona,Ore Diurne,0,0,0,2,,,False
2695334,3,15/02/2016T07:05:00,,all'intersezione semaforizzata con,VIALE DEL POLICLINICO,VIALE DELL'UNIVERSITA',VIALE DEL POLICLINICO,,,Scontro frontale/laterale DX fra veicoli in marcia,,,,,,,,,,1,0,0,1,,,False
2696553,8,15/02/2016T07:25:00,,da specificare,,VIA DI ROCCA CENCIA,,,ALT. FERMATA ROCCA CENCIA SELLIA,Investimento di pedone,,,,,,,,,,1,0,0,1,,,False
2695677,16,15/02/2016T07:30:00,Strada Urbana,da specificare,,VIA DI MALAGROTTA,,,fronte civico 300/a,Veicolo in marcia contro ostacolo fisso,Rettilineo,Una carreggiata a doppio senso,Bagnato (umidit� in atto),Asfaltata,Orizzontale,Nuvoloso,Normale,Sufficiente,Ore Diurne,0,0,0,2,"12,32935","41,86468",True
2696453,4,15/02/2016T07:40:00,Provinciale,da specificare,,VIA NOMENTANA,,,distributore GPL,Scontro frontale/laterale SX fra veicoli in marcia,Rettilineo,Una carreggiata a doppio senso,Bagnato (pioggia),Asfaltata,Assente,Nuvoloso,Intenso,Buona,Ore Diurne,0,0,0,2,"12,55238","41,94111",False
2694958,6,15/02/2016T07:45:00,Provinciale entro l'abitato,in corrispondenza,del civico n.,VIA PRENESTINA,,246,,Investimento di pedone,Rettilineo,Pi� di due carreggiate,Bagnato (pioggia),Asfaltata,Verticale ed orizzontale,Nuvoloso,Normale,Buona,Ore Diurne,1,0,0,1,"12,54207","41,89267",True
2695940,9,15/02/2016T07:45:00,Strada Urbana,in prossimit�,del civico n.,VIA CILICIA,,55,,Veicolo in marcia contro ostacolo fisso,Rettilineo,Due carreggiate,Bagnato (pioggia),Asfaltata,Orizzontale,Nuvoloso,Normale,Buona,Ore Diurne,0,0,0,1,,,False
2696579,1,15/02/2016T07:50:00,Strada Urbana,in corrispondenza,del civico n.,PIAZZA DI S. CLEMENTE,,5,,Scontro laterale fra veicoli in marcia,Rettilineo,Una carreggiata a doppio senso,Bagnato (pioggia),In cubetti di porfido,Verticale,Nuvoloso,Normale,Buona,Ore Diurne,1,0,0,1,,,False
2695946,9,15/02/2016T08:00:00,Strada Urbana,in prossimit�,del civico n.,VIA CILICIA,,55,,Veicolo in marcia contro ostacolo fisso,Rettilineo,Due carreggiate,Bagnato (umidit� in atto),Asfaltata,Assente,Nuvoloso,Normale,Buona,Ore Diurne,0,0,0,2,"12,50354","41,87134",True
2696749,1,15/02/2016T08:00:00,Strada Urbana,da specificare,,VIA FERDINANDO DI SAVOIA,,,altezza via maria adelaide,Veicolo in marcia contro veicoli in sosta,Rettilineo,Una carreggiata a doppio senso,Bagnato (umidit� in atto),In cubetti di porfido,Verticale ed orizzontale,Nuvoloso,Normale,Buona,Ore Diurne,0,0,0,0,,,False
2696419,11,15/02/2016T08:00:00,Strada Urbana,in corrispondenza,del civico n.,VIALE PICO DELLA MIRANDOLA,,78,,Scontro laterale fra veicoli in marcia,Rettilineo,Due carreggiate,Bagnato (umidit� in atto),Asfaltata,Verticale ed orizzontale,Nuvoloso,Intenso,Buona,Ore Diurne,0,0,0,2,"12,48437","41,84514",True
2695718,16,15/02/2016T08:30:00,Strada Urbana,all'intersezione con,VIA DI MALAGROTTA,VIA GIOVANNI EMANUELE BARIE',VIA DI MALAGROTTA,,,Veicolo in marcia contro ostacolo fisso,Intersezione stradale segnalata,Una carreggiata a doppio senso,Bagnato (umidit� in atto),Asfaltata,Orizzontale,Nuvoloso,Normale,Buona,Ore Diurne,0,0,0,1,"12,33447","41,84467",True
2696920,16,15/02/2016T08:50:00,Strada Urbana,in corrispondenza,del civico n.,VIA EDOARDO JENNER,,57A,,Veicolo in marcia contro veicolo in sosta,Rettilineo,Una carreggiata a doppio senso,Bagnato (pioggia),Asfaltata,Verticale ed orizzontale,Nuvoloso,Normale,Buona,Ore Diurne,0,0,0,1,"12,4448","41,8729",True
2696644,2,15/02/2016T08:50:00,Strada Urbana,in prossimit�,del civico n.,VIA GUIDO RENI,,18,,Veicolo in marcia contro veicolo in sosta,Rettilineo,Due carreggiate,Bagnato (umidit� in atto),Asfaltata,Verticale ed orizzontale,Nuvoloso,Scarso,Buona,Ore Diurne,0,0,0,1,"12,46532","41,92781",True
2696482,4,15/02/2016T08:55:00,Strada Urbana,in corrispondenza,del civico n.,VIA CARLO BERNARI,,2,,Scontro frontale/laterale DX fra veicoli in marcia,Curva senza visuale libera,Una carreggiata a doppio senso,Bagnato (pioggia),Asfaltata,Orizzontale,Nuvoloso,Normale,Buona,Ore Diurne,0,0,0,2,"12,55068","41,96711",True
2696364,20,15/02/2016T09:00:00,Strada Urbana,in prossimit�,del palo luce n.,VIA DEL FORO ITALICO,,225,,Tamponamento Multiplo,Rettilineo,Due carreggiate,Bagnato (pioggia),Asfaltata,Verticale ed orizzontale,Pioggia in atto,Intenso,Buona,Ore Diurne,0,0,0,3,,,False
2696416,11,15/02/2016T09:10:00,Strada Urbana,da specificare,,VIA OSTIENSE,,,in prossimit� VIA STAZIONE OSTIENSE,Scontro frontale fra veicoli in marcia,Rettilineo,Pi� di due carreggiate,Bagnato (pioggia),Con buche,Verticale ed orizzontale,Pioggia in atto,Normale,Sufficiente,Ore Diurne,1,0,0,2,"12,48043","41,87342",False
2696263,5,15/02/2016T09:10:00,Strada Urbana,all'intersezione semaforizzata con,VIA GIACOMO PERONI,VIALE DEL TECNOPOLO,VIA GIACOMO PERONI,,,Scontro laterale fra veicoli in marcia,Intersezione stradale segnalata,Due carreggiate,Bagnato (pioggia),Asfaltata,Verticale ed orizzontale,Nuvoloso,Normale,Buona,Ore Diurne,0,0,0,2,"12,64019","41,93706",True
2696829,1,15/02/2016T09:25:00,Strada Urbana,in prossimit�,del civico n.,VIA DEL CIRCO MASSIMO,,9,,Tamponamento,Rettilineo,Una carreggiata a doppio senso,Bagnato (pioggia),Asfaltata,,Pioggia in atto,Normale,Buona,Ore Diurne,0,0,0,2,,,False
2696268,10,15/02/2016T09:30:00,Strada Urbana,in corrispondenza,del civico n.,VIA TUSCOLANA,,1359/C,,Scontro laterale fra veicoli in marcia,Rettilineo,Due carreggiate,Bagnato (pioggia),Asfaltata,Verticale ed orizzontale,Pioggia in atto,Intenso,Buona,Ore Diurne,1,0,0,11,"12,61703","41,83203",False
2700639,1,15/02/2016T09:35:00,Strada Urbana,all'intersezione con,VIA SAN MARTINO DELLA BATTAGLIA,VIALE CASTRO PRETORIO,VIA SAN MARTINO DELLA BATTAGLIA,,,Investimento di pedone,Incrocio,Una carreggiata a senso unico di marcia,Asciutto,Asfaltata,Verticale ed orizzontale,Nuvoloso,Normale,Buona,Ore Diurne,1,0,0,1,,,False
2696379,13,15/02/2016T09:50:00,Strada Urbana,all'intersezione semaforizzata con,VIALE VASCO DE GAMA,VIA DELLE SIRENE,VIALE VASCO DE GAMA,,,Scontro frontale/laterale DX fra veicoli in marcia,Intersezione semaforizzata,Due carreggiate,Bagnato (pioggia),Asfaltata,Verticale ed orizzontale,Nuvoloso,Normale,Buona,Ore Diurne,0,0,0,3,"12,27222","41,73542",True
2696933,16,15/02/2016T10:00:00,Strada Urbana,all'intersezione semaforizzata con,VIA DELLA CASETTA MATTEI,VIA DI BRAVETTA,VIA DELLA CASETTA MATTEI,,,Tamponamento,Intersezione semaforizzata,Una carreggiata a doppio senso,Bagnato (pioggia),Asfaltata,Verticale ed orizzontale,Pioggia in atto,Normale,Buona,Ore Diurne,0,0,0,2,"12,42599","41,87664",True
2695504,6,15/02/2016T10:10:00,Strada Urbana,all'intersezione con,PIAZZA PIO PECCHIAI,VIA ROMOLO BALZANI,PIAZZA PIO PECCHIAI,,,Investimento di pedone,Intersezione stradale segnalata,Una carreggiata a senso unico di marcia,Bagnato (umidit� in atto),Asfaltata,Verticale ed orizzontale,Nuvoloso,Scarso,Buona,Ore Diurne,1,0,0,2,"12,55624","41,88278",True
2696383,13,15/02/2016T10:15:00,Strada Urbana,all'intersezione con,VIA DI MACCHIA SAPONARA,VIA BRUNO MOLAJOLI,VIA DI MACCHIA SAPONARA,,,Scontro laterale fra veicoli in marcia,Incrocio,Una carreggiata a doppio senso,Asciutto,Asfaltata,Verticale ed orizzontale,Nuvoloso,Normale,Sufficiente,Ore Diurne,0,0,0,4,"12,35674","41,7689",False
2696370,11,15/02/2016T10:15:00,Strada Urbana,in corrispondenza,del civico n.,VIA APPIA ANTICA,,16,,Veicolo in marcia contro veicoli in sosta,Rettilineo,Una carreggiata a senso unico di marcia,Asciutto,Acciotolata,Verticale ed orizzontale,Sereno,Normale,Buona,Ore Diurne,2,0,0,0,"12,50193","41,87026",True
2695500,6,15/02/2016T10:30:00,Strada Urbana,da specificare,,VIA DI PORTONACCIO,,,CIRCA 50 MT PRIMA DI VIA LATINO SILVIO,Tamponamento,Rettilineo,Due carreggiate,Bagnato (umidit� in atto),Asfaltata,Verticale ed orizzontale,Nuvoloso,Normale,Buona,Ore Diurne,0,0,0,2,"12,54158","41,89529",False
2696439,7,15/02/2016T10:30:00,,in corrispondenza,del civico n.,VIA GIACOMO BALLA,,80,,Investimento di pedone,,,,,,,,,,1,0,0,1,,,False
2696387,13,15/02/2016T10:30:00,Strada Urbana,all'intersezione con,VIA LUDOVICO BREA,LARGO RODOLFO VILLANI,VIA LUDOVICO BREA,,,Scontro frontale/laterale DX fra veicoli in marcia,Incrocio,Una carreggiata a senso unico di marcia,Asciutto,Asfaltata,Assente,Nuvoloso,Scarso,Buona,Ore Diurne,1,0,0,1,"12,3557","41,77921",False
2695960,9,15/02/2016T11:00:00,,in corrispondenza,del civico n.,VIA TUSCOLANA,,531,,Veicolo in marcia contro ostacolo fisso,,,,,,,,,,0,0,0,0,,,False
2697173,12,15/02/2016T11:00:00,Strada Urbana,da specificare,,VIA CRISTOFORO COLOMBO,,,prox Via Carlo Levi,Veicolo in marcia contro ostacolo fisso,Curva senza visuale libera,Una carreggiata a senso unico di marcia,Bagnato (umidit� in atto),Asfaltata,Verticale ed orizzontale,Nuvoloso,Normale,Buona,Ore Diurne,1,0,0,0,,,False
2697003,16,15/02/2016T11:00:00,Strada Urbana,in prossimit�,del civico n.,VIA GIAMBATTISTA MARINO,,3,,Veicolo in marcia contro veicolo in sosta,Curva a visuale libera,Una carreggiata a senso unico di marcia,Bagnato (umidit� in atto),Asfaltata,Verticale,Nuvoloso,Normale,Buona,Ore Diurne,0,0,0,1,"12,46453","41,87691",False
2696798,1,15/02/2016T11:00:00,Strada Urbana,in prossimit�,del palo luce n.,VIALE MARCO POLO,,69,,Tamponamento Multiplo,Rettilineo,Due carreggiate,Bagnato (pioggia),Asfaltata,Verticale ed orizzontale,Nuvoloso,Intenso,Buona,Ore Diurne,0,0,0,3,,,False
2696473,9,15/02/2016T11:00:00,Strada Urbana,in corrispondenza,del civico n.,VIA TUSCOLANA,,531,,Veicolo in marcia contro ostacolo fisso,Rettilineo,Una carreggiata a senso unico di marcia,Bagnato (umidit� in atto),Asfaltata,Assente,Sereno,Normale,Buona,Ore Diurne,0,0,0,1,"12,54094","41,86741",False
2696343,11,15/02/2016T11:00:00,Strada Urbana,da specificare,,VIA CRISTOFORO COLOMBO,,,carreggiata lat. dir centro alt via R. G. Carducci,Infortunio per sola frenata improvvisa,Rettilineo,Pi� di due carreggiate,Bagnato (pioggia),Asfaltata,Verticale ed orizzontale,Nuvoloso,Normale,Buona,Ore Diurne,0,0,0,2,"12,49","41,8578",True
2696377,20,15/02/2016T11:05:00,Regionale,da specificare,,VIADOTTO GIUBILEO DEL 2000,,,direzione cimitero prossimit� uscita Prima Porta,Veicolo in marcia contro ostacolo accidentale,Rettilineo,Due carreggiate,Bagnato (pioggia),Asfaltata,Verticale ed orizzontale,Nuvoloso,Normale,Buona,Ore Diurne,0,0,0,1,,,False
2696558,8,15/02/2016T11:10:00,Strada Urbana,in prossimit�,del palo luce n.,VIA VINCENZO BONIFATI,,15,,Veicolo in marcia contro veicolo fermo,Curva a visuale libera,Una carreggiata a senso unico di marcia,Bagnato (umidit� in atto),Asfaltata,Orizzontale,Nuvoloso,Normale,Buona,Ore Diurne,1,0,0,2,"12,66037","41,9164",False
2696312,11,15/02/2016T11:20:00,Strada Urbana,in prossimit�,del civico n.,VIA ARDEATINA,,521 C,,Tamponamento Multiplo,Rettilineo,Una carreggiata a doppio senso,Asciutto,Asfaltata,Verticale ed orizzontale,Nuvoloso,Normale,Buona,Ore Diurne,1,0,0,2,"12,51773","41,83064",False
2696391,19,15/02/2016T11:45:00,Strada Urbana,da specificare,,VIA TRIONFALE,,,altezza via PIER PAOLO PASOLINI,Veicolo in marcia contro ostacolo accidentale,Rettilineo,Una carreggiata a doppio senso,Bagnato (pioggia),Asfaltata,Orizzontale,Nuvoloso,Normale,Buona,Ore Diurne,0,0,0,1,"12,4142","41,94892",True
2698818,1,15/02/2016T11:45:00,Strada Urbana,all'intersezione con,PIAZZA VENEZIA,VIA CESARE BATTISTI,PIAZZA VENEZIA,,,Scontro laterale fra veicoli in marcia,Incrocio,Due carreggiate,Bagnato (pioggia),In cubetti di porfido,Verticale ed orizzontale,Nuvoloso,Normale,Buona,Ore Diurne,0,0,0,4,"12,483","41,89688",False
2696392,13,15/02/2016T11:50:00,Strada Urbana,all'intersezione con,VIA DELLA CORAZZATA,VIA DELLE TRIREMI,VIA DELLA CORAZZATA,,,Scontro frontale/laterale DX fra veicoli in marcia,Incrocio,Una carreggiata a doppio senso,Asciutto,Asfaltata,Verticale ed orizzontale,Nuvoloso,Normale,Buona,Ore Diurne,1,0,0,1,"12,26543","41,7359",False
2696275,10,15/02/2016T12:00:00,,all'intersezione con,VIA QUINTILIO VARO,CIRCONVALLAZIONE TUSCOLANA,VIA QUINTILIO VARO,,,Scontro laterale fra veicoli in marcia,,,,,,,,,,2,0,0,0,,,False
2697129,9,15/02/2016T12:15:00,,da specificare,,VIA MAGNAGRECIA,,,fronte civ. 17,Investimento di pedone,,,,,,,,,,0,0,0,2,"12,50884","41,88321",False
2696547,8,15/02/2016T12:45:00,,in corrispondenza,del palo luce n.,VIA POLENSE,,21,,Veicolo in marcia contro ostacolo accidentale,,,,,,,,,,0,0,0,1,,,False
2696543,8,15/02/2016T12:50:00,Provinciale entro l'abitato,da specificare,,VIA POLENSE,,,FRONTE CIVICO 141,Veicolo in marcia contro ostacolo accidentale,Rettilineo,Una carreggiata a doppio senso,Bagnato (pioggia),Asfaltata,Assente,Pioggia in atto,Normale,Sufficiente,Ore Diurne,0,0,0,1,"12,70292","41,89532",True
2697143,23,15/02/2016T13:00:00,Strada Urbana,all'intersezione semaforizzata con,VIA PINDARO,VIA CRISTOFORO COLOMBO,VIA PINDARO,,,Scontro laterale fra veicoli in marcia,Intersezione semaforizzata,Una carreggiata a senso unico di marcia,Asciutto,Asfaltata,Verticale ed orizzontale,Nuvoloso,Normale,Buona,Ore Diurne,1,0,0,1,"12,36961","41,75489",False
2696406,13,15/02/2016T13:10:00,Strada Urbana,all'intersezione con,VIALE GORGIA DI LEONTINI,VIA DI CASAL PALOCCO,VIALE GORGIA DI LEONTINI,,,Scontro laterale fra veicoli in marcia,Incrocio,Due carreggiate,Asciutto,Asfaltata,Verticale ed orizzontale,Sereno,Scarso,Buona,Ore Diurne,0,0,0,2,"12,35142","41,75136",False
2697942,8,15/02/2016T13:15:00,,da specificare,,VIA DI TOR BELLA MONACA,,,pross.  IV� palo luce dir. Via Casilina,Veicolo in marcia contro ostacolo accidentale,,,,,,,,,,0,0,0,1,,,False
2695881,18,15/02/2016T14:00:00,Strada Urbana,da specificare,,VIA AURELIA,,,benedetto XIV,Investimento di pedone,Rettilineo,Una carreggiata a doppio senso,Asciutto,Asfaltata,Verticale ed orizzontale,Sereno,Normale,Buona,Ore Diurne,2,0,0,1,"12,44952","41,89974",False
2696338,20,15/02/2016T14:00:00,,in corrispondenza,del palo luce n.,VIA LIVIGNO,,8,,Fuoriuscita dalla sede stradale,,,,,,,,,,0,0,0,1,,,False
2695762,2,15/02/2016T14:40:00,Strada Urbana,in corrispondenza,del civico n.,VIA GUALTIERO CASTELLINI,,18,,Investimento di pedone,Rettilineo,Una carreggiata a doppio senso,Asciutto,Asfaltata,Verticale ed orizzontale,Nuvoloso,Normale,Buona,Ore Diurne,0,0,0,2,"12,48965","41,92588",True