_ID,_Gruppo,_DataOraIncidente,_Localizzazione1,_Localizzazione2,_Strada1,_DaSpecificare,_NaturaIncidente,_ParticolaritaStrade,_TipoStrada,_FondoStradale,_Pavimentazione,_Segnaletica,_CondizioneAtmosferica,_Traffico,_Visibilita,_Illuminazione,_NUM_FERITI,_NUM_RISERVATA,_NUM_MORTI,_NUM_ILLESI,_Longitudine,_Latitudine,_CONFERMATO,__prefix,_Strada02,_Strada2,_Chilometrica
2697870,5,16/02/2016T17:30:00,Strada Urbana,all'intersezione con,VIA ALDO SANDULLI,VIA DONATO MENICHELLA,VIA ALDO SANDULLI,,,Scontro laterale fra veicoli in marcia,Incrocio,Una carreggiata a senso unico di marcia,Asciutto,Asfaltata,Verticale ed orizzontale,Nuvoloso,Normale,Sufficiente,Sufficiente,0,0,0,2,"12,58585","41,94788",True
2697877,13,16/02/2016T17:45:00,Strada Urbana,da specificare,,VIA ISOLE SALOMONE,,,in prossimit� di Via delle Azzorre,Veicolo in marcia contro ostacolo accidentale,Rettilineo,Una carreggiata a doppio senso,Bagnato (pioggia),Asfaltata,Assente,Pioggia in atto,Scarso,Insufficiente,Ore Diurne,0,0,0,1,"12,27597","41,74153",False
2697948,20,16/02/2016T17:50:00,Strada Urbana,da specificare,,VIA DEL FORO ITALICO,,,(rampa di uscita per VIA ANTONINO DI SAN GIULIANO),Veicolo in marcia contro ostacolo accidentale,Curva senza visuale libera,Una carreggiata a senso unico di marcia,Bagnato (pioggia),Asfaltata,Verticale ed orizzontale,Pioggia in atto,Normale,Insufficiente,Inesistente,0,0,0,1,,,False
2698000,20,16/02/2016T17:51:00,Strada Urbana,da specificare,,VIA DEL FORO ITALICO,,,(rampa di uscita per VIA ANTONINO DI SAN GIULIANO),Veicolo in marcia contro ostacolo accidentale,Curva senza visuale libera,Una carreggiata a senso unico di marcia,Bagnato (pioggia),Asfaltata,Verticale ed orizzontale,Pioggia in atto,Normale,Insufficiente,Inesistente,0,0,0,1,,,False
2697904,9,16/02/2016T18:00:00,,in corrispondenza,del civico n.,VIA DELL'ARCO DI TRAVERTINO,,16,,Veicolo in marcia contro veicolo in sosta,,,,,,,,,,1,0,0,0,,,False
2697850,15,16/02/2016T18:00:00,Strada Urbana,da specificare,,PIAZZA ANTONIO MEUCCI,,,fronte civico 5,Scontro laterale fra veicoli in marcia,Rettilineo,Una carreggiata a senso unico di marcia,Asciutto,Asfaltata,Verticale ed orizzontale,Nuvoloso,Intenso,Insufficiente,Insufficiente,1,0,0,1,"12,46412","41,86221",True
2701558,12,16/02/2016T18:00:00,Provinciale entro l'abitato,in prossimit�,del civico n.,VIA PONTINA,,343,,Scontro laterale fra veicoli in marcia,Rettilineo,Una carreggiata a senso unico di marcia,Asciutto,Asfaltata,Verticale ed orizzontale,Sereno,Normale,Sufficiente,Sufficiente,0,0,0,2,"12,45238","41,79364",False
2698175,4,16/02/2016T18:00:00,,all'intersezione semaforizzata con,VIA ANTONIO DE CURTIS,VIA GIOVANNI CONTI,VIA ANTONIO DE CURTIS,,,Scontro laterale fra veicoli in marcia,,,,,,,,,,1,0,0,2,"12,53109","41,95456",False
2698323,2,16/02/2016T18:20:00,Strada Urbana,in corrispondenza,del civico n.,VIA GIACOMO PUCCINI,,12,,Scontro laterale fra veicoli in marcia,Rettilineo,Una carreggiata a doppio senso,Asciutto,Asfaltata,Verticale ed orizzontale,Nuvoloso,Normale,Buona,Sufficiente,0,0,0,2,"12,49256","41,91217",True
2697997,6,16/02/2016T18:20:00,Strada Urbana,in prossimit�,del civico n.,VIA ROBERTO MALATESTA,,308,,Scontro laterale fra veicoli in marcia,Rettilineo,,Bagnato (pioggia),Asfaltata,Verticale ed orizzontale,Nuvoloso,Normale,Sufficiente,Sufficiente,0,0,0,3,,,False
2697862,15,16/02/2016T18:25:00,,in prossimit�,del civico n.,VIA DELLA MAGLIANA NUOVA,,175,,Investimento di pedone,,,,,,,,,,1,0,0,1,,,False
2697882,13,16/02/2016T19:00:00,,all'intersezione con,VIA DEL FOSSO DI DRAGONCELLO,VIA AGOSTINO CHIGI,VIA DEL FOSSO DI DRAGONCELLO,,,Scontro frontale/laterale SX fra veicoli in marcia,,,,,,,,,,0,0,0,3,"12,32396","41,76817",False
2697940,11,16/02/2016T19:10:00,Strada Urbana,da specificare,,VIA DI TORRICOLA,,,100 mt dopo civ.140 direz.Ardeatina,Scontro laterale fra veicoli in marcia,Rettilineo,Una carreggiata a doppio senso,Asciutto,Asfaltata,Verticale ed orizzontale,Nuvoloso,Scarso,Insufficiente,Inesistente,0,0,0,9,"12,54023","41,81163",True
2697893,15,16/02/2016T19:10:00,,da specificare,,VIADOTTO DELLA MAGLIANA,,,rampa immissione a VIa della Magliana  ,Scontro laterale fra veicoli in marcia,,,,,,,,,,0,0,0,3,,,False
2698373,12,16/02/2016T19:30:00,Provinciale,in corrispondenza,della chilometrica,VIA LAURENTINA,,14,,Tamponamento,Rettilineo,Una carreggiata a doppio senso,Asciutto,Asfaltata,Temporanea di cantiere,Nuvoloso,Normale,Sufficiente,Inesistente,0,0,0,0,,,False
2698376,2,16/02/2016T19:35:00,Strada Urbana,all'intersezione con,VIA DELLE VALLI,PIAZZA GONDAR,VIA DELLE VALLI,,,Tamponamento,Intersezione semaforizzata,Due carreggiate,Asciutto,Asfaltata,Verticale ed orizzontale,Sereno,Normale,Buona,Sufficiente,0,0,0,2,"12,52092","41,93333",True
2697835,11,16/02/2016T19:50:00,Strada Urbana,da specificare,,VIA PAOLO DI DONO,,,fronte civ. 145,Veicolo in marcia contro veicolo in sosta,Rettilineo,Una carreggiata a doppio senso,Asciutto,Asfaltata,Orizzontale,Nuvoloso,Scarso,Buona,Sufficiente,0,0,0,1,"12,49322","41,82866",False
2698896,1,16/02/2016T20:35:00,Strada Urbana,in prossimit�,del palo luce n.,PIAZZA DI PORTA S. GIOVANNI,,62,,Scontro laterale fra veicoli in marcia,Rettilineo,Una carreggiata a doppio senso,Asciutto,Asfaltata,Verticale ed orizzontale,Nuvoloso,Normale,Sufficiente,Sufficiente,0,0,0,3,,,False
2697890,5,16/02/2016T20:56:00,Strada Urbana,da specificare,,VIALE DEL TECNOPOLO,,,altezza via G. Caputo ,Scontro laterale fra veicoli in marcia,Rettilineo,Due carreggiate,Asciutto,Asfaltata,Verticale ed orizzontale,Sereno,Scarso,Sufficiente,Sufficiente,0,0,0,2,"12,63582","41,92973",True
2698926,1,16/02/2016T21:45:00,Strada Urbana,all'intersezione con,PIAZZA DELLA CANCELLERIA,CORSO VITTORIO EMANUELE II,PIAZZA DELLA CANCELLERIA,,,Veicolo in marcia contro veicolo in sosta,Incrocio,Una carreggiata a doppio senso,Asciutto,In cubetti di porfido,Verticale ed orizzontale,Nuvoloso,Normale,Buona,Sufficiente,0,0,0,1,,,False
2698429,16,16/02/2016T23:50:00,,in prossimit�,del civico n.,VIA ODERISI DA GUBBIO,,192,,Veicolo in marcia contro veicolo in sosta,,,,,,,,,,0,0,0,1,"12,46483","41,86461",False
2698051,7,17/02/2016T01:50:00,,all'intersezione con,LARGO CAMERANO,VIA PIEVEBOVIGLIANA,LARGO CAMERANO,,,Scontro frontale/laterale SX fra veicoli in marcia,,,,,,,,,,0,0,0,3,,,False
2697946,8,17/02/2016T03:30:00,Strada Urbana,da specificare,,VIA TUSCOLANA,,,altezza ponte GRA dir. Roma centro,Veicolo in marcia contro ostacolo fisso,Curva senza visuale libera,Una carreggiata a senso unico di marcia,Bagnato (umidit� in atto),Asfaltata,Verticale ed orizzontale,Nuvoloso,Scarso,Buona,Sufficiente,0,0,0,1,"12,5878","41,84051",True
2699544,8,17/02/2016T05:00:00,Strada Urbana,in prossimit�,del civico n.,VIALE DI TORRE MAURA,,76,,Veicolo in marcia contro ostacolo accidentale,Rettilineo,Due carreggiate,Bagnato (umidit� in atto),Con buche,Verticale,Nuvoloso,Scarso,Sufficiente,Sufficiente,0,0,0,2,,,False
2700267,3,17/02/2016T05:50:00,,all'intersezione con,VIA MASANIELLO,VIA TIBURTINA,VIA MASANIELLO,,,Tamponamento,,,,,,,,,,1,0,0,2,,,False
2697921,6,17/02/2016T06:25:00,Provinciale entro l'abitato,in corrispondenza,del civico n.,VIA PRENESTINA,,248,,Infortunio per caduta del veicolo,Rettilineo,Pi� di due carreggiate,Bagnato (pioggia),Asfaltata,Orizzontale,Nuvoloso,Normale,Buona,Ore Diurne,1,0,0,0,,,False
2699507,20,17/02/2016T06:30:00,Regionale entro l'abitato,in corrispondenza,del civico n.,VIA FLAMINIA,,860,,Veicolo in marcia contro ostacolo fisso,Rettilineo,Due carreggiate,Bagnato (umidit� in atto),Asfaltata,Verticale ed orizzontale,Nuvoloso,Scarso,Sufficiente,Sufficiente,4,0,0,0,,,False
2699659,5,17/02/2016T06:40:00,Strada Urbana,all'intersezione con,VIA EUGENIO TORELLI VIOLLIER,LARGO ANTONIO BELTRAMELLI,VIA EUGENIO TORELLI VIOLLIER,,,Scontro frontale/laterale DX fra veicoli in marcia,Intersezione stradale segnalata,Una carreggiata a senso unico di marcia,Bagnato (pioggia),Asfaltata,Verticale ed orizzontale,Nuvoloso,Normale,Buona,Ore Diurne,0,0,0,3,,,False
2699605,8,17/02/2016T06:45:00,Strada Urbana,in prossimit�,del civico n.,VIA COLUMBIA,,582,,Ribaltamento senza urto contro ostacolo fisso,Rettilineo,Una carreggiata a doppio senso,Bagnato (umidit� in atto),Asfaltata,Orizzontale,Nuvoloso,Normale,Buona,Ore Diurne,1,0,0,0,"12,61876","41,85263",True
2699607,8,17/02/2016T07:05:00,Strada Urbana,in prossimit�,del civico n.,VIA DI TORRE SPACCATA,,110,,Scontro frontale/laterale SX fra veicoli in marcia,Rettilineo,Una carreggiata a doppio senso,Bagnato (pioggia),Asfaltata,Verticale ed orizzontale,Nuvoloso,Normale,Buona,Ore Diurne,0,0,0,2,"12,58754","41,85804",False
2700061,4,17/02/2016T07:10:00,,all'intersezione con,VIA CORTONA,VIA SALARIA,VIA CORTONA,,,Scontro laterale fra veicoli in marcia,,,,,,,,,,0,0,0,5,"12,50636","41,96534",False
2700347,3,17/02/2016T07:15:00,Strada Urbana,da specificare,,CIRCONVALLAZIONE TIBURTINA,,,direzione S.Giovanni fronte Easy Box,Tamponamento Multiplo,Rettilineo,Due carreggiate,Bagnato (umidit� in atto),Asfaltata,Verticale,Nuvoloso,Intenso,Buona,Ore Diurne,0,0,0,4,"12,52804","41,89941",False
2698274,6,17/02/2016T07:40:00,Strada Urbana,all'intersezione con,VIA PIETRO RUGA,VIA LEONARDO BUFALINI,VIA PIETRO RUGA,,,Scontro frontale/laterale DX fra veicoli in marcia,Intersezione stradale segnalata,Due carreggiate,Bagnato (umidit� in atto),Asfaltata,Verticale ed orizzontale,Nuvoloso,Normale,Buona,Ore Diurne,1,0,0,1,,,False
2699675,7,17/02/2016T07:40:00,Strada Urbana,all'intersezione con,VIA RAFFAELE COSTI,VIA DI TOR CERVARA,VIA RAFFAELE COSTI,,,Scontro frontale/laterale DX fra veicoli in marcia,Intersezione stradale segnalata,Una carreggiata a doppio senso,Asciutto,Asfaltata,Verticale ed orizzontale,Nuvoloso,Intenso,Buona,Ore Diurne,0,0,0,2,"12,58855","41,90877",True
2698021,9,17/02/2016T07:45:00,Strada Urbana,all'intersezione con,VIA RAFFAELE DE CESARE,VIA TOMMASO FORTIFIOCCA,VIA RAFFAELE DE CESARE,,,Scontro laterale fra veicoli in marcia,Incrocio,Una carreggiata a senso unico di marcia,Asciutto,Asfaltata,Verticale ed orizzontale,Sereno,Normale,Buona,Ore Diurne,0,0,0,2,"12,52106","41,87225",True
2698472,16,17/02/2016T07:45:00,,all'intersezione con,VIA ALESSANDRO SANTINI,VIA DEL CASALE LUMBROSO,VIA ALESSANDRO SANTINI,,,Scontro frontale/laterale DX fra veicoli in marcia,,,,,,,,,,1,0,0,1,"12,35754","41,87695",False
2699642,11,17/02/2016T07:50:00,,all'intersezione con,VIA CRISTOFORO COLOMBO,VIA ALESSANDRO SEVERO,VIA CRISTOFORO COLOMBO,,,Scontro frontale fra veicoli in marcia,,,,,,,,,,4,0,0,0,,,False
2698066,4,17/02/2016T08:10:00,Strada Urbana,in prossimit�,del palo luce n.,VIA DELLE VALLI,,63,,Scontro laterale fra veicoli in marcia,Rettilineo,Due carreggiate,Asciutto,Asfaltata,Orizzontale,Nuvoloso,Normale,Buona,Ore Diurne,1,0,0,1,"12,52395","41,93592",False
2699641,5,17/02/2016T08:10:00,Strada Urbana,da specificare,,VIA TIBURTINA,,,altezza via di Portonaccio,Tamponamento Multiplo,Rettilineo,Una carreggiata a doppio senso,Asciutto,Asfaltata,Orizzontale,Nuvoloso,Intenso,Buona,Ore Diurne,0,0,0,4,"35,30007","27,19942",True
2699085,13,17/02/2016T08:15:00,Strada Urbana,da specificare,,VIA DI MACCHIA SAPONARA,,,ALT.CIV. 152,Scontro frontale/laterale DX fra veicoli in marcia,Rettilineo,Una carreggiata a doppio senso,Bagnato (pioggia),Asfaltata,Assente,Nuvoloso,Normale,Buona,Ore Diurne,0,0,0,2,"12,35779","41,76722",False
2699095,13,17/02/2016T08:20:00,Strada Urbana,all'intersezione semaforizzata con,Via della Stella Polare,VIALE VEGA,Via della Stella Polare,,,Scontro frontale/laterale DX fra veicoli in marcia,Intersezione semaforizzata,Due carreggiate,Asciutto,Asfaltata,Verticale ed orizzontale,Nuvoloso,Normale,Buona,Ore Diurne,1,0,0,2,"12,29304","41,72771",False
2698601,19,17/02/2016T08:30:00,Strada Urbana,in corrispondenza,del civico n.,VIA DI CASAL DEL MARMO,,182/A,,Scontro frontale/laterale SX fra veicoli in marcia,Rettilineo,Una carreggiata a doppio senso,Asciutto,Asfaltata,Orizzontale,Nuvoloso,Normale,Buona,Ore Diurne,1,0,0,2,"12,40366","41,95629",True
2699716,19,17/02/2016T08:40:00,Strada Urbana,in prossimit�,del civico n.,VIA DEI MONTI DI PRIMAVALLE,,173,,Veicolo in marcia contro veicolo in sosta,Rettilineo,Una carreggiata a doppio senso,Asciutto,Asfaltata,Assente,Nuvoloso,Normale,Buona,Ore Diurne,0,0,0,1,"12,41371","41,90851",True
2699596,20,17/02/2016T08:45:00,Regionale entro l'abitato,in corrispondenza,del civico n.,VIA CASSIA,,1081,,Scontro frontale/laterale SX fra veicoli in marcia,Rettilineo,Una carreggiata a doppio senso,Bagnato (umidit� in atto),Asfaltata,Orizzontale,Nuvoloso,Intenso,Buona,Ore Diurne,1,0,0,2,,,False
2699550,8,17/02/2016T09:00:00,,in prossimit�,del palo luce n.,VIA DELL' OSTERIA DEL FINOCCHIO,,34,,Veicolo in marcia contro ostacolo accidentale,,,,,,,,,,0,0,0,1,,,False
2700440,16,17/02/2016T09:00:00,Strada Urbana,in prossimit�,del civico n.,VIA PAOLA FALCONIERI,,18,,Veicolo in marcia contro veicoli in sosta,Rettilineo,Una carreggiata a senso unico di marcia,Asciutto,Asfaltata,Verticale ed orizzontale,Nuvoloso,Normale,Buona,Ore Diurne,0,0,0,2,"12,45198","41,87692",False
2698199,10,17/02/2016T09:10:00,Strada Urbana,in prossimit�,del civico n.,VIA FRANCESCO DI BENEDETTO,,273,,Scontro laterale fra veicoli in marcia,Rettilineo,Una carreggiata a doppio senso,Asciutto,Asfaltata,Orizzontale,Nuvoloso,Scarso,Buona,Ore Diurne,0,0,0,3,"12,60117","41,8387",True
2698462,7,17/02/2016T10:10:00,Strada Urbana,in prossimit�,del civico n.,VIA EMILIO LONGONI,,79,,Scontro frontale/laterale SX fra veicoli in marcia,Rettilineo,Due carreggiate,Asciutto,Asfaltata,Verticale ed orizzontale,Nuvoloso,Normale,Buona,Ore Diurne,1,0,0,1,"12,60368","41,90007",True
2698999,1,17/02/2016T10:15:00,Strada Urbana,in prossimit�,del palo luce n.,LUNGOTEVERE AVENTINO,,16,,Infortunio per sola frenata improvvisa,Rettilineo,Una carreggiata a senso unico di marcia,Asciutto,Strada pavimentata dissestata,Verticale ed orizzontale,Nuvoloso,Normale,Buona,Ore Diurne,1,0,0,1,,,False
2698982,1,17/02/2016T10:15:00,Strada Urbana,da specificare,,PIAZZA DI S. GIOVANNI DELLA MALVA,,,prossimit� Via di Ponte Sisto,Veicolo in marcia contro ostacolo fisso,,Una carreggiata a senso unico di marcia,Asciutto,Asfaltata,Verticale ed orizzontale,Nuvoloso,Scarso,Buona,Ore Diurne,0,0,0,1,,,False
2698610,19,17/02/2016T10:15:00,Strada Urbana,in prossimit�,del civico n.,VIA MARIO FANI,,106,,Veicolo in marcia contro veicolo in sosta,Rettilineo,Una carreggiata a doppio senso,Asciutto,Asfaltata,Assente,Nuvoloso,Normale,Buona,Ore Diurne,0,0,0,1,"12,44146","41,93809",True
2699639,5,17/02/2016T10:15:00,Strada Urbana,da specificare,,VIA BELMONTE IN SABINA,,,dir. G.R.A. alt. rampa immiss. da Via S. Alessandr,Veicolo in marcia contro ostacolo fisso,Rettilineo,Due carreggiate,Asciutto,Asfaltata,Verticale ed orizzontale,Nuvoloso,Normale,Sufficiente,Ore Diurne,0,0,0,1,,,False
2699526,13,17/02/2016T10:15:00,Strada Urbana,da specificare,,VIALE DELLA VITTORIA,,,cavalcavia,Scontro laterale fra veicoli in marcia,Cavalcavia,Una carreggiata a doppio senso,Bagnato (pioggia),Asfaltata,Verticale ed orizzontale,Nuvoloso,Normale,Buona,Ore Diurne,0,0,0,4,"12,28802","41,72933",False
2698884,9,17/02/2016T10:30:00,Strada Urbana,in prossimit�,del civico n.,VIA LATINA,,16,,Veicolo in marcia contro veicolo in sosta,Rettilineo,Una carreggiata a senso unico di marcia,Asciutto,Asfaltata,Orizzontale,Nuvoloso,Scarso,Buona,Ore Diurne,0,0,0,1,"12,50404","41,87577",False
2699621,11,17/02/2016T10:45:00,Strada Urbana,all'intersezione con,VIA ANTONIO MANNUCCI,VIA ROCCO DA CESINALE,VIA ANTONIO MANNUCCI,,,Veicolo in marcia contro veicolo arresto,Rotatoria,Una carreggiata a senso unico di marcia,Asciutto,Asfaltata,Verticale ed orizzontale,Nuvoloso,Scarso,Buona,Ore Diurne,0,0,0,2,"12,49035","41,86493",True
2698424,10,17/02/2016T10:55:00,Strada Urbana,all'intersezione semaforizzata con,VIA DELLE CAPANNELLE,VIA TUSCOLANA,VIA DELLE CAPANNELLE,,,Tamponamento,Intersezione semaforizzata,Una carreggiata a senso unico di marcia,Asciutto,Asfaltata,Verticale ed orizzontale,Nuvoloso,Normale,Buona,Ore Diurne,0,0,0,2,"12,57542","41,84853",False
2699652,5,17/02/2016T11:05:00,Strada Urbana,in prossimit�,del civico n.,VIA DEI MONTI TIBURTINI,,770,,Tamponamento,Rettilineo,Una carreggiata a senso unico di marcia,Asciutto,Asfaltata,Verticale ed orizzontale,Sereno,Normale,Buona,Ore Diurne,0,0,0,4,"12,55328","41,9123",True
2699011,1,17/02/2016T11:10:00,Strada Urbana,all'intersezione semaforizzata con,LARGO CORRADO RICCI,VIA DEI FORI IMPERIALI,LARGO CORRADO RICCI,,,Scontro laterale fra veicoli in marcia,Intersezione semaforizzata,Una carreggiata a doppio senso,Asciutto,In cubetti di porfido,Verticale ed orizzontale,Nuvoloso,Scarso,Buona,Ore Diurne,0,0,0,2,"12,48711","41,89337",False
2698493,2,17/02/2016T11:10:00,Strada Urbana,all'intersezione con,VIA NINO OXILIA,VIALE PARIOLI,VIA NINO OXILIA,,,Ribaltamento senza urto contro ostacolo fisso,Incrocio,Una carreggiata a doppio senso,Asciutto,Asfaltata,Verticale ed orizzontale,Nuvoloso,Normale,Buona,Ore Diurne,1,0,0,0,,,False
2700174,23,17/02/2016T11:30:00,Strada Urbana,all'intersezione semaforizzata con,VIA DEL CANALE DELLA LINGUA,VIA CRISTOFORO COLOMBO,VIA DEL CANALE DELLA LINGUA,,,Tamponamento,Intersezione semaforizzata,Pi� di due carreggiate,Bagnato (umidit� in atto),Asfaltata,Verticale ed orizzontale,Nuvoloso,Scarso,Buona,Ore Diurne,0,0,0,3,"12,44704","41,80373",False
2700548,18,17/02/2016T11:30:00,Strada Urbana,all'intersezione con,VIA S. ADEODATO,VIA SABINIANO,VIA S. ADEODATO,,,Ribaltamento senza urto contro ostacolo fisso,Intersezione stradale segnalata,Una carreggiata a doppio senso,Asciutto,Asfaltata,Verticale ed orizzontale,Nuvoloso,Normale,Buona,Ore Diurne,1,0,0,2,"12,44215","41,89378",True
2699627,8,17/02/2016T11:35:00,,da specificare,,VIA MONTPELLIER,,,altezza capolinea ATAC,Scontro frontale/laterale DX fra veicoli in marcia,,,,,,,,,,1,0,0,1,,,False
2701204,1,17/02/2016T11:40:00,Strada Urbana,in prossimit�,del civico n.,VIA MARSALA,,51,,Veicolo in marcia contro ostacolo accidentale,Rettilineo,Una carreggiata a senso unico di marcia,Asciutto,Lastricata,Verticale ed orizzontale,Sereno,Normale,Buona,Ore Diurne,0,0,0,1,,,False
2699646,20,17/02/2016T12:10:00,Strada Urbana,da specificare,,VIALE DEL FORO ITALICO,,,direzione Stadio sotto Galleria Fleming,Tamponamento Multiplo,Rettilineo,Due carreggiate,Asciutto,Asfaltata,Orizzontale,Nuvoloso,Normale,Buona,Ore Diurne,0,0,0,5,,,False
2698995,2,17/02/2016T12:55:00,Strada Urbana,da specificare,,VIA SALARIA,,,alt. L.go A. Ponchielli,Scontro frontale/laterale DX fra veicoli in marcia,Rettilineo,Una carreggiata a doppio senso,Asciutto,Asfaltata,Orizzontale,Sereno,Normale,Buona,Ore Diurne,1,0,0,1,,,False
2699726,20,17/02/2016T13:25:00,Regionale entro l'abitato,da specificare,,VIA FLAMINIA,,,prossimit� di via Vitorchiano,Tamponamento,Rettilineo,Due carreggiate,Asciutto,Asfaltata,Orizzontale,Nuvoloso,Normale,Buona,Ore Diurne,1,0,0,1,,,False
2699600,8,17/02/2016T13:30:00,Strada Urbana,in corrispondenza,del civico n.,VIA DON PRIMO MAZZOLARI,,300,,Scontro laterale fra veicoli in marcia,Rettilineo,Una carreggiata a doppio senso,Asciutto,Asfaltata,Verticale ed orizzontale,Nuvoloso,Normale,Buona,Ore Diurne,0,0,0,2,"12,67079","41,89849",True
2700464,16,17/02/2016T14:00:00,,all'intersezione con,VIA DELLA VIGNACCIA,VIA DI BRAVA,VIA DELLA VIGNACCIA,,,Infortunio per sola frenata improvvisa,,,,,,,,,,1,0,0,1,"12,38966","41,86648",False
2699995,4,17/02/2016T14:15:00,,da specificare,,VIA SERGIO TOFANO,,,prossimit� via G. Cervi,Veicolo in marcia contro ostacolo fisso,,,,,,,,,,0,0,0,1,"12,53489","41,96216",False
2699067,1,17/02/2016T14:20:00,Strada Urbana,all'intersezione semaforizzata con,VIA LABICANA,PIAZZA DEL COLOSSEO,VIA LABICANA,,,Scontro laterale fra veicoli in marcia,Intersezione semaforizzata,Pi� di due carreggiate,Asciutto,Asfaltata,Verticale ed orizzontale,Sereno,Normale,Buona,Ore Diurne,0,0,0,3,,,False
2700665,1,17/02/2016T14:20:00,Strada Urbana,all'intersezione con,VIA SEBASTIANO GRANDIS,VIA DI S. CROCE IN GERUSALEMME,VIA SEBASTIANO GRANDIS,,,Scontro frontale/laterale SX fra veicoli in marcia,Incrocio,Due carreggiate,Asciutto,Asfaltata,Verticale ed orizzontale,Nuvoloso,Scarso,Buona,Ore Diurne,1,0,0,2,,,False
2699473,10,17/02/2016T14:25:00,,in prossimit�,del civico n.,VIA APPIA NUOVA,,1260,,Tamponamento,,,,,,,,,,1,0,0,1,,,False
2699130,13,17/02/2016T14:40:00,,in prossimit�,della chilometrica,VIA DEL MARE,,24.65,,Scontro laterale fra veicoli in marcia,,,,,,,,,,0,0,0,2,,,False
2699649,5,17/02/2016T14:40:00,Strada Urbana,in corrispondenza,del civico n.,VIA DEI MONTI DI PIETRALATA,,226,,Veicolo in marcia contro veicolo fermo,Rettilineo,Una carreggiata a senso unico di marcia,Asciutto,Asfaltata,Verticale ed orizzontale,Sereno,Scarso,Buona,Ore Diurne,0,0,0,2,"12,53086","41,92201",True
2699780,20,17/02/2016T15:05:00,Strada Urbana,da specificare,,VIALE DI TOR DI QUINTO,,,in prossimit� di via del Labaro,Ribaltamento senza urto contro ostacolo fisso,Rettilineo,Pi� di due carreggiate,Asciutto,Asfaltata,Verticale ed orizzontale,Sereno,,Buona,Ore Diurne,1,0,0,4,,,False
2699683,19,17/02/2016T15:10:00,Strada Urbana,in corrispondenza,del civico n.,VIA TRIONFALE,,9612,,Tamponamento,Rettilineo,Una carreggiata a doppio senso,Asciutto,Asfaltata,Orizzontale,Sereno,Normale,Buona,Ore Diurne,0,0,0,2,"12,4169","41,94637",True
2699684,17,17/02/2016T15:15:00,Strada Urbana,da specificare,,LUNGOTEVERE MICHELANGELO,,,prox rampa immissione da piazza della Libert�,Veicolo in marcia contro veicolo in sosta,Rettilineo,Una carreggiata a senso unico di marcia,Asciutto,Asfaltata,Verticale ed orizzontale,Nuvoloso,Normale,Buona,Ore Diurne,0,0,0,1,,,False
2700484,16,17/02/2016T15:15:00,,in corrispondenza,del civico n.,CIRCONVALLAZIONE GIANICOLENSE,,127,,Veicolo in marcia contro veicolo fermo,,,,,,,,,,0,0,0,3,,,False
2699665,5,17/02/2016T15:30:00,Strada Urbana,in prossimit�,del civico n.,VIA MONTEGIORGIO,,5,,Veicolo in marcia contro ostacolo fisso,Rettilineo,Una carreggiata a doppio senso,Asciutto,Asfaltata,Verticale ed orizzontale,Nuvoloso,Normale,Sufficiente,Ore Diurne,0,0,0,1,,,False
2701806,18,17/02/2016T15:30:00,Strada Urbana,all'intersezione con,VIA GIROLAMO VITELLI,VIA BALDO DEGLI UBALDI,VIA GIROLAMO VITELLI,,,Scontro laterale fra veicoli in marcia,Incrocio,Due carreggiate,Asciutto,Asfaltata,Verticale ed orizzontale,Sereno,Normale,Buona,Ore Diurne,0,0,0,2,"12,43608","41,89975",True
2698980,10,17/02/2016T16:35:00,Strada Urbana,in corrispondenza,del civico n.,VIA TUSCOLANA,,793b,,Investimento di pedone,Rettilineo,Due carreggiate,Asciutto,Asfaltata,Verticale ed orizzontale,Sereno,Normale,Buona,Ore Diurne,2,0,0,0,,,False
2699239,20,17/02/2016T16:45:00,,da specificare,,GALLERIA GIOVANNI XXIII,,,ALTEZZA VIA MARIO FANI,Veicolo in marcia contro ostacolo fisso,,,,,,,,,,0,0,1,0,,,False
2699474,10,17/02/2016T17:15:00,Strada Urbana,all'intersezione con,VIA ELIO ANDRISCO,VIA APPIA PIGNATELLI,VIA ELIO ANDRISCO,,,Scontro laterale fra veicoli in marcia,Incrocio,Una carreggiata a doppio senso,Asciutto,Asfaltata,Orizzontale,Nuvoloso,Normale,Buona,Ore Diurne,0,0,0,4,"12,54224","41,84222",True
2699959,4,17/02/2016T17:30:00,Strada Urbana,all'intersezione con,VIA MONTE RESEGONE,VIA DELLE VIGNE NUOVE,VIA MONTE RESEGONE,,,Scontro frontale/laterale DX fra veicoli in marcia,Incrocio,Due carreggiate,Asciutto,Asfaltata,Verticale ed orizzontale,Sereno,Normale,Buona,Sufficiente,0,0,0,2,"12,53581","41,955",True
2699695,17,17/02/2016T17:30:00,Strada Urbana,in corrispondenza,del civico n.,VIA COLA DI RIENZO,,105,,Investimento di pedone,Rettilineo,Una carreggiata a doppio senso,Asciutto,Lastricata,Verticale ed orizzontale,Sereno,Normale,Buona,Ore Diurne,0,0,0,2,"12,4663","41,90828",False