_ID,_Gruppo,_DataOraIncidente,_Localizzazione1,_Localizzazione2,_Strada1,_DaSpecificare,_NaturaIncidente,_ParticolaritaStrade,_TipoStrada,_FondoStradale,_Pavimentazione,_Segnaletica,_CondizioneAtmosferica,_Traffico,_Visibilita,_Illuminazione,_NUM_FERITI,_NUM_RISERVATA,_NUM_MORTI,_NUM_ILLESI,_Longitudine,_Latitudine,_CONFERMATO,__prefix,_Strada02,_Strada2,_Chilometrica
2699610,1,17/02/2016T18:00:00,Strada Urbana,da specificare,,LUNGOTEVERE MARESCIALLO DIAZ,,,albero n.1,Scontro laterale fra veicoli in marcia,,Due carreggiate,Asciutto,Asfaltata,Orizzontale,Sereno,Normale,Sufficiente,Sufficiente,2,0,0,0,,,False
2699848,2,17/02/2016T18:20:00,Strada Urbana,in corrispondenza,del civico n.,VIA CHEREN,,26,,Veicolo in marcia contro veicolo in sosta,Pendenza,Una carreggiata a senso unico di marcia,Asciutto,In cubetti di porfido,Verticale ed orizzontale,Sereno,Normale,Sufficiente,Sufficiente,0,0,0,1,"12,52309","41,92802",True
2699603,11,17/02/2016T18:20:00,Strada Urbana,all'intersezione con,VIALE DEL CARAVAGGIO,PIAZZALE DEL CARAVAGGIO,VIALE DEL CARAVAGGIO,,,Scontro frontale/laterale DX fra veicoli in marcia,Incrocio,Pi� di due carreggiate,Asciutto,Asfaltata,Verticale ed orizzontale,Nuvoloso,Normale,Buona,Sufficiente,0,0,0,2,"12,49331","41,85083",False
2699662,5,17/02/2016T18:45:00,Strada Urbana,in prossimit�,del civico n.,VIA TIBURTINA,,912,,Tamponamento Multiplo,Rettilineo,Due carreggiate,Asciutto,Asfaltata,Temporanea di cantiere,Sereno,Intenso,Sufficiente,Sufficiente,1,0,0,5,,,False
2699609,13,17/02/2016T18:45:00,Strada Urbana,da specificare,,PIAZZALE AMERIGO VESPUCCI,,,direzione via Cristoforo Colombo,Tamponamento,Rettilineo,Una carreggiata a doppio senso,Asciutto,Asfaltata,Orizzontale,Sereno,Normale,Buona,Sufficiente,0,0,0,2,"12,32173","41,7137",False
2699678,9,17/02/2016T18:45:00,Strada Urbana,in prossimit�,del civico n.,VIALE CASTRENSE,,50,,Veicolo in marcia contro ostacolo accidentale,Rettilineo,Una carreggiata a senso unico di marcia,Asciutto,Con buche,Assente,Sereno,Intenso,Buona,Sufficiente,0,0,0,1,,,False
2700219,3,17/02/2016T19:20:00,,in prossimit�,del civico n.,VIA TIBURTINA,,297,,Scontro laterale fra veicoli in marcia,,,,,,,,,,0,0,0,1,,,False
2699625,8,17/02/2016T19:25:00,,da specificare,,VIALE PIETRO ANDERLONI,,,rampa d'ingresso da Via Tor Bella Monaca dir. GRA,Scontro laterale fra veicoli in marcia,,,,,,,,,,0,0,0,3,,,False
2699401,9,17/02/2016T19:30:00,,da specificare,,VIA QUINTO PUBLICIO,,,fronte VIA LAMARO,Veicolo in marcia contro ostacolo fisso,,,,,,,,,,3,0,0,0,"12,57538","41,85626",False
2700232,23,17/02/2016T19:30:00,Comunale extraurbana,in prossimit�,della chilometrica,VIA CRISTOFORO COLOMBO,,21.1,,Scontro laterale fra veicoli in marcia,Rettilineo,Pi� di due carreggiate,Asciutto,Asfaltata,Orizzontale,Sereno,Normale,Buona,Insufficiente,1,0,0,1,,,False
2700498,16,17/02/2016T19:30:00,Strada Urbana,da specificare,,VIA DI BRAVETTA,,,altezza via dei Marcellini,Scontro frontale/laterale SX fra veicoli in marcia,Rettilineo,Una carreggiata a doppio senso,Asciutto,Asfaltata,Verticale ed orizzontale,Nuvoloso,Normale,Buona,Sufficiente,1,0,0,1,"12,42251","41,87005",False
2699721,17,17/02/2016T19:40:00,Strada Urbana,all'intersezione semaforizzata con,VIALE GIUSEPPE MAZZINI,VIALE ANGELICO,VIALE GIUSEPPE MAZZINI,,,Scontro frontale/laterale DX fra veicoli in marcia,Incrocio,Due carreggiate,Asciutto,Asfaltata,Verticale ed orizzontale,Sereno,Normale,,,1,0,0,1,"12,45745","41,91292",False
2699591,8,17/02/2016T19:45:00,Strada Urbana,in prossimit�,del civico n.,VIA DI PRATOLUNGO CASILINO,,130,,Tamponamento,Rettilineo,Una carreggiata a doppio senso,Asciutto,Con buche,Assente,Nuvoloso,Scarso,Sufficiente,Sufficiente,0,0,0,3,"12,66571","41,8862",True
2699696,13,17/02/2016T19:45:00,Strada Urbana,da specificare,,VIA DEI PESCATORI,,,tratto tra via di Acilia e pizza Eschilo,Veicolo in marcia contro ostacolo accidentale,Pendenza,Una carreggiata a senso unico di marcia,Asciutto,Asfaltata,Verticale,Nuvoloso,Normale,Sufficiente,Sufficiente,0,0,0,1,"12,33443","41,75221",False
2700454,3,17/02/2016T19:45:00,,in prossimit�,del civico n.,CIRCONVALLAZIONE NOMENTANA,,251BIS,,Infortunio per caduta del veicolo,,,,,,,,,,1,0,0,1,,,False
2700022,4,17/02/2016T20:00:00,Strada Urbana,in corrispondenza,del civico n.,VIA DELLE LUCARIE,,78,,Veicolo in marcia contro veicolo in sosta,Rettilineo,Una carreggiata a senso unico di marcia,Asciutto,Asfaltata,Verticale,Sereno,Scarso,Sufficiente,Sufficiente,0,0,0,2,"12,52358","42,00517",False
2699702,19,17/02/2016T20:00:00,Strada Urbana,da specificare,,VIA SACROFANESE,,,"snc circa 50 m. prima segnaletica km. 0,900",Fuoriuscita dalla sede stradale,Curva senza visuale libera,Una carreggiata a doppio senso,Asciutto,Asfaltata,Verticale ed orizzontale,Sereno,Scarso,Insufficiente,Inesistente,0,0,0,1,"12,4764","42,05825",True
2699606,11,17/02/2016T20:00:00,Strada Urbana,da specificare,,VIA DEL PORTO FLUVIALE,,,fronte civico 31,Scontro laterale fra veicoli in marcia,Rettilineo,Una carreggiata a doppio senso,Asciutto,Asfaltata,Verticale ed orizzontale,Sereno,Scarso,Sufficiente,Sufficiente,0,0,0,2,"12,4763","41,87236",True
2699533,8,17/02/2016T20:15:00,,da specificare,,VIALE DUILIO CAMBELLOTTI,,,pross. Via Torraccio di Torrenova ,Veicolo in marcia contro ostacolo accidentale,,,,,,,,,,0,0,0,2,,,False
2701566,18,17/02/2016T20:20:00,Strada Urbana,in prossimit�,del civico n.,VIA DI TORREVECCHIA,,147a,,Investimento di pedone,Rettilineo,Una carreggiata a doppio senso,Asciutto,Asfaltata,Verticale ed orizzontale,Sereno,Normale,Buona,Sufficiente,2,0,0,0,"12,41992","41,9326",False
2699562,8,17/02/2016T20:40:00,Strada Urbana,da specificare,,VIALE DUILIO CAMBELLOTTI,,,prima del ponte stazione Torre Angela,Veicolo in marcia contro ostacolo accidentale,Pendenza,Una carreggiata a senso unico di marcia,Asciutto,Asfaltata,Orizzontale,Sereno,Scarso,Buona,Sufficiente,0,0,0,2,"12,62935","41,86719",True
2699452,9,17/02/2016T20:40:00,,da specificare,,VIA DRUSO,,,in prossimit� di PIAZZALE DI PORTA METRONIA,Scontro laterale fra veicoli in marcia,,,,,,,,,,0,0,0,5,"12,49787","41,88209",False
2699660,1,17/02/2016T21:30:00,Strada Urbana,da specificare,,VIA CERNAIA,,,prossimit� VIA PASTRENGO,Scontro laterale fra veicoli in marcia,Rettilineo,Una carreggiata a senso unico di marcia,Asciutto,Asfaltata,Orizzontale,Sereno,Scarso,Sufficiente,Sufficiente,2,0,0,2,,,False
2699712,1,17/02/2016T22:20:00,Strada Urbana,all'intersezione con,VIA NICOLA FABRIZI,VIA DANDOLO,VIA NICOLA FABRIZI,,,Scontro frontale/laterale DX fra veicoli in marcia,Incrocio,Una carreggiata a doppio senso,Asciutto,Asfaltata,Orizzontale,Sereno,Scarso,Buona,Sufficiente,0,0,0,2,,,False
2700346,3,17/02/2016T22:30:00,,da specificare,,VIA DELLA LEGA LOMBARDA,,,fronte civ 54,Infortunio per caduta del veicolo,,,,,,,,,,1,0,0,0,,,False
2701091,7,17/02/2016T23:30:00,,all'intersezione con,VIALE MARCO FULVIO NOBILIORE,VIALE DEI SALESIANI,VIALE MARCO FULVIO NOBILIORE,,,Scontro frontale/laterale SX fra veicoli in marcia,,,,,,,,,,0,0,0,3,,,False
2699453,9,17/02/2016T23:35:00,,all'intersezione con,VIA TRACIA,VIA PANNONIA,VIA TRACIA,,,Scontro frontale/laterale SX fra veicoli in marcia,,,,,,,,,,0,0,0,2,"12,50016","41,88102",False
2700429,3,17/02/2016T23:50:00,Strada Urbana,in prossimit�,del civico n.,VIA DELLA LEGA LOMBARDA,,54,,Veicolo in marcia contro ostacolo accidentale,Rettilineo,Una carreggiata a senso unico di marcia,Asciutto,Asfaltata,Verticale,Sereno,Scarso,Buona,Sufficiente,0,0,0,1,"12,52515","41,90832",False
2701216,13,18/02/2016,,da specificare,,VIA DEI PESCATORI,,,fronte civico 114,Veicolo in marcia contro ostacolo fisso,,,,,,,,,,0,0,0,1,,,False
2700470,3,18/02/2016T00:25:00,,all'intersezione con,VIA FRANCESCO D'OVIDIO,VIA ETTORE ROMAGNOLI,VIA FRANCESCO D'OVIDIO,,,Scontro frontale/laterale DX fra veicoli in marcia,,,,,,,,,,0,0,0,2,,,False
2701901,18,18/02/2016T00:30:00,Strada Urbana,in prossimit�,del civico n.,VIA AURELIA,,235,,Veicolo in marcia contro veicolo in sosta,Curva a visuale libera,Una carreggiata a doppio senso,Asciutto,Asfaltata,Verticale ed orizzontale,Sereno,Scarso,Buona,Sufficiente,1,0,0,0,"12,44351","41,89914",False
2700512,16,18/02/2016T00:30:00,,da specificare,,VIA CRISTOFORO COLOMBO,,,in prossimit� di via della Civilt� del Lavoro,Scontro frontale fra veicoli in marcia,,,,,,,,,,1,0,0,2,"12,44704","41,80373",False
2699584,8,18/02/2016T00:35:00,Strada Urbana,all'intersezione con,VIA DELLE ROSE,VIA DEI CICLAMINI,VIA DELLE ROSE,,,Scontro frontale/laterale SX fra veicoli in marcia,Incrocio,Una carreggiata a doppio senso,Asciutto,Asfaltata,Verticale ed orizzontale,Sereno,Normale,Buona,Sufficiente,0,0,0,2,"12,56659","41,89058",True
2700187,7,18/02/2016T06:00:00,Provinciale entro l'abitato,in prossimit�,del civico n.,VIA PRENESTINA,,607,,Tamponamento,Rettilineo,Una carreggiata a doppio senso,Asciutto,Asfaltata,Orizzontale,Sereno,Normale,Buona,Ore Diurne,2,0,0,0,"12,58386","41,8936",True
2701004,5,18/02/2016T06:45:00,Strada Urbana,all'intersezione con,VIA ADRIANO OLIVETTI,VIA DI SALONE,VIA ADRIANO OLIVETTI,,,Scontro frontale/laterale SX fra veicoli in marcia,Incrocio,Una carreggiata a doppio senso,Asciutto,Asfaltata,Verticale ed orizzontale,Sereno,Normale,Buona,Ore Diurne,0,0,0,2,"12,6265","41,93156",True
2700114,2,18/02/2016T07:30:00,Strada Urbana,all'intersezione con,VIA ALESSANDRIA,VIA REGGIO EMILIA,VIA ALESSANDRIA,,,Scontro frontale/laterale DX fra veicoli in marcia,Incrocio,Una carreggiata a senso unico di marcia,Asciutto,Asfaltata,Verticale ed orizzontale,Nuvoloso,Normale,Buona,Ore Diurne,0,0,0,4,,,False
2701015,11,18/02/2016T07:30:00,Strada Urbana,in corrispondenza,del civico n.,VIA ARDEATINA,,112,,Scontro frontale/laterale DX fra veicoli in marcia,Rettilineo,Una carreggiata a doppio senso,Asciutto,Asfaltata,Verticale ed orizzontale,Nuvoloso,Normale,Buona,Ore Diurne,0,0,0,5,"12,51134","41,85536",True
2701085,8,18/02/2016T07:45:00,,da specificare,,VIA COLLATINA,,,100 m prima del civ. 532 dir. GRA,Veicolo in marcia contro ostacolo accidentale,,,,,,,,,,0,0,0,1,,,False
2701039,8,18/02/2016T07:55:00,Strada Urbana,all'intersezione con,VIA MELISSANO,VIA ANDRIA,VIA MELISSANO,,,Veicolo in marcia contro ostacolo fisso,Intersezione stradale segnalata,Una carreggiata a doppio senso,Asciutto,Asfaltata,Verticale ed orizzontale,Sereno,Normale,Buona,Ore Diurne,0,0,0,1,"12,66726","41,88869",True
2701793,3,18/02/2016T08:00:00,Strada Urbana,all'intersezione con,VIA PISA,VIA LIVORNO,VIA PISA,,,Scontro laterale fra veicoli in marcia,Incrocio,Due carreggiate,Asciutto,Asfaltata,Verticale ed orizzontale,Nuvoloso,Intenso,Buona,Ore Diurne,3,0,0,2,"12,52484","41,91597",True
2701269,4,18/02/2016T08:00:00,Strada Urbana,da specificare,,VIA NOMENTANA,,,in corrispondenza di Via Val D'Aosta,Scontro laterale fra veicoli in marcia,Rettilineo,Pi� di due carreggiate,Asciutto,Asfaltata,Verticale ed orizzontale,Nuvoloso,Intenso,Buona,Ore Diurne,0,0,0,3,"12,55256","42,69594",False
2702553,17,18/02/2016T08:00:00,Strada Urbana,in prossimit�,del civico n.,VIALE GIULIO CESARE,,54/p,,Scontro laterale fra veicoli in marcia,Rettilineo,Pi� di due carreggiate,Asciutto,Asfaltata,Verticale ed orizzontale,Sereno,Normale,Buona,Ore Diurne,0,0,0,2,"12,46705","41,91186",False
2702529,17,18/02/2016T08:05:00,Strada Urbana,all'intersezione con,VIA RIALTO,VIA CIPRO,VIA RIALTO,,,Scontro laterale fra veicoli in marcia,Intersezione stradale segnalata,Due carreggiate,Asciutto,Asfaltata,Verticale ed orizzontale,Nuvoloso,Normale,Buona,Ore Diurne,0,0,0,3,"12,44681","41,90742",False
2701035,5,18/02/2016T08:30:00,Strada Urbana,all'intersezione con,VIA EDOARDO D'ONOFRIO,VIALE PALMIRO TOGLIATTI,VIA EDOARDO D'ONOFRIO,,,Scontro laterale fra veicoli in marcia,Incrocio,Due carreggiate,Asciutto,Asfaltata,Verticale ed orizzontale,Sereno,Normale,Buona,Ore Diurne,0,0,0,2,"12,57167","41,91211",False
2700750,16,18/02/2016T08:45:00,Strada Urbana,in prossimit�,del palo luce n.,VIA S. GIOVANNI EUDES,,8,,Scontro laterale fra veicoli in marcia,Curva senza visuale libera,Una carreggiata a doppio senso,Asciutto,Asfaltata,Verticale ed orizzontale,Sereno,Normale,Buona,Ore Diurne,0,0,0,3,"12,40937","41,87452",True
2701049,5,18/02/2016T08:50:00,Strada Urbana,all'intersezione con,VIA ELENA BRANDIZZI GIANNI,VIA TIBURTINA,VIA ELENA BRANDIZZI GIANNI,,,Scontro frontale/laterale SX fra veicoli in marcia,Incrocio,Due carreggiate,Asciutto,Asfaltata,Verticale ed orizzontale,Sereno,Normale,Buona,Ore Diurne,1,0,0,0,"12,5791","41,93148",False
2701222,13,18/02/2016T08:50:00,,all'intersezione con,VIA MAR DEI CORALLI,VIA DEL CANALE DELLA LINGUA,VIA MAR DEI CORALLI,,,Scontro laterale fra veicoli in marcia,,,,,,,,,,0,0,0,4,,,False
2701065,8,18/02/2016T09:15:00,,in prossimit�,del civico n.,VIA DELL' OSTERIA DEL FINOCCHIO,,176,,Veicolo in marcia contro ostacolo accidentale,,,,,,,,,,0,0,0,1,,,False
2700699,1,18/02/2016T09:15:00,Strada Urbana,in corrispondenza,del civico n.,VIA GIUSEPPE ZANARDELLI,,10,,Investimento di pedone,Rettilineo,Una carreggiata a doppio senso,Asciutto,Asfaltata,Verticale ed orizzontale,Sereno,Normale,Buona,Ore Diurne,1,0,0,1,,,False
2710541,13,18/02/2016T09:30:00,,all'intersezione con,VIALE GIUSEPPE GENOESE ZERBI,VIALE DEI PROMONTORI,VIALE GIUSEPPE GENOESE ZERBI,,,Tamponamento,,,,,,,,,,0,0,0,1,,,False
2703909,13,18/02/2016T09:40:00,,da specificare,,VIA DELLE ALGHE,,,pressi via nerucci,Veicolo in marcia contro ostacolo fisso,,,,,,,,,,0,0,0,3,,,False
2701097,20,18/02/2016T09:45:00,Strada Urbana,in corrispondenza,del civico n.,VIALE DI TOR DI QUINTO,,35 j,,Tamponamento Multiplo,Rettilineo,Due carreggiate,Asciutto,Asfaltata,Verticale ed orizzontale,Sereno,Normale,Buona,Ore Diurne,0,0,0,5,,,False
2700704,1,18/02/2016T10:00:00,Strada Urbana,in corrispondenza,del civico n.,VIA PIEMONTE,,113,,Scontro laterale fra veicoli in marcia,Rettilineo,Una carreggiata a senso unico di marcia,Asciutto,Asfaltata,Verticale ed orizzontale,Sereno,Normale,Buona,Ore Diurne,0,0,0,2,"12,49318","41,90963",True
2700106,19,18/02/2016T10:30:00,Strada Urbana,all'intersezione con,VIA BERNARDO BARBIELLINI AMIDEI,VIA VITTORIO MONTIGLIO,VIA BERNARDO BARBIELLINI AMIDEI,,,Scontro laterale fra veicoli in marcia,Incrocio,Una carreggiata a senso unico di marcia,Asciutto,Asfaltata,Assente,Nuvoloso,Normale,Buona,Ore Diurne,0,0,0,3,"12,42872","41,92407",True
2701086,20,18/02/2016T10:35:00,,da specificare,,VIA CASSIA,,,in prossimit� via di Baccanello,Scontro laterale fra veicoli in marcia,,,,,,,,,,1,0,0,2,,,False
2701095,20,18/02/2016T11:00:00,Statale entro l'abitato,in prossimit�,del civico n.,VIA FLAMINIA,,871,,Tamponamento,Rettilineo,Due carreggiate,Asciutto,Asfaltata,Orizzontale,Sereno,Normale,Buona,Ore Diurne,0,0,0,2,,,False
2700726,1,18/02/2016T11:00:00,Strada Urbana,in prossimit�,del civico n.,VIA LUDOVISI,,16,,Veicolo in marcia contro veicolo in sosta,Rettilineo,Una carreggiata a senso unico di marcia,Asciutto,Asfaltata,Verticale ed orizzontale,Sereno,Normale,Buona,Ore Diurne,0,0,0,1,,,False
2700058,7,18/02/2016T11:00:00,Strada Urbana,da specificare,,VIA TRANI,,,snc,Tamponamento,Rettilineo,Due carreggiate,Asciutto,Asfaltata,Assente,Sereno,Scarso,Buona,Ore Diurne,1,0,0,1,"12,57842","41,89036",False
2700068,10,18/02/2016T11:15:00,Strada Urbana,in corrispondenza,del civico n.,VIA SCRIBONIO CURIONE,,85,,Veicolo in marcia contro veicoli in sosta,Rettilineo,Due carreggiate,Asciutto,Asfaltata,Assente,Sereno,Scarso,Buona,Ore Diurne,0,0,0,1,,,False
2701025,11,18/02/2016T11:30:00,Strada Urbana,da specificare,,VIA CRISTOFORO COLOMBO,,,prossimit� fronte civico 426,Scontro laterale fra veicoli in marcia,Rettilineo,Pi� di due carreggiate,Asciutto,Asfaltata,Verticale ed orizzontale,Nuvoloso,Normale,Buona,Ore Diurne,0,0,0,2,"12,44704","41,80373",False
2700763,16,18/02/2016T11:30:00,,da specificare,,VIA LEONE XIII,,,prossimit� fronte civico 36,Tamponamento,,,,,,,,,,1,0,0,1,,,False
2701345,18,18/02/2016T11:35:00,,in prossimit�,del civico n.,VIA DEL FORTE BRASCHI,,84,,Scontro frontale/laterale DX fra veicoli in marcia,,,,,,,,,,1,0,0,1,,,False
2700708,9,18/02/2016T11:50:00,,all'intersezione con,VIA ALBANO,VIA SERMONETA,VIA ALBANO,,,Scontro frontale/laterale SX fra veicoli in marcia,,,,,,,,,,1,0,0,2,"12,53097","41,86844",False
2701517,17,18/02/2016T12:15:00,Strada Urbana,all'intersezione con,VICOLO DELLE PALLINE,VIA DEI CORRIDORI,VICOLO DELLE PALLINE,,,Scontro laterale fra veicoli in marcia,Incrocio,Due carreggiate,Asciutto,Acciotolata,Verticale ed orizzontale,Sereno,Normale,Buona,Ore Diurne,1,0,0,2,"12,46029","41,90308",False
2701172,19,18/02/2016T12:25:00,Strada Urbana,in prossimit�,del civico n.,VIA DELLA CAMILLUCCIA,,273,,Tamponamento Multiplo,Rettilineo,Una carreggiata a doppio senso,Asciutto,Asfaltata,Assente,Nuvoloso,Normale,Buona,Ore Diurne,1,0,0,3,"12,44313","41,93646",False
2700743,1,18/02/2016T12:35:00,Strada Urbana,in corrispondenza,del civico n.,PIAZZA DELL'ARA COELI,,1,,Scontro laterale fra veicoli in marcia,Rettilineo,Una carreggiata a senso unico di marcia,Asciutto,In cubetti di porfido,Verticale ed orizzontale,Sereno,Normale,Buona,Ore Diurne,1,0,0,2,,,False
2700382,10,18/02/2016T13:20:00,Statale entro l'abitato,da specificare,,VIA APPIA NUOVA,,,fronte civico 1267,Scontro laterale fra veicoli in marcia,Rettilineo,Due carreggiate,Asciutto,Asfaltata,Verticale ed orizzontale,Sereno,Normale,Buona,Ore Diurne,0,0,0,3,,,False
2701353,13,18/02/2016T13:50:00,Strada Urbana,in prossimit�,del civico n.,VIA AGOSTINO CHIGI,,330,,Veicolo in marcia contro ostacolo accidentale,Rettilineo,Una carreggiata a doppio senso,Asciutto,Asfaltata,Assente,Sereno,Normale,Buona,Ore Diurne,0,0,0,1,"12,32334","41,76788",False
2701082,5,18/02/2016T14:20:00,Strada Urbana,all'intersezione con,VIA ACHILLE BENEDETTI,VIA FILIPPO MEDA,VIA ACHILLE BENEDETTI,,,Investimento di pedone,Incrocio,Una carreggiata a doppio senso,Asciutto,Asfaltata,Verticale ed orizzontale,Sereno,Normale,Buona,Ore Diurne,0,0,0,0,"12,54354","41,91319",False
2701167,12,18/02/2016T14:25:00,Strada Urbana,all'intersezione con,VIA GIOVANNI FRIGNANI,VIALE DEI CADUTI NELLA GUERRA DI LIBERAZIONE,VIA GIOVANNI FRIGNANI,,,Scontro laterale fra veicoli in marcia,Incrocio,Una carreggiata a senso unico di marcia,Asciutto,Asfaltata,Orizzontale,Sereno,Scarso,Buona,Ore Diurne,1,0,0,1,"12,44721","41,78988",False
2701361,4,18/02/2016T14:30:00,Strada Urbana,in corrispondenza,del civico n.,VIA JACOPO SANNAZZARO,,21,,Scontro laterale fra veicoli in marcia,Rettilineo,Due carreggiate,Asciutto,Asfaltata,Verticale ed orizzontale,Sereno,Scarso,Buona,Ore Diurne,0,0,0,4,"12,54097","41,93836",True
2700463,20,18/02/2016T14:30:00,Strada Urbana,da specificare,,VIA DEL FORO ITALICO,,,prossimit� Galleria Giovanni XXIII,Tamponamento,Curva a visuale libera,Una carreggiata a senso unico di marcia,Asciutto,Asfaltata,Verticale ed orizzontale,Nuvoloso,Normale,Buona,Ore Diurne,1,0,0,2,,,False
2701790,3,18/02/2016T14:30:00,Strada Urbana,all'intersezione con,PIAZZA DEL PARCO CADUTI 19 LUGLIO 1943,VIA TIBURTINA,PIAZZA DEL PARCO CADUTI 19 LUGLIO 1943,,,Scontro laterale fra veicoli in marcia,Intersezione stradale segnalata,Una carreggiata a doppio senso,Asciutto,Asfaltata,Verticale ed orizzontale,Sereno,Normale,Buona,Ore Diurne,0,0,0,2,"12,5133","41,89833",True
2701088,5,18/02/2016T14:30:00,Strada Urbana,all'intersezione semaforizzata con,VIA TIBURTINA,VIA DI PORTONACCIO,VIA TIBURTINA,,,Tamponamento,Intersezione semaforizzata,Una carreggiata a doppio senso,Asciutto,Asfaltata,Orizzontale,Sereno,Normale,Buona,Ore Diurne,0,0,0,3,"12,53415","41,90815",True
2701075,1,18/02/2016T14:45:00,Strada Urbana,in prossimit�,del civico n.,VIA DELL'AMBA ARADAM,,29/a,,Scontro frontale/laterale SX fra veicoli in marcia,Rettilineo,Una carreggiata a doppio senso,Asciutto,Asfaltata,Verticale ed orizzontale,Nuvoloso,Normale,Buona,Ore Diurne,0,0,0,2,"12,50044","41,88377",False
2701401,13,18/02/2016T14:45:00,Strada Urbana,da specificare,,VIALE DEI ROMAGNOLI,,,IN PROX VIA DELLA CANAPA,Veicolo in marcia contro ostacolo accidentale,Rettilineo,Una carreggiata a senso unico di marcia,Asciutto,Con buche,Verticale,Sereno,Normale,Buona,Ore Diurne,0,0,0,1,"12,36481","41,78577",False
2700629,10,18/02/2016T15:00:00,Strada Urbana,da specificare,,VIA TUSCOLANA,,,inizio cavalcavia direzione G.R.A.,Tamponamento,Rettilineo,Due carreggiate,Asciutto,Asfaltata,Verticale ed orizzontale,Nuvoloso,Normale,Buona,Ore Diurne,1,0,0,1,"12,58379","41,84299",False
2701251,13,18/02/2016T15:15:00,Strada Urbana,all'intersezione con,VIA GIOVANNI FRANZONI,VIA DEI MONTI DI S. PAOLO,VIA GIOVANNI FRANZONI,,,Scontro frontale/laterale DX fra veicoli in marcia,Incrocio,Una carreggiata a doppio senso,Asciutto,Asfaltata,Orizzontale,Sereno,Normale,Buona,Ore Diurne,1,0,0,1,"12,35877","41,78709",False
2702162,16,18/02/2016T16:45:00,Strada Urbana,all'intersezione con,VIA FEDERICO TORRE,VIA FELICE CAVALLOTTI,VIA FEDERICO TORRE,,,Scontro laterale fra veicoli in marcia,Incrocio,Una carreggiata a senso unico di marcia,Asciutto,Asfaltata,Verticale ed orizzontale,Sereno,Normale,Buona,Ore Diurne,0,0,0,2,,,False
2701205,13,18/02/2016T16:50:00,Strada Urbana,da specificare,,VIA MONSIGNOR ARDUINO TERZI,,,civico 25,Veicolo in marcia contro ostacolo accidentale,Rettilineo,Una carreggiata a doppio senso,Asciutto,Con buche,Assente,Sereno,Scarso,Sufficiente,Ore Diurne,0,0,0,1,"12,34966","41,7659",False
2701077,11,18/02/2016T16:50:00,Strada Urbana,all'intersezione con,VIA NICOLO' DA PISTOIA,CIRCONVALLAZIONE OSTIENSE,VIA NICOLO' DA PISTOIA,,,Scontro laterale fra veicoli in marcia,Incrocio,Due carreggiate,Bagnato (pioggia),Asfaltata,Verticale ed orizzontale,Nuvoloso,Normale,Buona,Ore Diurne,1,0,0,2,"12,48695","41,86735",False
2700676,20,18/02/2016T17:00:00,Altra strada,da specificare,,VIA COSTANTINO NIGRA,,,int. area parcheggio privato del CONI,Investimento di pedone,Rettilineo,Una carreggiata a doppio senso,Asciutto,Asfaltata,Assente,Sereno,Normale,Buona,Ore Diurne,1,0,0,1,,,False
2701193,12,18/02/2016T17:30:00,Strada Urbana,da specificare,,VIALE DELL'OCEANO ATLANTICO,,,altezza palo Acea n. 96,Veicolo in marcia contro veicolo in sosta,Rettilineo,Due carreggiate,Asciutto,Asfaltata,Verticale ed orizzontale,Nuvoloso,Normale,Buona,Ore Diurne,1,0,0,0,"12,47153","41,82012",False
2701174,5,18/02/2016T17:35:00,Strada Urbana,da specificare,,VIA DI PIETRALATA,,,dir. Nomentana 20 mt. dopo via R. Fabiani,Veicolo in marcia contro ostacolo accidentale,Curva a visuale libera,Una carreggiata a doppio senso,Asciutto,Asfaltata,Orizzontale,Sereno,Normale,Buona,Ore Diurne,0,0,0,0,"12,55152","41,91948",False
2701201,20,18/02/2016T18:00:00,Strada Urbana,in corrispondenza,del civico n.,PIAZZA LAURO DE BOSIS,,15,,Tamponamento,Rettilineo,Due carreggiate,Asciutto,Asfaltata,Verticale ed orizzontale,Nuvoloso,Normale,Buona,Sufficiente,0,0,0,2,,,False
2701166,19,18/02/2016T18:20:00,Strada Urbana,all'intersezione con,VIA PALLANZENO,VIA CHERASCO,VIA PALLANZENO,,,Veicolo in marcia contro ostacolo fisso,Incrocio,Una carreggiata a doppio senso,Asciutto,Asfaltata,Verticale ed orizzontale,Sereno,Normale,Buona,Inesistente,0,0,0,1,"12,34648","41,95639",False
2701074,8,18/02/2016T18:25:00,Strada Urbana,da specificare,,VIALE OXFORD,,,(rotatoria) alt. svincolo dir. Via Cambellotti,Scontro laterale fra veicoli in marcia,Rotatoria,Una carreggiata a senso unico di marcia,Asciutto,Asfaltata,Verticale ed orizzontale,Sereno,Normale,Buona,Sufficiente,0,0,0,2,"12,6283","41,85976",True
2701210,13,18/02/2016T18:35:00,Strada Urbana,all'intersezione con,VIA ANTONIO MUNOZ,VIA FABIO GORI,VIA ANTONIO MUNOZ,,,Scontro frontale/laterale DX fra veicoli in marcia,Incrocio,Una carreggiata a doppio senso,Asciutto,Asfaltata,Verticale,Sereno,Scarso,Sufficiente,Sufficiente,1,0,0,1,"12,30196","41,76504",False
2701163,19,18/02/2016T18:40:00,Strada Urbana,in prossimit�,del civico n.,VIA MATTIA BATTISTINI,,212/d,,Investimento di pedone,Rettilineo,Una carreggiata a doppio senso,Asciutto,Asfaltata,Verticale ed orizzontale,Sereno,Normale,Sufficiente,Sufficiente,1,0,0,1,"12,41845","41,91408",False