_ID,_Gruppo,_DataOraIncidente,_Localizzazione1,_Localizzazione2,_Strada1,_DaSpecificare,_NaturaIncidente,_ParticolaritaStrade,_TipoStrada,_FondoStradale,_Pavimentazione,_Segnaletica,_CondizioneAtmosferica,_Traffico,_Visibilita,_Illuminazione,_NUM_FERITI,_NUM_RISERVATA,_NUM_MORTI,_NUM_ILLESI,_Longitudine,_Latitudine,_CONFERMATO,__prefix,_Strada02,_Strada2,_Chilometrica
2701497,17,18/02/2016T18:50:00,Strada Urbana,in prossimit�,del civico n.,VIA TRIONFALE,,6812,,Investimento di pedone,Rettilineo,Una carreggiata a senso unico di marcia,Asciutto,Asfaltata,Verticale ed orizzontale,Nuvoloso,Intenso,Buona,Sufficiente,0,0,0,2,"12,44035","41,9335",False
2701169,7,18/02/2016T19:00:00,,in corrispondenza,del civico n.,VIA TUSCOLANA,,440,,Investimento di pedone,,,,,,,,,,0,0,0,4,"12,55579","41,86056",False
2701017,11,18/02/2016T19:30:00,Strada Urbana,all'intersezione semaforizzata con,VIA FRANCESCO ACRI,PIAZZALE ROBERTO ARDIGO',VIA FRANCESCO ACRI,,,Investimento di pedone,Intersezione semaforizzata,Una carreggiata a senso unico di marcia,Asciutto,Asfaltata,Verticale ed orizzontale,Sereno,Normale,Sufficiente,Sufficiente,1,0,0,1,"12,48156","41,84255",False
2701098,5,18/02/2016T19:40:00,Strada Urbana,all'intersezione con,VIA FABRIANO,VIA FIUMINATA,VIA FABRIANO,,,Scontro frontale/laterale SX fra veicoli in marcia,Incrocio,Una carreggiata a doppio senso,Asciutto,Asfaltata,Verticale ed orizzontale,Sereno,Normale,Buona,Ore Diurne,2,0,0,0,"12,58441","41,94079",False
2701027,11,18/02/2016T19:45:00,,all'intersezione semaforizzata con,PIAZZALE TOMMASO EDISON,VIALE GUGLIELMO MARCONI,PIAZZALE TOMMASO EDISON,,,Scontro laterale fra veicoli in marcia,,,,,,,,,,1,0,0,1,,,False
2701693,23,18/02/2016T20:15:00,Strada Urbana,in prossimit�,del civico n.,VIA CRISTOFORO COLOMBO,,454,,Infortunio per sola frenata improvvisa,Rettilineo,Pi� di due carreggiate,Asciutto,Asfaltata,Verticale ed orizzontale,Sereno,Normale,Buona,Sufficiente,1,0,0,1,"12,48438","41,85048",False
2701159,13,18/02/2016T20:30:00,,in prossimit�,del civico n.,VIALE DEI ROMAGNOLI,,2191,,Veicolo in marcia contro ostacolo accidentale,,,,,,,,,,0,0,0,1,,,False
2701018,6,18/02/2016T20:45:00,Strada Urbana,all'intersezione con,VIA DEI CICERI,VIA DEGLI ANGELI,VIA DEI CICERI,,,Scontro frontale/laterale DX fra veicoli in marcia,Incrocio,Una carreggiata a doppio senso,Asciutto,Asfaltata,Verticale ed orizzontale,Sereno,Scarso,Buona,Sufficiente,0,0,0,2,"12,54743","41,87247",False
2700980,9,18/02/2016T20:50:00,,all'intersezione con,VIA DELLE BETULLE,VIA DELLE ROSE,VIA DELLE BETULLE,,,Scontro laterale fra veicoli in marcia,,,,,,,,,,1,0,0,2,,,False
2701083,8,18/02/2016T20:50:00,,da specificare,,VIA DEL TORRACCIO,,,150 m prima del civ. 276,Veicolo in marcia contro ostacolo accidentale,,,,,,,,,,0,0,0,1,,,False
2701043,6,18/02/2016T21:10:00,Strada Urbana,all'intersezione semaforizzata con,VIA DIGNANO D'ISTRIA,VIA PRENESTINA,VIA DIGNANO D'ISTRIA,,,Veicolo in marcia contro veicolo fermo,Incrocio,Due carreggiate,Asciutto,Asfaltata,Verticale ed orizzontale,Sereno,Scarso,Buona,Sufficiente,1,0,0,1,,,False
2701221,20,18/02/2016T21:40:00,Strada Urbana,da specificare,,VIA ITALO PANATTONI,,,Prossimit� P.zza Azzzarita,Scontro frontale fra veicoli in marcia,Rettilineo,Una carreggiata a doppio senso,Asciutto,Asfaltata,Verticale ed orizzontale,Sereno,Normale,Buona,Sufficiente,0,0,0,3,,,False
2701154,19,18/02/2016T23:50:00,Strada Urbana,all'intersezione con,VIA GIOVANNI ZENATELLO,VIA PIETRO MAFFI,VIA GIOVANNI ZENATELLO,,,Scontro frontale/laterale DX fra veicoli in marcia,Incrocio,Una carreggiata a doppio senso,Asciutto,Asfaltata,Orizzontale,Sereno,Normale,Buona,Sufficiente,0,0,0,2,"12,41851","41,92422",True
2701409,1,19/02/2016,Strada Urbana,in prossimit�,del civico n.,VIA METASTASIO,,16,,Veicolo in marcia contro ostacolo accidentale,Rettilineo,Una carreggiata a senso unico di marcia,Viscido da liquidi oleosi,In cubetti di porfido,Verticale,Sereno,Scarso,Buona,Ore Diurne,1,0,0,0,"12,47604","41,90194",False
2701797,3,19/02/2016T01:30:00,,da specificare,,SOTTOVIA IGNAZIO GUIDI,,,pross.t� corso d'Italia dir.Flaminio,Scontro laterale fra veicoli in marcia,,,,,,,,,,1,0,0,2,,,False
2701046,9,19/02/2016T02:00:00,,all'intersezione semaforizzata con,CIRCONVALLAZIONE APPIA,VIA SIRIA,CIRCONVALLAZIONE APPIA,,,Scontro laterale fra veicoli in marcia,,,,,,,,,,0,0,0,4,,,False
2701391,4,19/02/2016T04:30:00,,all'intersezione semaforizzata con,VIA TARVISIO,VIA DI S. COSTANZA,VIA TARVISIO,,,Scontro frontale/laterale SX fra veicoli in marcia,,,,,,,,,,1,0,0,2,"12,51505","41,92219",False
2701191,9,19/02/2016T06:00:00,Strada Urbana,da specificare,,VIA TUSCOLANA,,,fronte LARGO PAOLA FRASSINETTI,Veicolo in marcia contro veicoli in sosta,Rettilineo,Una carreggiata a doppio senso,Asciutto,Asfaltata,Verticale ed orizzontale,Sereno,Scarso,Sufficiente,Sufficiente,0,0,0,2,"12,51829","41,88178",False
2702626,7,19/02/2016T06:00:00,Strada Urbana,da specificare,,VIA ACHILLE VERTUNNI,,,in prossimit� Via Collatina (Palo luce n. 1),Scontro frontale/laterale SX fra veicoli in marcia,Rettilineo,Una carreggiata a doppio senso,Asciutto,Asfaltata,Orizzontale,Sereno,Scarso,Buona,Ore Diurne,0,0,0,2,"12,61518","41,90435",False
2702463,8,19/02/2016T06:30:00,,da specificare,,VIALE DUILIO CAMBELLOTTI,,,50 m da svincolo dir.ne via TORRACCIO di TORRENOVA,Veicolo in marcia contro ostacolo accidentale,,,,,,,,,,0,0,0,1,,,False
2701220,6,19/02/2016T06:45:00,Statale entro l'abitato,in corrispondenza,del civico n.,VIA CASILINA,,713,,Veicolo in marcia contro veicolo fermo,Rettilineo,Due carreggiate,Asciutto,Asfaltata,Verticale ed orizzontale,Sereno,Normale,Buona,Ore Diurne,1,0,0,2,,,False
2702589,19,19/02/2016T07:30:00,Strada Urbana,in prossimit�,del civico n.,VIA PIETRO BEMBO,,191,,Tamponamento Multiplo,Rettilineo,Una carreggiata a doppio senso,Asciutto,Asfaltata,Verticale ed orizzontale,Sereno,Normale,Buona,Ore Diurne,3,0,0,2,"12,41065","41,91597",False
2704827,3,19/02/2016T08:10:00,,all'intersezione con,VIA DEI LIBURNI,VIA DEI RAMNI,VIA DEI LIBURNI,,,Scontro frontale/laterale SX fra veicoli in marcia,,,,,,,,,,1,0,0,1,,,False
2702587,5,19/02/2016T08:15:00,,da specificare,,VIA TIBURTINA,,,altezza via L. CESANA,Scontro frontale/laterale SX fra veicoli in marcia,,,,,,,,,,1,0,0,1,"12,55114","41,9113",False
2703080,13,19/02/2016T08:25:00,Strada Urbana,in corrispondenza,del civico n.,VIALE DEI PROMONTORI,,42,,Investimento di pedone,Rettilineo,Due carreggiate,Asciutto,Asfaltata,Orizzontale,Sereno,Normale,Buona,Ore Diurne,0,1,0,1,"12,28601","41,73933",False
2702567,10,19/02/2016T08:25:00,Strada Urbana,all'intersezione con,VIA TAURIANOVA,VIALE APPIO CLAUDIO,VIA TAURIANOVA,,,Scontro laterale fra veicoli in marcia,Incrocio,Una carreggiata a senso unico di marcia,Asciutto,Asfaltata,Verticale ed orizzontale,Sereno,Normale,Buona,Ore Diurne,0,0,0,4,"12,55456","41,83831",False
2701307,1,19/02/2016T08:30:00,Strada Urbana,in corrispondenza,del civico n.,VIA METASTASIO,,33,,Veicolo in marcia contro ostacolo accidentale,Rettilineo,Una carreggiata a senso unico di marcia,Asciutto,In cubetti di porfido,Verticale,Sereno,Scarso,Buona,Ore Diurne,1,0,0,0,"12,47604","41,90195",True
2701325,1,19/02/2016T08:30:00,Strada Urbana,in prossimit�,del civico n.,PIAZZA DI FIRENZE,,30,,Veicolo in marcia contro ostacolo accidentale,Rettilineo,Una carreggiata a senso unico di marcia,Viscido da liquidi oleosi,In cubetti di porfido,Verticale,Sereno,Scarso,Buona,Ore Diurne,0,0,0,1,"12,47597","41,90214",True
2701629,2,19/02/2016T08:40:00,Strada Urbana,da specificare,,PIAZZALE DI VILLA GIULIA,,,fronte via di Villa Giulia.,Investimento di pedone,Curva a visuale libera,Una carreggiata a doppio senso,Asciutto,Asfaltata,Verticale ed orizzontale,Sereno,Normale,Buona,Ore Diurne,2,0,0,0,,,False
2702570,17,19/02/2016T08:50:00,Strada Urbana,in corrispondenza,del civico n.,VIALE GIULIO CESARE,,54f,,Scontro laterale fra veicoli in marcia,,Due carreggiate,Asciutto,Acciotolata,Verticale ed orizzontale,Sereno,Normale,Buona,Ore Diurne,0,0,0,2,"12,46029","41,90306",False
2702462,11,19/02/2016T08:55:00,Strada Urbana,da specificare,,VIA DI TOR CARBONE,,,prossimit� VIA ARDEATINA,Tamponamento Multiplo,Curva a visuale libera,Una carreggiata a senso unico di marcia,Asciutto,Asfaltata,Verticale ed orizzontale,Sereno,Normale,Buona,Ore Diurne,0,0,0,3,"12,52009","41,82704",True
2701272,17,19/02/2016T08:55:00,Strada Urbana,all'intersezione con,VIA VARRONE,VIA CRESCENZIO,VIA VARRONE,,,Scontro laterale fra veicoli in marcia,Intersezione stradale segnalata,Una carreggiata a doppio senso,Asciutto,In cubetti di porfido,Verticale ed orizzontale,Sereno,Normale,Buona,Ore Diurne,0,0,0,2,,,False
2702595,17,19/02/2016T09:00:00,Strada Urbana,da specificare,,VIALE DEI BASTIONI DI MICHELANGELO,,,altezza p.zza risorgimento,Tamponamento,Rettilineo,Una carreggiata a doppio senso,Asciutto,Asfaltata,Verticale,Sereno,Normale,Buona,Ore Diurne,0,0,0,4,"12,45609","41,90631",False
2702550,10,19/02/2016T09:00:00,,da specificare,,VIA TUSCOLANA,,,laterale dir gra pross 1570,Investimento di pedone,,,,,,,,,,1,0,0,0,,,False
2702168,9,19/02/2016T09:05:00,,in corrispondenza,del civico n.,VIA CASILINA VECCHIA,,27,,Veicolo in marcia contro ostacolo fisso,,,,,,,,,,0,0,0,1,"12,52402","41,8874",False
2702465,8,19/02/2016T09:15:00,,da specificare,,VIALE DUILIO CAMBELLOTTI,,,50 m prima svincolo via TORRACCIO DI TORRENOVA,Veicolo in marcia contro ostacolo accidentale,,,,,,,,,,0,0,0,1,,,False
2702467,8,19/02/2016T09:20:00,,da specificare,,VIALE DUILIO CAMBELLOTTI,,,50 m prima svincolo via TORRACCIO DI TORRENOVA,Veicolo in marcia contro ostacolo accidentale,,,,,,,,,,0,0,0,1,,,False
2702594,19,19/02/2016T09:30:00,Strada Urbana,in corrispondenza,del civico n.,VIA DEI MONTI DI PRIMAVALLE,,193,,Investimento di pedone,Rettilineo,Una carreggiata a doppio senso,Asciutto,Asfaltata,Verticale ed orizzontale,Sereno,Intenso,Buona,Ore Diurne,1,0,0,1,"12,41377","41,90799",False
2703538,6,19/02/2016T09:40:00,Strada Urbana,in prossimit�,del civico n.,VIA PRENESTINA,,189,,Veicolo in marcia contro veicolo in sosta,Rettilineo,Una carreggiata a senso unico di marcia,Asciutto,Asfaltata,Verticale ed orizzontale,Sereno,Normale,Buona,Ore Diurne,1,0,0,0,,,False
2702538,20,19/02/2016T09:40:00,Regionale entro l'abitato,in corrispondenza,del civico n.,VIA CASSIA,,964,,Scontro frontale/laterale SX fra veicoli in marcia,Rettilineo,Una carreggiata a doppio senso,Asciutto,Asfaltata,Verticale ed orizzontale,Sereno,Normale,Buona,Ore Diurne,0,0,0,3,,,False
2702619,20,19/02/2016T09:45:00,Strada Urbana,in corrispondenza,del civico n.,VIA STEFANO JACINI,,30,,Veicolo in marcia contro veicolo arresto,Rettilineo,Una carreggiata a doppio senso,Asciutto,Asfaltata,Verticale ed orizzontale,Sereno,Scarso,Buona,Ore Diurne,0,0,0,3,,,False
2703114,13,19/02/2016T10:00:00,Strada Urbana,in corrispondenza,del civico n.,VIA GINO BONICHI,,155,,Scontro laterale fra veicoli in marcia,Rettilineo,Una carreggiata a senso unico di marcia,Asciutto,Asfaltata,Verticale ed orizzontale,Sereno,Normale,Buona,Ore Diurne,0,0,0,2,"12,36024","41,77441",False
2701791,9,19/02/2016T10:30:00,Strada Urbana,in corrispondenza,del civico n.,VIA SATRICO,,30,,Veicolo in marcia contro veicolo in sosta,Rettilineo,Una carreggiata a doppio senso,Asciutto,Asfaltata,Verticale ed orizzontale,Sereno,Normale,Buona,Ore Diurne,0,0,0,1,"12,50719","41,87718",True
2701603,1,19/02/2016T10:45:00,Strada Urbana,in prossimit�,del civico n.,VIA CONTE VERDE,,31,,Scontro frontale/laterale SX fra veicoli in marcia,Rettilineo,Una carreggiata a doppio senso,Asciutto,Asfaltata,Verticale ed orizzontale,Sereno,Normale,Buona,Ore Diurne,1,0,0,1,"12,50653","41,89333",False
2703153,13,19/02/2016T10:45:00,Strada Urbana,da specificare,,VIALE DEI ROMAGNOLI,,,alt. VIA DELLA CANAPA,Scontro laterale fra veicoli in marcia,Rettilineo,Una carreggiata a senso unico di marcia,Asciutto,Asfaltata,Verticale ed orizzontale,Sereno,Normale,Buona,Ore Diurne,0,0,0,2,"12,36495","41,78585",False
2702748,1,19/02/2016T10:45:00,Strada Urbana,da specificare,,VIA DEI CERCHI,,,altezza area interna VIII DIP.TO,Investimento di pedone,Rettilineo,Una carreggiata a senso unico di marcia,Asciutto,,,Sereno,Scarso,Buona,Ore Diurne,1,0,0,1,,,False
2702479,11,19/02/2016T10:45:00,Strada Urbana,all'intersezione con,VIA GIOVANNI GENOCCHI,VIA CRISTOFORO COLOMBO,VIA GIOVANNI GENOCCHI,,,Tamponamento Multiplo,Intersezione semaforizzata,Pi� di due carreggiate,Asciutto,Asfaltata,Verticale ed orizzontale,Nuvoloso,Normale,Buona,Ore Diurne,0,0,0,2,"12,49607","41,85895",True
2702468,8,19/02/2016T10:50:00,,da specificare,,VIALE DUILIO CAMBELLOTTI,,,50 m prima svincolo via TORRACCIO DI TORRENOVA,Veicolo in marcia contro ostacolo accidentale,,,,,,,,,,0,0,0,3,,,False
2701551,17,19/02/2016T11:00:00,Strada Urbana,all'intersezione con,VIA GERMANICO,VIA FABIO MASSIMO,VIA GERMANICO,,,Scontro frontale/laterale DX fra veicoli in marcia,,,,,,,,,,0,0,0,2,,,False
2704832,16,19/02/2016T11:15:00,Strada Urbana,in prossimit�,del civico n.,VIA ANTONIO CESARI,,11,,Scontro laterale fra veicoli in marcia,Pendenza,Una carreggiata a doppio senso,Asciutto,Asfaltata,Assente,Nuvoloso,Scarso,Buona,Ore Diurne,0,0,0,2,"12,46013","41,88043",True
2702473,8,19/02/2016T11:25:00,,da specificare,,VIALE DUILIO CAMBELLOTTI,,,50 m prima svincolo via TORRACCIO DI TORRENOVA,Veicolo in marcia contro ostacolo accidentale,,,,,,,,,,0,0,0,1,,,False
2701818,15,19/02/2016T11:30:00,Strada Urbana,da specificare,,LUNGOTEVERE DI PIETRA PAPA,,,PROX. VIA S. GHERARDI,Veicolo in marcia contro veicolo in sosta,Rettilineo,Due carreggiate,Asciutto,Asfaltata,Orizzontale,Sereno,Scarso,Buona,Ore Diurne,0,0,0,1,"12,47394","41,86264",False
2704542,18,19/02/2016T11:30:00,Strada Urbana,da specificare,,VIA MATTIA BATTISTINI,,,in prossimita' di Via di Boccea,Scontro laterale fra veicoli in marcia,Rettilineo,Una carreggiata a doppio senso,Asciutto,Asfaltata,Verticale ed orizzontale,Nuvoloso,Normale,Buona,Ore Diurne,0,0,0,2,"12,41019","41,90456",True
2702478,8,19/02/2016T11:35:00,,da specificare,,VIALE DUILIO CAMBELLOTTI,,,50 m prima svincolo via TORRACCIO DI TORRENOVA,Veicolo in marcia contro ostacolo accidentale,,,,,,,,,,0,0,0,2,,,False
2702639,17,19/02/2016T11:40:00,Strada Urbana,all'intersezione semaforizzata con,VIALE GIUSEPPE MAZZINI,VIALE ANGELICO,VIALE GIUSEPPE MAZZINI,,,Scontro laterale fra veicoli in marcia,Incrocio,Pi� di due carreggiate,Asciutto,Asfaltata,Verticale ed orizzontale,Sereno,Normale,Buona,Ore Diurne,0,0,0,3,"12,45848","41,91506",False
2702159,2,19/02/2016T12:00:00,Strada Urbana,all'intersezione con,VIA RUGGERO FAURO,VIA GUALTIERO CASTELLINI,VIA RUGGERO FAURO,,,Scontro laterale fra veicoli in marcia,Incrocio,Una carreggiata a doppio senso,Asciutto,Asfaltata,Verticale ed orizzontale,Sereno,Normale,Buona,Ore Diurne,1,0,0,1,,,False
2701823,15,19/02/2016T12:00:00,Strada Urbana,da specificare,,VIALE GUGLIELMO MARCONI,,,FRONTE VIA E. DAL POZZO,Tamponamento,Rettilineo,Due carreggiate,Asciutto,Asfaltata,Orizzontale,Sereno,Normale,Buona,Ore Diurne,0,0,0,2,"12,47124","41,85748",False
2701829,15,19/02/2016T12:04:00,Strada Urbana,in corrispondenza,del civico n.,VIA PORTUENSE,,261,,Scontro frontale/laterale DX fra veicoli in marcia,Rettilineo,Una carreggiata a doppio senso,Asciutto,Asfaltata,Orizzontale,Nuvoloso,Normale,Buona,Ore Diurne,0,0,0,4,"12,46494","41,86823",True
2702773,5,19/02/2016T12:10:00,Strada Urbana,in prossimit�,del civico n.,VIA IGNAZIO PETTINENGO,,70,,Veicolo in marcia contro veicolo fermo,Rettilineo,Una carreggiata a doppio senso,Asciutto,Asfaltata,Assente,Sereno,Scarso,Buona,Ore Diurne,0,0,0,2,"12,53852","41,90094",True
2702779,5,19/02/2016T12:20:00,Strada Urbana,in prossimit�,del civico n.,VIA DI PORTONACCIO,,226,,Tamponamento Multiplo,Rettilineo,Due carreggiate,Asciutto,Asfaltata,Verticale ed orizzontale,Sereno,Normale,Buona,Ore Diurne,0,0,0,3,"12,54053","41,89681",True
2704809,12,19/02/2016T12:25:00,Strada Urbana,da specificare,,VIA LUIGI CONDORELLI,,,all'altezza di via Paride Stefanini,Veicolo in marcia contro ostacolo accidentale,Curva a visuale libera,Una carreggiata a senso unico di marcia,Asciutto,Asfaltata,Verticale ed orizzontale,Sereno,Scarso,Buona,Ore Diurne,0,0,0,1,"12,49637","41,90278",True
2701752,10,19/02/2016T12:30:00,Strada Urbana,all'intersezione con,VIA DI S. TARCISIO,VIA APPIA NUOVA,VIA DI S. TARCISIO,,,Scontro laterale fra veicoli in marcia,Intersezione non regolata/non segnalata,Due carreggiate,Asciutto,Asfaltata,Assente,Nuvoloso,Normale,Buona,Ore Diurne,1,0,0,2,,,False
2702483,8,19/02/2016T12:30:00,,all'intersezione con,VIA CASAMONTE,VIA DI CARCARICOLA,VIA CASAMONTE,,,Veicolo in marcia contro ostacolo accidentale,,,,,,,,,,0,0,0,2,,,False
2701840,15,19/02/2016T13:00:00,,all'intersezione con,VIA DEL FOSSO DELLA MAGLIANA,VIA PORTUENSE,VIA DEL FOSSO DELLA MAGLIANA,,,Scontro laterale fra veicoli in marcia,,,,,,,,,,1,0,0,1,"12,40939","41,84342",False
2702652,17,19/02/2016T13:00:00,Strada Urbana,da specificare,,VIA GIOVANNI VITELLESCHI,,,altezza via degli ombrellari,Scontro frontale/laterale SX fra veicoli in marcia,Rettilineo,Una carreggiata a senso unico di marcia,Asciutto,Asfaltata,Verticale ed orizzontale,Sereno,Intenso,Buona,Ore Diurne,1,0,0,2,"12,46118","41,90493",False
2704882,16,19/02/2016T13:20:00,Strada Urbana,all'intersezione con,CIRCONVALLAZIONE GIANICOLENSE,PIAZZALE ENRICO DUNANT,CIRCONVALLAZIONE GIANICOLENSE,,,Scontro laterale fra veicoli in marcia,Intersezione semaforizzata,Pi� di due carreggiate,Asciutto,Asfaltata,Verticale,Sereno,Normale,Buona,Ore Diurne,1,0,0,2,"12,4594","41,87167",False
2702515,20,19/02/2016T13:55:00,Strada Urbana,all'intersezione con,VIA CASSIA,VIA DELLA CAPPELLETTA DELLA GIUSTINIANA,VIA CASSIA,,,Scontro frontale/laterale SX fra veicoli in marcia,Intersezione stradale segnalata,Una carreggiata a senso unico di marcia,Asciutto,Asfaltata,Verticale ed orizzontale,Nuvoloso,Normale,Buona,Ore Diurne,1,0,0,1,,,False
2701909,10,19/02/2016T14:45:00,Statale,da specificare,,VIA APPIA NUOVA,,,poco prima di via del Quadraro,Tamponamento,Rettilineo,Due carreggiate,Asciutto,Asfaltata,Verticale ed orizzontale,Nuvoloso,Normale,Buona,Ore Diurne,0,0,0,3,"12,54988","41,84974",False
2702678,1,19/02/2016T14:45:00,Strada Urbana,in corrispondenza,del civico n.,VIA LUCA DELLA ROBBIA,,47,,Veicolo in marcia contro veicolo in sosta,Rettilineo,Una carreggiata a senso unico di marcia,Asciutto,Asfaltata,Verticale ed orizzontale,Nuvoloso,Scarso,Buona,Ore Diurne,0,0,0,1,"12,47711","41,88019",True
2701994,9,19/02/2016T15:05:00,Strada Urbana,all'intersezione semaforizzata con,VIA CASTEL GANDOLFO,VIA ROCCA DI PAPA,VIA CASTEL GANDOLFO,,,Scontro laterale fra veicoli in marcia,Incrocio,Una carreggiata a doppio senso,Asciutto,Asfaltata,Verticale ed orizzontale,Nuvoloso,Normale,Buona,Ore Diurne,0,0,0,3,,,False
2703198,13,19/02/2016T15:15:00,Strada Urbana,all'intersezione con,VIA DI MACCHIA PALOCCO,VIA DEL FOSSO DI DRAGONCELLO,VIA DI MACCHIA PALOCCO,,,Scontro frontale/laterale DX fra veicoli in marcia,Incrocio,Una carreggiata a doppio senso,Asciutto,Asfaltata,Verticale ed orizzontale,Sereno,Normale,Buona,Ore Diurne,1,0,0,1,"12,32915","41,76106",False
2702012,10,19/02/2016T15:30:00,Strada Urbana,all'intersezione con,VIA CORTALE,VIA DI CASAL MORENA,VIA CORTALE,,,Scontro frontale/laterale DX fra veicoli in marcia,Intersezione stradale segnalata,Una carreggiata a doppio senso,Asciutto,Asfaltata,Orizzontale,Nuvoloso,Normale,Buona,Ore Diurne,1,0,0,1,"12,61775","41,82684",False
2702181,12,19/02/2016T15:30:00,Strada Urbana,da specificare,,VIADOTTO DELLA MAGLIANA,,,(dir. FIUMICINO) prox V.le del Cappellaccio,Tamponamento Multiplo,Rettilineo,Due carreggiate,Asciutto,Asfaltata,Verticale ed orizzontale,Sereno,Intenso,Buona,Ore Diurne,0,0,0,2,"12,46157","41,83976",False
2702189,2,19/02/2016T15:45:00,Strada Urbana,da specificare,,LUNGOTEVERE DELLE NAVI,,,pros. ingresso Ministero Marina,Scontro laterale fra veicoli in marcia,Rettilineo,Una carreggiata a senso unico di marcia,Asciutto,Asfaltata,Orizzontale,Sereno,Normale,Buona,Ore Diurne,0,0,0,3,,,False
2702708,1,19/02/2016T15:55:00,Strada Urbana,all'intersezione semaforizzata con,PIAZZA DI PORTA CAPENA,VIALE AVENTINO,PIAZZA DI PORTA CAPENA,,,Scontro laterale fra veicoli in marcia,Intersezione semaforizzata,Pi� di due carreggiate,Asciutto,Asfaltata,Verticale ed orizzontale,Sereno,Normale,Buona,Ore Diurne,0,0,0,2,,,False
2702144,9,19/02/2016T16:00:00,,all'intersezione con,VIA MUZIO SCEVOLA,VIA DI S. MARIA AUSILIATRICE,VIA MUZIO SCEVOLA,,,Scontro frontale/laterale DX fra veicoli in marcia,,,,,,,,,,0,0,0,4,,,False
2704895,2,19/02/2016T16:00:00,Strada Urbana,da specificare,,VIA DEL FORO ITALICO,,,dir. S. Giovanni in pross. uscita Flaminia,Tamponamento,Rettilineo,Due carreggiate,Asciutto,Asfaltata,Verticale ed orizzontale,Sereno,Intenso,Buona,Ore Diurne,0,0,0,4,"12,48276","41,94007",True
2702513,15,19/02/2016T16:00:00,Strada Urbana,in corrispondenza,del civico n.,VIA PORTUENSE,,559/A,,Tamponamento,Rettilineo,Due carreggiate,Asciutto,Asfaltata,Verticale ed orizzontale,Nuvoloso,Normale,Buona,Ore Diurne,0,0,0,2,"12,44584","41,85603",False
2702511,15,19/02/2016T16:20:00,,da specificare,,LARGO GAETANO LA LOGGIA,,,fronte civico  11,Scontro laterale fra veicoli in marcia,,,,,,,,,,1,0,0,1,,,False
2702582,4,19/02/2016T16:30:00,Strada Urbana,all'intersezione con,VIA GIACOMO ZANELLA,VIA GIOVANNI VERGA,VIA GIACOMO ZANELLA,,,Scontro frontale/laterale DX fra veicoli in marcia,Incrocio,Una carreggiata a senso unico di marcia,Asciutto,Asfaltata,Verticale ed orizzontale,Sereno,Normale,Buona,Ore Diurne,0,0,0,4,"12,56089","41,94876",False
2702059,6,19/02/2016T16:40:00,Strada Urbana,in corrispondenza,del civico n.,VIALE PARTENOPE,,116,,Infortunio per caduta del veicolo,Rettilineo,Due carreggiate,Asciutto,Asfaltata,Verticale ed orizzontale,Nuvoloso,Normale,Buona,Ore Diurne,0,0,0,2,"12,55115","41,89012",True
2702489,8,19/02/2016T17:00:00,Strada Urbana,in prossimit�,del civico n.,VIA BORGHESIANA,,404,,Scontro frontale/laterale DX fra veicoli in marcia,Rettilineo,Una carreggiata a doppio senso,Asciutto,Con buche,Verticale ed orizzontale,Sereno,Normale,Buona,Ore Diurne,1,0,0,2,,,False
2702508,15,19/02/2016T17:00:00,Strada Urbana,da specificare,,PONTE GUGLIELMO MARCONI,,,in prossimit� Piazza A. Righi,Scontro laterale fra veicoli in marcia,Rettilineo,Una carreggiata a doppio senso,Asciutto,Asfaltata,Verticale ed orizzontale,Nuvoloso,Intenso,Buona,Ore Diurne,0,0,0,2,"12,47063","41,85905",True
2702209,12,19/02/2016T17:40:00,Provinciale entro l'abitato,da specificare,,VIA LAURENTINA,,,(dir. ROMA) altezza V. di Tor Pagnotta ,Scontro laterale fra veicoli in marcia,Curva senza visuale libera,Due carreggiate,Asciutto,Asfaltata,Temporanea di cantiere,Sereno,Normale,Buona,Ore Diurne,0,0,0,3,"12,48218","41,80343",True
2703531,6,19/02/2016T18:45:00,Strada Urbana,in corrispondenza,del civico n.,VIA ADRIANO BALBI,,13,,Veicolo in marcia contro veicolo in sosta,,,Asciutto,Asfaltata,Assente,,Normale,Sufficiente,,3,0,0,0,,,False
2702693,1,19/02/2016T18:45:00,Strada Urbana,all'intersezione semaforizzata con,VIA DELLA FERRATELLA IN LATERANO,LARGO DELL'AMBA ARADAM,VIA DELLA FERRATELLA IN LATERANO,,,Scontro laterale fra veicoli in marcia,Intersezione semaforizzata,Una carreggiata a doppio senso,Asciutto,Asfaltata,Verticale ed orizzontale,Sereno,Normale,Buona,Sufficiente,0,0,0,2,,,False
2702230,19,19/02/2016T19:15:00,Strada Urbana,all'intersezione con,VIA DEI MONTI DI PRIMAVALLE,PIAZZA CLEMENTE XI,VIA DEI MONTI DI PRIMAVALLE,,,Investimento di pedone,Incrocio,Una carreggiata a doppio senso,Asciutto,Asfaltata,Orizzontale,Sereno,Intenso,Buona,Sufficiente,2,0,0,1,"12,41458","41,91393",True
2702510,9,19/02/2016T19:20:00,,in corrispondenza,del civico n.,VIA SATRICO,,57,,Infortunio per caduta del veicolo,,,,,,,,,,1,0,0,1,"12,50897","41,87643",False