_ID,_Gruppo,_DataOraIncidente,_Localizzazione1,_Localizzazione2,_Strada1,_DaSpecificare,_NaturaIncidente,_ParticolaritaStrade,_TipoStrada,_FondoStradale,_Pavimentazione,_Segnaletica,_CondizioneAtmosferica,_Traffico,_Visibilita,_Illuminazione,_NUM_FERITI,_NUM_RISERVATA,_NUM_MORTI,_NUM_ILLESI,_Longitudine,_Latitudine,_CONFERMATO,__prefix,_Strada02,_Strada2,_Chilometrica
2707779,1,19/02/2016T19:30:00,Strada Urbana,in prossimit�,del civico n.,VIA DEL CORSO,,193,,Investimento di pedone,Rettilineo,Una carreggiata a doppio senso,Asciutto,Asfaltata,Verticale ed orizzontale,Sereno,Normale,Buona,Sufficiente,1,0,0,1,,,False
2705668,16,19/02/2016T19:35:00,Strada Urbana,in corrispondenza,del civico n.,VIALE DEI COLLI PORTUENSI,,522,,Tamponamento,Rettilineo,Due carreggiate,Asciutto,Asfaltata,Verticale ed orizzontale,Sereno,Normale,Buona,Sufficiente,0,0,0,5,"12,44336","41,86255",True
2702522,9,19/02/2016T19:38:00,,da specificare,,VIA APPIA PIGNATELLI,,,PALO ACEA 366,Scontro laterale fra veicoli in marcia,,,,,,,,,,0,0,0,2,"12,5357","41,84614",False
2702786,5,19/02/2016T19:50:00,Strada Urbana,in prossimit�,del civico n.,VIA IGINO GIORDANI,,60,,Tamponamento,Rettilineo,Una carreggiata a doppio senso,Asciutto,Asfaltata,Orizzontale,Sereno,Normale,Sufficiente,Sufficiente,0,0,0,2,"12,56206","41,90638",True
2702685,17,19/02/2016T20:20:00,,in prossimit�,del civico n.,PIAZZA COLA DI RIENZO,,80,,Veicolo in marcia contro veicolo fermo,,,,,,,,,,0,0,0,2,"12,46788","41,90845",False
2702581,20,19/02/2016T20:30:00,Strada Urbana,all'intersezione con,VIALE DI TOR DI QUINTO,VIA DELLA STAZIONE DI TOR DI QUINTO,VIALE DI TOR DI QUINTO,,,Tamponamento,Incrocio,Una carreggiata a doppio senso,Asciutto,Asfaltata,Orizzontale,Nuvoloso,Normale,Sufficiente,Sufficiente,1,0,0,2,,,False
2702497,8,19/02/2016T20:30:00,Strada Urbana,da specificare,,VIALE DEI ROMANISTI,,,prossimit� via F.C. ANNESSI,Veicolo in marcia contro ostacolo accidentale,Rettilineo,Due carreggiate,Asciutto,Asfaltata,Verticale ed orizzontale,Sereno,Intenso,Insufficiente,Inesistente,0,0,0,1,"12,57733","41,86774",True
2702706,17,19/02/2016T20:55:00,Strada Urbana,all'intersezione con,VIA DEL FORO OLITORIO,VIA LUIGI PETROSELLI,VIA DEL FORO OLITORIO,,,Scontro frontale/laterale DX fra veicoli in marcia,Intersezione semaforizzata,Una carreggiata a doppio senso,Asciutto,In cubetti di porfido,Verticale ed orizzontale,Sereno,Normale,Buona,Sufficiente,0,0,0,5,"12,48043","41,89087",False
2703277,13,19/02/2016T21:15:00,Strada Urbana,in corrispondenza,del civico n.,VIA MAR DEI CORALLI,,2,,Veicolo in marcia contro ostacolo accidentale,Rettilineo,Una carreggiata a doppio senso,Asciutto,Asfaltata,Orizzontale,Sereno,Scarso,Sufficiente,Sufficiente,0,0,0,2,"12,30194","41,72938",False
2705200,2,19/02/2016T21:15:00,,da specificare,,CIRCONVALLAZIONE SALARIA,,,ALTEZZA USCITA VIA BATTERIA NOMENTANA,Scontro laterale fra veicoli in marcia,,,,,,,,,,1,0,0,2,,,False
2702493,8,19/02/2016T22:15:00,Strada Urbana,da specificare,,VIALE DEI ROMANISTI,,,prossimit� via F. C. ANNESSI,Veicolo in marcia contro ostacolo accidentale,Rettilineo,Due carreggiate,Asciutto,Asfaltata,Verticale ed orizzontale,Sereno,Scarso,Insufficiente,Inesistente,0,0,0,1,"12,57736","41,86771",True
2702658,7,19/02/2016T22:45:00,Strada Urbana,all'intersezione con,VIA MARIO ALICATA,VIALE SACCO E VANZETTI,VIA MARIO ALICATA,,,Scontro laterale fra veicoli in marcia,Incrocio,Due carreggiate,Asciutto,Asfaltata,Verticale ed orizzontale,Nuvoloso,Scarso,Sufficiente,Sufficiente,0,0,0,2,"12,56841","41,90957",False
2704539,18,19/02/2016T23:00:00,Strada Urbana,all'intersezione semaforizzata con,VIA DI BOCCEA,LARGO GREGORIO XIII,VIA DI BOCCEA,,,Scontro frontale/laterale DX fra veicoli in marcia,Intersezione semaforizzata,Una carreggiata a doppio senso,Asciutto,Asfaltata,Verticale,Nuvoloso,Scarso,Sufficiente,Sufficiente,1,0,0,3,"12,41878","41,90377",False
2702615,19,19/02/2016T23:20:00,Strada Urbana,in corrispondenza,del civico n.,VIA DI SELVA CANDIDA,,388,,Tamponamento,Rettilineo,Una carreggiata a doppio senso,Asciutto,Asfaltata,Orizzontale,Nuvoloso,Scarso,Buona,Sufficiente,2,0,0,0,"12,37873","41,93889",True
2702621,1,19/02/2016T23:30:00,Strada Urbana,da specificare,,VIA CRISTOFORO COLOMBO,,,altezza 4 ARCHI direzione l.go TERME DI CARACALLA,Scontro frontale/laterale DX fra veicoli in marcia,Rettilineo,Pi� di due carreggiate,Asciutto,Asfaltata,Verticale ed orizzontale,Sereno,Scarso,Buona,Sufficiente,0,0,0,3,,,False
2705675,16,19/02/2016T23:30:00,,da specificare,,VIA AURELIA ANTICA,,,all'intersezione con lo svincolo Leone XIII,Scontro frontale fra veicoli in marcia,,,,,,,,,,0,0,0,4,,,False
2702579,12,20/02/2016T00:45:00,,all'intersezione con,VIA CELINE,VIA LAURENTINA,VIA CELINE,,,Scontro frontale/laterale DX fra veicoli in marcia,,,,,,,,,,0,0,0,2,,,False
2702499,8,20/02/2016T01:00:00,,da specificare,,VIALE DUILIO CAMBELLOTTI,,,100 m prima via TOR BELLA MONACA,Veicolo in marcia contro ostacolo accidentale,,,,,,,,,,0,0,0,2,,,False
2702622,4,20/02/2016T01:20:00,Provinciale entro l'abitato,in prossimit�,del civico n.,VIA NOMENTANA,,1099,,Scontro frontale fra veicoli in marcia,Rettilineo,Una carreggiata a doppio senso,Asciutto,Asfaltata,Verticale ed orizzontale,Sereno,Normale,Buona,Sufficiente,0,0,0,4,"12,57242","41,95291",False
2703300,13,20/02/2016T01:25:00,Strada Urbana,all'intersezione con,VIA STEFANO CANSACCHI,VIALE VASCO DE GAMA,VIA STEFANO CANSACCHI,,,Scontro frontale/laterale SX fra veicoli in marcia,Incrocio,Due carreggiate,Asciutto,Asfaltata,Verticale,Sereno,Scarso,Sufficiente,Sufficiente,0,0,0,3,"12,27588","41,73418",False
2702665,1,20/02/2016T01:45:00,Strada Urbana,in prossimit�,del palo luce n.,VIA DI S. GREGORIO,,13,,Veicolo in marcia contro ostacolo fisso,Curva senza visuale libera,Due carreggiate,Asciutto,Asfaltata,Verticale ed orizzontale,Nuvoloso,Scarso,Buona,Sufficiente,0,0,0,1,,,False
2702502,8,20/02/2016T02:10:00,,da specificare,,VIA DEL FOSSO DI S. MAURA,,,50 m prima cavalcavia GRA direzione via SILICELLA,Veicolo in marcia contro ostacolo accidentale,,,,,,,,,,0,0,0,1,,,False
2702503,8,20/02/2016T02:21:00,,da specificare,,VIA DEL FOSSO DI S. MAURA,,,50 m prima cavalcavia GRA direzione via SILICELLA,Veicolo in marcia contro ostacolo accidentale,,,,,,,,,,0,0,0,1,,,False
2704546,18,20/02/2016T02:30:00,,in prossimit�,del civico n.,VIA PIEVE DI CADORE,,25,,Veicolo in marcia contro veicolo in sosta,,,,,,,,,,1,0,0,0,"12,43805","41,93967",False
2702555,9,20/02/2016T03:30:00,,da specificare,,PIAZZALE LABICANO,,,PROSS. SCALO S.LORENZO,Tamponamento Multiplo,,,,,,,,,,0,0,0,5,"12,51559","41,89125",False
2702821,12,20/02/2016T04:00:00,Strada Urbana,da specificare,,VIALE DON PASQUINO BORGHI,,,rampa di accesso Via C.Colombo (laterale) dir GRA,Fuoriuscita dalla sede stradale,Curva senza visuale libera,Una carreggiata a senso unico di marcia,Asciutto,Asfaltata,Verticale ed orizzontale,Sereno,Scarso,Buona,Ore Diurne,0,0,0,1,"12,44957","41,80595",True
2704389,11,20/02/2016T05:30:00,Strada Urbana,all'intersezione con,PIAZZA EUGENIO BIFFI,CIRCONVALLAZIONE OSTIENSE,PIAZZA EUGENIO BIFFI,,,Veicolo in marcia contro veicoli in sosta,Incrocio,Pi� di due carreggiate,Bagnato (pioggia),Asfaltata,Verticale ed orizzontale,Nuvoloso,Scarso,Buona,Ore Diurne,0,0,0,2,"12,49018","41,86731",True
2702670,11,20/02/2016T05:30:00,Strada Urbana,all'intersezione con,VIA GAETANO CASATI,CIRCONVALLAZIONE OSTIENSE,VIA GAETANO CASATI,,,Scontro frontale fra veicoli in marcia,Intersezione stradale segnalata,Due carreggiate,Asciutto,Asfaltata,Verticale ed orizzontale,Sereno,Scarso,Sufficiente,Sufficiente,1,0,0,1,"12,4857","41,8674",False
2702653,1,20/02/2016T05:30:00,Strada Urbana,all'intersezione con,VIA SAN QUINTINO,VIA STATILIA,VIA SAN QUINTINO,,,Veicolo in marcia contro veicoli in sosta,Incrocio,Una carreggiata a senso unico di marcia,Asciutto,Asfaltata,Verticale ed orizzontale,Nuvoloso,Scarso,Buona,Sufficiente,0,0,0,4,,,False
2704830,4,20/02/2016T06:15:00,Strada Urbana,in prossimit�,del civico n.,VIA CAMILLO PILOTTO,,110,,Veicolo in marcia contro veicoli in sosta,Rettilineo,Una carreggiata a senso unico di marcia,Asciutto,Asfaltata,Assente,Sereno,Scarso,Buona,Sufficiente,0,0,0,1,,,False
2703537,20,20/02/2016T06:20:00,Strada Urbana,in prossimit�,del palo luce n.,VIALE DI TOR DI QUINTO,,58,,Veicolo in marcia contro ostacolo fisso,Rettilineo,Una carreggiata a doppio senso,Bagnato (pioggia),Asfaltata,Orizzontale,Nuvoloso,Scarso,Buona,Sufficiente,0,0,0,1,,,False
2703587,17,20/02/2016T08:05:00,,in prossimit�,del civico n.,PIAZZA ADRIANA,,10 bis,,Veicolo in marcia contro ostacolo fisso,,,,,,,,,,0,0,0,1,"12,46704","41,90502",False
2704435,11,20/02/2016T08:15:00,Strada Urbana,in corrispondenza,del civico n.,VIA DELL'ARCADIA,,17,,Scontro laterale fra veicoli in marcia,Rettilineo,Una carreggiata a senso unico di marcia,Bagnato (umidit� in atto),Asfaltata,Verticale ed orizzontale,Nuvoloso,Scarso,Buona,Ore Diurne,0,0,0,3,"12,49585","41,85587",False
2704706,4,20/02/2016T08:40:00,Strada Urbana,da specificare,,PIAZZA MONTE GENNARO,,,snc,Scontro frontale/laterale SX fra veicoli in marcia,Rettilineo,Una carreggiata a doppio senso,Asciutto,Asfaltata,Verticale ed orizzontale,Sereno,Normale,Buona,Ore Diurne,0,0,0,2,,,False
2702765,1,20/02/2016T09:10:00,Strada Urbana,in corrispondenza,del civico n.,VIA CALABRIA,,25,,Veicolo in marcia contro veicoli in arresto,Rettilineo,Una carreggiata a senso unico di marcia,Bagnato (pioggia),Asfaltata,Verticale ed orizzontale,Nuvoloso,Scarso,Buona,Ore Diurne,1,0,0,1,,,False
2704599,8,20/02/2016T09:15:00,,in prossimit�,del civico n.,VIA DEI CENTAURI,,146,,Veicolo in marcia contro ostacolo accidentale,,,,,,,,,,0,0,0,1,,,False
2704356,5,20/02/2016T09:15:00,Strada Urbana,all'intersezione con,VIA EUGENIO TORELLI VIOLLIER,LARGO ANTONIO BELTRAMELLI,VIA EUGENIO TORELLI VIOLLIER,,,Scontro frontale/laterale SX fra veicoli in marcia,Incrocio,Una carreggiata a senso unico di marcia,Asciutto,Asfaltata,Verticale,Sereno,Normale,Sufficiente,Sufficiente,1,0,0,1,"12,53787","41,9105",False
2702669,10,20/02/2016T09:30:00,Strada Urbana,da specificare,,VIA ANAGNINA,,,altezza palo acea n.�108,Fuoriuscita dalla sede stradale,Rettilineo,Due carreggiate,Bagnato (pioggia),Asfaltata,Verticale ed orizzontale,Sereno,Scarso,Buona,Ore Diurne,0,0,0,2,"12,59511","41,83289",True
2704853,3,20/02/2016T09:30:00,Strada Urbana,da specificare,,PIAZZALE DEL VERANO,,,interno Cimitero Verano altezza riq. 73,Scontro frontale/laterale SX fra veicoli in marcia,Rettilineo,Una carreggiata a doppio senso,Bagnato (umidit� in atto),Asfaltata,Assente,Sereno,Scarso,Buona,Ore Diurne,1,0,0,1,"12,52675","41,90279",True
2704589,8,20/02/2016T10:00:00,Strada Urbana,da specificare,,VIALE DEI ROMANISTI,,,in prossimit� di Via F. C. Annessi,Veicolo in marcia contro ostacolo accidentale,Rettilineo,Due carreggiate,Asciutto,Asfaltata,Verticale ed orizzontale,Sereno,Normale,Buona,Ore Diurne,0,0,0,2,"12,57733","41,86753",False
2703541,13,20/02/2016T10:00:00,Strada Urbana,in corrispondenza,del civico n.,VIA GIOVANNI BATTISTA ZANNONI,,25,,Veicolo in marcia contro ostacolo accidentale,Rettilineo,Una carreggiata a doppio senso,Asciutto,Asfaltata,Assente,Sereno,Scarso,Buona,Ore Diurne,0,0,0,1,"12,30498","41,77226",True
2704859,7,20/02/2016T10:00:00,Strada Urbana,in corrispondenza,del civico n.,VIA CASILINA,,977,,Tamponamento Multiplo,Rettilineo,Una carreggiata a doppio senso,Asciutto,Asfaltata,Verticale ed orizzontale,Sereno,Normale,Sufficiente,Ore Diurne,1,0,0,2,,,False
2703770,8,20/02/2016T10:40:00,Strada Urbana,all'intersezione con,VIA OTTORINO POMILIO,VIA GIOVANNI CAPRONI,VIA OTTORINO POMILIO,,,Scontro laterale fra veicoli in marcia,Incrocio,Una carreggiata a doppio senso,Asciutto,Asfaltata,Verticale,Sereno,Normale,Buona,Ore Diurne,0,0,0,1,,,False
2704586,8,20/02/2016T11:05:00,,da specificare,,VIALE DEI ROMANISTI,,,in prossimit� di Via F. C. Annessi,Veicolo in marcia contro ostacolo accidentale,,,,,,,,,,0,0,0,1,,,False
2704754,4,20/02/2016T11:10:00,Strada Urbana,da specificare,,VIA CECCO ANGIOLIERI,,,50 mt prima di Via Capuana,Veicolo in marcia contro ostacolo accidentale,Rettilineo,Una carreggiata a doppio senso,Asciutto,Con buche,Orizzontale,Sereno,Normale,Buona,Ore Diurne,0,0,0,1,"12,54475","41,94515",False
2703539,6,20/02/2016T11:10:00,Strada Urbana,all'intersezione con,VIA DEI GORDIANI,VIA CASILINA,VIA DEI GORDIANI,,,Scontro frontale/laterale DX fra veicoli in marcia,Incrocio,Pi� di due carreggiate,Asciutto,Asfaltata,Verticale ed orizzontale,Sereno,Intenso,Buona,Ore Diurne,2,0,0,1,,,False
2703554,13,20/02/2016T11:10:00,Strada Urbana,all'intersezione con,VIA RUTILIO NAMAZIANO,VIALE DELLA MARINA,VIA RUTILIO NAMAZIANO,,,Investimento di pedone,Incrocio,Due carreggiate,Asciutto,Asfaltata,Verticale ed orizzontale,Sereno,Intenso,Buona,Ore Diurne,1,0,0,2,"12,27673","41,73026",False
2703592,17,20/02/2016T11:15:00,Strada Urbana,all'intersezione con,BORGO S. ANGELO,PIAZZA PIA,BORGO S. ANGELO,,,Scontro laterale fra veicoli in marcia,Incrocio,Una carreggiata a senso unico di marcia,Asciutto,Asfaltata,Verticale ed orizzontale,Sereno,Normale,Buona,Ore Diurne,0,0,0,2,"12,46431","41,9033",False
2703571,13,20/02/2016T11:30:00,Strada Urbana,all'intersezione con,VIA POGGIO DI VENACO,VIALE DESIDERATO PIETRI,VIA POGGIO DI VENACO,,,Scontro laterale fra veicoli in marcia,Incrocio,Due carreggiate,Asciutto,Asfaltata,Orizzontale,Sereno,Normale,Buona,Ore Diurne,0,0,0,5,"12,29129","41,72731",False
2704594,8,20/02/2016T11:40:00,,da specificare,,VIALE DEI ROMANISTI,,,in prossimit� di Via F. C. Annessi,Veicolo in marcia contro ostacolo accidentale,,,,,,,,,,0,0,0,1,,,False
2703549,20,20/02/2016T12:15:00,,in prossimit�,del civico n.,VIALE DI TOR DI QUINTO,,37/A,,Tamponamento,,,,,,,,,,0,0,0,2,,,False
2703515,13,20/02/2016T13:00:00,Provinciale,in corrispondenza,della chilometrica,VIA LITORANEA,,8,,Scontro frontale/laterale SX fra veicoli in marcia,Rettilineo,Una carreggiata a doppio senso,Asciutto,Asfaltata,Orizzontale,Sereno,Normale,Buona,Ore Diurne,1,0,0,3,"12,39892","41,67002",False
2704646,4,20/02/2016T13:25:00,Comunale extraurbana,in prossimit�,del civico n.,VIA NOMENTANA,,15,,Veicolo in marcia contro ostacolo fisso,Rettilineo,Una carreggiata a doppio senso,Asciutto,Asfaltata,Verticale ed orizzontale,Sereno,Normale,Buona,Ore Diurne,0,0,0,1,"12,52987","41,93383",False
2704514,19,20/02/2016T13:30:00,Strada Urbana,in corrispondenza,del civico n.,VIALE DELLE MEDAGLIE D'ORO,,386,,Scontro laterale fra veicoli in marcia,Rettilineo,Una carreggiata a doppio senso,Asciutto,Asfaltata,Orizzontale,Sereno,Normale,Buona,Ore Diurne,0,0,0,2,"12,44544","41,92117",True
2704785,7,20/02/2016T13:50:00,Strada Urbana,in corrispondenza,del civico n.,VIA PRENESTINA,,510,,Tamponamento,Rettilineo,Una carreggiata a doppio senso,Asciutto,Asfaltata,Orizzontale,Sereno,Normale,Buona,Ore Diurne,0,0,0,2,"12,57391","41,89432",False
2703020,6,20/02/2016T14:15:00,Strada Urbana,da specificare,,VIALE FILARETE,,,fronte civico 70,Scontro laterale fra veicoli in marcia,Rettilineo,Due carreggiate,Asciutto,Asfaltata,Orizzontale,Sereno,Normale,Buona,Ore Diurne,0,0,0,4,"12,53843","41,88026",False
2703280,18,20/02/2016T14:30:00,Strada Urbana,all'intersezione con,VIA ADRIANO I,VIA MATTIA BATTISTINI,VIA ADRIANO I,,,Tamponamento,Incrocio,Una carreggiata a doppio senso,Asciutto,Asfaltata,Assente,Sereno,Normale,Buona,Ore Diurne,1,0,0,1,"12,41843","41,91376",False
2704263,9,20/02/2016T14:30:00,,all'intersezione con,VIA ALBA,VIA APPIA NUOVA,VIA ALBA,,,Scontro frontale/laterale SX fra veicoli in marcia,,,,,,,,,,0,0,0,2,"12,51715","41,87947",False
2704458,7,20/02/2016T15:00:00,Strada Urbana,all'intersezione con,VIA DEI PLATANI,VIA TOR DE' SCHIAVI,VIA DEI PLATANI,,,Scontro frontale/laterale DX fra veicoli in marcia,Incrocio,Una carreggiata a doppio senso,Asciutto,Asfaltata,Verticale ed orizzontale,Sereno,Normale,Buona,Ore Diurne,1,0,0,1,"12,56353","41,88124",True
2703560,17,20/02/2016T15:15:00,Strada Urbana,all'intersezione con,VIA PIETRO CAVALLINI,VIA VITTORIA COLONNA,VIA PIETRO CAVALLINI,,,Scontro frontale fra veicoli in marcia,Incrocio,Una carreggiata a doppio senso,Asciutto,Asfaltata,Orizzontale,Sereno,Normale,Buona,Ore Diurne,1,0,0,1,"12,47279","41,90511",False
2704580,19,20/02/2016T15:30:00,Strada Urbana,da specificare,,VIA MASSIMI,,,fronte civico 3,Scontro laterale fra veicoli in marcia,Rettilineo,Una carreggiata a doppio senso,Asciutto,Asfaltata,Assente,Sereno,Normale,Buona,Ore Diurne,0,0,0,2,"12,44596","41,92644",True
2704733,1,20/02/2016T15:40:00,Strada Urbana,in corrispondenza,del palo luce n.,LUNGOTEVERE IN AUGUSTA,,9,,Investimento di pedone,Rettilineo,Una carreggiata a senso unico di marcia,Asciutto,Asfaltata,Verticale ed orizzontale,Sereno,Normale,Buona,Ore Diurne,1,0,0,3,,,False
2704265,9,20/02/2016T16:00:00,,in prossimit�,del civico n.,VIA ALBANO,,48h,,Tamponamento,,,,,,,,,,0,0,0,2,"12,53234","41,86983",False
2704894,12,20/02/2016T16:00:00,Strada Urbana,all'intersezione con,VIA DI ACQUA ACETOSA OSTIENSE,VIA LAURENTINA,VIA DI ACQUA ACETOSA OSTIENSE,,,Investimento di pedone,Intersezione semaforizzata,Due carreggiate,Asciutto,Asfaltata,Verticale ed orizzontale,Sole radente,Normale,Sufficiente,Ore Diurne,3,0,0,2,,,False
2704829,1,20/02/2016T16:00:00,Strada Urbana,all'intersezione semaforizzata con,VIA CAVOUR,PIAZZA DELL'ESQUILINO,VIA CAVOUR,,,Scontro laterale fra veicoli in marcia,Intersezione semaforizzata,Una carreggiata a doppio senso,Asciutto,Asfaltata,Verticale ed orizzontale,Sereno,Normale,Buona,Ore Diurne,0,0,0,3,,,False
2704615,8,20/02/2016T16:40:00,Strada Urbana,da specificare,,VIA BARRAFRANCA,,,ALT. V. FONTANA CANDIDA,Veicolo in marcia contro veicolo in sosta,Rettilineo,Una carreggiata a senso unico di marcia,Asciutto,Asfaltata,Verticale,Sereno,Scarso,Buona,Ore Diurne,0,0,0,0,,,False
2704618,8,20/02/2016T17:00:00,,da specificare,,VIA DON PRIMO MAZZOLARI,,,ALT. VIA R. FOLLERAU,Investimento di pedone,,,,,,,,,,1,0,0,0,,,False
2704776,1,20/02/2016T17:00:00,Strada Urbana,in corrispondenza,del civico n.,PIAZZA CASTELLANI,,23,,Veicolo in marcia contro veicolo in sosta,Rotatoria,Una carreggiata a senso unico di marcia,Asciutto,Acciotolata,Verticale ed orizzontale,Sereno,Scarso,Buona,Ore Diurne,0,0,0,0,,,False
2703533,20,20/02/2016T17:55:00,,all'intersezione con,VIA DEGLI ORTI DELLA FARNESINA,VIA NEMEA,VIA DEGLI ORTI DELLA FARNESINA,,,Investimento di pedone,,,,,,,,,,1,0,0,2,,,False
2704620,8,20/02/2016T18:00:00,,all'intersezione con,VIALE PIETRO ANDERLONI,VIA AMICO ASPERTINI,VIALE PIETRO ANDERLONI,,,Scontro frontale/laterale DX fra veicoli in marcia,,,,,,,,,,1,0,0,3,,,False
2704436,11,20/02/2016T18:20:00,Strada Urbana,in prossimit�,del civico n.,VIA LAURENTINA,,155a,,Investimento di pedone,Rettilineo,Due carreggiate,Asciutto,Asfaltata,Orizzontale,Sereno,Scarso,Buona,Sufficiente,1,0,0,1,,,False
2704622,8,20/02/2016T18:45:00,Statale entro l'abitato,in prossimit�,del civico n.,VIA CASILINA,,1790,,Veicolo in marcia contro ostacolo fisso,Rettilineo,Una carreggiata a doppio senso,Asciutto,Asfaltata,Verticale ed orizzontale,Sereno,Normale,Buona,Sufficiente,0,0,0,1,"12,68029","41,86295",False
2704555,4,20/02/2016T18:50:00,Strada Urbana,in prossimit�,del civico n.,VIA MONTE BIANCO,,43,,Veicolo in marcia contro veicolo in sosta,Curva a visuale libera,Una carreggiata a doppio senso,Asciutto,Asfaltata,Verticale ed orizzontale,Sereno,Normale,Buona,Sufficiente,0,0,0,2,"12,53238","41,94322",True
2704362,10,20/02/2016T19:15:00,,all'intersezione con,VIA FILIPPO SERAFINI,VIALE PALMIRO TOGLIATTI,VIA FILIPPO SERAFINI,,,Investimento di pedone,,,,,,,,,,1,0,0,2,,,False
2705547,18,20/02/2016T20:05:00,,all'intersezione con,VIA NAZARETH,VIA DI BOCCEA,VIA NAZARETH,,,Scontro laterale fra veicoli in marcia,,,,,,,,,,1,0,0,4,,,False
2704521,12,20/02/2016T20:15:00,Strada Urbana,in corrispondenza,del civico n.,VIA DI TRIGORIA,,90,,Tamponamento,Rettilineo,Una carreggiata a doppio senso,Asciutto,Asfaltata,Verticale ed orizzontale,Nuvoloso,Scarso,Buona,Sufficiente,0,0,0,3,"12,47784","41,76745",True
2703553,20,20/02/2016T20:15:00,Regionale entro l'abitato,in prossimit�,del civico n.,VIA CASSIA,,1450,,Tamponamento,Rettilineo,Una carreggiata a doppio senso,Asciutto,Asfaltata,Orizzontale,Sereno,Normale,Buona,Sufficiente,1,0,0,1,,,False
2704681,19,20/02/2016T20:45:00,Strada Urbana,in corrispondenza,del civico n.,VIA CASSIA,,901 R,,Scontro frontale/laterale DX fra veicoli in marcia,Rettilineo,Una carreggiata a doppio senso,Asciutto,Asfaltata,Orizzontale,Sereno,Normale,Buona,Sufficiente,2,0,0,0,"12,4354","41,97027",True
2703562,17,20/02/2016T20:45:00,,da specificare,,VIA CIPRO,,,in prossimit� di v. della meloria,Tamponamento,,,,,,,,,,2,0,0,1,"12,44656","41,90696",False
2703572,17,20/02/2016T22:10:00,Strada Urbana,in corrispondenza,del civico n.,VIA DEL MASCHERINO,,88,,Scontro laterale fra veicoli in marcia,Rettilineo,Una carreggiata a doppio senso,Asciutto,Acciotolata,Verticale ed orizzontale,Sereno,Scarso,Sufficiente,Sufficiente,0,0,0,5,"12,45893","41,90498",False
2726303,2,20/02/2016T22:30:00,,da specificare,,VIALE PARIOLI,,,prossimit� Via Stoppani,Veicolo in marcia contro ostacolo accidentale,,,,,,,,,,1,0,0,0,,,False
2704384,11,20/02/2016T23:20:00,Strada Urbana,all'intersezione con,VIA ANDREA MANTEGNA,VIA DEI GEORGOFILI,VIA ANDREA MANTEGNA,,,Scontro frontale/laterale DX fra veicoli in marcia,Incrocio,Pi� di due carreggiate,Asciutto,Asfaltata,Verticale ed orizzontale,Sereno,Scarso,Sufficiente,Sufficiente,0,0,0,6,"12,49391","41,85188",False
2704459,11,21/02/2016,Strada Urbana,in corrispondenza,del palo luce n.,VIA OSTIENSE,,254,,Fuoriuscita dalla sede stradale,Curva a visuale libera,Una carreggiata a doppio senso,Asciutto,Asfaltata,Orizzontale,Sereno,Scarso,Sufficiente,Sufficiente,0,0,0,0,"12,47166","41,8462",True
2703579,17,21/02/2016,Strada Urbana,in prossimit�,del civico n.,VIA PRINCIPE EUGENIO,,97,,Veicolo in marcia contro ostacolo fisso,Rettilineo,Pi� di due carreggiate,Asciutto,Asfaltata,Verticale ed orizzontale,Sereno,Scarso,Buona,Sufficiente,0,0,0,1,"12,50892","41,89334",False
2704941,1,21/02/2016T00:30:00,Strada Urbana,da specificare,,CORSO D'ITALIA,,,tratto compreso tra VIA MARCHE e VIA TOSCANA,Veicolo in marcia contro ostacolo accidentale,Rettilineo,Pi� di due carreggiate,Asciutto,Asfaltata,Verticale ed orizzontale,Sereno,Scarso,Sufficiente,Sufficiente,0,0,0,1,"12,49135","41,91057",True
2704871,1,21/02/2016T00:50:00,Strada Urbana,in prossimit�,del civico n.,VIA GIOVANNI GIOLITTI,,359,,Veicolo in marcia contro veicoli in sosta,Rettilineo,Una carreggiata a senso unico di marcia,Asciutto,Asfaltata,Verticale ed orizzontale,Sereno,Scarso,Buona,Sufficiente,0,0,0,0,,,False
2704545,8,21/02/2016T01:00:00,,da specificare,,VIA DI SALONE,,,ALTEZZA VIA NOALE,Veicolo in marcia contro ostacolo accidentale,,,,,,,,,,0,0,0,1,,,False
2704266,9,21/02/2016T01:20:00,,all'intersezione con,VIA MARIO BROGLIO,VIA LUCREZIA ROMANA,VIA MARIO BROGLIO,,,Scontro frontale/laterale SX fra veicoli in marcia,,,,,,,,,,0,0,0,3,"12,57875","41,83189",False
2703548,6,21/02/2016T01:50:00,Strada Urbana,all'intersezione con,VIA SESTIO MENAS,VIA ATTIO LABEONE,VIA SESTIO MENAS,,,Infortunio per caduta del veicolo,Incrocio,Una carreggiata a doppio senso,Asciutto,Asfaltata,Verticale ed orizzontale,,Scarso,Sufficiente,Sufficiente,2,0,0,1,,,False
2704976,1,21/02/2016T01:50:00,Strada Urbana,in prossimit�,del civico n.,VIA DI TOR PIGNATTARA,,118,,Scontro frontale/laterale SX fra veicoli in marcia,Rettilineo,Una carreggiata a senso unico di marcia,Asciutto,Asfaltata,Verticale ed orizzontale,Sereno,Normale,Buona,Sufficiente,1,0,0,1,,,False
2703607,6,21/02/2016T02:30:00,Strada Urbana,in corrispondenza,del civico n.,VIA PRENESTINA,,26,,Veicolo in marcia contro veicoli in sosta,Rettilineo,Pi� di due carreggiate,Asciutto,Asfaltata,Orizzontale,Sereno,Normale,Buona,Ore Diurne,0,0,0,0,,,False