_ID,_Gruppo,_DataOraIncidente,_Localizzazione1,_Localizzazione2,_Strada1,_DaSpecificare,_NaturaIncidente,_ParticolaritaStrade,_TipoStrada,_FondoStradale,_Pavimentazione,_Segnaletica,_CondizioneAtmosferica,_Traffico,_Visibilita,_Illuminazione,_NUM_FERITI,_NUM_RISERVATA,_NUM_MORTI,_NUM_ILLESI,_Longitudine,_Latitudine,_CONFERMATO,__prefix,_Strada02,_Strada2,_Chilometrica
2704512,4,21/02/2016T04:00:00,,da specificare,,VIA DELLA TORRE SALARIA,,,direzione Roma centro alt. rampa via Cortona,Veicolo in marcia contro veicoli fermi,,,,,,,,,,0,0,0,0,"12,50646","41,96677",False
2705046,12,21/02/2016T04:25:00,Strada Urbana,da specificare,,VIALE GIUSTINIANO IMPERATORE,,,ALTEZZA CIVICO N.140,Veicolo in marcia contro veicolo in sosta,Pendenza,Due carreggiate,Asciutto,Asfaltata,Verticale ed orizzontale,Sereno,Scarso,Buona,Sufficiente,1,0,0,0,"12,48295","41,85609",False
2704381,11,21/02/2016T05:00:00,Strada Urbana,da specificare,,VIALE DELL'ARTE,,,in prossimit� di Via della Musica,Veicolo in marcia contro veicolo in sosta,Rettilineo,Una carreggiata a doppio senso,Asciutto,Asfaltata,Verticale ed orizzontale,Sereno,Scarso,Buona,Sufficiente,0,0,0,1,"12,47442","41,82979",False
2705107,1,21/02/2016T05:00:00,Strada Urbana,in prossimit�,del civico n.,VIALE DELLE MURA PORTUENSI,,27,,Veicolo in marcia contro veicolo in sosta,Curva a visuale libera,Una carreggiata a doppio senso,Asciutto,Asfaltata,Assente,Sereno,Scarso,Sufficiente,Sufficiente,1,0,0,1,,,False
2703501,6,21/02/2016T06:30:00,Strada Urbana,all'intersezione con,VIA VALENTINO BANAL,VIA CHECCO DURANTE,VIA VALENTINO BANAL,,,Veicolo in marcia contro veicolo in sosta,Incrocio,Due carreggiate,Asciutto,Asfaltata,Assente,Sereno,Scarso,Buona,Ore Diurne,1,0,0,0,,,False
2705029,1,21/02/2016T07:50:00,Strada Urbana,in corrispondenza,del civico n.,VIA NAZIONALE,,5,,Tamponamento,Rettilineo,Una carreggiata a doppio senso,Asciutto,In cubetti di porfido,Verticale ed orizzontale,Sereno,Scarso,Buona,Ore Diurne,0,0,0,2,,,False
2704639,18,21/02/2016T08:50:00,Strada Urbana,all'intersezione con,VIA ANGELO DI PIETRO,VIA GREGORIO VII,VIA ANGELO DI PIETRO,,,Scontro laterale fra veicoli in marcia,Intersezione stradale segnalata,Pi� di due carreggiate,Asciutto,Asfaltata,Verticale ed orizzontale,Sereno,Scarso,Buona,Ore Diurne,0,0,0,2,"12,44222","41,89629",True
2704677,7,21/02/2016T09:20:00,,all'intersezione con,VIALE PALMIRO TOGLIATTI,VIA PRENESTINA,VIALE PALMIRO TOGLIATTI,,,Scontro laterale fra veicoli in marcia,,,,,,,,,,0,0,0,3,,,False
2704541,8,21/02/2016T09:30:00,,all'intersezione con,VIA DON PIRRO SCAVIZZI,VIA DELLA RISERVA NUOVA,VIA DON PIRRO SCAVIZZI,,,Scontro laterale fra veicoli in marcia,,,,,,,,,,2,0,0,2,,,False
2704466,7,21/02/2016T09:35:00,Strada Urbana,in prossimit�,del civico n.,VIA RAFFAELE COSTI,,111,,Scontro laterale fra veicoli in marcia,Rettilineo,Una carreggiata a doppio senso,Asciutto,Asfaltata,Verticale ed orizzontale,Sereno,Scarso,Buona,Ore Diurne,1,0,0,1,"12,5966","41,9114",False
2704633,18,21/02/2016T10:10:00,Strada Urbana,all'intersezione con,VIA ORBASSANO,VIA DEL QUARTACCIO,VIA ORBASSANO,,,Scontro laterale fra veicoli in marcia,Incrocio,Una carreggiata a doppio senso,Asciutto,Asfaltata,Verticale ed orizzontale,Sereno,Normale,Sufficiente,Ore Diurne,1,0,0,1,"12,38746","41,91471",False
2704906,4,21/02/2016T10:15:00,,da specificare,,VIA SALARIA,,,km. 13.200,Tamponamento,,,,,,,,,,0,0,0,2,,,False
2704267,9,21/02/2016T10:20:00,,da specificare,,VIA APPIA NUOVA,,,in prossimit� VIA LANUVIO,Scontro frontale/laterale DX fra veicoli in marcia,,,,,,,,,,0,0,0,3,"12,53252","41,86445",False
2704704,17,21/02/2016T10:45:00,Strada Urbana,in corrispondenza,del civico n.,VIA IGEA,,46,,Scontro laterale fra veicoli in marcia,Rettilineo,Una carreggiata a doppio senso,Asciutto,Asfaltata,,Sereno,Normale,Buona,Ore Diurne,0,0,0,2,,,False
2704401,20,21/02/2016T10:45:00,Regionale,da specificare,,VIA FLAMINIA,,,"int. galleria cimitero dir. terni km 14,900",Tamponamento,Rettilineo,Una carreggiata a senso unico di marcia,Asciutto,Asfaltata,Verticale ed orizzontale,Sereno,Normale,Buona,Ore Diurne,2,0,0,0,,,False
2704562,17,21/02/2016T11:00:00,Strada Urbana,in corrispondenza,del civico n.,VIA COLA DI RIENZO,,288,,Veicolo in marcia contro veicolo fermo,Rettilineo,Una carreggiata a doppio senso,Asciutto,In cubetti di porfido,Verticale ed orizzontale,Sereno,Normale,Buona,Ore Diurne,1,0,0,1,,,False
2704506,20,21/02/2016T11:00:00,Regionale entro l'abitato,in prossimit�,del civico n.,VIA CASSIA,,1810,,Veicolo in marcia contro ostacolo accidentale,Rettilineo,Una carreggiata a doppio senso,Asciutto,Asfaltata,Orizzontale,Sereno,Scarso,Buona,Ore Diurne,0,0,0,1,,,False
2703752,13,21/02/2016T11:10:00,Strada Urbana,all'intersezione con,LARGO GIOVANNI RONCAGLI,VIA CAPO SPARTIVENTO,LARGO GIOVANNI RONCAGLI,,,Tamponamento Multiplo,Incrocio,Due carreggiate,Asciutto,Asfaltata,Verticale ed orizzontale,Sereno,Normale,Buona,Ore Diurne,0,0,0,4,"12,2842","41,73421",False
2704149,13,21/02/2016T11:30:00,,in corrispondenza,del civico n.,VIALE CHARLES LENORMANT,,217,,Veicolo in marcia contro ostacolo accidentale,,,,,,,,,,0,0,0,1,,,False
2704153,13,21/02/2016T11:45:00,Strada Urbana,da specificare,,VIA DI CASTEL FUSANO,,,PROX VIA OSTIENSE DIREZ. PESCATORI,Scontro frontale/laterale DX fra veicoli in marcia,Rettilineo,Una carreggiata a doppio senso,Asciutto,Asfaltata,Verticale ed orizzontale,Sereno,Normale,Buona,Ore Diurne,0,0,0,3,"12,31188","41,74604",False
2704400,10,21/02/2016T11:50:00,Strada Urbana,all'intersezione con,VIA FRANCESCO ANTOLISEI,VIA ARRIGO CAVAGLIERI,VIA FRANCESCO ANTOLISEI,,,Scontro frontale/laterale SX fra veicoli in marcia,Incrocio,Una carreggiata a doppio senso,Asciutto,Asfaltata,Verticale ed orizzontale,Sereno,Normale,Buona,Ore Diurne,2,0,0,1,"12,60612","41,84766",False
2705012,12,21/02/2016T11:55:00,Provinciale entro l'abitato,da specificare,,VIA LAURENTINA,,,direzione Roma all'altezza di P.le Douhet,Tamponamento Multiplo,Rettilineo,Due carreggiate,Asciutto,Asfaltata,Verticale ed orizzontale,Sereno,Normale,Buona,Ore Diurne,0,0,0,6,"12,4789","41,82772",True
2704617,18,21/02/2016T13:30:00,Strada Urbana,in corrispondenza,del civico n.,PIAZZA IRNERIO,,30,,Tamponamento Multiplo,Rettilineo,Una carreggiata a senso unico di marcia,Asciutto,Asfaltata,Verticale ed orizzontale,Sereno,Scarso,Buona,Ore Diurne,0,0,0,3,"12,42978","41,89857",False
2704346,6,21/02/2016T13:30:00,Strada Urbana,in prossimit�,del civico n.,VIALE DELLA PRIMAVERA,,93,,Tamponamento,Rettilineo,Due carreggiate,Asciutto,Asfaltata,Assente,Sereno,Scarso,Buona,Ore Diurne,0,0,0,3,"12,56115","41,88379",False
2703938,2,21/02/2016T15:07:00,Strada Urbana,all'intersezione con,VIA ANAPO,VIA FOGLIANO,VIA ANAPO,,,Scontro frontale/laterale DX fra veicoli in marcia,Intersezione stradale segnalata,Una carreggiata a senso unico di marcia,Asciutto,Asfaltata,Verticale ed orizzontale,Sereno,Normale,Buona,Ore Diurne,1,0,0,2,"12,50685","41,92616",False
2704603,8,21/02/2016T15:10:00,,in prossimit�,del civico n.,VIA SANT'ELPIDIO A MARE,,57,,Veicolo in marcia contro ostacolo accidentale,,,,,,,,,,0,0,0,3,,,False
2704850,4,21/02/2016T15:15:00,,da specificare,,VIA NOMENTANA,,,"km. 12,100",Tamponamento Multiplo,,,,,,,,,,2,0,0,4,,,False
2704422,5,21/02/2016T16:10:00,Strada Urbana,da specificare,,VIA DEI DURANTINI,,,altezza fermata linea ATAC n� 71166,Scontro laterale fra veicoli in marcia,Rettilineo,Una carreggiata a doppio senso,Asciutto,Asfaltata,Orizzontale,Sereno,Scarso,Buona,Ore Diurne,2,0,0,1,"12,54181","41,91612",False
2704904,1,21/02/2016T16:20:00,Strada Urbana,da specificare,,PIAZZA VENEZIA,,,altezza VIA DEL CORSO,Tamponamento,Rettilineo,Una carreggiata a senso unico di marcia,Asciutto,Acciotolata,Verticale ed orizzontale,Sereno,Intenso,Buona,Ore Diurne,0,0,0,6,,,False
2705047,2,21/02/2016T16:25:00,Strada Urbana,all'intersezione con,VIA CARLO ZECCHI,VIA GASPARE SPONTINI,VIA CARLO ZECCHI,,,Scontro laterale fra veicoli in marcia,Incrocio,Una carreggiata a doppio senso,Asciutto,Asfaltata,Verticale ed orizzontale,Sereno,Scarso,Buona,Ore Diurne,0,0,0,2,"12,49621","41,91719",False
2704630,18,21/02/2016T16:30:00,Strada Urbana,da specificare,,VIA RISERVA DELLA TORRETTA,,,in prossimita' di Via dell'Acquafredda,Veicolo in marcia contro ostacolo fisso,Rettilineo,Una carreggiata a senso unico di marcia,Asciutto,Con buche,Verticale ed orizzontale,Sereno,Scarso,Buona,Ore Diurne,0,0,0,1,"12,38948","41,88874",True
2704592,8,21/02/2016T17:00:00,,in prossimit�,del civico n.,VIA DELL'ARCHEOLOGIA,,62,,Scontro frontale/laterale SX fra veicoli in marcia,,,,,,,,,,0,0,0,0,,,False
2704420,13,21/02/2016T17:30:00,Strada Urbana,in prossimit�,del civico n.,LUNGOMARE AMERIGO VESPUCCI,,102,,Veicolo in marcia contro ostacolo accidentale,Rettilineo,Una carreggiata a doppio senso,Asciutto,Asfaltata,Verticale ed orizzontale,Sereno,Normale,Buona,Ore Diurne,0,0,0,2,"12,33465","41,70694",False
2704614,18,21/02/2016T18:00:00,Strada Urbana,da specificare,,VIA DELLA PINETA SACCHETTI,,,all'altezza di Via Eugenio IV,Investimento di pedone,Rettilineo,Una carreggiata a doppio senso,Asciutto,Asfaltata,Verticale ed orizzontale,Sereno,Intenso,Buona,Sufficiente,2,0,0,0,"12,42477","41,90937",False
2707710,18,21/02/2016T18:10:00,Strada Urbana,da specificare,,CIRCONVALLAZIONE AURELIA,,,altezza Via Madonna del Riposo,Scontro frontale fra veicoli in marcia,Rettilineo,Pi� di due carreggiate,Asciutto,Asfaltata,Verticale ed orizzontale,Sereno,Normale,Buona,Sufficiente,1,0,0,3,"12,42852","41,89705",False
2705337,23,21/02/2016T19:05:00,Comunale extraurbana,in corrispondenza,della chilometrica,VIA CRISTOFORO COLOMBO,,20.6,,Scontro laterale fra veicoli in marcia,Rettilineo,Pi� di due carreggiate,Asciutto,Asfaltata,Verticale ed orizzontale,Sereno,Intenso,Buona,Sufficiente,0,0,0,7,"12,44704","41,80373",False
2704408,20,21/02/2016T19:25:00,Regionale entro l'abitato,in prossimit�,del civico n.,VIA CASSIA,,595,,Investimento di pedone,Curva a visuale libera,Una carreggiata a doppio senso,Asciutto,Asfaltata,Orizzontale,Sereno,Normale,Buona,Sufficiente,1,0,0,1,,,False
2704424,10,21/02/2016T19:30:00,Strada Urbana,in corrispondenza,del civico n.,VIA VITTORIO METZ,,7,,Veicolo in marcia contro veicolo in sosta,Rettilineo,Una carreggiata a senso unico di marcia,Asciutto,Asfaltata,Verticale,Sereno,Scarso,Sufficiente,Sufficiente,0,0,0,2,"12,59544","41,83422",True
2705182,2,21/02/2016T19:30:00,,da specificare,,LUNGOTEVERE MARESCIALLO CADORNA,,,FERMATA AUTOBUS N. 72087,Investimento di pedone,,,,,,,,,,1,0,0,1,,,False
2704502,20,21/02/2016T19:45:00,Strada Urbana,in prossimit�,del civico n.,VIALE DI TOR DI QUINTO,,35/B,,Ribaltamento senza urto contro ostacolo fisso,Rettilineo,Una carreggiata a senso unico di marcia,Asciutto,Asfaltata,Verticale ed orizzontale,Sereno,Normale,Buona,Sufficiente,0,0,0,6,,,False
2704531,8,21/02/2016T20:00:00,,all'intersezione con,VIA DELLA TENUTA DEL CAVALIERE,VIA DI LUNGHEZZA,VIA DELLA TENUTA DEL CAVALIERE,,,Scontro frontale/laterale SX fra veicoli in marcia,,,,,,,,,,1,0,0,1,,,False
2704656,12,21/02/2016T20:40:00,Strada Urbana,all'intersezione con,PIAZZALE DELL'AGRICOLTURA,VIA CRISTOFORO COLOMBO,PIAZZALE DELL'AGRICOLTURA,,,Scontro laterale fra veicoli in marcia,Incrocio,Una carreggiata a senso unico di marcia,Asciutto,Asfaltata,Verticale ed orizzontale,Sereno,Normale,Buona,Sufficiente,0,0,0,4,"12,47232","41,83667",True
2704533,8,21/02/2016T21:15:00,,in prossimit�,del civico n.,VIA SILICELLA,,130,,Veicolo in marcia contro ostacolo accidentale,,,,,,,,,,1,0,0,0,,,False
2704467,20,21/02/2016T21:30:00,,all'intersezione con,VIA FOSSO DEL FONTANILETTO,VIA DI GROTTAROSSA,VIA FOSSO DEL FONTANILETTO,,,Scontro frontale/laterale DX fra veicoli in marcia,,,,,,,,,,0,0,0,2,,,False
2704268,9,21/02/2016T22:30:00,Strada Urbana,all'intersezione con,VIALE GIULIO AGRICOLA,VIA QUINTILIO VARO,VIALE GIULIO AGRICOLA,,,Scontro frontale/laterale DX fra veicoli in marcia,Incrocio,Una carreggiata a senso unico di marcia,Asciutto,Asfaltata,Verticale,Nuvoloso,Normale,Sufficiente,Ore Diurne,0,0,0,2,"12,56166","41,85563",False
2704880,3,21/02/2016T23:00:00,Strada Urbana,da specificare,,PIAZZALE DELLE PROVINCIE,,,ALTEZZA VIA CATANIA,Scontro laterale fra veicoli in marcia,Rotatoria,Una carreggiata a senso unico di marcia,Asciutto,Asfaltata,Verticale ed orizzontale,Sereno,Normale,Sufficiente,Sufficiente,0,0,0,3,"12,52102","41,90948",True
2704474,8,21/02/2016T23:30:00,,all'intersezione con,VIA BORGHESIANA,VIA PRENESTINA,VIA BORGHESIANA,,,Tamponamento,,,,,,,,,,1,0,0,0,,,False
2704984,2,21/02/2016T23:30:00,Strada Urbana,all'intersezione con,VIA VALDINIEVOLE,VIA VAL D'OSSOLA,VIA VALDINIEVOLE,,,Scontro frontale/laterale DX fra veicoli in marcia,Intersezione non regolata/non segnalata,Una carreggiata a senso unico di marcia,Asciutto,Asfaltata,Verticale ed orizzontale,Sereno,Scarso,Sufficiente,Sufficiente,0,0,0,2,,,False
2704403,5,21/02/2016T23:40:00,Strada Urbana,da specificare,,NUOVA CIRCONVALLAZIONE INTERNA,,,dir. SALARIA tratto di galleria,Veicolo in marcia contro ostacolo fisso,Galleria illuminata,Una carreggiata a senso unico di marcia,Asciutto,Asfaltata,Orizzontale,Sereno,Normale,Buona,Sufficiente,0,0,0,1,"12,53283","41,91094",True
2706428,16,21/02/2016T23:45:00,Strada Urbana,in prossimit�,del civico n.,PIAZZALE EUGENIO MORELLI,,37,,Scontro laterale fra veicoli in marcia,Rettilineo,Due carreggiate,Asciutto,Asfaltata,Assente,Sereno,Scarso,Sufficiente,Sufficiente,1,0,0,1,"12,44284","41,86019",False
2704571,1,22/02/2016T02:30:00,Strada Urbana,all'intersezione semaforizzata con,LUNGOTEVERE MARZIO,PONTE UMBERTO I,LUNGOTEVERE MARZIO,,,Veicolo in marcia contro ostacolo fisso,Intersezione semaforizzata,Una carreggiata a senso unico di marcia,Asciutto,Asfaltata,Verticale ed orizzontale,Sereno,Scarso,Sufficiente,Sufficiente,0,0,0,1,"12,47112","41,903",False
2706399,23,22/02/2016T03:11:00,Strada Urbana,in corrispondenza,del civico n.,PIAZZA DEI CINQUECENTO,,67,,Veicolo in marcia contro veicolo in sosta,Curva a visuale libera,Una carreggiata a senso unico di marcia,Asciutto,Asfaltata,Assente,Sereno,Scarso,Buona,Sufficiente,0,0,0,1,"12,49985","41,90087",False
2704479,8,22/02/2016T03:15:00,,da specificare,,VIA GIUSEPPE BALDRIGHI,,,50 mt dopo Via G.B. Scozza,Veicolo in marcia contro ostacolo accidentale,,,,,,,,,,0,0,0,3,,,False
2705036,12,22/02/2016T03:45:00,Regionale entro l'abitato,da specificare,,VIA PONTINA,,,"all'altezza della chilometrica 16,100",Veicolo in marcia contro ostacolo fisso,Dosso,Due carreggiate,Asciutto,Asfaltata,Verticale ed orizzontale,Sereno,Scarso,Insufficiente,Inesistente,0,0,0,1,"12,44385","41,77289",False
2706048,4,22/02/2016T04:00:00,Strada Urbana,da specificare,,LARGO MARLIANA,,,prossimit� VIA CALCINAIA,Veicolo in marcia contro veicolo in sosta,Rettilineo,Una carreggiata a senso unico di marcia,Asciutto,Asfaltata,Verticale ed orizzontale,Sereno,Scarso,Buona,Ore Diurne,0,0,0,0,"12,51866","41,95684",False
2707474,13,22/02/2016T06:50:00,,da specificare,,PIAZZA GIOVANNI BATTISTA BOTTERO,,,altezza fermata bus Bottero,Investimento di pedone,,,,,,,,,,0,0,0,2,,,False
2704556,20,22/02/2016T07:45:00,Statale entro l'abitato,da specificare,,VIA FLAMINIA NUOVA,,,prossimit� palo acea n. 38,Scontro frontale fra veicoli in marcia,Rettilineo,Una carreggiata a doppio senso,Asciutto,Asfaltata,Verticale ed orizzontale,Nuvoloso,Intenso,Buona,Ore Diurne,0,1,0,1,,,False
2706535,12,22/02/2016T07:50:00,,da specificare,,VIA PONTINA,,,dir.ne Roma alt. confluenza via C. COLOMBO ,Tamponamento,,,,,,,,,,1,0,0,0,,,False
2708958,16,22/02/2016T08:00:00,Strada Urbana,da specificare,,VIA AURELIA ANTICA,,,in corrispondenza del fronte civico 438,Tamponamento,Rettilineo,Una carreggiata a doppio senso,Asciutto,Asfaltata,Orizzontale,Nuvoloso,Intenso,Buona,Ore Diurne,0,0,0,5,"12,43494","41,89015",True
2704897,2,22/02/2016T08:00:00,Strada Urbana,da specificare,,VIALE GIOACCHINO ROSSINI,,,fronte civico 32,Veicolo in marcia contro ostacolo accidentale,Rettilineo,Una carreggiata a doppio senso,Asciutto,Con buche,Verticale ed orizzontale,Nuvoloso,Normale,Buona,Ore Diurne,0,0,0,1,"12,49217","41,92118",True
2705404,19,22/02/2016T08:00:00,Strada Urbana,all'intersezione con,VIA MARIANO LUIGI PATRIZI,VIA DI TORREVECCHIA,VIA MARIANO LUIGI PATRIZI,,,Scontro laterale fra veicoli in marcia,Incrocio,Una carreggiata a doppio senso,Asciutto,Asfaltata,Verticale,Sereno,Normale,Buona,Ore Diurne,0,0,0,2,"12,4123","41,92339",True
2704619,9,22/02/2016T08:15:00,Strada Urbana,all'intersezione con,VIA NICASTRO,VIA TARANTO,VIA NICASTRO,,,Scontro frontale/laterale DX fra veicoli in marcia,Incrocio,Una carreggiata a doppio senso,Asciutto,Asfaltata,Verticale ed orizzontale,Nuvoloso,Normale,Buona,Ore Diurne,0,0,0,3,,,False
2706030,19,22/02/2016T08:20:00,Strada Urbana,all'intersezione con,LARGO CODOGNO,VIA DI CASAL DEL MARMO,LARGO CODOGNO,,,Scontro laterale fra veicoli in marcia,Incrocio,Una carreggiata a doppio senso,Asciutto,Asfaltata,Verticale,Nuvoloso,Normale,Buona,Ore Diurne,1,0,0,1,"12,38894","41,9421",False
2706834,12,22/02/2016T08:20:00,Strada Urbana,all'intersezione con,VIA DELL'ELETTRONICA,VIALE UMBERTO TUPINI,VIA DELL'ELETTRONICA,,,Scontro frontale/laterale SX fra veicoli in marcia,Incrocio,Una carreggiata a doppio senso,Asciutto,Asfaltata,Verticale ed orizzontale,Sereno,Normale,Buona,Ore Diurne,0,0,0,2,"12,46254","41,83424",True
2706088,20,22/02/2016T08:30:00,Provinciale,in prossimit�,del civico n.,VIA DELLA STAZIONE DI CESANO,,320,,Veicolo in marcia contro ostacolo accidentale,Rettilineo,Una carreggiata a doppio senso,Asciutto,Asfaltata,Orizzontale,Sereno,Normale,Buona,Ore Diurne,0,0,0,1,,,False
2707562,13,22/02/2016T08:35:00,Strada Urbana,in prossimit�,del civico n.,VIA DEI PESCATORI,,41,,Tamponamento,Rettilineo,Una carreggiata a doppio senso,Asciutto,Asfaltata,Verticale ed orizzontale,Nuvoloso,Normale,Buona,Ore Diurne,1,0,0,1,"12,3023","41,72312",False
2704802,7,22/02/2016T08:40:00,Strada Urbana,in prossimit�,del civico n.,VIA PRENESTINA,,607,,Scontro laterale fra veicoli in marcia,Rettilineo,Una carreggiata a doppio senso,Asciutto,Asfaltata,Orizzontale,Sereno,Normale,Buona,Ore Diurne,0,0,0,2,"12,58269","41,89359",True
2705900,8,22/02/2016T08:45:00,Strada Urbana,in prossimit�,del civico n.,VIA NICOLOSI,,80,,Veicolo in marcia contro ostacolo accidentale,Rettilineo,Una carreggiata a senso unico di marcia,Asciutto,Con buche,Verticale,Sereno,Scarso,Sufficiente,Ore Diurne,0,0,0,1,,,False
2704578,10,22/02/2016T08:45:00,Strada Urbana,all'intersezione con,VIA DELLE CAPANNELLE,VIA LUCREZIA ROMANA,VIA DELLE CAPANNELLE,,,Scontro laterale fra veicoli in marcia,Incrocio,Una carreggiata a doppio senso,Asciutto,Asfaltata,Verticale ed orizzontale,Nuvoloso,Normale,Buona,Ore Diurne,1,0,0,1,"12,57495","41,83681",True
2705926,5,22/02/2016T09:00:00,Strada Urbana,in prossimit�,del civico n.,VIA DEI MONTI TIBURTINI,,525,,Tamponamento,Rettilineo,Due carreggiate,Asciutto,Asfaltata,Verticale ed orizzontale,Sereno,Normale,Sufficiente,Ore Diurne,1,0,0,1,"12,55149","41,9142",False
2705999,20,22/02/2016T09:00:00,Strada Urbana,all'intersezione con,VIA DELLA MENDOLA,VIALE CORTINA D'AMPEZZO,VIA DELLA MENDOLA,,,Tamponamento,Incrocio,Una carreggiata a doppio senso,Asciutto,Asfaltata,Verticale ed orizzontale,Sereno,Intenso,Buona,Ore Diurne,2,0,0,1,,,False
2706748,12,22/02/2016T09:05:00,Strada Urbana,in prossimit�,del civico n.,VIA NICOLO' GIORGI,,64,,Veicolo in marcia contro veicoli in sosta,Curva a visuale libera,Una carreggiata a senso unico di marcia,Asciutto,Asfaltata,Verticale,Sereno,Scarso,Buona,Ore Diurne,0,0,0,2,"12,50949","41,82215",False
2705934,5,22/02/2016T09:10:00,Strada Urbana,da specificare,,VIALE PALMIRO TOGLIATTI,,,ingresso Cotral ponte Mammolo dir. Prenestina,Scontro laterale fra veicoli in marcia,Rettilineo,Due carreggiate,Asciutto,Asfaltata,Verticale ed orizzontale,Sereno,Normale,Sufficiente,Ore Diurne,0,0,0,3,"12,56612","41,92217",True
2704762,9,22/02/2016T09:15:00,Strada Urbana,da specificare,,VIA DELL'ARCO DI TRAVERTINO,,,altezza fermata Metro,Tamponamento,Rettilineo,Due carreggiate,Asciutto,Asfaltata,Assente,Nuvoloso,Normale,Buona,Ore Diurne,1,0,0,1,,,False
2705406,15,22/02/2016T09:40:00,Strada Urbana,da specificare,,VIA DELLA MAGLIANA NUOVA,,,prossimit� civico 146,Veicolo in marcia contro veicoli in sosta,Rettilineo,Una carreggiata a doppio senso,Asciutto,Asfaltata,Verticale ed orizzontale,Sereno,Normale,Buona,Ore Diurne,0,0,0,2,"12,45655","41,84897",True
2706065,1,22/02/2016T10:25:00,Strada Urbana,all'intersezione semaforizzata con,VIA DEI LATERANI,VIA DELL'AMBA ARADAM,VIA DEI LATERANI,,,Scontro laterale fra veicoli in marcia,Intersezione semaforizzata,Una carreggiata a doppio senso,Asciutto,Asfaltata,Verticale ed orizzontale,Sereno,Normale,Buona,Ore Diurne,1,0,0,1,,,False
2705907,8,22/02/2016T10:45:00,Strada Urbana,all'intersezione con,VIA DEL TORRACCIO DI TORRENOVA,VIA DI TORRENOVA,VIA DEL TORRACCIO DI TORRENOVA,,,Veicolo in marcia contro veicolo in sosta,Incrocio,Una carreggiata a doppio senso,Asciutto,Asfaltata,Verticale ed orizzontale,Nuvoloso,Intenso,Sufficiente,Ore Diurne,3,0,0,1,,,False
2706417,23,22/02/2016T11:10:00,Strada Urbana,in corrispondenza,del civico n.,VIA GIOVANNI GIOLITTI,,201,,Veicolo in marcia contro veicoli in sosta,Rettilineo,Una carreggiata a senso unico di marcia,Asciutto,Asfaltata,Assente,Sereno,Scarso,Buona,Ore Diurne,0,0,0,2,"12,50703","41,8965",False
2705834,11,22/02/2016T11:10:00,Strada Urbana,all'intersezione con,VIA ANDREA MANTEGNA,VIA DEI GEORGOFILI,VIA ANDREA MANTEGNA,,,Scontro frontale/laterale SX fra veicoli in marcia,Intersezione non regolata/non segnalata,Due carreggiate,Asciutto,Asfaltata,Verticale ed orizzontale,Nuvoloso,Normale,Buona,Ore Diurne,0,0,0,2,"12,49389","41,85189",False
2706032,1,22/02/2016T11:35:00,Strada Urbana,in prossimit�,del palo luce n.,VIALE GUIDO BACCELLI,,38,,Tamponamento,Rettilineo,Due carreggiate,Asciutto,Asfaltata,Verticale ed orizzontale,Sereno,Normale,Buona,Ore Diurne,2,0,0,0,,,False
2706218,4,22/02/2016T12:00:00,Strada Urbana,da specificare,,VIADOTTO GIUSEPPE SARAGAT,,,in prossimit� VIA GIANNA PEDERZINI,Scontro laterale fra veicoli in marcia,Rettilineo,Due carreggiate,Asciutto,Asfaltata,Verticale ed orizzontale,Sereno,Normale,Buona,Ore Diurne,0,0,0,2,"12,52131","41,97315",False
2707949,18,22/02/2016T12:20:00,Strada Urbana,all'intersezione semaforizzata con,VIA ENNIO BONIFAZI,VIA MATTIA BATTISTINI,VIA ENNIO BONIFAZI,,,Scontro frontale/laterale DX fra veicoli in marcia,Intersezione semaforizzata,Una carreggiata a doppio senso,Asciutto,Asfaltata,Verticale ed orizzontale,Nuvoloso,Intenso,Buona,Ore Diurne,0,0,0,2,"12,41473","41,90648",True
2706196,13,22/02/2016T12:27:00,,da specificare,,PIAZZA GREGORIO RONCA,,,prossimit� Via G. Chierchia,Veicolo in marcia contro veicolo in sosta,,,,,,,,,,0,0,0,1,,,False
2706768,12,22/02/2016T12:50:00,Strada Urbana,in prossimit�,del civico n.,VIALE DELL'OCEANO ATLANTICO,,180,,Scontro frontale fra veicoli in marcia,Rettilineo,Due carreggiate,Asciutto,Asfaltata,Orizzontale,Sereno,Normale,Buona,Ore Diurne,1,0,0,3,"12,46985","41,8201",False
2706094,4,22/02/2016T12:55:00,,in prossimit�,del civico n.,VIA NOMENTANA,,765,,Scontro laterale fra veicoli in marcia,,,,,,,,,,0,0,0,4,"12,5438","41,9376",False
2706049,19,22/02/2016T13:00:00,Strada Urbana,in prossimit�,del civico n.,VIA DELLA PINETA SACCHETTI,,478,,Tamponamento,Rettilineo,Una carreggiata a senso unico di marcia,Asciutto,Asfaltata,Orizzontale,Sereno,Intenso,Buona,Ore Diurne,0,0,0,3,"12,42628","41,92596",False
2705878,8,22/02/2016T13:20:00,Strada Urbana,all'intersezione con,VIA BORGHESIANA,VIA DRAPIA,VIA BORGHESIANA,,,Scontro laterale fra veicoli in marcia,Incrocio,Una carreggiata a doppio senso,Asciutto,Asfaltata,Verticale ed orizzontale,Nuvoloso,Normale,Buona,Ore Diurne,0,0,0,2,"12,67277","41,87204",True