_ID,_Gruppo,_DataOraIncidente,_Localizzazione1,_Localizzazione2,_Strada1,_DaSpecificare,_NaturaIncidente,_ParticolaritaStrade,_TipoStrada,_FondoStradale,_Pavimentazione,_Segnaletica,_CondizioneAtmosferica,_Traffico,_Visibilita,_Illuminazione,_NUM_FERITI,_NUM_RISERVATA,_NUM_MORTI,_NUM_ILLESI,_Longitudine,_Latitudine,_CONFERMATO,__prefix,_Strada02,_Strada2,_Chilometrica
2707499,20,23/02/2016T14:20:00,Strada Urbana,in prossimit�,del civico n.,VIALE CORTINA D'AMPEZZO,,194,,Veicolo in marcia contro veicolo in sosta,Rettilineo,Una carreggiata a doppio senso,Asciutto,Asfaltata,Orizzontale,Nuvoloso,Intenso,Buona,Ore Diurne,0,0,0,1,,,False
2706694,10,23/02/2016T14:30:00,Strada Urbana,in prossimit�,del civico n.,VIA TUSCOLANA,,976,,Investimento di pedone,Rettilineo,Due carreggiate,Asciutto,Asfaltata,Assente,Nuvoloso,Normale,Buona,Ore Diurne,1,0,0,1,,,False
2707436,8,23/02/2016T14:35:00,Provinciale entro l'abitato,in prossimit�,del civico n.,VIA PRENESTINA,,1091,,Scontro frontale/laterale SX fra veicoli in marcia,Rettilineo,Una carreggiata a doppio senso,Asciutto,Asfaltata,Orizzontale,Sereno,Intenso,Buona,Ore Diurne,1,0,0,1,"12,6235","41,89284",False
2707803,1,23/02/2016T14:40:00,Strada Urbana,in prossimit�,del civico n.,PIAZZA DELL'OROLOGIO,,1,,Scontro laterale fra veicoli in marcia,Rettilineo,Una carreggiata a senso unico di marcia,Asciutto,Acciotolata,Assente,Nuvoloso,Normale,Buona,Ore Diurne,0,0,0,2,,,False
2707706,17,23/02/2016T14:45:00,Strada Urbana,in prossimit�,del civico n.,VIA ANGELO EMO,,144,,Tamponamento,,Una carreggiata a doppio senso,Asciutto,Asfaltata,Verticale ed orizzontale,Nuvoloso,Normale,Buona,Ore Diurne,0,0,0,3,"12,44382","41,90332",False
2707639,4,23/02/2016T14:50:00,Strada Urbana,all'intersezione con,VIA EMILIO DE MARCHI,VIA NOMENTANA,VIA EMILIO DE MARCHI,,,Scontro laterale fra veicoli in marcia,Intersezione stradale segnalata,Una carreggiata a doppio senso,Asciutto,Asfaltata,Verticale ed orizzontale,Nuvoloso,Normale,Buona,Ore Diurne,1,0,0,2,"12,5432","41,93771",False
2707916,13,23/02/2016T15:15:00,,da specificare,,VIA OSTIENSE,,,"altezza km 19,100 via del Mare",Scontro frontale/laterale DX fra veicoli in marcia,,,,,,,,,,0,0,0,2,,,False
2707453,11,23/02/2016T15:20:00,Strada Urbana,all'intersezione con,VIA DEI GEORGOFILI,VIA DELL'ARCADIA,VIA DEI GEORGOFILI,,,Scontro frontale/laterale SX fra veicoli in marcia,Intersezione stradale segnalata,Una carreggiata a senso unico di marcia,Asciutto,Asfaltata,Verticale ed orizzontale,Nuvoloso,Normale,Buona,Ore Diurne,0,0,0,2,"12,49212","41,85328",False
2707399,11,23/02/2016T16:00:00,Strada Urbana,in prossimit�,del civico n.,VIA VITTORE CARPACCIO,,48,,Tamponamento,Pendenza,Una carreggiata a doppio senso,Asciutto,Asfaltata,Verticale ed orizzontale,Nuvoloso,Normale,Buona,Ore Diurne,0,0,0,2,"12,49209","41,84581",True
2707460,5,23/02/2016T16:30:00,Strada Urbana,da specificare,,VIA DEI MONTI TIBURTINI,,,prossimit� Metro direzione Lanciani,Tamponamento,Rettilineo,Due carreggiate,Asciutto,Asfaltata,Verticale ed orizzontale,Sereno,Normale,Buona,Ore Diurne,0,0,0,4,"12,54753","41,91592",False
2707043,19,23/02/2016T16:30:00,Strada Urbana,all'intersezione con,VIA DI CASAL DEL MARMO,LARGO CODOGNO,VIA DI CASAL DEL MARMO,,,Veicolo in marcia contro veicolo in sosta,Incrocio,Una carreggiata a doppio senso,Asciutto,Asfaltata,Verticale ed orizzontale,Sereno,Normale,Buona,Ore Diurne,0,0,0,1,"12,39267","41,94775",True
2706916,10,23/02/2016T16:35:00,Strada Urbana,da specificare,,VIA TUSCOLANA,,,prossimit� incrocio semaforico con via di Torre Sp,Scontro laterale fra veicoli in marcia,Rettilineo,Pi� di due carreggiate,Asciutto,Asfaltata,Verticale ed orizzontale,Nuvoloso,Normale,Buona,Ore Diurne,1,0,0,1,"12,57582","41,84847",False
2708016,16,23/02/2016T16:45:00,Strada Urbana,in prossimit�,del civico n.,VIA DI BRAVETTA,,267,,Scontro frontale/laterale DX fra veicoli in marcia,Rettilineo,Una carreggiata a doppio senso,Asciutto,Asfaltata,Orizzontale,Sereno,Normale,Buona,Ore Diurne,0,0,0,3,"12,42652","41,88051",False
2708568,3,23/02/2016T17:00:00,,in corrispondenza,del civico n.,VIA ALESSANDRO TORLONIA,,12,,Veicolo in marcia contro veicoli in sosta,,,,,,,,,,0,0,0,1,,,False
2708234,16,23/02/2016T17:10:00,,da specificare,,VIA FEDERICO DI DONATO,,,fronte VIA AMADORI,Scontro laterale fra veicoli in marcia,,,,,,,,,,1,0,0,2,,,False
2707411,11,23/02/2016T17:10:00,Strada Urbana,all'intersezione con,VIA GIACINTO GIGANTE,VIA LORENZO BONINCONTRI,VIA GIACINTO GIGANTE,,,Scontro frontale/laterale DX fra veicoli in marcia,Intersezione non regolata/non segnalata,Una carreggiata a doppio senso,Asciutto,Asfaltata,Verticale,Nuvoloso,Scarso,Buona,Ore Diurne,0,0,0,2,"12,50916","41,85484",False
2707738,2,23/02/2016T17:20:00,Strada Urbana,all'intersezione con,VIA MARTINO LONGHI,PIAZZA ANTONIO MANCINI,VIA MARTINO LONGHI,,,Scontro laterale fra veicoli in marcia,Intersezione non regolata/non segnalata,Due carreggiate,Asciutto,Asfaltata,Assente,Sereno,Normale,Buona,Ore Diurne,0,0,0,2,"12,46505","41,9311",False
2707667,4,23/02/2016T17:20:00,,all'intersezione con,VIA NINO MARTOGLIO,VIA ALFREDO PANZINI,VIA NINO MARTOGLIO,,,Scontro frontale/laterale SX fra veicoli in marcia,,,,,,,,,,1,0,0,1,"12,54461","41,95187",False
2710524,18,23/02/2016T17:40:00,Strada Urbana,in corrispondenza,del civico n.,VIA PIO IX,,196,,Veicolo in marcia contro veicolo in sosta,Rettilineo,Una carreggiata a doppio senso,Asciutto,Asfaltata,Verticale,Nuvoloso,Scarso,Sufficiente,Ore Diurne,0,0,0,1,"12,42337","41,90893",True
2707419,2,23/02/2016T17:55:00,,da specificare,,VIALE DELLE BELLE ARTI,,,fronte civico 10,Investimento di pedone,,,,,,,,,,1,0,0,1,,,False
2707693,4,23/02/2016T18:00:00,Strada Urbana,in corrispondenza,del civico n.,VIA DEI PRATI FISCALI,,48,,Tamponamento Multiplo,Rettilineo,Due carreggiate,Asciutto,Asfaltata,Verticale ed orizzontale,Nuvoloso,Normale,Buona,Sufficiente,0,0,0,4,"12,52308","41,94634",False
2700392,18,23/02/2016T18:00:00,Strada Urbana,all'intersezione semaforizzata con,PIAZZA DI VILLA CARPEGNA,CIRCONVALLAZIONE AURELIA,PIAZZA DI VILLA CARPEGNA,,,Scontro laterale fra veicoli in marcia,Intersezione regolata dal vigile,Due carreggiate,Asciutto,Asfaltata,Verticale ed orizzontale,Sereno,Normale,Buona,Sufficiente,0,0,0,2,"12,42909","41,89534",True
2707077,10,23/02/2016T18:10:00,Provinciale entro l'abitato,in prossimit�,del civico n.,VIA ANAGNINA,,332,,Scontro frontale/laterale SX fra veicoli in marcia,Rettilineo,Due carreggiate,Asciutto,Asfaltata,Verticale ed orizzontale,Nuvoloso,Normale,Buona,Sufficiente,0,0,0,2,"12,61304","41,81892",True
2707176,19,23/02/2016T18:30:00,Strada Urbana,in corrispondenza,del civico n.,VIA MARIO FANI,,77,,Veicolo in marcia contro veicoli in sosta,Rettilineo,Una carreggiata a doppio senso,Asciutto,Asfaltata,Orizzontale,Sereno,Normale,Buona,Sufficiente,0,0,0,1,"12,44045","41,93656",True
2707894,1,23/02/2016T18:40:00,,in corrispondenza,del civico n.,VIA MERULANA,,244,,Investimento di pedone,,,,,,,,,,2,0,0,1,,,False
2707105,6,23/02/2016T18:40:00,Strada Urbana,in corrispondenza,del civico n.,VIA TOR DE' SCHIAVI,,390,,Infortunio per caduta del veicolo,Rettilineo,Due carreggiate,Asciutto,Asfaltata,Orizzontale,Sereno,Intenso,Buona,Ore Diurne,1,0,0,0,"12,5601","41,89307",True
2708252,1,23/02/2016T18:45:00,Strada Urbana,in corrispondenza,del civico n.,VIA CAVOUR,,fc 237,,Scontro frontale/laterale SX fra veicoli in marcia,Rettilineo,Una carreggiata a doppio senso,Asciutto,Asfaltata,Verticale ed orizzontale,Sereno,Normale,Buona,Sufficiente,2,0,0,1,,,False
2708253,16,23/02/2016T19:15:00,,all'intersezione semaforizzata con,VIA CARLO PORTA,VIALE DI TRASTEVERE,VIA CARLO PORTA,,,Investimento di pedone,,,,,,,,,,0,0,0,2,,,False
2707386,10,23/02/2016T19:30:00,Strada Urbana,in prossimit�,del civico n.,VIA FRANCICA,,28,,Veicolo in marcia contro ostacolo accidentale,Rettilineo,Una carreggiata a doppio senso,Asciutto,Asfaltata,Verticale,Sereno,Scarso,Buona,Sufficiente,0,0,0,3,"12,61875","41,82022",False
2708269,16,23/02/2016T19:30:00,,in prossimit�,del civico n.,VIALE DEI COLLI PORTUENSI,,30,,Scontro laterale fra veicoli in marcia,,,,,,,,,,0,0,0,1,,,False
2707500,19,23/02/2016T20:00:00,Strada Urbana,in prossimit�,del civico n.,VIA TRIONFALE,,8737,,Scontro laterale fra veicoli in marcia,Curva a visuale libera,Due carreggiate,Asciutto,Asfaltata,Verticale ed orizzontale,Sereno,Normale,Buona,Sufficiente,0,0,0,5,"12,42302","41,94063",True
2714569,2,23/02/2016T20:00:00,Strada Urbana,all'intersezione semaforizzata con,VIALE GIORGIO WASHINGTON,PIAZZALE BRASILE,VIALE GIORGIO WASHINGTON,,,Scontro laterale fra veicoli in marcia,Intersezione semaforizzata,Una carreggiata a senso unico di marcia,Asciutto,Asfaltata,Orizzontale,Sereno,Normale,Sufficiente,Ore Diurne,1,0,0,1,"12,48876","41,90959",False
2707712,4,23/02/2016T20:30:00,Strada Urbana,in prossimit�,del civico n.,VIA SUVERETO,,52,,Veicolo in marcia contro veicoli in sosta,Curva a visuale libera,Due carreggiate,Asciutto,Asfaltata,Verticale ed orizzontale,Sereno,Scarso,Sufficiente,Sufficiente,0,0,0,2,"12,51904","41,95505",False
2707414,8,23/02/2016T20:30:00,,all'intersezione con,VIA DEL PADIGLIONE,VIA DI PRATAPORCI,VIA DEL PADIGLIONE,,,Scontro frontale/laterale SX fra veicoli in marcia,,,,,,,,,,1,0,0,1,,,False
2707536,20,23/02/2016T21:10:00,Strada Urbana,in prossimit�,del civico n.,VIA DEI DUE PONTI,,100,,Veicolo in marcia contro ostacolo accidentale,Rettilineo,Una carreggiata a doppio senso,Asciutto,Asfaltata,Orizzontale,Sereno,Scarso,Sufficiente,Sufficiente,0,0,0,1,,,False
2707394,10,23/02/2016T22:10:00,Strada Urbana,all'intersezione con,VIA GIUSEPPE MANNO,VIA LUIGI TOSTI,VIA GIUSEPPE MANNO,,,Veicolo in marcia contro veicoli in sosta,Incrocio,Una carreggiata a senso unico di marcia,Asciutto,Asfaltata,Verticale ed orizzontale,Sereno,Normale,Buona,Sufficiente,0,0,0,3,"12,51958","41,87335",True
2707750,13,23/02/2016T22:30:00,Strada Urbana,da specificare,,VIALE DEI ROMAGNOLI,,,prossimit� Via delle Azzorre,Veicolo in marcia contro ostacolo fisso,Rettilineo,Una carreggiata a senso unico di marcia,Asciutto,Con buche,Verticale,Nuvoloso,Normale,Buona,Sufficiente,0,0,0,2,"12,28382","41,7407",False
2708694,9,23/02/2016T22:30:00,,in corrispondenza,del civico n.,VIA GELA,,59,,Veicolo in marcia contro veicolo in sosta,,,,,,,,,,0,0,0,1,,,False
2707429,11,23/02/2016T23:30:00,Strada Urbana,da specificare,,VIA CRISTOFORO COLOMBO,,,altezza VIA DEI GEORGOFILI,Veicolo in marcia contro ostacolo fisso,Rettilineo,Pi� di due carreggiate,Asciutto,Asfaltata,Verticale ed orizzontale,Sereno,Normale,Buona,Sufficiente,0,0,0,2,"12,4911","41,85454",False
2709029,16,24/02/2016T00:10:00,Strada Urbana,da specificare,,VIADOTTO DELLA MAGLIANA,,,fronte Via del Cappellaccio,Veicolo in marcia contro ostacolo fisso,Curva a visuale libera,Una carreggiata a senso unico di marcia,Asciutto,Asfaltata,Verticale ed orizzontale,Sereno,Scarso,Sufficiente,Sufficiente,0,0,0,1,"12,46325","41,84187",True
2707345,6,24/02/2016T00:20:00,Strada Urbana,in prossimit�,del civico n.,VIA TUSCOLANA,,811,,Tamponamento,Rettilineo,Due carreggiate,Asciutto,Asfaltata,Assente,Sereno,Scarso,Sufficiente,Sufficiente,0,0,0,2,"12,55842","41,85915",False
2707625,7,24/02/2016T00:30:00,,in corrispondenza,del civico n.,VIA TIBURTINA,,1004,,Veicolo in marcia contro ostacolo fisso,,,,,,,,,,1,0,0,0,,,False
2709356,16,24/02/2016T00:30:00,Strada Urbana,da specificare,,VIADOTTO DELLA MAGLIANA,,,"direzione Fiumicino, fronte via del Cappellaccio",Tamponamento,Curva senza visuale libera,Una carreggiata a senso unico di marcia,Asciutto,Asfaltata,Verticale ed orizzontale,Sereno,Scarso,Sufficiente,Sufficiente,0,0,0,2,"12,46325","41,84187",True
2708583,3,24/02/2016T01:00:00,,all'intersezione con,VIA LAZZARO SPALLANZANI,PIAZZA SALERNO,VIA LAZZARO SPALLANZANI,,,Veicolo in marcia contro ostacolo fisso,,,,,,,,,,1,0,0,0,,,False
2707462,20,24/02/2016T02:00:00,Regionale entro l'abitato,in prossimit�,della chilometrica,VIA SALARIA,,13.2,,Scontro laterale fra veicoli in marcia,Curva a visuale libera,Due carreggiate,Asciutto,Asfaltata,Verticale ed orizzontale,Sereno,Scarso,Buona,Sufficiente,0,0,0,3,,,False
2709142,7,24/02/2016T02:00:00,,in corrispondenza,del civico n.,VIALE DELLE GARDENIE,,131,,Tamponamento Multiplo,,,,,,,,,,0,0,0,0,,,False
2707512,9,24/02/2016T06:55:00,Strada Urbana,all'intersezione con,VIA ROCCA PRIORA,VIA GENZANO,VIA ROCCA PRIORA,,,Scontro frontale/laterale DX fra veicoli in marcia,Incrocio,Una carreggiata a doppio senso,Asciutto,Asfaltata,Verticale ed orizzontale,Sereno,Scarso,Buona,Ore Diurne,0,0,0,3,,,False
2709034,11,24/02/2016T07:10:00,Strada Urbana,da specificare,,LARGO BENEDETTO BOMPIANI,,,altezza Via delle Sette Chiese,Scontro laterale fra veicoli in marcia,Rettilineo,Una carreggiata a senso unico di marcia,Asciutto,Asfaltata,Verticale ed orizzontale,Sereno,Normale,Buona,Ore Diurne,0,0,0,2,"12,50261","41,85929",False
2708981,11,24/02/2016T07:20:00,Strada Urbana,in prossimit�,del civico n.,VIALE DEL TINTORETTO,,290,,Veicolo in marcia contro veicolo in sosta,Curva senza visuale libera,Due carreggiate,Asciutto,Asfaltata,Verticale ed orizzontale,Sereno,Normale,Buona,Ore Diurne,1,0,0,0,"12,48992","41,83342",False
2708970,8,24/02/2016T07:50:00,Statale entro l'abitato,in corrispondenza,del civico n.,VIA CASILINA,,1356,,Tamponamento,Rettilineo,Una carreggiata a doppio senso,Asciutto,Asfaltata,Verticale ed orizzontale,Sereno,Normale,Buona,Ore Diurne,0,0,0,1,"12,61312","41,86304",True
2709152,13,24/02/2016T07:50:00,,da specificare,,VIA OSTIENSE,,,altezza rampa immissione sottopasso via Ostiense,Scontro laterale fra veicoli in marcia,,,,,,,,,,0,0,0,2,,,False
2708513,1,24/02/2016T07:50:00,Strada Urbana,all'intersezione con,VIA DANDOLO,VIA NICOLA FABRIZI,VIA DANDOLO,,,Scontro frontale/laterale DX fra veicoli in marcia,Incrocio,Una carreggiata a doppio senso,Asciutto,Asfaltata,Verticale ed orizzontale,Sereno,Normale,Buona,Ore Diurne,2,0,0,1,,,False
2707741,19,24/02/2016T08:00:00,Strada Urbana,in corrispondenza,del civico n.,VIA SERAFINO BIFFI,,24,,Scontro laterale fra veicoli in marcia,Rettilineo,Una carreggiata a senso unico di marcia,Asciutto,Asfaltata,Assente,Sereno,Scarso,Buona,Ore Diurne,0,0,0,2,"12,41554","41,93055",True
2708226,15,24/02/2016T08:05:00,,da specificare,,VIA DEL BOSCO DEGLI ARVALI,,,fronte civico 30,Scontro frontale/laterale SX fra veicoli in marcia,,,,,,,,,,0,0,0,2,,,False
2709032,13,24/02/2016T08:10:00,Strada Urbana,all'intersezione con,VIA ALESSANDRO PIOLA CASELLI,VIA DIEGO SIMONETTI,VIA ALESSANDRO PIOLA CASELLI,,,Scontro frontale/laterale DX fra veicoli in marcia,Incrocio,Due carreggiate,Asciutto,Asfaltata,Verticale ed orizzontale,Sereno,Normale,Buona,Ore Diurne,0,0,0,3,"12,28887","41,73707",False
2709047,11,24/02/2016T08:10:00,Strada Urbana,all'intersezione con,VIA ARDEATINA,VIA DELLE SETTE CHIESE,VIA ARDEATINA,,,Scontro frontale/laterale SX fra veicoli in marcia,Intersezione stradale segnalata,Una carreggiata a doppio senso,Asciutto,Asfaltata,Temporanea di cantiere,Sereno,Intenso,Buona,Ore Diurne,1,0,0,2,"12,50867","41,85823",False
2707720,9,24/02/2016T08:20:00,Strada Urbana,in corrispondenza,del civico n.,VIA CASILINA,,95,,Scontro laterale fra veicoli in marcia,Rettilineo,Due carreggiate,Asciutto,Asfaltata,Assente,Sereno,Intenso,Buona,Ore Diurne,0,0,0,3,,,False
2709179,17,24/02/2016T08:20:00,Strada Urbana,all'intersezione semaforizzata con,PONTE VITTORIO EMANUELE II,LUNGOTEVERE DEI FIORENTINI,PONTE VITTORIO EMANUELE II,,,Scontro laterale fra veicoli in marcia,Intersezione semaforizzata,Una carreggiata a senso unico di marcia,Asciutto,Asfaltata,Verticale ed orizzontale,Sereno,Intenso,Sufficiente,Ore Diurne,0,0,0,3,"12,46439","41,90032",False
2708945,8,24/02/2016T08:20:00,Strada Urbana,all'intersezione semaforizzata con,VIA PRENESTINA,VIA DELLA RISERVA NUOVA,VIA PRENESTINA,,,Scontro laterale fra veicoli in marcia,Intersezione semaforizzata,Una carreggiata a doppio senso,Asciutto,Asfaltata,Orizzontale,Sereno,Normale,Buona,Ore Diurne,0,0,0,2,"12,68074","41,89539",False
2709058,5,24/02/2016T08:45:00,,da specificare,,VIA DI PIETRALATA,,,alt. l.go di Pietralata,Investimento di pedone,,,,,,,,,,2,0,0,0,,,False
2708221,15,24/02/2016T08:50:00,,in corrispondenza,del civico n.,VIA PORTUENSE,,381,,Veicolo in marcia contro veicolo in sosta,,,,,,,,,,1,0,0,0,,,False
2707832,1,24/02/2016T09:00:00,Strada Urbana,in corrispondenza,del civico n.,PIAZZA VENEZIA,,6,,Veicolo in marcia contro ostacolo accidentale,Curva a visuale libera,Una carreggiata a doppio senso,Viscido da liquidi oleosi,In cubetti di porfido,Verticale ed orizzontale,Sereno,Normale,Buona,Ore Diurne,1,0,0,0,,,False
2708338,1,24/02/2016T09:05:00,Strada Urbana,all'intersezione semaforizzata con,LUNGOTEVERE DEI VALLATI,PONTE GARIBALDI,LUNGOTEVERE DEI VALLATI,,,Veicolo in marcia contro veicolo arresto,Intersezione semaforizzata,Una carreggiata a doppio senso,Asciutto,Asfaltata,Verticale ed orizzontale,Sereno,Normale,Buona,Ore Diurne,0,0,0,3,,,False
2707700,6,24/02/2016T09:10:00,Strada Urbana,in corrispondenza,del civico n.,VIA CASILINA,,498,,Tamponamento Multiplo,Rettilineo,Pi� di due carreggiate,Asciutto,Asfaltata,Orizzontale,Sereno,Intenso,Buona,Ore Diurne,1,0,0,2,"12,54592","41,87843",True
2714298,18,24/02/2016T09:10:00,Strada Urbana,all'intersezione semaforizzata con,VIA AURELIA,LARGO TOMASO PERASSI,VIA AURELIA,,,Scontro laterale fra veicoli in marcia,Intersezione stradale segnalata,Due carreggiate,Asciutto,Asfaltata,Verticale ed orizzontale,Sereno,Normale,Buona,Ore Diurne,0,0,0,2,"12,40927","41,88962",False
2707805,19,24/02/2016T09:20:00,Strada Urbana,in corrispondenza,del civico n.,VIA DELLA PINETA SACCHETTI,,133,,Infortunio per sola frenata improvvisa,Rettilineo,Pi� di due carreggiate,Asciutto,Asfaltata,Verticale ed orizzontale,Sereno,Normale,Buona,Ore Diurne,1,0,0,0,"12,42269","41,91872",True
2709612,2,24/02/2016T09:20:00,Strada Urbana,da specificare,,VIA PANARO,,,alt. via Clisio,Veicolo in marcia contro ostacolo accidentale,Rettilineo,Una carreggiata a senso unico di marcia,Asciutto,Asfaltata,Verticale ed orizzontale,Sereno,Scarso,Buona,Ore Diurne,0,0,0,1,"12,51115","41,92423",False
2709037,8,24/02/2016T09:40:00,Strada Urbana,in prossimit�,del civico n.,VIA MICHELE BUONORI,,3,,Tamponamento,Rettilineo,Una carreggiata a doppio senso,Asciutto,Asfaltata,Verticale ed orizzontale,Sereno,Normale,Buona,Ore Diurne,0,0,0,4,"12,63088","41,86812",True
2709323,17,24/02/2016T09:40:00,Strada Urbana,all'intersezione con,VIA GIORGIO SCALIA,VIA RIALTO,VIA GIORGIO SCALIA,,,Scontro frontale/laterale DX fra veicoli in marcia,Incrocio,Una carreggiata a senso unico di marcia,Asciutto,Asfaltata,Verticale,Sereno,,,,1,0,0,1,"12,44631","41,90775",False
2708953,8,24/02/2016T09:40:00,Provinciale entro l'abitato,all'intersezione semaforizzata con,VIA DELLA RISERVA NUOVA,VIA PRENESTINA,VIA DELLA RISERVA NUOVA,,,Scontro laterale fra veicoli in marcia,Intersezione semaforizzata,Una carreggiata a doppio senso,Asciutto,Asfaltata,Verticale ed orizzontale,Sereno,Intenso,Buona,Ore Diurne,0,0,0,1,"12,6069","41,89378",False
2708992,16,24/02/2016T09:45:00,Strada Urbana,in corrispondenza,del civico n.,VIALE DELLE MURA PORTUENSI,,19,,Scontro laterale fra veicoli in marcia,Curva a visuale libera,Una carreggiata a doppio senso,Asciutto,Asfaltata,Assente,Sereno,Normale,Buona,Ore Diurne,1,0,0,1,"12,47115","41,88406",False
2708034,2,24/02/2016T10:00:00,Strada Urbana,in corrispondenza,del civico n.,VIA PO,,47/A,,Investimento di pedone,Rettilineo,Una carreggiata a doppio senso,Asciutto,Asfaltata,Verticale ed orizzontale,Sereno,Normale,Buona,Ore Diurne,1,0,0,1,,,False
2710738,18,24/02/2016T10:00:00,Strada Urbana,da specificare,,VIA S. PIO V,,,fronte civico 55,Tamponamento,Rettilineo,Una carreggiata a senso unico di marcia,Asciutto,Asfaltata,Verticale,Sereno,Scarso,Buona,Ore Diurne,0,0,0,3,"12,4334","41,8953",True
2708487,1,24/02/2016T10:10:00,Strada Urbana,all'intersezione semaforizzata con,VIA DRUSO,PIAZZALE NUMA POMPILIO,VIA DRUSO,,,Tamponamento,Intersezione semaforizzata,Una carreggiata a doppio senso,Asciutto,Asfaltata,Verticale ed orizzontale,Sereno,Normale,Buona,Ore Diurne,0,0,0,2,,,False
2709006,11,24/02/2016T10:10:00,,all'intersezione con,VIA DEL COMMERCIO,VIA DEL PORTO FLUVIALE,VIA DEL COMMERCIO,,,Scontro frontale fra veicoli in marcia,,,,,,,,,,2,0,0,0,,,False
2707816,10,24/02/2016T10:20:00,Strada Urbana,in prossimit�,del civico n.,VIA DEL QUADRARO,,13,,Scontro laterale fra veicoli in marcia,Rettilineo,Una carreggiata a senso unico di marcia,Asciutto,Asfaltata,Assente,Sereno,Normale,Buona,Ore Diurne,0,0,0,2,"12,55406","41,85952",True
2709489,3,24/02/2016T10:20:00,,da specificare,,PIAZZALE DEL VERANO,,,all'inters.ne con P.le Di San Lorenzo,Scontro laterale fra veicoli in marcia,,,,,,,,,,1,0,0,2,,,False
2709031,8,24/02/2016T10:40:00,,in prossimit�,del civico n.,VIA POLENSE,,261,,Tamponamento,,,,,,,,,,1,0,0,1,"12,71771","41,90684",False
2707878,6,24/02/2016T10:50:00,Strada Urbana,in prossimit�,del civico n.,VIA ROBERTO MALATESTA,,340,,Investimento di pedone,Rettilineo,Due carreggiate,Asciutto,Asfaltata,Orizzontale,Sereno,Normale,Buona,Ore Diurne,1,0,0,2,,,False
2709599,2,24/02/2016T10:50:00,Strada Urbana,in corrispondenza,del civico n.,VIA PINCIANA,,4,,Scontro frontale/laterale DX fra veicoli in marcia,Rettilineo,Una carreggiata a doppio senso,Asciutto,Asfaltata,Verticale ed orizzontale,Sereno,Normale,Buona,Ore Diurne,0,0,0,2,"12,49371","41,91441",False
2708228,15,24/02/2016T10:50:00,Strada Urbana,all'intersezione semaforizzata con,VIALE GUGLIELMO MARCONI,VIA PIETRO BLASERNA,VIALE GUGLIELMO MARCONI,,,Investimento di pedone,Intersezione semaforizzata,Due carreggiate,Asciutto,Asfaltata,Verticale ed orizzontale,Sereno,Normale,Buona,Ore Diurne,1,0,0,1,"12,47132","41,86592",False
2708149,6,24/02/2016T11:10:00,,all'intersezione semaforizzata con,VIA LEONARDO BUFALINI,VIA CASILINA,VIA LEONARDO BUFALINI,,,Investimento di pedone,,,,,,,,,,1,0,0,1,,,False
2708369,10,24/02/2016T11:10:00,Strada Urbana,in prossimit�,del civico n.,VIA FILOMUSI GUELFI,,79,,Fuoriuscita dalla sede stradale,Curva a visuale libera,Una carreggiata a doppio senso,Asciutto,Asfaltata,Orizzontale,Sereno,Normale,Buona,Ore Diurne,1,0,0,0,"12,57313","41,86307",False
2709145,4,24/02/2016T11:10:00,Strada Urbana,da specificare,,VIA UGO OJETTI,,,prossimit� via Cajumi (area di parcheggio),Veicolo in marcia contro veicolo arresto,Rettilineo,Una carreggiata a doppio senso,Asciutto,Asfaltata,Verticale ed orizzontale,Sereno,Normale,Buona,Ore Diurne,0,0,0,2,"12,55641","41,94961",False
2707897,7,24/02/2016T11:20:00,Strada Urbana,in prossimit�,del civico n.,VIALE PALMIRO TOGLIATTI,,884,,Scontro laterale fra veicoli in marcia,Rettilineo,Pi� di due carreggiate,Asciutto,Asfaltata,Orizzontale,Sereno,Normale,Buona,Ore Diurne,1,0,0,2,"12,57415","41,88989",False
2709230,4,24/02/2016T11:25:00,,all'intersezione con,VIA RENATO FUCINI,VIA DELLA BUFALOTTA,VIA RENATO FUCINI,,,Investimento di pedone,,,,,,,,,,1,0,0,1,"12,54433","41,95353",False
2709700,12,24/02/2016T11:30:00,Strada Urbana,all'intersezione semaforizzata con,VIA CRISTOFORO COLOMBO,PIAZZA GUGLIELMO MARCONI,VIA CRISTOFORO COLOMBO,,,Scontro laterale fra veicoli in marcia,Rotatoria,Due carreggiate,Asciutto,Asfaltata,Verticale ed orizzontale,Sereno,Normale,Buona,Ore Diurne,0,0,0,3,,,False
2709838,9,24/02/2016T12:00:00,,all'intersezione semaforizzata con,VIA LICIA,VIA GALLIA,VIA LICIA,,,Investimento di pedone,,,,,,,,,,0,0,0,1,"12,50282","41,88127",False
2709327,13,24/02/2016T12:00:00,Strada Urbana,da specificare,,VIALE DELLE REPUBBLICHE MARINARE,,,fronte Viale Vasco de Gama,Scontro frontale/laterale DX fra veicoli in marcia,Rettilineo,Due carreggiate,Asciutto,Asfaltata,Verticale,Sereno,Normale,Buona,Ore Diurne,0,0,0,4,"12,26834","41,73532",False