_ID,_Gruppo,_DataOraIncidente,_Localizzazione1,_Localizzazione2,_Strada1,_DaSpecificare,_NaturaIncidente,_ParticolaritaStrade,_TipoStrada,_FondoStradale,_Pavimentazione,_Segnaletica,_CondizioneAtmosferica,_Traffico,_Visibilita,_Illuminazione,_NUM_FERITI,_NUM_RISERVATA,_NUM_MORTI,_NUM_ILLESI,_Longitudine,_Latitudine,_CONFERMATO,__prefix,_Strada02,_Strada2,_Chilometrica
2708942,15,24/02/2016T12:35:00,,all'intersezione con,VIA DI CASTEL MALNOME,VIA DELLA MURATELLA,VIA DI CASTEL MALNOME,,,Scontro frontale/laterale DX fra veicoli in marcia,,,,,,,,,,1,0,0,1,"12,2885","41,83007",False
2708544,15,24/02/2016T12:45:00,,in corrispondenza,del civico n.,VIA DI MONTE CUCCO,,131,,Scontro laterale fra veicoli in marcia,,,,,,,,,,1,0,0,2,,,False
2709098,5,24/02/2016T12:45:00,Strada Urbana,da specificare,,VIA DEI MONTI TIBURTINI,,,200 mt.prima della rampa per tang.dir.Foro Italico,Veicolo in marcia contro ostacolo accidentale,Curva a visuale libera,Due carreggiate,Asciutto,Asfaltata,Verticale ed orizzontale,Sereno,Scarso,Buona,Ore Diurne,0,0,0,2,,,False
2710803,16,24/02/2016T13:05:00,,in prossimit�,del civico n.,VIALE ISACCO NEWTON,,20,,Investimento di pedone,,,,,,,,,,0,0,0,3,,,False
2708150,4,24/02/2016T13:05:00,Strada Urbana,all'intersezione con,VIA SERGIO TOFANO,VIA GIULIO PASQUATI,VIA SERGIO TOFANO,,,Scontro frontale/laterale DX fra veicoli in marcia,Incrocio,Una carreggiata a senso unico di marcia,Asciutto,Asfaltata,Verticale,Sereno,Scarso,Buona,Ore Diurne,1,0,0,1,,,False
2708960,8,24/02/2016T13:10:00,Strada Urbana,all'intersezione con,VIA MONTAGANO,VIA DEL FOSSO DELL'OSA,VIA MONTAGANO,,,Scontro frontale/laterale SX fra veicoli in marcia,Incrocio,Una carreggiata a doppio senso,Asciutto,Asfaltata,Verticale ed orizzontale,Sereno,Normale,Buona,Ore Diurne,0,0,0,3,"12,68403","41,90434",False
2708326,12,24/02/2016T13:15:00,Strada Urbana,all'intersezione con,VIA RENZO BERTANI,VIA PONTINA,VIA RENZO BERTANI,,,Scontro frontale/laterale DX fra veicoli in marcia,Incrocio,Una carreggiata a doppio senso,Asciutto,Asfaltata,Verticale ed orizzontale,Sereno,Scarso,Buona,Ore Diurne,0,0,0,2,,,False
2709484,17,24/02/2016T13:15:00,,in prossimit�,del civico n.,VIALE DELLE MEDAGLIE D'ORO,,36,,Veicolo in marcia contro ostacolo accidentale,,,,,,,,,,0,0,0,1,"12,44735","41,91015",False
2709070,11,24/02/2016T13:50:00,Strada Urbana,all'intersezione con,VIA DELLA FOTOGRAFIA,VIA ARDEATINA,VIA DELLA FOTOGRAFIA,,,Scontro frontale/laterale DX fra veicoli in marcia,Incrocio,Pi� di due carreggiate,Asciutto,Asfaltata,Verticale ed orizzontale,Sereno,Normale,Sufficiente,Ore Diurne,1,0,0,1,"12,51793","41,83941",False
2708240,20,24/02/2016T14:20:00,Regionale entro l'abitato,in corrispondenza,del civico n.,VIA CASSIA,,1844,,Tamponamento Multiplo,Rettilineo,Una carreggiata a doppio senso,Asciutto,Asfaltata,Verticale ed orizzontale,Sereno,Normale,Buona,Ore Diurne,0,0,0,6,,,False
2708720,9,24/02/2016T14:25:00,,da specificare,,VIA FRASCATI,,,prossimit� VIA DEMETRIADE,Scontro frontale fra veicoli in marcia,,,,,,,,,,1,0,0,1,,,False
2708952,8,24/02/2016T14:30:00,Strada Urbana,in prossimit�,del civico n.,VIA DI PRATOLUNGO CASILINO,,138,,Veicolo in marcia contro ostacolo accidentale,Rettilineo,Una carreggiata a doppio senso,Asciutto,Asfaltata,Assente,Sereno,Normale,Buona,Ore Diurne,0,0,0,1,"12,66614","41,88605",True
2709082,20,24/02/2016T14:50:00,Regionale entro l'abitato,in prossimit�,della chilometrica,VIA FLAMINIA,,7.9,,Tamponamento Multiplo,Rettilineo,Due carreggiate,Asciutto,Asfaltata,Verticale ed orizzontale,Sereno,Normale,Buona,Ore Diurne,0,0,0,3,,,False
2708578,10,24/02/2016T15:00:00,Strada Urbana,da specificare,,PIAZZA ARULENO CELIO SABINO,,,altezza Chiesa San Policarpo,Scontro laterale fra veicoli in marcia,Rettilineo,Due carreggiate,Asciutto,Asfaltata,Verticale ed orizzontale,Sereno,Normale,Buona,Ore Diurne,0,0,0,2,"12,55832","41,85291",True
2708968,11,24/02/2016T15:00:00,Strada Urbana,all'intersezione semaforizzata con,VIA SALVATORE PINCHERLE,VIALE GUGLIELMO MARCONI,VIA SALVATORE PINCHERLE,,,Tamponamento,Incrocio,Due carreggiate,Asciutto,Asfaltata,Verticale ed orizzontale,Sereno,Normale,Buona,Ore Diurne,0,1,0,1,,,False
2708534,2,24/02/2016T15:20:00,Strada Urbana,all'intersezione semaforizzata con,VIA GIOVANNI SGAMBATI,VIA PINCIANA,VIA GIOVANNI SGAMBATI,,,Scontro laterale fra veicoli in marcia,Intersezione semaforizzata,Una carreggiata a doppio senso,Asciutto,Asfaltata,Verticale ed orizzontale,Sereno,Normale,Buona,Ore Diurne,0,0,0,2,"12,49346","41,91357",False
2709073,20,24/02/2016T15:35:00,Strada Urbana,all'intersezione con,VIA NEMEA,VIA CASSIA,VIA NEMEA,,,Scontro frontale/laterale SX fra veicoli in marcia,Incrocio,Una carreggiata a senso unico di marcia,Asciutto,Asfaltata,Verticale ed orizzontale,Sereno,Normale,Buona,Ore Diurne,0,0,0,5,,,False
2709141,4,24/02/2016T15:45:00,Strada Urbana,in prossimit�,del civico n.,VIA MONTE MASSICO,,17,,Scontro frontale/laterale SX fra veicoli in marcia,Rettilineo,Una carreggiata a senso unico di marcia,Asciutto,Asfaltata,Verticale ed orizzontale,Sereno,Normale,Buona,Ore Diurne,0,0,0,2,"12,53511","41,95051",False
2709123,20,24/02/2016T15:50:00,Strada Urbana,in corrispondenza,del civico n.,VIA DELLA STAZIONE DI CESANO,,671/A,,Veicolo in marcia contro veicolo arresto,Rettilineo,Una carreggiata a doppio senso,Asciutto,Asfaltata,Verticale ed orizzontale,Sereno,Normale,Buona,Ore Diurne,0,0,0,3,,,False
2709114,4,24/02/2016T16:00:00,Strada Urbana,in prossimit�,del civico n.,VIALE JONIO,,31,,Tamponamento,Rettilineo,Due carreggiate,Asciutto,Asfaltata,Orizzontale,Sereno,Normale,Buona,Ore Diurne,0,0,0,3,"12,54452","41,94365",False
2709091,5,24/02/2016T16:00:00,Strada Urbana,da specificare,,VIALE DELLA SERENISSIMA,,,alt. svincolo A24 dir. Prenestina,Scontro laterale fra veicoli in marcia,Rettilineo,Due carreggiate,Asciutto,Asfaltata,Verticale ed orizzontale,Sereno,Normale,Buona,Ore Diurne,0,0,0,4,"12,55697","41,90242",True
2710779,16,24/02/2016T16:40:00,,in corrispondenza,del civico n.,VIALE DEI COLLI PORTUENSI,,75,,Scontro frontale/laterale DX fra veicoli in marcia,,,,,,,,,,0,0,0,2,,,False
2708531,10,24/02/2016T16:45:00,Strada Urbana,in corrispondenza,del civico n.,VIA RANUCCIO BIANCHI BANDINELLI,,31,,Scontro frontale/laterale SX fra veicoli in marcia,Rettilineo,Una carreggiata a doppio senso,Asciutto,Asfaltata,Assente,Sereno,Normale,Buona,Ore Diurne,0,0,0,2,,,False
2709219,4,24/02/2016T16:45:00,,all'intersezione semaforizzata con,VIA DI CASAL BOCCONE,VIA NOMENTANA,VIA DI CASAL BOCCONE,,,Scontro frontale/laterale DX fra veicoli in marcia,,,,,,,,,,0,0,0,2,"12,5656","41,94651",False
2708516,20,24/02/2016T17:00:00,Strada Urbana,in corrispondenza,del civico n.,VIA DEGLI ORTI DELLA FARNESINA,,133a,,Veicolo in marcia contro veicoli in sosta,Rettilineo,Una carreggiata a senso unico di marcia,Asciutto,Asfaltata,Orizzontale,Sereno,Normale,Buona,Ore Diurne,0,0,0,1,,,False
2714371,18,24/02/2016T17:05:00,Strada Urbana,all'intersezione con,VIA ANTONIO MAGLIO,VIA SUOR MARIA AGOSTINA,VIA ANTONIO MAGLIO,,,Investimento di pedone,Intersezione stradale segnalata,Due carreggiate,Asciutto,Asfaltata,Verticale ed orizzontale,Sereno,Normale,Buona,Ore Diurne,1,0,0,1,,,False
2708967,8,24/02/2016T17:15:00,Strada Urbana,da specificare,,VIALE DUILIO CAMBELLOTTI,,,prox VIA DEL TORRACCIO DI TORRENOVA,Veicolo in marcia contro ostacolo accidentale,Rettilineo,Due carreggiate,Asciutto,Con buche,Verticale ed orizzontale,Sereno,Normale,Buona,Ore Diurne,0,0,0,1,"12,62935","41,86719",True
2710070,1,24/02/2016T17:15:00,Strada Urbana,all'intersezione semaforizzata con,LUNGOTEVERE DE' CENCI,PONTE GARIBALDI,LUNGOTEVERE DE' CENCI,,,Scontro frontale/laterale SX fra veicoli in marcia,Intersezione semaforizzata,Pi� di due carreggiate,Asciutto,Asfaltata,Verticale ed orizzontale,Sereno,Normale,Buona,Ore Diurne,0,0,0,3,,,False
2709695,12,24/02/2016T17:20:00,Strada Urbana,in corrispondenza,del civico n.,VIA PAOLO BUZZI,,124/126,,Veicolo in marcia contro veicolo in sosta,Rettilineo,Una carreggiata a senso unico di marcia,Asciutto,Asfaltata,Verticale ed orizzontale,Sereno,Normale,Sufficiente,Ore Diurne,0,0,0,2,"12,4819","41,81134",True
2710852,16,24/02/2016T17:25:00,,all'intersezione con,VICOLO SILVESTRI,VIA SILVESTRI,VICOLO SILVESTRI,,,Scontro frontale fra veicoli in marcia,,,,,,,,,,0,0,0,1,,,False
2709697,12,24/02/2016T17:30:00,Provinciale entro l'abitato,in corrispondenza,della chilometrica,VIA DELLA SOLFARATA,,10.8,,Veicolo in marcia contro ostacolo accidentale,Curva senza visuale libera,Una carreggiata a doppio senso,Asciutto,Asfaltata,Verticale ed orizzontale,Sereno,Scarso,Sufficiente,Ore Diurne,1,0,0,0,,,False
2714275,18,24/02/2016T17:40:00,,in prossimit�,del civico n.,VIA DI BOCCEA,,135,,Scontro laterale fra veicoli in marcia,,,,,,,,,,0,0,0,2,"12,42334","41,90242",False
2710952,16,24/02/2016T18:10:00,Strada Urbana,in corrispondenza,del civico n.,VIA AURELIA ANTICA,,200,,Scontro frontale/laterale SX fra veicoli in marcia,Rettilineo,Una carreggiata a doppio senso,Asciutto,Asfaltata,Assente,Sereno,Intenso,Buona,Sufficiente,0,0,0,2,"12,44362","41,88915",False
2708928,13,24/02/2016T18:15:00,Statale,in corrispondenza,della chilometrica,VIA DEL MARE,,20.1,,Scontro frontale/laterale SX fra veicoli in marcia,Rettilineo,Una carreggiata a doppio senso,Asciutto,Asfaltata,Verticale ed orizzontale,Sereno,Intenso,Sufficiente,Inesistente,2,0,0,0,"12,48847","41,6637",False
2708971,8,24/02/2016T18:15:00,Strada Urbana,in prossimit�,del civico n.,VIA DI FONTANA CANDIDA,,16/A,,Scontro laterale fra veicoli in marcia,Rettilineo,Una carreggiata a doppio senso,Asciutto,Asfaltata,Orizzontale,Sereno,Normale,Buona,Sufficiente,0,0,0,3,"12,68747","41,86131",True
2709545,2,24/02/2016T18:30:00,,all'intersezione con,VIA ARNO,VIA GARIGLIANO,VIA ARNO,,,Scontro frontale/laterale DX fra veicoli in marcia,,,,,,,,,,1,0,0,1,,,False
2709308,1,24/02/2016T18:45:00,Strada Urbana,all'intersezione con,LARGO DEI FIORENTINI,LUNGOTEVERE DEI SANGALLO,LARGO DEI FIORENTINI,,,Scontro laterale fra veicoli in marcia,Incrocio,Una carreggiata a senso unico di marcia,Asciutto,Asfaltata,Verticale ed orizzontale,Sereno,Intenso,Buona,Sufficiente,1,0,0,1,,,False
2709543,2,24/02/2016T18:55:00,Strada Urbana,da specificare,,VIALE DEL MURO TORTO,,,"direz. P.le Brasile, altezza palo ACEA n. 27",Scontro laterale fra veicoli in marcia,Curva senza visuale libera,Una carreggiata a senso unico di marcia,Asciutto,Asfaltata,Verticale ed orizzontale,Sereno,Normale,Buona,Sufficiente,0,0,0,2,"12,49637","41,90278",False
2709206,1,24/02/2016T19:00:00,Strada Urbana,in prossimit�,del civico n.,VIA ANGELO MASINA,,2,,Scontro laterale fra veicoli in marcia,Rettilineo,Una carreggiata a senso unico alternato,Asciutto,Asfaltata,Verticale ed orizzontale,Sereno,Scarso,Sufficiente,Sufficiente,0,0,0,4,,,False
2709553,2,24/02/2016T19:00:00,Strada Urbana,all'intersezione con,VIA GARIGLIANO,VIA ARNO,VIA GARIGLIANO,,,Veicolo in marcia contro veicolo in sosta,Incrocio,Una carreggiata a senso unico di marcia,Asciutto,Asfaltata,Verticale ed orizzontale,Sereno,Normale,Buona,Sufficiente,0,0,0,1,"12,50018","41,91923",False
2708979,8,24/02/2016T19:05:00,Strada Urbana,in prossimit�,del civico n.,VIA DI TORRE SPACCATA,,234,,Scontro laterale fra veicoli in marcia,Rettilineo,Una carreggiata a doppio senso,Bagnato (pioggia),Asfaltata,Verticale ed orizzontale,Sereno,Normale,Buona,Sufficiente,1,0,0,1,,,False
2710838,2,24/02/2016T19:15:00,,all'intersezione semaforizzata con,VIA CESARE FRACASSINI,VIA FLAMINIA,VIA CESARE FRACASSINI,,,Scontro frontale/laterale DX fra veicoli in marcia,,,,,,,,,,0,0,0,1,,,False
2709446,3,24/02/2016T19:30:00,,da specificare,,CIRCONVALLAZIONE TIBURTINA,,,pross.� fine rampa immissione di Via Tiburtina,Ribaltamento senza urto contro ostacolo fisso,,,,,,,,,,1,0,0,0,,,False
2709190,7,24/02/2016T19:30:00,,in prossimit�,del civico n.,VIALE PALMIRO TOGLIATTI,,852,,Scontro laterale fra veicoli in marcia,,,,,,,,,,1,0,0,4,,,False
2709061,19,24/02/2016T20:05:00,Strada Urbana,all'intersezione con,VIA SEGRATE,VIA DELLA PALMAROLA,VIA SEGRATE,,,Scontro frontale/laterale DX fra veicoli in marcia,Intersezione stradale segnalata,Una carreggiata a doppio senso,Asciutto,Asfaltata,Assente,Sereno,Scarso,Sufficiente,Sufficiente,1,0,0,1,"12,38556","41,94144",False
2709048,13,24/02/2016T20:10:00,Strada Urbana,all'intersezione con,VIA DELLA CANAPA,VIALE DEI ROMAGNOLI,VIA DELLA CANAPA,,,Scontro frontale/laterale DX fra veicoli in marcia,Incrocio,Una carreggiata a senso unico di marcia,Asciutto,Asfaltata,Verticale ed orizzontale,Sereno,Normale,Buona,Sufficiente,0,0,0,3,"12,36482","41,78578",False
2708961,9,24/02/2016T20:35:00,,da specificare,,VIA DI CIAMPINO,,,alt.pista aereoporto,Fuoriuscita dalla sede stradale,,,,,,,,,,0,0,0,1,,,False
2708918,6,24/02/2016T21:30:00,Strada Urbana,all'intersezione con,VIA ROBERTO MALATESTA,PIAZZA DEI CONDOTTIERI,VIA ROBERTO MALATESTA,,,Tamponamento,,Due carreggiate,Asciutto,Asfaltata,Verticale ed orizzontale,Sereno,Normale,Buona,Sufficiente,1,0,0,1,,,False
2709496,17,24/02/2016T22:45:00,Strada Urbana,in corrispondenza,del civico n.,VIALE GIUSEPPE MAZZINI,,88,,Veicolo in marcia contro veicolo in sosta,Rettilineo,Due carreggiate,Asciutto,Asfaltata,Verticale ed orizzontale,Sereno,Scarso,Buona,Sufficiente,0,0,0,0,"12,46213","41,91561",False
2709022,10,25/02/2016T01:24:00,Strada Urbana,all'intersezione con,VIA ADRIA,VIA APPIA NUOVA,VIA ADRIA,,,Veicolo in marcia contro veicolo fermo,Incrocio,Una carreggiata a senso unico di marcia,Asciutto,Asfaltata,Verticale ed orizzontale,Nuvoloso,Normale,Sufficiente,Sufficiente,0,0,0,3,"12,51976","41,87734",False
2709133,13,25/02/2016T02:50:00,Strada Urbana,in corrispondenza,del civico n.,VIALE CAPITAN CASELLA,,64,,Veicolo in marcia contro veicoli in sosta,Rettilineo,Due carreggiate,Asciutto,Asfaltata,Assente,Sereno,Scarso,Buona,Sufficiente,0,0,0,1,"12,29213","41,72816",False
2709016,20,25/02/2016T03:30:00,Strada Urbana,all'intersezione con,LARGO MARESCIALLO DIAZ,LUNGOTEVERE MARESCIALLO DIAZ,LARGO MARESCIALLO DIAZ,,,Veicolo in marcia contro ostacolo fisso,,Due carreggiate,Bagnato (umidit� in atto),Asfaltata,Verticale ed orizzontale,Nuvoloso,Scarso,Sufficiente,Sufficiente,1,0,0,0,,,False
2708963,8,25/02/2016T04:45:00,,in prossimit�,del palo luce n.,VIA PRENESTINA,,657,,Veicolo in marcia contro ostacolo fisso,,,,,,,,,,0,0,0,0,,,False
2709745,1,25/02/2016T06:00:00,Strada Urbana,all'intersezione semaforizzata con,VIA GIROLAMO INDUNO,VIALE DI TRASTEVERE,VIA GIROLAMO INDUNO,,,Veicolo in marcia contro ostacolo fisso,Intersezione semaforizzata,Pi� di due carreggiate,Asciutto,Asfaltata,Verticale ed orizzontale,Sereno,Intenso,Buona,Ore Diurne,0,0,0,1,,,False
2709273,5,25/02/2016T06:45:00,Strada Urbana,in prossimit�,del palo luce n.,VIA COLLI SUL VELINO,,25,,Scontro laterale fra veicoli in marcia,Rettilineo,Una carreggiata a senso unico di marcia,Asciutto,Asfaltata,Verticale ed orizzontale,Sereno,Normale,Buona,Ore Diurne,0,0,0,2,"12,62478","41,9363",False
2709869,15,25/02/2016T07:45:00,Comunale extraurbana,da specificare,,VIA DELLA MAGLIANA,,,altezza stazione FS Muratella,Tamponamento Multiplo,Rettilineo,Una carreggiata a doppio senso,Bagnato (umidit� in atto),Asfaltata,Verticale ed orizzontale,Sereno,Intenso,Buona,Ore Diurne,0,0,0,3,"12,42401","41,83394",False
2710533,13,25/02/2016T07:45:00,Strada Urbana,all'intersezione con,VIA SUOR CESARINA D'ANGELO,VIA DI PONTE LADRONE,VIA SUOR CESARINA D'ANGELO,,,Scontro laterale fra veicoli in marcia,Incrocio,Una carreggiata a doppio senso,Asciutto,Asfaltata,Assente,Sereno,Normale,Buona,Ore Diurne,0,0,0,4,"12,3783","41,78552",False
2709522,12,25/02/2016T07:50:00,Strada Urbana,in corrispondenza,del civico n.,VIA DI TOR PAGNOTTA,,86,,Veicolo in marcia contro veicoli in arresto,Rettilineo,Due carreggiate,Bagnato (umidit� in atto),Asfaltata,Verticale ed orizzontale,Nuvoloso,Scarso,Buona,Ore Diurne,1,0,0,1,"12,49181","41,80129",False
2710938,17,25/02/2016T07:55:00,Strada Urbana,all'intersezione con,VIA DELLA MELORIA,VIA CIPRO,VIA DELLA MELORIA,,,Investimento di pedone,Incrocio,Due carreggiate,Asciutto,Asfaltata,Verticale ed orizzontale,Nuvoloso,Normale,Buona,Ore Diurne,0,0,0,2,,,False
2710846,12,25/02/2016T08:00:00,Strada Urbana,all'intersezione con,VIALE DELL'UMANESIMO,VIA CRISTOFORO COLOMBO,VIALE DELL'UMANESIMO,,,Tamponamento,Incrocio,Una carreggiata a senso unico di marcia,Asciutto,Asfaltata,Verticale ed orizzontale,Sereno,Intenso,Buona,Ore Diurne,0,0,0,2,,,False
2710696,4,25/02/2016T08:05:00,Strada Urbana,in prossimit�,del civico n.,VIA DEI PRATI FISCALI,,116,,Veicolo in marcia contro ostacolo accidentale,Rettilineo,Due carreggiate,Asciutto,Asfaltata,Verticale ed orizzontale,Sereno,Normale,Buona,Ore Diurne,0,0,0,1,"12,52114","41,94654",False
2710784,3,25/02/2016T08:20:00,,da specificare,,VIALE VENTUNO APRILE,,,fronte civ. 2/d,Veicolo in marcia contro veicolo in sosta,,,,,,,,,,0,0,0,2,,,False
2709361,2,25/02/2016T08:20:00,Strada Urbana,in prossimit�,del civico n.,PIAZZA SANTIAGO DEL CILE,,8,,Scontro laterale fra veicoli in marcia,Rotatoria,Una carreggiata a senso unico di marcia,Asciutto,Asfaltata,Verticale ed orizzontale,Sereno,Normale,Buona,Ore Diurne,0,0,0,3,"12,48661","41,92599",False
2709796,9,25/02/2016T08:20:00,,da specificare,,VIA CILICIA,,,a metri 13 da palo A.C.E.A.,Tamponamento Multiplo,,,,,,,,,,1,0,0,3,"12,50171","41,87115",False
2709622,12,25/02/2016T08:30:00,Strada Urbana,da specificare,,VIALE STEFANO GRADI,,,ALTEZZA VIA A. VERANZIO,Scontro laterale fra veicoli in marcia,Pendenza,Due carreggiate,Asciutto,Asfaltata,Verticale ed orizzontale,Sereno,Normale,Buona,Ore Diurne,0,0,0,2,"12,50495","41,82504",True
2710714,23,25/02/2016T08:40:00,,in corrispondenza,del civico n.,VIA ERMANNO WOLF FERRARI,,320h,,Investimento di pedone,,,,,,,,,,0,0,0,2,,,False
2714860,18,25/02/2016T08:40:00,Strada Urbana,in prossimit�,del civico n.,VIA DI BOCCEA,,319,,Scontro laterale fra veicoli in marcia,Pendenza,Due carreggiate,Asciutto,Asfaltata,Verticale ed orizzontale,Sereno,Normale,Buona,Ore Diurne,0,0,0,2,"12,41205","41,90301",False
2709249,20,25/02/2016T08:50:00,Regionale,in corrispondenza,della chilometrica,VIA FLAMINIA,,10.8,,Scontro laterale fra veicoli in marcia,Rettilineo,Due carreggiate,Asciutto,Asfaltata,Verticale ed orizzontale,Nuvoloso,Intenso,Buona,Ore Diurne,1,0,0,1,,,False
2710715,4,25/02/2016T08:50:00,Provinciale entro l'abitato,in corrispondenza,del civico n.,VIA NOMENTANA,,549,,Scontro laterale fra veicoli in marcia,Rettilineo,Pi� di due carreggiate,Asciutto,Asfaltata,Verticale ed orizzontale,Sereno,Intenso,Sufficiente,Ore Diurne,0,0,0,2,"12,52776","41,93187",False
2709334,4,25/02/2016T09:00:00,Strada Urbana,all'intersezione con,VIA MONCENISIO,VIA ADAMELLO,VIA MONCENISIO,,,Scontro frontale/laterale DX fra veicoli in marcia,Incrocio,Una carreggiata a senso unico di marcia,Asciutto,Asfaltata,Verticale ed orizzontale,Nuvoloso,Intenso,Buona,Ore Diurne,1,0,0,2,,,False
2710781,3,25/02/2016T09:15:00,,in prossimit�,del civico n.,VIALE DEL POLICLINICO,,171,,Tamponamento,,,,,,,,,,0,0,0,2,,,False
2714970,18,25/02/2016T10:09:00,,in prossimit�,del civico n.,VIA AURELIA,,658,,Veicolo in marcia contro veicolo fermo,,,,,,,,,,0,0,0,0,"12,41672","41,89459",False
2710776,4,25/02/2016T10:30:00,Strada Urbana,in prossimit�,del civico n.,VIA DI TOR S. GIOVANNI,,22,,Scontro laterale fra veicoli in marcia,Rettilineo,Una carreggiata a doppio senso,Asciutto,Asfaltata,Verticale ed orizzontale,Nuvoloso,Normale,Buona,Ore Diurne,0,0,0,2,"12,55381","41,97588",False
2709552,2,25/02/2016T10:30:00,Strada Urbana,all'intersezione semaforizzata con,PIAZZALE ANKARA,VIALE MARESCIALLO PILSUDSKI,PIAZZALE ANKARA,,,Scontro frontale/laterale DX fra veicoli in marcia,Intersezione stradale segnalata,Una carreggiata a doppio senso,Bagnato (pioggia),Asfaltata,Verticale ed orizzontale,Nuvoloso,Normale,Buona,Ore Diurne,1,0,0,1,,,False
2709879,15,25/02/2016T10:45:00,Strada Urbana,da specificare,,PIAZZA ANTONIO MEUCCI,,,prox. Lungotevere degli Inventori,Scontro frontale/laterale SX fra veicoli in marcia,Rettilineo,Una carreggiata a senso unico di marcia,Asciutto,Asfaltata,Orizzontale,Nuvoloso,Normale,Buona,Ore Diurne,0,0,0,3,"12,46385","41,86155",False
2709560,20,25/02/2016T10:45:00,Strada Urbana,da specificare,,VIALE GEMONA DEL FRIULI,,,pros. Monti della Valchetta dir. Arta Terme,Scontro frontale/laterale DX fra veicoli in marcia,Curva a visuale libera,Due carreggiate,Asciutto,Asfaltata,Verticale ed orizzontale,Sereno,Scarso,Buona,Ore Diurne,0,0,0,2,,,False
2709852,15,25/02/2016T10:45:00,,in corrispondenza,del civico n.,VIA ODERISI DA GUBBIO,,259,,Scontro laterale fra veicoli in marcia,,,,,,,,,,1,0,0,1,"12,46396","41,86265",False
2709480,6,25/02/2016T11:00:00,Strada Urbana,in corrispondenza,del civico n.,VIA MARIO UGO GUATTARI,,47,,Scontro laterale fra veicoli in marcia,Curva a visuale libera,Una carreggiata a senso unico di marcia,Asciutto,Asfaltata,Orizzontale,Nuvoloso,Scarso,Buona,Ore Diurne,0,0,0,4,"12,55887","41,88142",False
2710395,11,25/02/2016T11:00:00,Strada Urbana,all'intersezione con,VIA FLAVIA TIZIANA,VIALE CARLO TOMMASO ODESCALCHI,VIA FLAVIA TIZIANA,,,Scontro frontale/laterale DX fra veicoli in marcia,Incrocio,Due carreggiate,Asciutto,Asfaltata,Verticale ed orizzontale,Sereno,Scarso,Buona,Ore Diurne,0,0,0,4,"12,50128","41,8574",False
2713577,13,25/02/2016T11:20:00,,all'intersezione semaforizzata con,VIA OSTIENSE,VIA DI CASTEL FUSANO,VIA OSTIENSE,,,Scontro frontale/laterale DX fra veicoli in marcia,,,,,,,,,,0,0,0,1,,,False
2710573,13,25/02/2016T11:35:00,Strada Urbana,all'intersezione con,VIA MIMNERMO,VIA DI ACILIA,VIA MIMNERMO,,,Scontro frontale/laterale DX fra veicoli in marcia,Incrocio,Una carreggiata a doppio senso,Asciutto,Asfaltata,Verticale ed orizzontale,Sereno,Normale,Buona,Ore Diurne,0,0,0,2,"12,37142","41,7737",False
2710800,3,25/02/2016T12:10:00,Strada Urbana,all'intersezione semaforizzata con,VIA ARDUINO,VIA DELLA LEGA LOMBARDA,VIA ARDUINO,,,Scontro laterale fra veicoli in marcia,Intersezione semaforizzata,Una carreggiata a doppio senso,Asciutto,Asfaltata,Verticale ed orizzontale,Nuvoloso,Normale,Buona,Ore Diurne,0,0,0,4,"12,52379","41,90883",False
2710864,17,25/02/2016T12:20:00,Strada Urbana,all'intersezione semaforizzata con,VIA RUGGERO DI LAURIA,VIA ANDREA DORIA,VIA RUGGERO DI LAURIA,,,Scontro frontale fra veicoli in marcia,Intersezione semaforizzata,Una carreggiata a doppio senso,Asciutto,Asfaltata,Verticale ed orizzontale,Sereno,Normale,Buona,Ore Diurne,0,0,0,3,,,False
2710765,12,25/02/2016T13:00:00,Strada Urbana,in corrispondenza,del civico n.,VIA FERMO OGNIBENE,,25/A,,Veicolo in marcia contro veicolo in sosta,Rettilineo,Una carreggiata a doppio senso,Asciutto,Asfaltata,Verticale ed orizzontale,Nuvoloso,Scarso,Buona,Ore Diurne,0,0,0,1,"12,43733","41,79267",True
2710445,8,25/02/2016T13:00:00,,in prossimit�,del palo luce n.,VIALE DELLA SORBONA,,90,,Tamponamento,,,,,,,,,,1,0,0,2,,,False
2714151,5,25/02/2016T13:30:00,Strada Urbana,in prossimit�,del civico n.,VIA CAMESENA,,42,,Scontro frontale/laterale SX fra veicoli in marcia,Rettilineo,Una carreggiata a doppio senso,Asciutto,Asfaltata,Verticale ed orizzontale,Sereno,Scarso,Buona,Ore Diurne,0,0,0,2,,,False
2709952,15,25/02/2016T13:45:00,Strada Urbana,in prossimit�,del civico n.,VIA LENIN,,11,,Scontro laterale fra veicoli in marcia,Rettilineo,Una carreggiata a doppio senso,Asciutto,Asfaltata,Verticale ed orizzontale,Sereno,Normale,Buona,Ore Diurne,0,0,0,2,"12,44641","41,84907",False
2710447,20,25/02/2016T14:00:00,Strada Urbana,in prossimit�,del civico n.,VIA DELLA CAMILLUCCIA,,701,,Veicolo in marcia contro ostacolo accidentale,Curva senza visuale libera,Una carreggiata a doppio senso,Asciutto,Asfaltata,Orizzontale,Sereno,Scarso,Buona,Ore Diurne,1,0,0,0,,,False
2710487,11,25/02/2016T14:00:00,Strada Urbana,all'intersezione semaforizzata con,CIRCONVALLAZIONE OSTIENSE,VIA CRISTOFORO COLOMBO,CIRCONVALLAZIONE OSTIENSE,,,Tamponamento Multiplo,Intersezione semaforizzata,Pi� di due carreggiate,Asciutto,Asfaltata,Verticale ed orizzontale,Nuvoloso,Normale,Buona,Ore Diurne,2,0,0,3,"12,49618","41,86743",False