_ID,_Gruppo,_DataOraIncidente,_Localizzazione1,_Localizzazione2,_Strada1,_DaSpecificare,_NaturaIncidente,_ParticolaritaStrade,_TipoStrada,_FondoStradale,_Pavimentazione,_Segnaletica,_CondizioneAtmosferica,_Traffico,_Visibilita,_Illuminazione,_NUM_FERITI,_NUM_RISERVATA,_NUM_MORTI,_NUM_ILLESI,_Longitudine,_Latitudine,_CONFERMATO,__prefix,_Strada02,_Strada2,_Chilometrica
2710500,20,25/02/2016T14:15:00,Strada Urbana,da specificare,,CORSO DI FRANCIA,,,altezza distributore carburanti ENI,Scontro laterale fra veicoli in marcia,Rettilineo,Due carreggiate,Asciutto,Asfaltata,Orizzontale,Sereno,Normale,Buona,Ore Diurne,1,0,0,1,,,False
2710848,4,25/02/2016T15:05:00,Strada Urbana,da specificare,,VIA UGO DELLA SETA,,,in prossimit� Via S. Scola,Scontro laterale fra veicoli in marcia,Rettilineo,Due carreggiate,Asciutto,Asfaltata,Verticale ed orizzontale,Nuvoloso,Normale,Buona,Ore Diurne,0,0,0,2,"12,52526","41,96127",False
2709835,10,25/02/2016T15:05:00,Strada Urbana,all'intersezione con,VIA DEL CASALE SANTARELLI,VIA DEI SETTE METRI,VIA DEL CASALE SANTARELLI,,,Scontro frontale/laterale DX fra veicoli in marcia,Incrocio,Una carreggiata a doppio senso,Asciutto,Asfaltata,Verticale ed orizzontale,Nuvoloso,Intenso,Buona,Ore Diurne,0,0,0,3,"12,61052","41,81891",True
2710774,3,25/02/2016T15:20:00,,all'intersezione semaforizzata con,PIAZZA LOTARIO,VIA LIVORNO,PIAZZA LOTARIO,,,Scontro frontale fra veicoli in marcia,,,,,,,,,,1,0,0,3,,,False
2710216,5,25/02/2016T15:30:00,Strada Urbana,in corrispondenza,del civico n.,VIA DI TOR CERVARA,,48,,Scontro frontale/laterale SX fra veicoli in marcia,Rettilineo,Una carreggiata a doppio senso,Asciutto,Asfaltata,Verticale ed orizzontale,Nuvoloso,Normale,Buona,Ore Diurne,2,0,1,0,"12,58672","41,92899",False
2710662,4,25/02/2016T15:40:00,Strada Urbana,da specificare,,VIA DEI PRATI FISCALI,,,altezza svincolo via Cavriglia,Scontro laterale fra veicoli in marcia,Rettilineo,Due carreggiate,Asciutto,Asfaltata,Orizzontale,Sereno,Scarso,Buona,Ore Diurne,0,0,0,2,"12,5161","41,94608",False
2710456,8,25/02/2016T15:40:00,Strada Urbana,da specificare,,VIA DI COLLE TRUGLI,,,50 mt prima del civico 77 direz. Fontana Candida,Veicolo in marcia contro ostacolo accidentale,Rettilineo,Una carreggiata a doppio senso,Asciutto,Asfaltata,Verticale,Nuvoloso,Scarso,Buona,Ore Diurne,0,0,0,1,"12,70321","41,84764",True
2710764,2,25/02/2016T15:45:00,Strada Urbana,da specificare,,VIA NOMENTANA,,,alt. VIA S. ANGELA MERICI,Scontro frontale/laterale DX fra veicoli in marcia,Rettilineo,Due carreggiate,Asciutto,Asfaltata,Verticale ed orizzontale,Nuvoloso,Intenso,Buona,Ore Diurne,0,0,0,2,"12,52402","41,92426",False
2710525,13,25/02/2016T15:45:00,Strada Urbana,in corrispondenza,del civico n.,VIA PIETRO ROSA,,16,,Scontro laterale fra veicoli in marcia,Rettilineo,Una carreggiata a doppio senso,Asciutto,Asfaltata,Verticale ed orizzontale,Nuvoloso,Normale,Buona,Ore Diurne,0,0,0,3,"12,28476","41,72993",False
2710482,11,25/02/2016T15:45:00,Strada Urbana,in corrispondenza,del civico n.,VIA LUIGI PERNA,,7,,Scontro laterale fra veicoli in marcia,Rettilineo,Una carreggiata a senso unico di marcia,Asciutto,Asfaltata,Verticale ed orizzontale,Nuvoloso,Normale,Buona,Ore Diurne,0,0,0,2,"12,4821","41,8465",False
2710369,5,25/02/2016T15:45:00,Strada Urbana,all'intersezione con,VIA CORROPOLI,VIA TURRIVALIGNANI,VIA CORROPOLI,,,Scontro frontale/laterale DX fra veicoli in marcia,Incrocio,Due carreggiate,Asciutto,Asfaltata,Verticale ed orizzontale,Sereno,Scarso,Buona,Ore Diurne,0,0,0,5,"12,65039","41,93228",True
2710047,1,25/02/2016T15:50:00,Strada Urbana,all'intersezione con,LARGO FEDERICO FELLINI,VIA VITTORIO VENETO,LARGO FEDERICO FELLINI,,,Scontro laterale fra veicoli in marcia,Incrocio,Una carreggiata a doppio senso,Asciutto,Asfaltata,Verticale ed orizzontale,Sereno,Normale,Buona,Ore Diurne,0,0,0,3,,,False
2709931,9,25/02/2016T16:00:00,Strada Urbana,in corrispondenza,del civico n.,VIA MARCO TABARRINI,,12,,Scontro frontale/laterale DX fra veicoli in marcia,Rettilineo,Una carreggiata a doppio senso,Asciutto,Asfaltata,Assente,Sereno,Normale,Buona,Ore Diurne,0,0,0,2,,,False
2710895,12,25/02/2016T16:30:00,Strada Urbana,da specificare,,VIA PONTINA,,,(laterale) all'inetersezione con VIA VALLERANO,Veicolo in marcia contro ostacolo accidentale,Rettilineo,Una carreggiata a doppio senso,Asciutto,Asfaltata,Verticale ed orizzontale,Nuvoloso,Normale,Buona,Ore Diurne,0,0,0,1,"12,45106","41,79235",True
2710544,20,25/02/2016T16:55:00,Strada Urbana,in prossimit�,del civico n.,VIA AL SESTO MIGLIO,,f.c. 49,,Scontro laterale fra veicoli in marcia,Rettilineo,Una carreggiata a doppio senso,Asciutto,Asfaltata,Verticale,Sereno,Scarso,Buona,Ore Diurne,0,0,0,2,,,False
2710444,20,25/02/2016T17:00:00,Provinciale entro l'abitato,da specificare,,VIA FLAMINIA,,,(rampa di inters.ne con V.LE MAURIZIO BARENDSON),Scontro frontale/laterale SX fra veicoli in marcia,Rettilineo,Una carreggiata a doppio senso,Asciutto,Asfaltata,Verticale ed orizzontale,Sereno,Scarso,Buona,Ore Diurne,0,0,0,4,,,False
2710134,19,25/02/2016T17:15:00,Strada Urbana,in corrispondenza,del civico n.,VIA DI CASAL DEL MARMO,,244,,Scontro frontale/laterale SX fra veicoli in marcia,Rettilineo,Una carreggiata a doppio senso,Asciutto,Asfaltata,Verticale ed orizzontale,Sereno,Intenso,Buona,Ore Diurne,2,0,0,0,"12,39762","41,95177",True
2715060,18,25/02/2016T17:20:00,Strada Urbana,in prossimit�,del civico n.,VIA ANASTASIO II,,42,,Scontro laterale fra veicoli in marcia,Rettilineo,Due carreggiate,Asciutto,Asfaltata,Verticale ed orizzontale,Nuvoloso,Normale,Buona,Ore Diurne,0,0,0,6,"12,43984","41,89635",True
2710863,4,25/02/2016T17:30:00,Strada Urbana,da specificare,,VIA DELLE ALPI APUANE,,,prossimit� p.za Monte Tufone,Scontro laterale fra veicoli in marcia,Rettilineo,Una carreggiata a senso unico di marcia,Asciutto,Asfaltata,Verticale ed orizzontale,Sereno,Scarso,Buona,Sufficiente,0,0,0,2,"12,53674","41,93794",False
2710761,2,25/02/2016T17:52:00,Strada Urbana,in prossimit�,del civico n.,VIA RENO,,19,,Scontro laterale fra veicoli in marcia,Rettilineo,Una carreggiata a doppio senso,Asciutto,Asfaltata,Verticale ed orizzontale,Sereno,Normale,Buona,Sufficiente,0,0,0,2,"12,50581","41,91976",False
2710747,2,25/02/2016T18:20:00,Strada Urbana,in prossimit�,del civico n.,VIA FRATELLI RUSPOLI,,5,,Veicolo in marcia contro veicoli in sosta,Curva a visuale libera,Una carreggiata a senso unico di marcia,Asciutto,Asfaltata,Orizzontale,Nuvoloso,Scarso,Sufficiente,Sufficiente,0,0,0,1,"12,49699","41,92326",False
2711327,17,25/02/2016T18:30:00,Strada Urbana,all'intersezione semaforizzata con,VIA EUCLIDE TURBA,VIALE ANGELICO,VIA EUCLIDE TURBA,,,Scontro frontale/laterale DX fra veicoli in marcia,Intersezione semaforizzata,Una carreggiata a doppio senso,Asciutto,Asfaltata,Verticale ed orizzontale,Nuvoloso,Intenso,Buona,Sufficiente,1,0,0,1,"12,45882","41,92089",False
2710669,16,25/02/2016T18:45:00,Strada Urbana,in prossimit�,del civico n.,VIA DEI BEVILACQUA,,45,,Veicolo in marcia contro veicolo in sosta,Rettilineo,Una carreggiata a senso unico di marcia,Asciutto,Asfaltata,Verticale,Nuvoloso,Normale,Buona,Sufficiente,0,0,0,2,"12,39773","41,88214",False
2710437,8,25/02/2016T18:50:00,,in prossimit�,del civico n.,VIA DELLA RISERVA NUOVA,,32,,Tamponamento,,,,,,,,,,0,0,0,3,,,False
2710302,15,25/02/2016T18:50:00,,in prossimit�,del civico n.,VIA DELLA MAGLIANA NUOVA,,306,,Scontro frontale fra veicoli in marcia,,,,,,,,,,1,0,0,1,"12,4565","41,84931",False
2710305,15,25/02/2016T19:00:00,,all'intersezione con,VIA DELLA MAGLIANA NUOVA,VIA DELLA MAGLIANA,VIA DELLA MAGLIANA NUOVA,,,Tamponamento,,,,,,,,,,2,0,0,2,"12,42401","41,83394",False
2710431,10,25/02/2016T19:30:00,Strada Urbana,in prossimit�,del civico n.,VICOLO DI ACQUA ACETOSA ANAGNINA,,122,,Veicolo in marcia contro veicolo in sosta,Rettilineo,Una carreggiata a doppio senso,Asciutto,Asfaltata,Assente,Nuvoloso,Normale,Sufficiente,Sufficiente,0,0,0,1,"12,62538","41,82414",False
2710377,9,25/02/2016T19:40:00,,in corrispondenza,del civico n.,VIA TUSCOLANA,,2229a-241a,,Tamponamento Multiplo,,,,,,,,,,0,0,0,3,,,False
2711016,1,25/02/2016T20:00:00,Strada Urbana,in prossimit�,del civico n.,LUNGOTEVERE DE' CENCI,,5,,Tamponamento,Rettilineo,Una carreggiata a senso unico alternato,Bagnato (pioggia),Asfaltata,Verticale ed orizzontale,Pioggia in atto,Intenso,Sufficiente,Sufficiente,0,0,0,1,,,False
2710528,19,25/02/2016T20:00:00,Strada Urbana,in prossimit�,del civico n.,CORSO DI FRANCIA,,251,,Tamponamento,Rettilineo,Una carreggiata a senso unico di marcia,Bagnato (pioggia),Asfaltata,Verticale ed orizzontale,Pioggia in atto,Normale,Sufficiente,Sufficiente,0,0,0,5,"12,46917","41,94635",True
2714638,18,25/02/2016T20:00:00,Strada Urbana,all'intersezione con,VIA DEL QUARTACCIO,VIA VINOVO,VIA DEL QUARTACCIO,,,Scontro frontale/laterale DX fra veicoli in marcia,Intersezione stradale segnalata,Una carreggiata a doppio senso,Bagnato (pioggia),Asfaltata,Verticale ed orizzontale,Pioggia in atto,Normale,Sufficiente,Sufficiente,1,0,0,1,"12,39206","41,9183",False
2710855,1,25/02/2016T20:20:00,Strada Urbana,in prossimit�,del civico n.,VIA MARIA ADELAIDE,,5,,Investimento di pedone,Rettilineo,Una carreggiata a senso unico alternato,Bagnato (pioggia),Asfaltata,Verticale ed orizzontale,Pioggia in atto,Intenso,Sufficiente,Sufficiente,1,0,0,1,,,False
2710561,19,25/02/2016T20:20:00,Strada Urbana,all'intersezione con,VIA DEL FORTE TRIONFALE,VIA PIEVE DI CADORE,VIA DEL FORTE TRIONFALE,,,Veicolo in marcia contro ostacolo fisso,Rotatoria,Una carreggiata a doppio senso,Bagnato (pioggia),Asfaltata,Verticale ed orizzontale,Pioggia in atto,Intenso,Buona,Sufficiente,0,0,0,1,"12,43805","41,93967",True
2723978,9,25/02/2016T20:30:00,,all'intersezione con,VIA LATINA,VIA ALESSANDRO LUZIO,VIA LATINA,,,Tamponamento,,,,,,,,,,1,0,0,1,"12,51954","41,8691",False
2710745,16,25/02/2016T21:00:00,Strada Urbana,in prossimit�,del civico n.,PIAZZA DI S. PANCRAZIO,,9,,Investimento di pedone,Rettilineo,Una carreggiata a doppio senso,Bagnato (pioggia),Asfaltata,Verticale ed orizzontale,Pioggia in atto,Scarso,Sufficiente,Sufficiente,1,0,0,1,,,False
2710749,2,25/02/2016T21:10:00,Strada Urbana,in prossimit�,del civico n.,PIAZZA DELLA MARINA,,24,,Veicolo in marcia contro ostacolo fisso,Rettilineo,Una carreggiata a senso unico di marcia,Bagnato (pioggia),Asfaltata,Verticale ed orizzontale,Pioggia in atto,Normale,Buona,Sufficiente,0,0,0,1,"12,47404","41,91595",False
2710408,7,25/02/2016T21:10:00,Strada Urbana,all'intersezione con,VIA CASILINA,VIALE PALMIRO TOGLIATTI,VIA CASILINA,,,Veicolo in marcia contro ostacolo fisso,Incrocio,Due carreggiate,Bagnato (pioggia),Asfaltata,Verticale ed orizzontale,Pioggia in atto,Normale,Sufficiente,Sufficiente,0,0,0,1,"12,5699","41,87383",False
2710497,11,25/02/2016T21:20:00,Strada Urbana,da specificare,,VIA OSTIENSE,,,fronte Via dei Cocchieri,Scontro frontale fra veicoli in marcia,Rettilineo,Una carreggiata a doppio senso,Asciutto,Asfaltata,Verticale ed orizzontale,Sereno,Scarso,Buona,Ore Diurne,0,0,0,1,"12,47338","41,84709",False
2710532,13,25/02/2016T21:30:00,Strada Urbana,da specificare,,VIA DI DRAGONE,,,in prossimit� di Via di Bagnolo,Veicolo in marcia contro ostacolo fisso,Rettilineo,Una carreggiata a doppio senso,Bagnato (pioggia),Asfaltata,Assente,Pioggia in atto,Normale,Buona,Sufficiente,0,0,0,1,"12,33612","41,77867",False
2710879,4,25/02/2016T21:45:00,Strada Urbana,all'intersezione semaforizzata con,VIA DI VALLE MELAINA,PIAZZALE JONIO,VIA DI VALLE MELAINA,,,Scontro laterale fra veicoli in marcia,Intersezione semaforizzata,Una carreggiata a senso unico di marcia,Bagnato (pioggia),Asfaltata,Verticale ed orizzontale,Pioggia in atto,Normale,Buona,Sufficiente,0,0,0,4,"12,52553","41,94563",False
2710899,1,25/02/2016T23:20:00,Strada Urbana,all'intersezione semaforizzata con,VIA DI MONTE BRIANZO,PIAZZA DI PONTE UMBERTO I,VIA DI MONTE BRIANZO,,,Scontro frontale/laterale DX fra veicoli in marcia,Intersezione semaforizzata,Una carreggiata a doppio senso,Bagnato (pioggia),In cubetti di porfido,Verticale ed orizzontale,Nuvoloso,Normale,Sufficiente,Sufficiente,1,0,0,1,,,False
2710595,19,25/02/2016T23:40:00,Strada Urbana,da specificare,,VIA FLAMINIA,,,km 14.200 direz. Roma,Scontro laterale fra veicoli in marcia,Galleria illuminata,Una carreggiata a senso unico di marcia,Asciutto,Asfaltata,Orizzontale,Nuvoloso,Scarso,Sufficiente,Sufficiente,1,0,0,1,"12,4718","41,94188",False
2710551,11,26/02/2016T00:35:00,Strada Urbana,in corrispondenza,del civico n.,VIA LAURENTINA,,449,,Scontro frontale fra veicoli in marcia,Rettilineo,Due carreggiate,Bagnato (pioggia),Asfaltata,Verticale ed orizzontale,Nuvoloso,Normale,Buona,Sufficiente,1,0,0,2,"12,4807","41,83171",False
2715002,9,26/02/2016T00:40:00,,in prossimit�,del civico n.,VIA APPIA NUOVA,,1,,Scontro laterale fra veicoli in marcia,,,,,,,,,,0,0,0,1,"12,51024","41,88536",False
2710719,2,26/02/2016T02:00:00,Strada Urbana,in corrispondenza,del palo luce n.,PIAZZA DELLA MARINA,,17,,Veicolo in marcia contro ostacolo fisso,Rettilineo,Una carreggiata a senso unico di marcia,Bagnato (pioggia),Asfaltata,Assente,Pioggia in atto,Scarso,Buona,Sufficiente,0,0,0,0,"12,47396","41,91608",False
2710804,16,26/02/2016T02:30:00,Strada Urbana,in corrispondenza,del civico n.,VIA GIACINTO BRUZZESI,,6,,Veicolo in marcia contro veicoli in sosta,Rettilineo,Una carreggiata a doppio senso,Bagnato (umidit� in atto),Asfaltata,Assente,Nuvoloso,Scarso,Buona,Sufficiente,0,0,0,1,"12,45984","41,88684",False
2710885,1,26/02/2016T02:50:00,,da specificare,,VIALE DELLE TERME DI CARACALLA,,,in prossimit� Vicolo Antoniniano,Infortunio per caduta del veicolo,,,,,,,,,,1,0,0,0,,,False
2714297,4,26/02/2016T03:20:00,,in prossimit�,del civico n.,VIA NOMENTANA,,944,,Investimento di pedone,,,,,,,,,,1,0,0,0,"12,56035","41,94425",False
2710298,12,26/02/2016T04:15:00,Strada Urbana,all'intersezione semaforizzata con,VIALE AMERICA,VIA CRISTOFORO COLOMBO,VIALE AMERICA,,,Veicolo in marcia contro ostacolo fisso,Intersezione semaforizzata,Due carreggiate,Bagnato (pioggia),Asfaltata,Verticale ed orizzontale,Nuvoloso,Scarso,Buona,Sufficiente,0,0,0,3,,,False
2710906,1,26/02/2016T06:00:00,Strada Urbana,all'intersezione semaforizzata con,VIA RATTAZZI,VIA NAPOLEONE III,VIA RATTAZZI,,,Scontro frontale/laterale DX fra veicoli in marcia,Intersezione semaforizzata,Una carreggiata a doppio senso,Bagnato (umidit� in atto),Asfaltata,Verticale ed orizzontale,Sereno,Normale,Buona,Sufficiente,0,0,0,2,,,False
2711606,16,26/02/2016T06:30:00,,da specificare,,PIAZZA IPPOLITO NIEVO,,,in corrispondenza fermata tram,Investimento di pedone,,,,,,,,,,1,0,0,1,,,False
2711871,11,26/02/2016T06:35:00,Strada Urbana,in corrispondenza,del palo luce n.,VIA CRISTOFORO COLOMBO,,137,,Veicolo in marcia contro ostacolo fisso,Rettilineo,Pi� di due carreggiate,Bagnato (umidit� in atto),Asfaltata,Verticale ed orizzontale,Nuvoloso,Scarso,Buona,,1,0,0,0,"12,44704","41,80373",False
2714122,5,26/02/2016T07:00:00,Strada Urbana,da specificare,,NUOVA CIRCONVALLAZIONE INTERNA,,,30 Mt.PRIMA CURVA PROSSIMITA' USCITA PORTONACCIO,Scontro laterale fra veicoli in marcia,Rettilineo,Due carreggiate,Bagnato (pioggia),Asfaltata,Orizzontale,Nuvoloso,Normale,Buona,Ore Diurne,0,0,0,3,"12,53006","41,91545",False
2712020,8,26/02/2016T07:20:00,,da specificare,,VIALE DELL'ARCHIGINNASIO,,,intersezione con P.le G. Paolo II,Veicolo in marcia contro ostacolo fisso,,,,,,,,,,0,0,0,2,,,False
2712460,19,26/02/2016T07:30:00,Strada Urbana,in prossimit�,del civico n.,VIA TRIONFALE,,10946,,Veicolo in marcia contro ostacolo accidentale,Rettilineo,Una carreggiata a doppio senso,Bagnato (umidit� in atto),Asfaltata,Verticale ed orizzontale,Sereno,Intenso,Buona,Ore Diurne,1,0,0,1,"12,41243","41,95762",False
2710439,8,26/02/2016T07:40:00,,all'intersezione con,VIA OSVALDO LICINI,VIA ATANASIO SOLDATI,VIA OSVALDO LICINI,,,Scontro laterale fra veicoli in marcia,,,,,,,,,,2,0,0,0,,,False
2714309,7,26/02/2016T07:40:00,Strada Urbana,all'intersezione semaforizzata con,VIALE GIORGIO DE CHIRICO,VIA PRENESTINA,VIALE GIORGIO DE CHIRICO,,,Scontro laterale fra veicoli in marcia,Intersezione semaforizzata,Una carreggiata a doppio senso,Bagnato (pioggia),Asfaltata,Verticale ed orizzontale,Sereno,Normale,Buona,Ore Diurne,0,0,0,2,"12,59042","41,89414",False
2711334,9,26/02/2016T07:45:00,,all'intersezione con,VIA MONTEPULCIANO,VIA DELLA STAZIONE TUSCOLANA,VIA MONTEPULCIANO,,,Scontro frontale/laterale DX fra veicoli in marcia,,,,,,,,,,0,0,0,2,,,False
2712464,19,26/02/2016T07:55:00,Strada Urbana,all'intersezione con,VIA MINUCIO FELICE,VIA LUCIO APULEIO,VIA MINUCIO FELICE,,,Ribaltamento senza urto contro ostacolo fisso,Intersezione stradale segnalata,Una carreggiata a doppio senso,Bagnato (umidit� in atto),Asfaltata,Verticale ed orizzontale,Sereno,Normale,Buona,Ore Diurne,1,0,0,1,,,False
2710612,10,26/02/2016T08:20:00,Strada Urbana,in prossimit�,del civico n.,VIA TUSCOLANA,,1348/1350,,Scontro frontale/laterale SX fra veicoli in marcia,Rettilineo,Due carreggiate,Bagnato (brina),Asfaltata,Orizzontale,Sereno,Normale,Buona,Ore Diurne,2,0,0,0,,,False
2711510,10,26/02/2016T08:25:00,,da specificare,,VIA TUSCOLANA,,,altezza salita del quadraro dirz. rm centro,Tamponamento Multiplo,,,,,,,,,,2,0,0,5,,,False
2714134,5,26/02/2016T08:30:00,,in corrispondenza,del civico n.,VIA TIBURTINA,,822,,Investimento di pedone,,,,,,,,,,1,0,0,0,,,False
2711861,11,26/02/2016T08:30:00,Strada Urbana,all'intersezione con,VIA DELLA VILLA DI LUCINA,VIA COSTANTINO,VIA DELLA VILLA DI LUCINA,,,Scontro frontale fra veicoli in marcia,Intersezione stradale segnalata,Una carreggiata a doppio senso,Bagnato (umidit� in atto),Asfaltata,Verticale ed orizzontale,Sereno,Scarso,Buona,Ore Diurne,0,0,0,4,"12,48519","41,85771",False
2711999,12,26/02/2016T08:45:00,,da specificare,,VIA LAURENTINA,,,rotatoria dopo immissione con Via di Vallerano,Veicolo in marcia contro veicolo fermo,,,,,,,,,,0,0,0,2,,,False
2711403,13,26/02/2016T08:50:00,Strada Urbana,in prossimit�,del civico n.,VIA PINDARO,,66,,Scontro laterale fra veicoli in marcia,Rettilineo,Una carreggiata a doppio senso,Bagnato (pioggia),Asfaltata,Verticale ed orizzontale,Sereno,Intenso,Buona,Ore Diurne,0,0,0,2,"12,36753","41,75647",False
2712017,12,26/02/2016T09:00:00,Strada Urbana,da specificare,,VIA DARDANO FENULLI,,,altezza Largo F. Pepicelli,Scontro laterale fra veicoli in marcia,Rettilineo,Una carreggiata a senso unico di marcia,Asciutto,Asfaltata,Verticale ed orizzontale,Sereno,Normale,Buona,Ore Diurne,0,0,0,2,"12,44286","41,77725",True
2714163,5,26/02/2016T09:00:00,Strada Urbana,in corrispondenza,del civico n.,VIA RECANATI,,35,,Scontro frontale/laterale DX fra veicoli in marcia,Rettilineo,Una carreggiata a senso unico di marcia,Asciutto,Asfaltata,Verticale ed orizzontale,Sereno,Normale,Buona,Ore Diurne,0,0,0,3,,,False
2710794,9,26/02/2016T09:00:00,Strada Urbana,da specificare,,VIA APPIA NUOVA,,,prossimit� via dell'Arco di Travertino,Scontro laterale fra veicoli in marcia,Rettilineo,Due carreggiate,Asciutto,Asfaltata,Verticale ed orizzontale,Sereno,Normale,Buona,Ore Diurne,0,0,0,2,,,False
2714172,5,26/02/2016T09:10:00,,da specificare,,VIA TIBURTINA,,,FR. RIPA MAMMEA DIREZIONE CENTRO ALTEZZA SVOLTA A ,Scontro laterale fra veicoli in marcia,,,,,,,,,,1,0,0,0,,,False
2711963,15,26/02/2016T09:15:00,,da specificare,,VIA GIUSEPPE BELLUZZO,,,PROSSIMITA' VIA R. BIANCHI,Veicolo in marcia contro ostacolo accidentale,,,,,,,,,,1,0,0,0,,,False
2711632,16,26/02/2016T09:20:00,,in corrispondenza,del civico n.,VIA LUIGI RONZONI,,95,,Investimento di pedone,,,,,,,,,,0,0,0,2,"12,44492","41,86665",False
2710934,9,26/02/2016T09:30:00,Strada Urbana,da specificare,,VIA APPIA NUOVA,,,altezza autocentri balduina,Tamponamento,Rettilineo,Due carreggiate,Asciutto,Asfaltata,Verticale ed orizzontale,Sereno,Normale,Buona,Ore Diurne,1,0,0,2,,,False
2711919,11,26/02/2016T10:00:00,Strada Urbana,in prossimit�,del civico n.,VIA OSTIENSE,,158/A,,Infortunio per sola frenata improvvisa,Rettilineo,Pi� di due carreggiate,Asciutto,Asfaltata,Verticale ed orizzontale,Sereno,Scarso,Buona,Ore Diurne,0,0,0,1,"12,4786","41,86515",True
2712024,8,26/02/2016T10:05:00,,da specificare,,VIALE DUILIO CAMBELLOTTI,,,50 mt prima svincolo V. Tor. di Torrenova dir. PTV,Veicolo in marcia contro ostacolo accidentale,,,,,,,,,,0,0,0,2,,,False
2714346,4,26/02/2016T10:35:00,Strada Urbana,in corrispondenza,del civico n.,VIA GENERALE ROBERTO BENCIVENGA,,8,,Veicolo in marcia contro ostacolo fisso,Rettilineo,Una carreggiata a senso unico di marcia,Asciutto,Asfaltata,Assente,Sereno,Scarso,Buona,Ore Diurne,0,0,0,0,"12,52896","41,93183",False
2712471,19,26/02/2016T10:45:00,Strada Urbana,in prossimit�,del civico n.,VIA ANDERSEN,,34,,Veicolo in marcia contro veicolo in sosta,Rettilineo,Una carreggiata a senso unico alternato,Asciutto,Asfaltata,Verticale,Sereno,Scarso,Buona,Ore Diurne,0,0,0,1,"12,4039","41,92425",False
2711458,13,26/02/2016T10:50:00,Strada Urbana,all'intersezione con,VIA MANUEL DE FALLA,VIA ERMANNO WOLF FERRARI,VIA MANUEL DE FALLA,,,Scontro frontale/laterale SX fra veicoli in marcia,Incrocio,Una carreggiata a doppio senso,Asciutto,Asfaltata,Verticale ed orizzontale,Sereno,Normale,Buona,Ore Diurne,1,0,0,2,"12,37794","41,74817",False
2711968,15,26/02/2016T11:00:00,,in corrispondenza,del civico n.,VIA PORTUENSE,,819,,Scontro frontale/laterale SX fra veicoli in marcia,,,,,,,,,,1,0,0,1,,,False
2710925,10,26/02/2016T11:00:00,Strada Urbana,da specificare,,VIA QUINTO PUBLICIO,,,fronte al civico 11,Scontro laterale fra veicoli in marcia,Rettilineo,Due carreggiate,Asciutto,Asfaltata,Verticale ed orizzontale,Sereno,Normale,Buona,Ore Diurne,1,0,0,1,"12,57031","41,85589",False
2713627,13,26/02/2016T11:15:00,Strada Urbana,da specificare,,VIALE DEI ROMAGNOLI,,,PROX SEMAFORO VIA CARLO CASINI,Tamponamento Multiplo,Rettilineo,Una carreggiata a doppio senso,Asciutto,Asfaltata,Assente,Sereno,Normale,Buona,Ore Diurne,0,0,0,4,"12,32203","41,76901",False
2714145,2,26/02/2016T11:20:00,,all'intersezione con,VIA PO,VIA TEVERE,VIA PO,,,Scontro laterale fra veicoli in marcia,,,,,,,,,,1,0,0,1,"12,4955","41,9147",False
2712585,1,26/02/2016T11:25:00,Strada Urbana,all'intersezione con,VIA MARSALA,VIA DEL CASTRO PRETORIO,VIA MARSALA,,,Veicolo in marcia contro ostacolo accidentale,Incrocio,Una carreggiata a senso unico di marcia,Asciutto,In cubetti di porfido,Verticale ed orizzontale,Sereno,Normale,Buona,Ore Diurne,1,0,0,1,,,False
2711256,9,26/02/2016T11:25:00,Strada Urbana,da specificare,,PIAZZALE LABICANO,,,ALT. VIA PRENESTINA,Scontro laterale fra veicoli in marcia,Curva a visuale libera,Una carreggiata a senso unico di marcia,Asciutto,Asfaltata,Verticale ed orizzontale,Sereno,Normale,Buona,Ore Diurne,0,0,0,3,,,False
2715300,18,26/02/2016T11:40:00,Strada Urbana,in prossimit�,del civico n.,VIA SISTO IV,,113,,Veicolo in marcia contro veicoli in sosta,Rettilineo,Una carreggiata a senso unico di marcia,Asciutto,Asfaltata,Verticale ed orizzontale,Sereno,Scarso,Buona,Ore Diurne,0,0,0,2,"12,41997","41,90807",True
2713681,13,26/02/2016T12:05:00,Strada Urbana,da specificare,,VIA GIANCARLO PASSERONI,,,CORRISPONDENZA INGRESSO OSPEDALE G.B. GRASSI,Scontro frontale/laterale DX fra veicoli in marcia,Rettilineo,Una carreggiata a doppio senso,Asciutto,Asfaltata,Assente,Sereno,Normale,Buona,Ore Diurne,0,0,0,2,"12,29811","41,72956",False
2712025,8,26/02/2016T12:10:00,,all'intersezione con,VIA DELLA TENUTA DEL CAVALIERE,VIA DI LUNGHEZZA,VIA DELLA TENUTA DEL CAVALIERE,,,Scontro laterale fra veicoli in marcia,,,,,,,,,,0,0,0,2,,,False
2715139,3,26/02/2016T12:15:00,,all'intersezione semaforizzata con,VIALE REGINA ELENA,VIALE DELL'UNIVERSITA',VIALE REGINA ELENA,,,Scontro frontale/laterale SX fra veicoli in marcia,,,,,,,,,,2,0,0,1,,,False