_ID,_Gruppo,_DataOraIncidente,_Localizzazione1,_Localizzazione2,_Strada1,_DaSpecificare,_NaturaIncidente,_ParticolaritaStrade,_TipoStrada,_FondoStradale,_Pavimentazione,_Segnaletica,_CondizioneAtmosferica,_Traffico,_Visibilita,_Illuminazione,_NUM_FERITI,_NUM_RISERVATA,_NUM_MORTI,_NUM_ILLESI,_Longitudine,_Latitudine,_CONFERMATO,__prefix,_Strada02,_Strada2,_Chilometrica
2711462,7,26/02/2016T12:40:00,Strada Urbana,in corrispondenza,del civico n.,VIA DEGLI ELCI,,19,,Scontro laterale fra veicoli in marcia,Rotatoria,Una carreggiata a doppio senso,Asciutto,Asfaltata,Orizzontale,Sereno,Scarso,Buona,Ore Diurne,1,0,0,1,"12,56946","41,88478",False
2714182,5,26/02/2016T12:45:00,Strada Urbana,in prossimit�,del civico n.,VIA YAMBO,,7,,Veicolo in marcia contro ostacolo accidentale,Rettilineo,Una carreggiata a senso unico di marcia,Asciutto,Asfaltata,Orizzontale,Sereno,Normale,Buona,Ore Diurne,0,0,0,4,"12,55008","41,90753",False
2711302,1,26/02/2016T13:15:00,Strada Urbana,da specificare,,PIAZZA DI S. GIOVANNI IN LATERANO,,,all'altezza dell'Obelisco,Scontro laterale fra veicoli in marcia,Curva a visuale libera,Una carreggiata a doppio senso,Asciutto,Asfaltata,Verticale ed orizzontale,Nuvoloso,Normale,Buona,Ore Diurne,1,0,0,1,"12,50462","41,88696",False
2711184,4,26/02/2016T13:15:00,Strada Urbana,all'intersezione con,VIA MONTE SELVA,VIALE GOTTARDO,VIA MONTE SELVA,,,Scontro laterale fra veicoli in marcia,Incrocio,Una carreggiata a senso unico di marcia,Asciutto,Asfaltata,Verticale ed orizzontale,Sereno,Scarso,Buona,Ore Diurne,0,0,0,4,"12,53602","41,93379",False
2714317,4,26/02/2016T13:30:00,,in prossimit�,del civico n.,VIA DI VALLE RICCA,,103,,Scontro frontale/laterale SX fra veicoli in marcia,,,,,,,,,,1,0,0,1,"12,57642","42,05093",False
2712478,19,26/02/2016T13:40:00,Strada Urbana,da specificare,,VIA TRIONFALE,,,altezza accumoli,Scontro laterale fra veicoli in marcia,Rettilineo,Una carreggiata a senso unico di marcia,Asciutto,Asfaltata,Verticale ed orizzontale,Sereno,Normale,Buona,Ore Diurne,1,0,0,2,"12,40959","41,9675",False
2711277,7,26/02/2016T13:40:00,Strada Urbana,in prossimit�,del civico n.,VIALE PALMIRO TOGLIATTI,,1204,,Tamponamento,Rettilineo,Due carreggiate,Asciutto,Asfaltata,Verticale ed orizzontale,Nuvoloso,Intenso,Buona,Ore Diurne,0,0,0,3,"12,5758","41,89766",True
2712048,15,26/02/2016T14:05:00,Strada Urbana,da specificare,,VIA PORTUENSE,,,ALTEZZA PALO ACEA N. 106,Veicolo in marcia contro veicolo in sosta,Rettilineo,Una carreggiata a doppio senso,Asciutto,Asfaltata,Verticale ed orizzontale,Sereno,Intenso,Buona,Ore Diurne,0,0,0,1,,,False
2714246,4,26/02/2016T14:10:00,Strada Urbana,in prossimit�,del civico n.,VIA EMILIO DE MARCHI,,22,,Scontro laterale fra veicoli in marcia,Rettilineo,Una carreggiata a doppio senso,Asciutto,Asfaltata,Verticale,Sereno,Normale,Buona,Ore Diurne,0,0,0,2,"12,54253","41,93863",False
2713595,13,26/02/2016T14:20:00,,all'intersezione con,VIA DELLE MOLUCCHE,VIA DELLE BALENIERE,VIA DELLE MOLUCCHE,,,Scontro frontale/laterale SX fra veicoli in marcia,,,,,,,,,,0,0,0,2,,,False
2711387,12,26/02/2016T14:30:00,Strada Urbana,in prossimit�,del civico n.,VIA CARLO LINATI,,11,,Veicolo in marcia contro veicolo in sosta,Rotatoria,Una carreggiata a senso unico di marcia,Asciutto,Asfaltata,Orizzontale,Sereno,Scarso,Buona,Ore Diurne,0,0,0,1,,,False
2712547,1,26/02/2016T14:40:00,Strada Urbana,in corrispondenza,del civico n.,VIA NICOLA SALVI,,67,,Tamponamento Multiplo,Rettilineo,Una carreggiata a senso unico di marcia,Asciutto,Asfaltata,Verticale ed orizzontale,Sereno,Normale,Buona,Ore Diurne,2,0,0,2,,,False
2713660,13,26/02/2016T14:45:00,,all'intersezione con,VIA DEI TRAGHETTI,VIA DEI VELIERI,VIA DEI TRAGHETTI,,,Investimento di pedone,,,,,,,,,,0,0,0,3,,,False
2712027,8,26/02/2016T15:20:00,,in corrispondenza,del civico n.,VIA AVOLA,,41,,Scontro laterale fra veicoli in marcia,,,,,,,,,,0,0,0,3,,,False
2711452,6,26/02/2016T15:30:00,Strada Urbana,da specificare,,VIA DI PORTONACCIO,,,in prossimit� di Via Latino Silvio,Infortunio per caduta del veicolo,Rettilineo,Due carreggiate,Asciutto,Asfaltata,Verticale,Sereno,Normale,Buona,Ore Diurne,1,0,0,0,,,False
2714168,2,26/02/2016T15:30:00,Strada Urbana,all'intersezione con,VIA DI TRASONE,VIA DI NOVELLA,VIA DI TRASONE,,,Scontro frontale/laterale SX fra veicoli in marcia,Intersezione stradale segnalata,Una carreggiata a doppio senso,Asciutto,Asfaltata,Verticale ed orizzontale,Sereno,Normale,Buona,Ore Diurne,0,0,0,2,"12,51147","41,9297",False
2711507,10,26/02/2016T15:55:00,Strada Urbana,all'intersezione semaforizzata con,VIA DELLA STAZIONE DI CIAMPINO,VIA ANAGNINA,VIA DELLA STAZIONE DI CIAMPINO,,,Tamponamento,Intersezione semaforizzata,Due carreggiate,Asciutto,Asfaltata,Verticale ed orizzontale,Sereno,Intenso,Buona,Ore Diurne,0,0,0,2,"12,61841","41,81535",False
2711885,15,26/02/2016T15:55:00,,da specificare,,VIA DELLA MURATELLA,,,PROSSIMITA' FRONTE PALO ACEA N. 18,Scontro frontale/laterale DX fra veicoli in marcia,,,,,,,,,,0,0,1,5,,,False
2712945,7,26/02/2016T16:00:00,Provinciale entro l'abitato,in prossimit�,del civico n.,VIA PRENESTINA,,697,,Veicolo in marcia contro ostacolo accidentale,Rettilineo,Una carreggiata a doppio senso,Asciutto,Asfaltata,Verticale ed orizzontale,Nuvoloso,Normale,Buona,Ore Diurne,0,0,0,1,"12,58936","41,89411",False
2714265,4,26/02/2016T16:15:00,,in prossimit�,del civico n.,VIA DI VALLE MELAINA,,75,,Scontro laterale fra veicoli in marcia,,,,,,,,,,1,0,0,1,"12,52559","41,94793",False
2712044,8,26/02/2016T16:35:00,Statale entro l'abitato,da specificare,,VIA CASILINA,,,prox Via Varvariana dir. fuori Roma,Scontro laterale fra veicoli in marcia,Curva senza visuale libera,Due carreggiate,Asciutto,Asfaltata,Verticale ed orizzontale,Nuvoloso,Normale,Buona,Ore Diurne,0,0,0,3,,,False
2711883,12,26/02/2016T17:00:00,Strada Urbana,all'intersezione con,VIA SAVIGNO,VIA BONDENO,VIA SAVIGNO,,,Veicolo in marcia contro ostacolo accidentale,Incrocio,Una carreggiata a doppio senso,Asciutto,Asfaltata,Verticale ed orizzontale,Nuvoloso,Scarso,Buona,Ore Diurne,0,0,0,1,"12,41303","41,79053",True
2711600,9,26/02/2016T17:00:00,,all'intersezione semaforizzata con,VIA TUSCOLANA,VIA DI PORTA FURBA,VIA TUSCOLANA,,,Scontro laterale fra veicoli in marcia,,,,,,,,,,0,0,0,1,,,False
2712051,8,26/02/2016T17:00:00,,all'intersezione con,VIA GIOVANNI BATTISTA CIGOLA,VIA GIOVANNI BATTISTA SCOZZA,VIA GIOVANNI BATTISTA CIGOLA,,,Scontro frontale/laterale DX fra veicoli in marcia,,,,,,,,,,0,0,0,2,"12,64515","41,86933",False
2715657,18,26/02/2016T17:30:00,Strada Urbana,in prossimit�,del civico n.,VIA DI BOCCEA,,623,,Tamponamento,Rettilineo,Una carreggiata a doppio senso,Asciutto,Asfaltata,Assente,Nuvoloso,Intenso,Buona,Ore Diurne,0,0,0,3,"12,37678","41,91963",True
2715148,3,26/02/2016T17:30:00,,da specificare,,VIA DI S. ANGELA MERICI,,,fronte via marliano,Scontro laterale fra veicoli in marcia,,,,,,,,,,0,0,0,2,,,False
2711497,17,26/02/2016T17:30:00,Strada Urbana,all'intersezione con,VIA CIRO MENOTTI,LUNGOTEVERE DELLE ARMI,VIA CIRO MENOTTI,,,Scontro laterale fra veicoli in marcia,Intersezione stradale segnalata,Una carreggiata a senso unico di marcia,Asciutto,Asfaltata,Verticale ed orizzontale,Sereno,Intenso,Buona,Ore Diurne,0,0,0,2,,,False
2712967,7,26/02/2016T17:45:00,Strada Urbana,in prossimit�,del civico n.,VIALE PALMIRO TOGLIATTI,,725,,Tamponamento,Rettilineo,Due carreggiate,Asciutto,Asfaltata,Verticale ed orizzontale,Nuvoloso,Intenso,Buona,Ore Diurne,0,0,0,2,"12,57293","41,88179",False
2712513,1,26/02/2016T17:47:00,Strada Urbana,in prossimit�,del civico n.,VIALE GUIDO BACCELLI,,64,,Investimento di pedone,Rettilineo,Una carreggiata a doppio senso,Asciutto,Asfaltata,Verticale ed orizzontale,Nuvoloso,Scarso,Sufficiente,Sufficiente,2,0,0,2,"12,49321","41,8765",False
2712037,15,26/02/2016T18:00:00,,all'intersezione con,VIA LAMPORECCHIO,VIA DEL TRULLO,VIA LAMPORECCHIO,,,Scontro frontale/laterale SX fra veicoli in marcia,,,,,,,,,,1,0,0,1,,,False
2712468,10,26/02/2016T18:20:00,,da specificare,,VIA DI PASSO LOMBARDO,,,prossimit� via Botte di Luciano,Investimento di pedone,,,,,,,,,,1,0,0,1,"12,63281","41,8374",False
2712450,13,26/02/2016T18:20:00,Strada Urbana,in corrispondenza,del civico n.,VIALE VASCO DE GAMA,,36,,Scontro laterale fra veicoli in marcia,Rettilineo,Due carreggiate,Asciutto,Asfaltata,Assente,Sereno,Normale,Buona,Ore Diurne,1,0,0,3,"12,27809","41,73365",False
2712052,8,26/02/2016T18:20:00,Strada Urbana,da specificare,,VIA DI SALONE,,,100 mt dopo Via Collatina dir.ne Tiburtina,Veicolo in marcia contro ostacolo accidentale,Rettilineo,Una carreggiata a doppio senso,Asciutto,Strada pavimentata dissestata,Verticale,Sereno,Normale,Insufficiente,Inesistente,0,0,0,1,"12,62974","41,92417",True
2714193,5,26/02/2016T18:45:00,Strada Urbana,da specificare,,VIALE PALMIRO TOGLIATTI,,,30 METRI DOPO VIALE SACCO E VANZETTI DIREZIONE PRE,Tamponamento,Rettilineo,Due carreggiate,Asciutto,Asfaltata,Verticale ed orizzontale,Sereno,Normale,Buona,Sufficiente,0,0,0,4,"12,57666","41,9089",False
2712055,8,26/02/2016T18:55:00,,da specificare,,VIA MARIO PASTORE,,,alt.za via Stanford,Veicolo in marcia contro ostacolo accidentale,,,,,,,,,,0,0,0,1,,,False
2712536,1,26/02/2016T19:15:00,Strada Urbana,in corrispondenza,del civico n.,VIA MARGHERA,,36,,Veicolo in marcia contro ostacolo fisso,Rettilineo,Una carreggiata a senso unico di marcia,Asciutto,Asfaltata,Verticale ed orizzontale,Sereno,Normale,Buona,Sufficiente,0,0,0,1,,,False
2717918,18,26/02/2016T19:50:00,Strada Urbana,da specificare,,VIA LUCIO II,,,all'interno dell'area di parcheggio,Veicolo in marcia contro veicolo in sosta,Rettilineo,Una carreggiata a doppio senso,Asciutto,Asfaltata,Verticale ed orizzontale,Sereno,Scarso,Buona,Sufficiente,0,0,0,1,"12,41837","41,90724",False
2714211,5,26/02/2016T19:50:00,Strada Urbana,in prossimit�,del civico n.,VIA DEL FORTE TIBURTINO,,110,,Tamponamento,Rettilineo,Una carreggiata a doppio senso,Asciutto,Asfaltata,Verticale ed orizzontale,Sereno,Normale,Buona,Sufficiente,0,0,0,2,,,False
2711709,12,26/02/2016T20:00:00,Strada Urbana,all'intersezione con,VIA ACHILLE CAMPANILE,VIA CORRADO GOVONI,VIA ACHILLE CAMPANILE,,,Scontro frontale/laterale DX fra veicoli in marcia,Incrocio,Una carreggiata a doppio senso,Asciutto,Asfaltata,Verticale ed orizzontale,Nuvoloso,Scarso,Buona,Sufficiente,1,0,0,1,,,False
2717730,1,26/02/2016T20:20:00,Strada Urbana,all'intersezione con,VICOLO SFORZA CESARINI,CORSO VITTORIO EMANUELE II,VICOLO SFORZA CESARINI,,,Investimento di pedone,Incrocio,Una carreggiata a doppio senso,Asciutto,Asfaltata,Verticale ed orizzontale,Sereno,Normale,Buona,Sufficiente,0,0,0,2,,,False
2712061,8,26/02/2016T20:20:00,,in prossimit�,del civico n.,VIA POLENSE,,141,,Veicolo in marcia contro ostacolo accidentale,,,,,,,,,,0,0,0,1,,,False
2712060,8,26/02/2016T20:30:00,,in prossimit�,del civico n.,VIA POLENSE,,141,,Veicolo in marcia contro ostacolo accidentale,,,,,,,,,,0,0,0,1,,,False
2712056,8,26/02/2016T21:00:00,,in prossimit�,del civico n.,VIA CASILINA,,1829,,Investimento di pedone,,,,,,,,,,1,0,0,1,,,False
2714247,5,26/02/2016T21:25:00,Strada Urbana,all'intersezione con,VIA DONATO MENICHELLA,VIA COSTANTINO MORTATI,VIA DONATO MENICHELLA,,,Scontro frontale/laterale DX fra veicoli in marcia,Incrocio,Due carreggiate,Asciutto,Asfaltata,Verticale ed orizzontale,Sereno,Scarso,Sufficiente,Sufficiente,0,0,0,2,"12,58671","41,94747",True
2712500,10,26/02/2016T21:40:00,,all'intersezione con,VIA MASO FINIGUERRA,VIA LEOPOLDO MICUCCI,VIA MASO FINIGUERRA,,,Scontro frontale/laterale DX fra veicoli in marcia,,,,,,,,,,0,0,0,2,"12,60315","41,83687",False
2714259,5,26/02/2016T23:05:00,,all'intersezione con,VIA TIBURTINA,VIA DI PORTONACCIO,VIA TIBURTINA,,,Investimento di pedone,,,,,,,,,,1,0,0,0,,,False
2713328,9,27/02/2016,,da specificare,,VIA CARLO SIGONIO,,,fronte civico 8,Veicolo in marcia contro veicoli in sosta,,,,,,,,,,0,0,0,0,"12,52104","41,87454",False
2715171,18,27/02/2016T01:30:00,,in corrispondenza,del civico n.,VIA DELLA PINETA SACCHETTI,,43,,Investimento di pedone,,,,,,,,,,2,0,0,1,"12,42441","41,90828",False
2714116,8,27/02/2016T02:00:00,Strada Urbana,in prossimit�,del civico n.,VIA CARLO SARACENI,,110,,Veicolo in marcia contro veicolo in sosta,Rettilineo,Una carreggiata a senso unico di marcia,Asciutto,Asfaltata,Verticale,Sereno,Normale,Sufficiente,Sufficiente,0,0,0,0,"12,62381","41,86543",True
2714188,2,27/02/2016T02:30:00,Strada Urbana,in corrispondenza,del civico n.,VIALE LIEGI,,39/F,,Veicolo in marcia contro ostacolo fisso,Rettilineo,Una carreggiata a doppio senso,Asciutto,Asfaltata,Verticale ed orizzontale,Nuvoloso,Scarso,Buona,Sufficiente,1,0,0,0,"12,49347","41,92181",False
2712543,19,27/02/2016T03:00:00,Strada Urbana,in prossimit�,del civico n.,VIA CASSIA,,553,,Veicolo in marcia contro veicolo in sosta,Curva a visuale libera,Una carreggiata a doppio senso,Asciutto,Asfaltata,Verticale ed orizzontale,Sereno,Scarso,Buona,Sufficiente,1,0,0,0,"12,45135","41,96051",False
2711941,16,27/02/2016T03:00:00,Strada Urbana,in corrispondenza,del civico n.,VIA DI DONNA OLIMPIA,,18,,Veicolo in marcia contro ostacolo fisso,Rettilineo,Una carreggiata a senso unico di marcia,Asciutto,Asfaltata,Orizzontale,Sereno,Scarso,Sufficiente,Sufficiente,0,0,0,2,"12,45092","41,87932",False
2712143,2,27/02/2016T03:50:00,Strada Urbana,da specificare,,VIA SALARIA,,,fronte civico 253,Veicolo in marcia contro veicolo in sosta,Rettilineo,Una carreggiata a doppio senso,Asciutto,Asfaltata,Verticale ed orizzontale,Nuvoloso,Scarso,Sufficiente,Sufficiente,0,0,0,1,"12,50265","41,92354",True
2712957,7,27/02/2016T04:00:00,Provinciale entro l'abitato,in prossimit�,del palo luce n.,VIA PRENESTINA,,537,,Veicolo in marcia contro ostacolo fisso,Curva senza visuale libera,Una carreggiata a doppio senso,Asciutto,Asfaltata,Orizzontale,Nuvoloso,Scarso,Sufficiente,Sufficiente,1,0,0,0,"12,6069","41,89378",False
2711916,12,27/02/2016T04:15:00,Provinciale entro l'abitato,all'intersezione con,VIA DI DECIMA,VIA OSTIENSE,VIA DI DECIMA,,,Veicolo in marcia contro ostacolo fisso,Intersezione stradale segnalata,Una carreggiata a doppio senso,Asciutto,Asfaltata,Verticale ed orizzontale,Nuvoloso,Scarso,Buona,Sufficiente,1,0,0,0,,,False
2714051,11,27/02/2016T04:30:00,Strada Urbana,in prossimit�,della chilometrica,VIA PONTINA,,16.3,,Veicolo in marcia contro ostacolo fisso,Rettilineo,Due carreggiate,Asciutto,Asfaltata,Verticale ed orizzontale,Sereno,Scarso,Sufficiente,Insufficiente,0,0,0,1,,,False
2714123,13,27/02/2016T08:05:00,Strada Urbana,all'intersezione con,VIA SORESINA,VIA RISERVA DEL PANTANO,VIA SORESINA,,,Scontro frontale/laterale DX fra veicoli in marcia,Incrocio,Una carreggiata a doppio senso,Bagnato (umidit� in atto),Asfaltata,Assente,Nuvoloso,Scarso,Buona,Ore Diurne,1,0,0,1,"12,32492","41,78848",False
2713505,9,27/02/2016T08:30:00,,da specificare,,PIAZZA ZAMA,,,fronte VIA SIRIA,Veicolo in marcia contro veicolo in sosta,,,,,,,,,,0,0,0,1,,,False
2714102,8,27/02/2016T09:00:00,Statale entro l'abitato,in corrispondenza,del civico n.,VIA CASILINA,,1423,,Scontro frontale/laterale DX fra veicoli in marcia,Rettilineo,Due carreggiate,Bagnato (pioggia),Asfaltata,Verticale ed orizzontale,Pioggia in atto,Normale,Buona,Ore Diurne,0,0,0,4,"12,61964","41,86286",True
2714153,13,27/02/2016T09:00:00,Strada Urbana,in prossimit�,del civico n.,VIA DELLE OCEANINE,,7,,Veicolo in marcia contro veicoli in sosta,Rettilineo,Una carreggiata a doppio senso,Asciutto,Asfaltata,Assente,Sereno,Intenso,Buona,Ore Diurne,0,0,0,0,"12,26873","41,7325",False
2714487,2,27/02/2016T09:00:00,Strada Urbana,da specificare,,CORSO D'ITALIA,,,fronte prossimit� via Campania,Scontro laterale fra veicoli in marcia,Rettilineo,Una carreggiata a senso unico di marcia,Asciutto,Asfaltata,Verticale ed orizzontale,Nuvoloso,Normale,Sufficiente,Ore Diurne,0,0,0,2,"12,48953","41,90982",False
2712369,12,27/02/2016T09:10:00,Provinciale,da specificare,,VIA LAURENTINA,,,"altezza Km. 17,100 (Direzione Roma Centro)",Fuoriuscita dalla sede stradale,Curva senza visuale libera,Una carreggiata a doppio senso,Bagnato (pioggia),Asfaltata,Temporanea di cantiere,Nuvoloso,Scarso,Buona,Ore Diurne,0,0,0,1,"12,5019","41,74911",True
2714474,2,27/02/2016T09:10:00,,in corrispondenza,del civico n.,VIA NICOLO' PICCINNI,,1,,Veicolo in marcia contro veicoli in sosta,,,,,,,,,,0,0,0,1,"12,51429","41,93446",False
2714081,11,27/02/2016T09:10:00,Strada Urbana,all'intersezione semaforizzata con,VIA DI GROTTA PERFETTA,VIALE PICO DELLA MIRANDOLA,VIA DI GROTTA PERFETTA,,,Scontro frontale/laterale DX fra veicoli in marcia,Incrocio,Due carreggiate,Bagnato (pioggia),Asfaltata,Verticale ed orizzontale,Nuvoloso,Normale,Buona,Ore Diurne,1,0,0,1,"12,48785","41,84741",False
2712592,19,27/02/2016T09:35:00,Strada Urbana,da specificare,,VIA ANDERSEN,,,rotatoria direzione Valle dei Fontanili,Investimento di pedone,Rotatoria,Una carreggiata a senso unico di marcia,Bagnato (pioggia),Asfaltata,Orizzontale,Nuvoloso,Scarso,Buona,Ore Diurne,1,0,0,1,"12,39937","41,92267",True
2712413,12,27/02/2016T09:40:00,Provinciale,da specificare,,VIA ARDEATINA,,,all'intersezione con via della Ecologia,Veicolo in marcia contro ostacolo accidentale,Rettilineo,Una carreggiata a doppio senso,Bagnato (pioggia),Asfaltata,Verticale,Nuvoloso,Scarso,Buona,Ore Diurne,0,0,0,1,"12,52822","41,80219",True
2712384,12,27/02/2016T09:40:00,Provinciale,da specificare,,VIA LAURENTINA,,,rotatoria Castel di Leva,Scontro laterale fra veicoli in marcia,Rotatoria,Una carreggiata a senso unico di marcia,Bagnato (pioggia),Asfaltata,Verticale ed orizzontale,Pioggia in atto,Normale,Buona,Ore Diurne,1,0,0,2,,,False
2714119,11,27/02/2016T10:00:00,Strada Urbana,all'intersezione con,VIA DEL SERAFICO,VIA LAURENTINA,VIA DEL SERAFICO,,,Tamponamento,Incrocio,Due carreggiate,Asciutto,Asfaltata,Verticale ed orizzontale,Nuvoloso,Normale,Buona,Ore Diurne,0,0,0,2,"12,48569","41,82961",True
2715156,3,27/02/2016T10:40:00,,in prossimit�,del civico n.,PORTA PIA,,1,,Scontro laterale fra veicoli in marcia,,,,,,,,,,1,0,0,1,,,False
2712588,1,27/02/2016T11:05:00,Strada Urbana,in prossimit�,del palo luce n.,PIAZZALE OSTIENSE,,26,,Scontro frontale fra veicoli in marcia,Rotatoria,Una carreggiata a senso unico di marcia,Bagnato (pioggia),Asfaltata,Verticale ed orizzontale,Pioggia in atto,Normale,Buona,Ore Diurne,0,0,0,2,,,False
2712816,15,27/02/2016T11:30:00,,all'intersezione con,VIA PIEVE FOSCIANA,VIA PESCAGLIA,VIA PIEVE FOSCIANA,,,Scontro frontale/laterale DX fra veicoli in marcia,,,,,,,,,,0,0,0,1,"12,46152","41,84726",False
2712820,15,27/02/2016T11:50:00,Strada Urbana,da specificare,,VIA DELLA MAGLIANA,,,prossimit� VIA SCARPERIA,Scontro laterale fra veicoli in marcia,Rettilineo,Una carreggiata a doppio senso,Bagnato (umidit� in atto),Asfaltata,Orizzontale,Nuvoloso,Normale,Buona,Ore Diurne,0,0,0,4,"12,42401","41,83394",False
2713049,6,27/02/2016T12:00:00,Strada Urbana,in corrispondenza,del civico n.,VIALE TELESE,,29,,Veicolo in marcia contro veicolo fermo,Rettilineo,Una carreggiata a doppio senso,Asciutto,Asfaltata,Verticale ed orizzontale,Nuvoloso,Scarso,Buona,Ore Diurne,0,0,0,2,"12,54787","41,89225",False
2714343,19,27/02/2016T12:10:00,Strada Urbana,da specificare,,VIA VITTORIO MONTIGLIO,,,altezza palo illuminazione n. 18,Scontro frontale/laterale SX fra veicoli in marcia,Curva senza visuale libera,Una carreggiata a doppio senso,Bagnato (pioggia),Asfaltata,Verticale ed orizzontale,Nuvoloso,Scarso,Buona,Ore Diurne,1,0,0,2,"12,42872","41,92407",True
2712824,15,27/02/2016T12:35:00,,all'intersezione con,VIA GIOVANNI CASELLI,VIA QUIRINO MAJORANA,VIA GIOVANNI CASELLI,,,Tamponamento,,,,,,,,,,0,0,0,3,"12,46208","41,86846",False
2714306,4,27/02/2016T12:40:00,Statale,in prossimit�,della chilometrica,VIA SALARIA,,51.2,,Veicolo in marcia contro ostacolo accidentale,Rettilineo,Una carreggiata a doppio senso,Asciutto,Asfaltata,Verticale ed orizzontale,Sereno,Normale,Buona,Ore Diurne,0,0,0,1,"12,50445","41,9554",False
2713166,20,27/02/2016T13:21:00,Strada Urbana,in corrispondenza,del palo luce n.,VIALE CORTINA D'AMPEZZO,,12,,Veicolo in marcia contro ostacolo fisso,Rettilineo,Una carreggiata a doppio senso,Asciutto,Asfaltata,Verticale ed orizzontale,Nuvoloso,Scarso,Buona,Ore Diurne,0,0,0,1,,,False
2714649,17,27/02/2016T13:30:00,,all'intersezione con,VIA CARLO ALBERTO DALLA CHIESA,VIALE GIULIO CESARE,VIA CARLO ALBERTO DALLA CHIESA,,,Scontro frontale fra veicoli in marcia,,,,,,,,,,0,0,0,5,"12,46153","41,91035",False
2714056,8,27/02/2016T13:45:00,Provinciale entro l'abitato,all'intersezione con,VIA DI PRATOLUNGO CASILINO,VIA PRENESTINA,VIA DI PRATOLUNGO CASILINO,,,Scontro frontale/laterale DX fra veicoli in marcia,Incrocio,Una carreggiata a doppio senso,Asciutto,Asfaltata,Verticale,Nuvoloso,Normale,Sufficiente,Ore Diurne,0,0,0,3,"12,66039","41,89092",True
2714105,8,27/02/2016T14:00:00,Strada Urbana,all'intersezione con,VIA DEL CASALONE,VIA DI LUNGHEZZINA,VIA DEL CASALONE,,,Tamponamento Multiplo,Incrocio,Una carreggiata a doppio senso,Asciutto,Asfaltata,Verticale ed orizzontale,Nuvoloso,Normale,Sufficiente,Ore Diurne,0,0,0,3,"12,67819","41,92641",False
2714111,8,27/02/2016T14:10:00,,in prossimit�,del civico n.,VIA CASILINA,,1068,,Scontro frontale/laterale DX fra veicoli in marcia,,,,,,,,,,0,0,0,3,,,False
2714024,11,27/02/2016T14:30:00,Strada Urbana,all'intersezione semaforizzata con,VIA MACEDONIO MELLONI,VIALE GUGLIELMO MARCONI,VIA MACEDONIO MELLONI,,,Scontro frontale/laterale SX fra veicoli in marcia,Intersezione semaforizzata,Due carreggiate,Asciutto,Asfaltata,Verticale ed orizzontale,Nuvoloso,Normale,Buona,Ore Diurne,1,0,0,1,"12,47229","41,85388",False
2713521,9,27/02/2016T14:45:00,,da specificare,,PIAZZA DI PONTE LUNGO,,,fronte 30,Scontro laterale fra veicoli in marcia,,,,,,,,,,0,0,0,5,,,False
2713173,1,27/02/2016T15:20:00,Strada Urbana,in corrispondenza,del civico n.,VIA DELLE FRATTE DI TRASTEVERE,,19/d,,Veicolo in marcia contro ostacolo accidentale,Rettilineo,Una carreggiata a senso unico di marcia,Asciutto,In cubetti di porfido,Verticale ed orizzontale,Nuvoloso,Scarso,Sufficiente,Ore Diurne,0,0,0,1,,,False
2716136,11,27/02/2016T15:20:00,Strada Urbana,da specificare,,VIALE ALDO BALLARIN,,,fronte via Cesarini,Veicolo in marcia contro veicolo in sosta,Rettilineo,Una carreggiata a doppio senso,Asciutto,Asfaltata,Verticale ed orizzontale,Nuvoloso,Scarso,Buona,Ore Diurne,0,0,0,1,"12,49691","41,83765",False
2714202,5,27/02/2016T16:00:00,Strada Urbana,in corrispondenza,del civico n.,VIA VINCENZO MORELLO,,13,,Veicolo in marcia contro veicolo in sosta,Rettilineo,Una carreggiata a senso unico di marcia,Asciutto,Asfaltata,Verticale ed orizzontale,Nuvoloso,Intenso,Buona,Ore Diurne,0,0,0,1,"12,53976","41,90912",True
2714682,17,27/02/2016T16:00:00,,all'intersezione con,VIA DEGLI SCIPIONI,VIA EZIO,VIA DEGLI SCIPIONI,,,Scontro frontale fra veicoli in marcia,,,,,,,,,,0,0,0,2,"12,46547","41,91037",False
2714128,8,27/02/2016T16:10:00,Strada Urbana,da specificare,,VIA MARIO PASTORE,,,100mt dopo l'intersezione con V.Stanford dir. GRA,Veicolo in marcia contro ostacolo accidentale,Rettilineo,Una carreggiata a senso unico di marcia,Asciutto,Asfaltata,Verticale ed orizzontale,Nuvoloso,Normale,Sufficiente,Ore Diurne,0,0,0,2,"12,61096","41,84885",True
2714101,8,27/02/2016T16:20:00,,all'intersezione con,VIA DELLE RUPICOLE,VIA DELLE RONDINI,VIA DELLE RUPICOLE,,,Scontro frontale/laterale SX fra veicoli in marcia,,,,,,,,,,4,0,0,1,,,False
2714753,17,27/02/2016T16:38:00,Strada Urbana,all'intersezione con,VIALE GIUSEPPE MAZZINI,PIAZZA GIUSEPPE MAZZINI,VIALE GIUSEPPE MAZZINI,,,Scontro frontale/laterale DX fra veicoli in marcia,Intersezione stradale segnalata,Due carreggiate,Asciutto,Asfaltata,Verticale ed orizzontale,Nuvoloso,Normale,Buona,Ore Diurne,0,0,0,4,"12,46406","41,91609",False