_ID,_Gruppo,_DataOraIncidente,_Localizzazione1,_Localizzazione2,_Strada1,_DaSpecificare,_NaturaIncidente,_ParticolaritaStrade,_TipoStrada,_FondoStradale,_Pavimentazione,_Segnaletica,_CondizioneAtmosferica,_Traffico,_Visibilita,_Illuminazione,_NUM_FERITI,_NUM_RISERVATA,_NUM_MORTI,_NUM_ILLESI,_Longitudine,_Latitudine,_CONFERMATO,__prefix,_Strada02,_Strada2,_Chilometrica
2714241,16,27/02/2016T16:40:00,Strada Urbana,all'intersezione con,VIA DI VAL TELLINA,VIA LUIGI RONZONI,VIA DI VAL TELLINA,,,Scontro frontale/laterale DX fra veicoli in marcia,Intersezione stradale segnalata,Una carreggiata a senso unico di marcia,Asciutto,Asfaltata,Verticale ed orizzontale,Nuvoloso,Normale,Buona,Ore Diurne,0,0,0,3,"12,44851","41,8667",False
2712621,20,27/02/2016T17:35:00,Regionale entro l'abitato,in corrispondenza,del civico n.,VIA CASSIA,,1197,,Scontro frontale/laterale SX fra veicoli in marcia,Curva a visuale libera,Una carreggiata a doppio senso,Asciutto,Asfaltata,Verticale ed orizzontale,Nuvoloso,Intenso,Buona,Ore Diurne,1,0,0,2,,,False
2712934,13,27/02/2016T18:00:00,Strada Urbana,da specificare,,VIALE DEI ROMAGNOLI,,,altezza fermata bus Staz. Acilia,Tamponamento,Rettilineo,Una carreggiata a senso unico di marcia,Asciutto,Asfaltata,Assente,Sereno,Normale,Buona,Sufficiente,0,0,0,2,"12,36006","41,78367",False
2715729,18,27/02/2016T18:00:00,Strada Urbana,in prossimit�,del civico n.,VIA MONTE DEL MARMO,,293,,Veicolo in marcia contro ostacolo accidentale,Rettilineo,Una carreggiata a doppio senso,Asciutto,Con buche,Assente,Sereno,Scarso,Buona,Sufficiente,0,0,0,2,"12,3901","41,92012",True
2714043,11,27/02/2016T18:00:00,Strada Urbana,all'intersezione con,VIA ALESSIO BALDOVINETTI,VIALE DEL TINTORETTO,VIA ALESSIO BALDOVINETTI,,,Scontro frontale/laterale SX fra veicoli in marcia,Intersezione semaforizzata,Due carreggiate,Bagnato (pioggia),Asfaltata,Verticale ed orizzontale,Sereno,Normale,Buona,Sufficiente,0,0,0,3,"12,49476","41,83342",False
2713212,1,27/02/2016T18:15:00,Strada Urbana,in prossimit�,del civico n.,PIAZZA DEL GRILLO,,fc 10,,Veicolo in marcia contro ostacolo accidentale,Rettilineo,Una carreggiata a senso unico di marcia,Asciutto,Asfaltata,Verticale ed orizzontale,Sereno,Normale,Sufficiente,Sufficiente,0,0,0,3,,,False
2714124,8,27/02/2016T18:20:00,Strada Urbana,da specificare,,VIALE DUILIO CAMBELLOTTI,,,100mt dopo V.Torraccio di Torrenova dir. V. Oxford,Veicolo in marcia contro ostacolo accidentale,Rettilineo,Due carreggiate,Asciutto,Con buche,Orizzontale,Nuvoloso,Normale,Sufficiente,Sufficiente,0,0,0,1,"12,62847","41,86679",True
2714392,4,27/02/2016T18:25:00,,da specificare,,PIAZZA PIER CARLO TALENTI,,,prossimit� via T. Folengo,Investimento di pedone,,,,,,,,,,1,0,0,1,"12,54746","41,9439",False
2714075,8,27/02/2016T18:25:00,Strada Urbana,all'intersezione con,VIA NARDODIPACE,VIA CESSANITI,VIA NARDODIPACE,,,Scontro frontale/laterale DX fra veicoli in marcia,Incrocio,Una carreggiata a doppio senso,Asciutto,Asfaltata,Verticale ed orizzontale,Nuvoloso,Scarso,Sufficiente,Sufficiente,0,0,0,3,,,False
2712675,2,27/02/2016T18:30:00,Strada Urbana,da specificare,,LUNGOTEVERE DELLE NAVI,,,all'altezza di Via Enrico Pessina,Scontro laterale fra veicoli in marcia,Rettilineo,Una carreggiata a senso unico di marcia,Asciutto,Asfaltata,Verticale ed orizzontale,Nuvoloso,Intenso,Buona,Sufficiente,0,0,0,2,"12,47183","41,91783",False
2712704,19,27/02/2016T18:45:00,Strada Urbana,all'intersezione con,VIA OTTAVIO GIGLI,VIA FRATELLI GUALANDI,VIA OTTAVIO GIGLI,,,Scontro laterale fra veicoli in marcia,Incrocio,Una carreggiata a senso unico di marcia,Asciutto,Asfaltata,Verticale ed orizzontale,Nuvoloso,Normale,Buona,Sufficiente,0,0,0,2,"12,42116","41,94198",True
2712976,10,27/02/2016T19:00:00,Strada Urbana,da specificare,,VIALE BRUNO RIZZIERI,,,rotatoria provenienza via Walter Procaccini,Scontro frontale/laterale SX fra veicoli in marcia,Rotatoria,Una carreggiata a senso unico di marcia,Asciutto,Asfaltata,Verticale ed orizzontale,Nuvoloso,Normale,Buona,Sufficiente,0,0,0,4,"12,5831","41,8519",False
2714378,4,27/02/2016T19:00:00,Strada Urbana,in prossimit�,del civico n.,VIA CAVRIGLIA,,16,,Ribaltamento senza urto contro ostacolo fisso,Rettilineo,Una carreggiata a doppio senso,Asciutto,Asfaltata,Verticale ed orizzontale,Sereno,Normale,Buona,Ore Diurne,0,0,0,1,"12,51564","41,94765",False
2712969,13,27/02/2016T19:35:00,Strada Urbana,in prossimit�,del civico n.,VIA AGOSTINO CHIGI,,20,,Veicolo in marcia contro ostacolo accidentale,Rettilineo,Una carreggiata a doppio senso,Asciutto,Con buche,Assente,Nuvoloso,Normale,Insufficiente,Inesistente,0,0,0,4,"12,31624","41,76463",False
2712762,18,27/02/2016T20:05:00,Strada Urbana,in prossimit�,del civico n.,VIA GREGORIO VII,,118,,Scontro laterale fra veicoli in marcia,Rettilineo,Pi� di due carreggiate,Asciutto,Asfaltata,Verticale ed orizzontale,Sereno,Scarso,Sufficiente,Sufficiente,1,0,0,1,"12,44679","41,89536",False
2714324,4,27/02/2016T20:55:00,Strada Urbana,in prossimit�,del civico n.,PIAZZA CAPRI,,2,,Scontro laterale fra veicoli in marcia,Rettilineo,Due carreggiate,Asciutto,Asfaltata,Orizzontale,Sereno,Normale,Buona,Sufficiente,0,0,0,2,"12,52898","41,94382",False
2714799,12,27/02/2016T21:00:00,Strada Urbana,all'intersezione con,VIALE CESARE PAVESE,VIALE DELL'OCEANO ATLANTICO,VIALE CESARE PAVESE,,,Scontro laterale fra veicoli in marcia,Intersezione semaforizzata,Due carreggiate,Asciutto,Asfaltata,Verticale ed orizzontale,Nuvoloso,Normale,Buona,Sufficiente,1,0,0,1,"12,47153","41,82012",False
2715164,3,27/02/2016T21:30:00,,all'intersezione semaforizzata con,VIALE VENTUNO APRILE,VIA NOMENTANA,VIALE VENTUNO APRILE,,,Investimento di pedone,,,,,,,,,,1,0,0,1,,,False
2714320,19,27/02/2016T22:30:00,Strada Urbana,in prossimit�,del civico n.,VIA CASSIA,,671,,Veicolo in marcia contro ostacolo fisso,Curva a visuale libera,Una carreggiata a doppio senso,Asciutto,Asfaltata,Orizzontale,Sereno,Normale,Buona,Sufficiente,1,0,0,0,"12,44582","41,96382",False
2714842,17,27/02/2016T22:35:00,Strada Urbana,all'intersezione semaforizzata con,VIA PRISCIANO,VIA TRIONFALE,VIA PRISCIANO,,,Scontro frontale/laterale SX fra veicoli in marcia,Intersezione semaforizzata,Una carreggiata a doppio senso,Asciutto,Asfaltata,Verticale ed orizzontale,Sereno,,Sufficiente,Sufficiente,1,0,0,2,,,False
2714273,7,27/02/2016T22:45:00,Strada Urbana,all'intersezione con,VIA ACAIA,VIA SATRICO,VIA ACAIA,,,Scontro laterale fra veicoli in marcia,Incrocio,Una carreggiata a doppio senso,Asciutto,Asfaltata,Verticale ed orizzontale,Sereno,Scarso,Buona,Sufficiente,1,0,0,2,,,False
2713067,10,27/02/2016T22:50:00,Strada Urbana,in prossimit�,del civico n.,PIAZZA TARQUINIA,,4/b,,Tamponamento,Rettilineo,Due carreggiate,Asciutto,Asfaltata,Verticale ed orizzontale,Sereno,Scarso,Buona,Sufficiente,0,0,0,0,"12,50983","41,88107",False
2714483,2,27/02/2016T23:00:00,,all'intersezione con,VIA CORSICA,VIA AJACCIO,VIA CORSICA,,,Scontro frontale/laterale DX fra veicoli in marcia,,,,,,,,,,0,0,0,2,,,False
2714380,16,27/02/2016T23:15:00,,in corrispondenza,del civico n.,VIA DELLA CELLULOSA,,108,,Scontro frontale/laterale SX fra veicoli in marcia,,,,,,,,,,0,0,0,4,,,False
2713190,10,28/02/2016,Strada Urbana,in prossimit�,del civico n.,VIA POLIA,,19,,Veicolo in marcia contro veicoli in sosta,Rettilineo,Pi� di due carreggiate,Asciutto,Asfaltata,Verticale,Nuvoloso,Scarso,Buona,Ore Diurne,0,0,0,1,"12,55725","41,83641",False
2714171,11,28/02/2016,,da specificare,,VIALE LEONARDO DA VINCI,,,fronte via G.Gozzi dir.Ostiense,Scontro frontale fra veicoli in marcia,,,,,,,,,,1,0,0,0,,,False
2715174,3,28/02/2016,Strada Urbana,da specificare,,VIA TIBURTINA,,,altezza Via Masaniello,Tamponamento,Rettilineo,Una carreggiata a senso unico di marcia,Asciutto,Asfaltata,Assente,Nuvoloso,Scarso,Sufficiente,Sufficiente,1,0,0,1,,,False
2713145,1,28/02/2016T00:30:00,Strada Urbana,in prossimit�,del palo luce n.,PIAZZA DI S. GIOVANNI IN LATERANO,,38,,Scontro frontale fra veicoli in marcia,Rettilineo,Una carreggiata a doppio senso,Asciutto,Asfaltata,Verticale ed orizzontale,Sereno,Scarso,Sufficiente,Sufficiente,3,0,0,2,"12,50548","41,88733",True
2713082,10,28/02/2016T01:00:00,Strada Urbana,in prossimit�,del civico n.,VIA TUSCOLANA,,1270,,Scontro frontale/laterale SX fra veicoli in marcia,Rettilineo,Due carreggiate,Asciutto,Asfaltata,Verticale ed orizzontale,Sereno,Scarso,Buona,Sufficiente,0,0,0,2,"12,56317","41,85632",True
2714201,5,28/02/2016T01:00:00,,in corrispondenza,del civico n.,VIA DI PASSOLOMBARDO,,262,,Investimento di pedone,,,,,,,,,,1,0,0,0,,,False
2714351,7,28/02/2016T01:30:00,,all'intersezione con,VIALE DELLE ORCHIDEE,VIA DEI GELSI,VIALE DELLE ORCHIDEE,,,Scontro frontale/laterale SX fra veicoli in marcia,,,,,,,,,,1,0,0,1,,,False
2714186,8,28/02/2016T01:45:00,Strada Urbana,all'intersezione con,VIA GIZZERIA,VIA SELLIA,VIA GIZZERIA,,,Veicolo in marcia contro ostacolo fisso,Incrocio,Una carreggiata a doppio senso,Asciutto,Asfaltata,Assente,Nuvoloso,Scarso,Buona,Sufficiente,0,0,0,2,"12,68327","41,87235",False
2714789,17,28/02/2016T02:00:00,Strada Urbana,all'intersezione con,VIA EZIO,VIA DEGLI SCIPIONI,VIA EZIO,,,Scontro frontale/laterale DX fra veicoli in marcia,Intersezione stradale segnalata,Una carreggiata a senso unico di marcia,Asciutto,Asfaltata,Verticale ed orizzontale,Nuvoloso,Scarso,Sufficiente,Sufficiente,1,0,0,4,"12,46554","41,91035",False
2715020,2,28/02/2016T03:00:00,Strada Urbana,da specificare,,VIA CASSIA,,,altezza via Igino Lega,Veicolo in marcia contro ostacolo fisso,Rettilineo,Una carreggiata a doppio senso,Bagnato (umidit� in atto),Asfaltata,Verticale ed orizzontale,Nuvoloso,Scarso,Sufficiente,Sufficiente,0,0,0,0,,,False
2714126,11,28/02/2016T03:10:00,,da specificare,,VIA MARCO TULLIO ZANZUCCHI,,,prossimit� via Guido Fusinato,Veicolo in marcia contro veicoli in sosta,,,,,,,,,,0,0,0,0,,,False
2716398,1,28/02/2016T04:45:00,Strada Urbana,in corrispondenza,del civico n.,VIALE MARCO POLO,,42,,Tamponamento Multiplo,Rettilineo,Una carreggiata a doppio senso,Asciutto,Asfaltata,Verticale ed orizzontale,Sereno,Scarso,Sufficiente,Sufficiente,0,0,0,7,,,False
2714121,11,28/02/2016T05:15:00,Strada Urbana,in corrispondenza,del palo luce n.,VIALE DI S. PAOLO,,31,,Veicolo in marcia contro ostacolo fisso,,,Asciutto,Asfaltata,Verticale ed orizzontale,Sereno,Normale,Buona,Sufficiente,1,0,0,0,"12,47497","41,85955",False
2714311,13,28/02/2016T05:45:00,Strada Urbana,da specificare,,VIA DI ACILIA,,,fronte civico 130,Tamponamento,Rettilineo,Una carreggiata a doppio senso,Asciutto,Asfaltata,Assente,Nuvoloso,Scarso,,Sufficiente,0,0,0,3,"12,37142","41,7737",False
2716101,18,28/02/2016T08:25:00,Strada Urbana,in corrispondenza,del civico n.,VIA BALDO DEGLI UBALDI,,112,,Scontro laterale fra veicoli in marcia,Rettilineo,Due carreggiate,Asciutto,Asfaltata,Verticale ed orizzontale,Sereno,Scarso,Buona,Ore Diurne,0,0,0,2,"12,43376","41,89893",True
2714399,4,28/02/2016T10:00:00,,in corrispondenza,del civico n.,VIA SALARIA,,1446,,Scontro laterale fra veicoli in marcia,,,,,,,,,,0,0,0,2,"12,51882","42,00722",False
2714199,8,28/02/2016T10:40:00,Strada Urbana,in prossimit�,del palo luce n.,VIALE DELL'ARCHIGINNASIO,,28,,Veicolo in marcia contro veicolo fermo,Rettilineo,Due carreggiate,Asciutto,Asfaltata,Verticale ed orizzontale,Nuvoloso,Scarso,Buona,Ore Diurne,1,0,0,1,"12,63954","41,84877",False
2713246,6,28/02/2016T11:15:00,Strada Urbana,in prossimit�,del civico n.,VIA GIORGIO PITACCO,,23,,Veicolo in marcia contro veicolo in sosta,Rettilineo,Una carreggiata a senso unico di marcia,Asciutto,Asfaltata,Orizzontale,Sereno,Normale,Buona,Ore Diurne,0,0,0,1,,,False
2714214,5,28/02/2016T11:20:00,Strada Urbana,all'intersezione semaforizzata con,VIA PIETRO OTTOBONI,VIA TIBURTINA,VIA PIETRO OTTOBONI,,,Scontro frontale/laterale DX fra veicoli in marcia,Incrocio,Pi� di due carreggiate,Asciutto,Asfaltata,Verticale ed orizzontale,Nuvoloso,Normale,Buona,Ore Diurne,1,0,0,2,,,False
2714144,8,28/02/2016T11:50:00,Strada Urbana,da specificare,,VIALE DUILIO CAMBELLOTTI,,,50mt prima V. Torraccio di Torrenova dir. Oxford,Veicolo in marcia contro ostacolo accidentale,Rettilineo,Due carreggiate,Asciutto,Con buche,Orizzontale,Nuvoloso,Normale,Sufficiente,Ore Diurne,0,0,0,1,"12,62935","41,86719",True
2714913,12,28/02/2016T11:50:00,Strada Urbana,da specificare,,VIA ALVARO DEL PORTILLO,,,ROTATORIA ALTEZZA CIVICO 66/68,Veicolo in marcia contro veicolo in sosta,Rotatoria,Una carreggiata a senso unico di marcia,Bagnato (pioggia),Asfaltata,Verticale ed orizzontale,Pioggia in atto,Scarso,Buona,Ore Diurne,1,0,0,0,"12,4708","41,77736",False
2714132,8,28/02/2016T12:37:00,Strada Urbana,in prossimit�,del civico n.,VIA POLENSE,,1823,,Veicolo in marcia contro ostacolo accidentale,Rettilineo,Una carreggiata a doppio senso,Bagnato (pioggia),Strada pavimentata dissestata,Assente,Pioggia in atto,Normale,Buona,Ore Diurne,0,0,0,3,"12,70292","41,89532",True
2713894,15,28/02/2016T13:00:00,,in prossimit�,del civico n.,VIA ALBERESE,,42,,Scontro frontale/laterale SX fra veicoli in marcia,,,,,,,,,,2,0,0,1,"12,44095","41,84885",False
2713449,12,28/02/2016T13:00:00,Strada Urbana,da specificare,,VIA LAURENTINA,,,altezza rotatoria via Castel di Leva,Scontro laterale fra veicoli in marcia,Rotatoria,Una carreggiata a senso unico di marcia,Bagnato (pioggia),Asfaltata,Verticale ed orizzontale,Pioggia in atto,Scarso,Buona,Ore Diurne,0,0,0,3,"12,48203","41,78779",False
2715182,3,28/02/2016T13:00:00,,all'intersezione con,VIA DEI LIBURNI,VIA DEI RAMNI,VIA DEI LIBURNI,,,Veicolo in marcia contro ostacolo fisso,,,,,,,,,,1,0,0,1,,,False
2714161,11,28/02/2016T13:00:00,Strada Urbana,all'intersezione con,VIA MARCO E MARCELLIANO,VIA DI S. PETRONILLA,VIA MARCO E MARCELLIANO,,,Scontro frontale/laterale DX fra veicoli in marcia,Incrocio,Una carreggiata a doppio senso,Bagnato (pioggia),Asfaltata,Verticale ed orizzontale,Nuvoloso,Normale,Buona,Ore Diurne,3,0,0,0,,,False
2715052,2,28/02/2016T13:15:00,Strada Urbana,all'intersezione con,VIA ANTONIO ALLEGRI DA CORREGGIO,VIA CESARE FRACASSINI,VIA ANTONIO ALLEGRI DA CORREGGIO,,,Scontro frontale/laterale DX fra veicoli in marcia,Incrocio,Due carreggiate,Bagnato (pioggia),Asfaltata,Verticale ed orizzontale,Pioggia in atto,Scarso,Buona,Ore Diurne,0,0,0,2,"12,4696","41,92331",False
2714008,10,28/02/2016T13:45:00,Strada Urbana,da specificare,,VIA APPIA NUOVA,,,civico 1009 altezza dazio,Tamponamento,Rettilineo,Due carreggiate,Bagnato (pioggia),Asfaltata,Verticale ed orizzontale,Pioggia in atto,Scarso,Buona,Ore Diurne,0,0,0,3,"12,5533","41,83347",False
2714442,4,28/02/2016T13:45:00,,in prossimit�,del civico n.,VIA SORATTE,,2,,Tamponamento,,,,,,,,,,0,0,0,2,"12,53736","41,93962",False
2714752,8,28/02/2016T13:50:00,,in prossimit�,del civico n.,VIA POLENSE,,1827,,Veicolo in marcia contro ostacolo accidentale,,,,,,,,,,0,0,0,1,,,False
2716167,1,28/02/2016T14:00:00,Strada Urbana,in prossimit�,del civico n.,VIA SISTINA,,104,,Tamponamento,Rettilineo,Una carreggiata a senso unico di marcia,Bagnato (pioggia),Acciotolata,,Pioggia in atto,Normale,Buona,Ore Diurne,1,0,0,2,,,False
2722053,18,28/02/2016T14:20:00,Strada Urbana,in corrispondenza,del civico n.,VIA BALDO DEGLI UBALDI,,190,,Scontro frontale/laterale DX fra veicoli in marcia,Rettilineo,Una carreggiata a senso unico di marcia,Bagnato (pioggia),Asfaltata,Verticale ed orizzontale,Pioggia in atto,Normale,Buona,Ore Diurne,1,0,0,1,,,False
2714915,17,28/02/2016T14:20:00,Strada Urbana,in prossimit�,del civico n.,VIA COLA DI RIENZO,,211,,Tamponamento Multiplo,Rettilineo,Una carreggiata a doppio senso,Bagnato (pioggia),Acciotolata,Verticale ed orizzontale,Pioggia in atto,Scarso,Buona,Ore Diurne,0,0,0,6,"12,46322","41,9075",False
2714234,5,28/02/2016T14:30:00,Strada Urbana,da specificare,,VIA BELMONTE IN SABINA,,,PROSSIMITA' VIA RINALDO D'AQUINO,Ribaltamento senza urto contro ostacolo fisso,Rettilineo,Due carreggiate,Bagnato (pioggia),Asfaltata,Verticale ed orizzontale,Pioggia in atto,Scarso,Buona,Ore Diurne,0,0,0,1,"12,60309","41,95574",False
2714511,2,28/02/2016T14:30:00,,da specificare,,CORSO D'ITALIA,,,fronte civico 4,Scontro laterale fra veicoli in marcia,,,,,,,,,,1,0,0,1,"12,49719","41,91087",False
2713497,12,28/02/2016T14:45:00,Strada Urbana,all'intersezione con,PIAZZA CARLO VITA FINZI,VIALE DELL'OCEANO ATLANTICO,PIAZZA CARLO VITA FINZI,,,Tamponamento,Incrocio,Due carreggiate,Bagnato (pioggia),Asfaltata,Verticale ed orizzontale,Pioggia in atto,Scarso,Buona,Ore Diurne,0,0,0,2,,,False
2716228,18,28/02/2016T15:20:00,Strada Urbana,da specificare,,VIA DI PORTA CAVALLEGGERI,,,sottopasso,Veicolo in marcia contro ostacolo fisso,Sottopasso illuminato,Una carreggiata a senso unico di marcia,Asciutto,Asfaltata,Orizzontale,Sereno,Normale,Sufficiente,Ore Diurne,0,0,0,1,"12,45658","41,90018",False
2714208,13,28/02/2016T15:20:00,,in corrispondenza,della chilometrica,VIA DEL MARE,,9999.999,,Tamponamento,,,,,,,,,,0,0,0,5,,,False
2714096,6,28/02/2016T15:30:00,Strada Urbana,all'intersezione con,VIA DEI GLICINI,VIALE DELLA PRIMAVERA,VIA DEI GLICINI,,,Scontro laterale fra veicoli in marcia,Intersezione stradale segnalata,Due carreggiate,Bagnato (pioggia),Asfaltata,Verticale ed orizzontale,Pioggia in atto,Scarso,Buona,Ore Diurne,0,0,0,2,"12,56011","41,88007",False
2714066,6,28/02/2016T15:30:00,Strada Urbana,all'intersezione semaforizzata con,VIALE DELLA STAZIONE PRENESTINA,VIA PRENESTINA,VIALE DELLA STAZIONE PRENESTINA,,,Scontro frontale/laterale DX fra veicoli in marcia,Intersezione semaforizzata,Pi� di due carreggiate,Bagnato (pioggia),Asfaltata,Verticale ed orizzontale,Pioggia in atto,Scarso,Sufficiente,Ore Diurne,2,0,0,1,,,False
2714173,20,28/02/2016T15:35:00,Regionale entro l'abitato,in corrispondenza,del civico n.,VIA FLAMINIA,,877,,Veicolo in marcia contro ostacolo fisso,Sottopasso illuminato,Due carreggiate,Bagnato (pioggia),Asfaltata,Verticale ed orizzontale,Pioggia in atto,Normale,Sufficiente,Ore Diurne,0,0,0,1,,,False
2715000,2,28/02/2016T15:45:00,Strada Urbana,in prossimit�,del civico n.,VIA PASQUALE STANISLAO MANCINI,,16,,Veicolo in marcia contro ostacolo accidentale,Rettilineo,Una carreggiata a senso unico di marcia,Bagnato (pioggia),Asfaltata,Temporanea di cantiere,Pioggia in atto,Scarso,Buona,Ore Diurne,0,0,0,1,"12,47308","41,91415",False
2714467,4,28/02/2016T15:45:00,Strada Urbana,all'intersezione con,VIA ELSA DE' GIORGI,VIA GIUSEPPE DE SANTIS,VIA ELSA DE' GIORGI,,,Scontro frontale/laterale SX fra veicoli in marcia,Intersezione non regolata/non segnalata,Una carreggiata a doppio senso,Bagnato (pioggia),Asfaltata,Verticale ed orizzontale,Pioggia in atto,Intenso,Buona,Ore Diurne,0,0,0,3,"12,53891","41,96526",False
2716241,1,28/02/2016T16:00:00,Strada Urbana,in prossimit�,del civico n.,VIALE AVENTINO,,113,,Veicolo in marcia contro veicolo in sosta,Rettilineo,Una carreggiata a senso unico di marcia,Bagnato (pioggia),Acciotolata,Assente,Pioggia in atto,Normale,Buona,Sufficiente,0,0,0,0,"12,48484","41,88069",True
2714187,20,28/02/2016T16:20:00,Regionale entro l'abitato,in corrispondenza,del civico n.,VIA FLAMINIA,,877,,Veicolo in marcia contro ostacolo fisso,Sottopasso illuminato,Due carreggiate,Bagnato (pioggia),Asfaltata,Verticale ed orizzontale,Pioggia in atto,Normale,Sufficiente,Ore Diurne,0,0,0,1,,,False
2714216,20,28/02/2016T16:20:00,Provinciale,da specificare,,VIA BRACCIANENSE,,,"altezza km. 7,00",Scontro laterale fra veicoli in marcia,Curva a visuale libera,Una carreggiata a doppio senso,Bagnato (pioggia),Asfaltata,Orizzontale,Pioggia in atto,Normale,Buona,Ore Diurne,2,0,0,3,,,False
2716122,1,28/02/2016T16:20:00,Strada Urbana,all'intersezione con,VIA CESARE BATTISTI,PIAZZA VENEZIA,VIA CESARE BATTISTI,,,Scontro laterale fra veicoli in marcia,Incrocio,Una carreggiata a senso unico di marcia,Bagnato (pioggia),Acciotolata,Orizzontale,Pioggia in atto,Normale,Buona,Ore Diurne,0,0,0,3,,,False
2714190,12,28/02/2016T17:30:00,Strada Urbana,in corrispondenza,del civico n.,VIA CRISTOFORO COLOMBO,,710,,Scontro frontale/laterale DX fra veicoli in marcia,Rettilineo,Pi� di due carreggiate,Bagnato (pioggia),Asfaltata,Verticale ed orizzontale,Nuvoloso,Normale,Sufficiente,Sufficiente,0,0,0,3,"12,46026","41,81781",False
2714386,13,28/02/2016T17:45:00,,all'intersezione con,VIA ALBERTO GALLI,VIA CESARE MACCARI,VIA ALBERTO GALLI,,,Scontro frontale/laterale SX fra veicoli in marcia,,,,,,,,,,0,0,0,3,"12,35771","41,77419",False
2714480,4,28/02/2016T17:55:00,,in prossimit�,del civico n.,VIA SALARIA,,1279,,Fuoriuscita dalla sede stradale,,,,,,,,,,0,0,0,1,"12,51547","41,9948",False
2714197,9,28/02/2016T18:00:00,Strada Urbana,in corrispondenza,del civico n.,VIA DELL'ARCO DI TRAVERTINO,,125,,Veicolo in marcia contro ostacolo accidentale,Rettilineo,Due carreggiate,Bagnato (pioggia),Asfaltata,Assente,Vento forte,Normale,Sufficiente,Sufficiente,0,0,0,1,"12,53343","41,86424",False
2720577,18,28/02/2016T18:10:00,Statale entro l'abitato,all'intersezione con,VIA DI S. MARIA MEDIATRICE,VIA AURELIA,VIA DI S. MARIA MEDIATRICE,,,Ribaltamento senza urto contro ostacolo fisso,Intersezione stradale segnalata,Due carreggiate,Bagnato (pioggia),Asfaltata,Verticale ed orizzontale,Pioggia in atto,Scarso,Sufficiente,Sufficiente,1,0,0,0,"12,44425","41,89998",False
2714139,8,28/02/2016T18:15:00,,da specificare,,VIA DEL FOSSO DELL'OSA,,,sottopasso TAV,Scontro frontale fra veicoli in marcia,,,,,,,,,,1,0,0,3,,,False
2713891,15,28/02/2016T19:00:00,,in corrispondenza,del civico n.,VIA GIOVANNI CASELLI,,57,,Veicolo in marcia contro ostacolo accidentale,,,,,,,,,,0,0,0,0,,,False
2714452,4,28/02/2016T19:00:00,Strada Urbana,all'intersezione semaforizzata con,VIA JACOPONE DA TODI,PIAZZA GIUSEPPE PRIMOLI,VIA JACOPONE DA TODI,,,Tamponamento,Intersezione semaforizzata,Due carreggiate,Bagnato (pioggia),Asfaltata,Verticale ed orizzontale,Pioggia in atto,Normale,Buona,Sufficiente,0,0,0,2,"12,55311","41,94531",False
2714160,20,28/02/2016T19:00:00,Statale entro l'abitato,all'intersezione con,VIA VILFREDO PARETO,VIA CASSIA,VIA VILFREDO PARETO,,,Veicolo in marcia contro ostacolo accidentale,Incrocio,Una carreggiata a doppio senso,Bagnato (pioggia),Asfaltata,Verticale ed orizzontale,Pioggia in atto,Scarso,Sufficiente,Sufficiente,0,0,0,1,,,False
2714285,12,28/02/2016T19:20:00,Strada Urbana,da specificare,,VIA PARIDE STEFANINI,,,fronte EUROMADUE,Tamponamento Multiplo,Rettilineo,Una carreggiata a senso unico di marcia,Bagnato (pioggia),Asfaltata,Verticale ed orizzontale,Pioggia in atto,Normale,Sufficiente,Sufficiente,0,0,0,5,"12,45836","41,8155",False
2727955,16,28/02/2016T19:50:00,Strada Urbana,da specificare,,VIA DEGLI ANTAMORO,,,fronte civico 57,Veicolo in marcia contro ostacolo fisso,Rettilineo,Una carreggiata a doppio senso,Bagnato (pioggia),Asfaltata,Verticale,Vento forte,Scarso,Sufficiente,Sufficiente,0,0,0,2,"12,41233","41,87554",False
2723815,18,28/02/2016T20:50:00,Strada Urbana,all'intersezione con,VIA DEL FORTE BOCCEA,VIA MARTINO V,VIA DEL FORTE BOCCEA,,,Scontro frontale/laterale SX fra veicoli in marcia,Intersezione stradale segnalata,Una carreggiata a senso unico di marcia,Bagnato (pioggia),Asfaltata,Verticale ed orizzontale,Nuvoloso,Scarso,Buona,Sufficiente,0,0,0,1,"12,42117","41,90574",True
2714743,16,28/02/2016T21:40:00,Strada Urbana,in prossimit�,del civico n.,VIALE DEI QUATTRO VENTI,,200,,Scontro frontale/laterale SX fra veicoli in marcia,Rettilineo,Una carreggiata a doppio senso,Bagnato (pioggia),Asfaltata,Orizzontale,Nuvoloso,Scarso,Buona,Sufficiente,0,0,0,3,"12,45781","41,87526",False
2715186,3,28/02/2016T22:35:00,Strada Urbana,in corrispondenza,del civico n.,VIA FILIPPO FIORENTINI,,7,,Tamponamento Multiplo,Rettilineo,Due carreggiate,Bagnato (pioggia),Asfaltata,Verticale ed orizzontale,Pioggia in atto,Normale,Buona,Sufficiente,1,0,0,4,,,False
2714751,16,28/02/2016T23:30:00,Strada Urbana,da specificare,,VIA ANTONIO PACINOTTI,,,prossimit� p.le della Radio,Veicolo in marcia contro ostacolo fisso,Rettilineo,Due carreggiate,Bagnato (pioggia),Asfaltata,Verticale,Pioggia in atto,Normale,Buona,Sufficiente,0,0,0,1,"12,46754","41,87096",False